# Blender 5.1.0
# www.blender.org
mtllib button.mtl
o portal_button_reduced_2
v -0.299620 0.197614 1.248073
v -0.310810 0.195918 1.247692
v -0.347707 0.076578 1.530865
v 0.314834 0.146731 -1.084247
v 0.282086 0.009071 -1.088214
v 0.316299 0.146731 -1.110813
v 0.282086 0.009071 -1.088214
v 0.283551 0.009071 -1.114780
v 0.316299 0.146731 -1.110813
v 0.282086 0.009071 -1.088214
v 0.203195 -0.020044 -1.097781
v 0.283551 0.009071 -1.114780
v 0.203195 -0.020044 -1.097781
v 0.204661 -0.020044 -1.124348
v 0.283551 0.009071 -1.114780
v 0.203195 -0.145992 -1.097781
v 0.052176 -0.145992 -1.096207
v 0.123732 0.009071 -1.096947
v 0.203195 -0.020044 -1.097781
v 0.203195 -0.145992 -1.097781
v 0.123732 0.009071 -1.096947
v -0.243152 -0.145992 -1.034278
v -0.382235 -0.145992 -0.974973
v -0.243152 0.146731 -1.034278
v -0.243152 -0.145992 -1.034278
v -0.243152 0.146731 -1.034278
v -0.097517 -0.145992 -1.074920
v -0.243152 0.146731 -1.034278
v -0.097517 0.146731 -1.074920
v -0.097517 -0.145992 -1.074920
v -0.097517 -0.145992 -1.074920
v -0.097517 0.146731 -1.074920
v 0.052176 0.146731 -1.096206
v 0.052176 -0.145992 -1.096207
v -0.097517 -0.145992 -1.074920
v 0.052176 0.146731 -1.096206
v 0.052176 -0.145992 -1.096207
v 0.052176 0.146731 -1.096206
v 0.123732 0.009071 -1.096947
v 0.052176 0.146731 -1.096206
v 0.090745 0.146731 -1.096606
v 0.123732 0.009071 -1.096947
v -1.014772 -0.145992 -0.007468
v -1.014772 -0.020044 -0.007468
v -1.005204 0.009071 -0.086359
v -0.996598 -0.145992 -0.157398
v -1.014772 -0.145992 -0.007468
v -1.005204 0.009071 -0.086359
v -0.996598 0.146731 -0.157398
v -0.996598 -0.145992 -0.157398
v -1.005204 0.009071 -0.086359
v -0.996598 -0.145992 -0.157398
v -0.996598 0.146731 -0.157398
v -0.958979 -0.145992 -0.303843
v -0.996598 0.146731 -0.157398
v -0.958979 0.146731 -0.303843
v -0.958979 -0.145992 -0.303843
v -0.958979 0.146731 -0.303843
v -0.902567 0.146731 -0.444125
v -0.958979 -0.145992 -0.303843
v -0.902567 0.146731 -0.444125
v -0.902567 -0.145992 -0.444125
v -0.958979 -0.145992 -0.303843
v -0.902567 0.146731 -0.444125
v -0.828327 0.146731 -0.575843
v -0.902567 -0.145992 -0.444125
v -0.828327 0.146731 -0.575843
v -0.828327 -0.145992 -0.575843
v -0.902567 -0.145992 -0.444125
v -0.828327 0.146731 -0.575843
v -0.737529 0.146731 -0.696744
v -0.828327 -0.145992 -0.575843
v -0.737529 0.146731 -0.696744
v -0.737529 -0.145992 -0.696744
v -0.828327 -0.145992 -0.575843
v -0.737529 0.146731 -0.696744
v -0.631556 0.146731 -0.804750
v -0.737529 -0.145992 -0.696744
v -0.631556 0.146731 -0.804750
v -0.631556 -0.145992 -0.804750
v -0.737529 -0.145992 -0.696744
v -0.631556 -0.145992 -0.804750
v -0.631556 0.146731 -0.804750
v -0.512388 0.146731 -0.898022
v -0.512388 -0.145992 -0.898022
v -0.631556 -0.145992 -0.804750
v -0.512388 0.146731 -0.898022
v -0.512388 -0.145992 -0.898022
v -0.512388 0.146731 -0.898022
v -0.382235 0.146731 -0.974973
v -0.382235 -0.145992 -0.974973
v -0.512388 -0.145992 -0.898022
v -0.382235 0.146731 -0.974973
v -0.382235 -0.145992 -0.974973
v -0.382235 0.146731 -0.974973
v -0.243152 0.146731 -1.034278
v -1.001237 0.146731 -0.119107
v -0.996598 0.146731 -0.157398
v -1.005204 0.009071 -0.086359
v 0.090745 0.146731 -1.096606
v 0.052176 0.146731 -1.096206
v 0.092211 0.146731 -1.123173
v 0.052176 0.146731 -1.096206
v 0.050161 0.146731 -1.122737
v 0.092211 0.146731 -1.123173
v 0.052176 0.146731 -1.096206
v -0.097517 0.146731 -1.074920
v 0.050161 0.146731 -1.122737
v -0.097517 0.146731 -1.074920
v -0.102978 0.146731 -1.100961
v 0.050161 0.146731 -1.122737
v -0.097517 0.146731 -1.074920
v -0.243152 0.146731 -1.034278
v -0.102978 0.146731 -1.100961
v -0.243152 0.146731 -1.034278
v -0.251965 0.146731 -1.059382
v -0.102978 0.146731 -1.100961
v -0.243152 0.146731 -1.034278
v -0.382235 0.146731 -0.974973
v -0.251965 0.146731 -1.059382
v -0.382235 0.146731 -0.974973
v -0.394250 0.146731 -0.998713
v -0.251965 0.146731 -1.059382
v -0.382235 0.146731 -0.974973
v -0.512388 0.146731 -0.898022
v -0.394250 0.146731 -0.998713
v -0.512388 0.146731 -0.898022
v -0.527398 0.146731 -0.919990
v -0.394250 0.146731 -0.998713
v -0.512388 0.146731 -0.898022
v -0.631556 0.146731 -0.804750
v -0.527398 0.146731 -0.919990
v -0.631556 0.146731 -0.804750
v -0.649305 0.146731 -0.824571
v -0.527398 0.146731 -0.919990
v -0.649305 0.146731 -0.824571
v -0.631556 0.146731 -0.804750
v -0.737529 0.146731 -0.696744
v -0.757714 0.146731 -0.714079
v -0.649305 0.146731 -0.824571
v -0.737529 0.146731 -0.696744
v -0.850602 0.146731 -0.590395
v -0.757714 0.146731 -0.714079
v -0.737529 0.146731 -0.696744
v -0.828327 0.146731 -0.575843
v -0.850602 0.146731 -0.590395
v -0.737529 0.146731 -0.696744
v -0.926551 0.146731 -0.455645
v -0.850602 0.146731 -0.590395
v -0.828327 0.146731 -0.575843
v -0.902567 0.146731 -0.444125
v -0.926551 0.146731 -0.455645
v -0.828327 0.146731 -0.575843
v -0.984262 0.146731 -0.312134
v -0.926551 0.146731 -0.455645
v -0.902567 0.146731 -0.444125
v -0.958979 0.146731 -0.303843
v -0.984262 0.146731 -0.312134
v -0.902567 0.146731 -0.444125
v -1.022747 0.146731 -0.162319
v -0.984262 0.146731 -0.312134
v -0.958979 0.146731 -0.303843
v -0.996598 0.146731 -0.157398
v -1.022747 0.146731 -0.162319
v -0.958979 0.146731 -0.303843
v -1.022747 0.146731 -0.162319
v -0.996598 0.146731 -0.157398
v -1.027803 0.146731 -0.120573
v -0.996598 0.146731 -0.157398
v -1.001237 0.146731 -0.119107
v -1.027803 0.146731 -0.120573
v 0.358046 0.146731 -1.105757
v 0.316299 0.146731 -1.110813
v 0.283551 0.009071 -1.114780
v 0.204661 -0.020044 -1.124348
v 0.204661 -0.145992 -1.124348
v 0.283551 0.009071 -1.114780
v 0.204661 -0.145992 -1.124348
v 0.358046 -0.145992 -1.105757
v 0.283551 0.009071 -1.114780
v 0.358046 -0.145992 -1.105757
v 0.358046 0.146731 -1.105757
v 0.283551 0.009071 -1.114780
v 0.358046 -0.145992 -1.105757
v 0.507861 -0.145992 -1.067271
v 0.358046 0.146731 -1.105757
v 0.507861 -0.145992 -1.067271
v 0.507861 0.146731 -1.067271
v 0.358046 0.146731 -1.105757
v 0.507861 0.146731 -1.067271
v 0.507861 -0.145992 -1.067271
v 0.651372 0.146731 -1.009560
v 0.507861 -0.145992 -1.067271
v 0.651372 -0.145992 -1.009560
v 0.651372 0.146731 -1.009560
v 0.651372 -0.145992 -1.009560
v 0.786122 -0.145992 -0.933611
v 0.651372 0.146731 -1.009560
v 0.786122 -0.145992 -0.933611
v 0.786122 0.146731 -0.933612
v 0.651372 0.146731 -1.009560
v 0.786122 0.146731 -0.933612
v 0.786122 -0.145992 -0.933611
v 0.909806 0.146731 -0.840724
v 0.786122 -0.145992 -0.933611
v 0.909806 -0.145992 -0.840724
v 0.909806 0.146731 -0.840724
v 0.909806 0.146731 -0.840724
v 0.909806 -0.145992 -0.840724
v 1.020298 0.146731 -0.732315
v 0.909806 -0.145992 -0.840724
v 1.020298 -0.145992 -0.732315
v 1.020298 0.146731 -0.732315
v 1.020298 0.146731 -0.732315
v 1.020298 -0.145992 -0.732315
v 1.115717 0.146731 -0.610408
v 1.020298 -0.145992 -0.732315
v 1.115717 -0.145992 -0.610408
v 1.115717 0.146731 -0.610408
v 1.115717 0.146731 -0.610408
v 1.115717 -0.145992 -0.610408
v 1.194440 0.146731 -0.477260
v 1.115717 -0.145992 -0.610408
v 1.194440 -0.145992 -0.477260
v 1.194440 0.146731 -0.477260
v 1.194440 0.146731 -0.477260
v 1.194440 -0.145992 -0.477260
v 1.255109 0.146731 -0.334975
v 1.194440 -0.145992 -0.477260
v 1.255109 -0.145992 -0.334974
v 1.255109 0.146731 -0.334975
v 1.255109 0.146731 -0.334975
v 1.255109 -0.145992 -0.334974
v 1.296688 0.146731 -0.185988
v 1.255109 -0.145992 -0.334974
v 1.296688 -0.145992 -0.185988
v 1.296688 0.146731 -0.185988
v 1.296688 0.146731 -0.185988
v 1.296688 -0.145992 -0.185988
v 1.318464 -0.145992 -0.032849
v 1.318464 0.146731 -0.032849
v 1.296688 0.146731 -0.185988
v 1.318464 -0.145992 -0.032849
v 1.318464 0.146731 -0.032849
v 1.318464 -0.145992 -0.032849
v 1.319241 0.009071 0.042187
v 1.318900 0.146731 0.009201
v 1.318464 0.146731 -0.032849
v 1.319241 0.009071 0.042187
v 1.318464 -0.145992 -0.032849
v 1.320075 -0.145992 0.121651
v 1.319241 0.009071 0.042187
v 1.320075 -0.145992 0.121651
v 1.320075 -0.020044 0.121651
v 1.319241 0.009071 0.042187
v 0.092211 0.146731 -1.123173
v 0.050161 0.146731 -1.122737
v 0.125197 0.009071 -1.123514
v -0.251965 0.146731 -1.059382
v -0.251965 -0.145992 -1.059382
v -0.102978 0.146731 -1.100961
v -0.251965 -0.145992 -1.059382
v -0.102978 -0.145992 -1.100961
v -0.102978 0.146731 -1.100961
v -0.102978 0.146731 -1.100961
v -0.102978 -0.145992 -1.100961
v 0.050161 0.146731 -1.122737
v -0.102978 -0.145992 -1.100961
v 0.050161 -0.145992 -1.122737
v 0.050161 0.146731 -1.122737
v 0.050161 0.146731 -1.122737
v 0.050161 -0.145992 -1.122737
v 0.125197 0.009071 -1.123514
v 0.050161 -0.145992 -1.122737
v 0.204661 -0.145992 -1.124348
v 0.125197 0.009071 -1.123514
v 0.204661 -0.145992 -1.124348
v 0.204661 -0.020044 -1.124348
v 0.125197 0.009071 -1.123514
v -1.022747 0.146731 -0.162319
v -1.027803 0.146731 -0.120573
v -1.031770 0.009071 -0.087824
v -1.022747 -0.145992 -0.162319
v -1.022747 0.146731 -0.162319
v -1.031770 0.009071 -0.087824
v -1.022747 0.146731 -0.162319
v -1.022747 -0.145992 -0.162319
v -0.984262 0.146731 -0.312134
v -1.022747 -0.145992 -0.162319
v -0.984261 -0.145992 -0.312134
v -0.984262 0.146731 -0.312134
v -0.984262 0.146731 -0.312134
v -0.984261 -0.145992 -0.312134
v -0.926551 0.146731 -0.455645
v -0.984261 -0.145992 -0.312134
v -0.926550 -0.145992 -0.455645
v -0.926551 0.146731 -0.455645
v -0.926551 0.146731 -0.455645
v -0.926550 -0.145992 -0.455645
v -0.850602 0.146731 -0.590395
v -0.926550 -0.145992 -0.455645
v -0.850602 -0.145992 -0.590395
v -0.850602 0.146731 -0.590395
v -0.850602 -0.145992 -0.590395
v -0.757714 -0.145992 -0.714079
v -0.850602 0.146731 -0.590395
v -0.757714 -0.145992 -0.714079
v -0.757714 0.146731 -0.714079
v -0.850602 0.146731 -0.590395
v -0.757714 -0.145992 -0.714079
v -0.649305 -0.145992 -0.824571
v -0.757714 0.146731 -0.714079
v -0.649305 -0.145992 -0.824571
v -0.649305 0.146731 -0.824571
v -0.757714 0.146731 -0.714079
v -0.649305 0.146731 -0.824571
v -0.649305 -0.145992 -0.824571
v -0.527398 0.146731 -0.919990
v -0.649305 -0.145992 -0.824571
v -0.527398 -0.145992 -0.919990
v -0.527398 0.146731 -0.919990
v -0.527398 0.146731 -0.919990
v -0.527398 -0.145992 -0.919990
v -0.394250 0.146731 -0.998713
v -0.527398 -0.145992 -0.919990
v -0.394250 -0.145992 -0.998713
v -0.394250 0.146731 -0.998713
v -0.394250 0.146731 -0.998713
v -0.394250 -0.145992 -0.998713
v -0.251965 0.146731 -1.059382
v -0.394250 -0.145992 -0.998713
v -0.251965 -0.145992 -1.059382
v -0.251965 0.146731 -1.059382
v -1.041338 -0.020044 -0.008934
v -1.041338 -0.145992 -0.008934
v -1.031770 0.009071 -0.087824
v -1.041338 -0.145992 -0.008934
v -1.022747 -0.145992 -0.162319
v -1.031770 0.009071 -0.087824
v 0.090745 0.146731 -1.096606
v 0.092211 0.146731 -1.123173
v 0.123732 0.009071 -1.096947
v 0.092211 0.146731 -1.123173
v 0.125197 0.009071 -1.123514
v 0.123732 0.009071 -1.096947
v 0.123732 0.009071 -1.096947
v 0.125197 0.009071 -1.123514
v 0.203195 -0.020044 -1.097781
v 0.125197 0.009071 -1.123514
v 0.204661 -0.020044 -1.124348
v 0.203195 -0.020044 -1.097781
v 0.971432 -0.167464 0.771935
v 0.758757 -0.167464 0.962050
v 0.971432 -0.167464 0.771935
v 1.128220 -0.167464 0.531943
v 0.971432 -0.167464 0.771935
v 1.217552 -0.167464 0.259549
v 1.128220 -0.167464 0.531943
v 1.217552 -0.167464 0.259549
v 1.233338 -0.167464 -0.026685
v 1.217552 -0.167464 0.259549
v 1.233338 -0.167464 -0.026685
v 1.233338 -0.167464 -0.026685
v 1.174505 -0.167464 -0.307251
v 1.233338 -0.167464 -0.026685
v 1.045060 -0.167464 -0.563030
v 1.174505 -0.167464 -0.307251
v 1.045060 -0.167464 -0.563030
v 1.045060 -0.167464 -0.563030
v -0.954602 -0.167464 0.139402
v -0.954602 -0.167464 0.139402
v -0.895768 -0.167464 0.419968
v -0.954602 -0.167464 0.139402
v -0.766323 -0.167464 0.675747
v -0.895768 -0.167464 0.419968
v -0.766323 -0.167464 0.675747
v -0.766323 -0.167464 0.675747
v -0.576208 -0.167464 0.888422
v -0.766323 -0.167464 0.675747
v -0.576208 -0.167464 0.888422
v -0.336216 -0.167464 1.045211
v -0.576208 -0.167464 0.888422
v -0.063822 -0.167464 1.134542
v -0.336216 -0.167464 1.045211
v -0.063822 -0.167464 1.134542
v -0.063822 -0.167464 1.134542
v 0.222412 -0.167464 1.150328
v -0.063822 -0.167464 1.134542
v 0.222412 -0.167464 1.150328
v 0.502978 -0.167464 1.091495
v 0.222412 -0.167464 1.150328
v 0.758757 -0.167464 0.962050
v 0.502978 -0.167464 1.091495
v 0.758757 -0.167464 0.962050
v 0.758757 -0.167464 0.962050
v 0.854945 -0.167464 -0.775705
v 1.045060 -0.167464 -0.563030
v 0.854945 -0.167464 -0.775705
v 0.614953 -0.167464 -0.932494
v 0.854945 -0.167464 -0.775705
v 0.342559 -0.167464 -1.021825
v 0.614953 -0.167464 -0.932494
v 0.342559 -0.167464 -1.021825
v 0.342559 -0.167464 -1.021825
v 0.056325 -0.167464 -1.037611
v 0.342559 -0.167464 -1.021825
v 0.056325 -0.167464 -1.037611
v -0.224241 -0.167464 -0.978778
v 0.056325 -0.167464 -1.037611
v -0.480020 -0.167464 -0.849333
v -0.224241 -0.167464 -0.978778
v -0.480020 -0.167464 -0.849333
v -0.480020 -0.167464 -0.849333
v -0.692695 -0.167464 -0.659218
v -0.480020 -0.167464 -0.849333
v -0.692695 -0.167464 -0.659218
v -0.849484 -0.167464 -0.419226
v -0.692695 -0.167464 -0.659218
v -0.938815 -0.167464 -0.146832
v -0.849484 -0.167464 -0.419226
v -0.938815 -0.167464 -0.146832
v -0.954602 -0.167464 0.139402
v -0.938815 -0.167464 -0.146832
v -0.480020 -0.167464 -0.849333
v -0.692695 -0.167464 -0.659218
v -0.480020 -0.189823 -0.849333
v -0.480020 -0.167464 -0.849333
v -0.480020 -0.189823 -0.849333
v -0.224241 -0.189823 -0.978778
v -0.224241 -0.167464 -0.978778
v -0.480020 -0.167464 -0.849333
v -0.224241 -0.189823 -0.978778
v -0.224241 -0.167464 -0.978778
v -0.224241 -0.189823 -0.978778
v 0.056325 -0.167464 -1.037611
v -0.224241 -0.189823 -0.978778
v 0.056325 -0.189823 -1.037611
v 0.056325 -0.167464 -1.037611
v 0.056325 -0.189823 -1.037611
v 0.342559 -0.189823 -1.021825
v 0.056325 -0.167464 -1.037611
v 0.342559 -0.189823 -1.021825
v 0.342559 -0.167464 -1.021825
v 0.056325 -0.167464 -1.037611
v 0.342559 -0.167464 -1.021825
v 0.342559 -0.189823 -1.021825
v 0.614953 -0.189823 -0.932494
v 0.614953 -0.167464 -0.932494
v 0.342559 -0.167464 -1.021825
v 0.614953 -0.189823 -0.932494
v 0.614953 -0.167464 -0.932494
v 0.614953 -0.189823 -0.932494
v 0.854945 -0.167464 -0.775705
v 0.614953 -0.189823 -0.932494
v 0.854945 -0.189823 -0.775705
v 0.854945 -0.167464 -0.775705
v 0.854945 -0.167464 -0.775705
v 0.854945 -0.189823 -0.775705
v 1.045060 -0.167464 -0.563030
v -0.063822 -0.189823 1.134542
v -0.063822 -0.167464 1.134542
v 0.222412 -0.167464 1.150328
v -0.063822 -0.167464 1.134542
v -0.063822 -0.189823 1.134542
v -0.336216 -0.189823 1.045211
v -0.336216 -0.167464 1.045211
v -0.063822 -0.167464 1.134542
v -0.336216 -0.189823 1.045211
v -0.336216 -0.167464 1.045211
v -0.336216 -0.189823 1.045211
v -0.576208 -0.167464 0.888422
v -0.336216 -0.189823 1.045211
v -0.576208 -0.189823 0.888422
v -0.576208 -0.167464 0.888422
v -0.576208 -0.167464 0.888422
v -0.576208 -0.189823 0.888422
v -0.766323 -0.167464 0.675747
v -0.576208 -0.189823 0.888422
v -0.766323 -0.189823 0.675747
v -0.766323 -0.167464 0.675747
v -0.766323 -0.167464 0.675747
v -0.766323 -0.189823 0.675747
v -0.895768 -0.167464 0.419968
v -0.766323 -0.189823 0.675747
v -0.895768 -0.189823 0.419968
v -0.895768 -0.167464 0.419968
v -0.895768 -0.167464 0.419968
v -0.895768 -0.189823 0.419968
v -0.954602 -0.189823 0.139402
v -0.954602 -0.167464 0.139402
v -0.895768 -0.167464 0.419968
v -0.954602 -0.189823 0.139402
v -0.954602 -0.189823 0.139402
v -0.938815 -0.189823 -0.146832
v -0.954602 -0.167464 0.139402
v -0.938815 -0.189823 -0.146832
v -0.938815 -0.167464 -0.146832
v -0.954602 -0.167464 0.139402
v -0.938815 -0.167464 -0.146832
v -0.938815 -0.189823 -0.146832
v -0.849484 -0.167464 -0.419226
v -0.938815 -0.189823 -0.146832
v -0.849484 -0.189823 -0.419226
v -0.849484 -0.167464 -0.419226
v -0.849484 -0.167464 -0.419226
v -0.849484 -0.189823 -0.419226
v -0.692695 -0.167464 -0.659218
v -0.849484 -0.189823 -0.419226
v -0.692695 -0.189823 -0.659218
v -0.692695 -0.167464 -0.659218
v -0.692695 -0.167464 -0.659218
v -0.692695 -0.189823 -0.659218
v -0.480020 -0.189823 -0.849333
v 0.854945 -0.189823 -0.775705
v 1.045060 -0.189823 -0.563030
v 1.045060 -0.167464 -0.563030
v 1.045060 -0.167464 -0.563030
v 1.045060 -0.189823 -0.563030
v 1.174505 -0.167464 -0.307251
v 1.045060 -0.189823 -0.563030
v 1.174505 -0.189823 -0.307251
v 1.174505 -0.167464 -0.307251
v 1.174505 -0.167464 -0.307251
v 1.174505 -0.189823 -0.307251
v 1.233338 -0.189823 -0.026685
v 1.233338 -0.167464 -0.026685
v 1.174505 -0.167464 -0.307251
v 1.233338 -0.189823 -0.026685
v 1.233338 -0.189823 -0.026685
v 1.217552 -0.189823 0.259549
v 1.233338 -0.167464 -0.026685
v 1.217552 -0.189823 0.259549
v 1.217552 -0.167464 0.259549
v 1.233338 -0.167464 -0.026685
v 1.217552 -0.167464 0.259549
v 1.217552 -0.189823 0.259549
v 1.128220 -0.167464 0.531943
v 1.217552 -0.189823 0.259549
v 1.128220 -0.189823 0.531943
v 1.128220 -0.167464 0.531943
v 1.128220 -0.167464 0.531943
v 1.128220 -0.189823 0.531943
v 0.971432 -0.167464 0.771935
v 1.128220 -0.189823 0.531943
v 0.971432 -0.189823 0.771935
v 0.971432 -0.167464 0.771935
v 0.971432 -0.189823 0.771935
v 0.758757 -0.189823 0.962050
v 0.971432 -0.167464 0.771935
v 0.758757 -0.189823 0.962050
v 0.758757 -0.167464 0.962050
v 0.971432 -0.167464 0.771935
v 0.758757 -0.167464 0.962050
v 0.758757 -0.189823 0.962050
v 0.502978 -0.189823 1.091495
v 0.502978 -0.167464 1.091495
v 0.758757 -0.167464 0.962050
v 0.502978 -0.189823 1.091495
v 0.502978 -0.167464 1.091495
v 0.502978 -0.189823 1.091495
v 0.222412 -0.167464 1.150328
v 0.502978 -0.189823 1.091495
v 0.222412 -0.189823 1.150329
v 0.222412 -0.167464 1.150328
v 0.222412 -0.189823 1.150329
v -0.063822 -0.189823 1.134542
v 0.222412 -0.167464 1.150328
v 0.907256 -0.102928 0.934446
v 0.907256 0.036012 0.934446
v 0.918423 -0.033393 0.946917
v 0.907256 -0.102928 0.934446
v 0.907256 -0.102928 0.934446
v 1.148532 -0.241867 1.203890
v 1.148532 -0.241867 1.203890
v 0.907256 -0.102928 0.934446
v 1.060533 -0.032611 1.105617
v 0.907256 -0.102928 0.934446
v 0.918423 -0.033393 0.946917
v 1.060533 -0.032611 1.105617
v 1.148532 -0.078721 1.203889
v 1.148532 -0.241867 1.203890
v 1.060533 -0.032611 1.105617
v 0.918423 -0.033393 0.946917
v 0.907256 0.036012 0.934446
v 0.929569 0.036012 0.959364
v 0.929569 0.036012 0.959364
v 1.060533 -0.032611 1.105617
v 0.918423 -0.033393 0.946917
v 1.080577 -0.032339 1.086623
v 1.169095 -0.078721 1.185476
v 1.060533 -0.032611 1.105617
v 1.169095 -0.078721 1.185476
v 1.148532 -0.078721 1.203889
v 1.060533 -0.032611 1.105617
v 0.907256 -0.102928 0.934446
v 0.927820 -0.102928 0.916033
v 0.927820 -0.102928 0.916033
v 0.927820 0.036012 0.916033
v 0.938806 -0.034516 0.928302
v 0.950133 0.036012 0.940950
v 0.950133 0.036012 0.940950
v 0.938806 -0.034516 0.928302
v 1.080577 -0.032339 1.086623
v 0.927820 0.036012 0.916033
v 0.907256 0.036012 0.934446
v 0.927820 -0.102928 0.916033
v 0.907256 0.036012 0.934446
v 0.907256 -0.102928 0.934446
v 0.927820 -0.102928 0.916033
v 0.950133 0.036012 0.940950
v 1.080577 -0.032339 1.086623
v 0.929569 0.036012 0.959364
v 1.080577 -0.032339 1.086623
v 1.060533 -0.032611 1.105617
v 0.929569 0.036012 0.959364
v 0.950133 0.036012 0.940950
v 0.929569 0.036012 0.959364
v 0.927820 0.036012 0.916033
v 0.929569 0.036012 0.959364
v 0.907256 0.036012 0.934446
v 0.927820 0.036012 0.916033
v -0.639686 -0.033393 -0.834200
v -0.628519 0.036012 -0.821729
v -0.650832 0.036012 -0.846647
v -0.650832 0.036012 -0.846647
v -0.781796 -0.032611 -0.992900
v -0.639686 -0.033393 -0.834200
v -0.801840 -0.032339 -0.973906
v -0.890358 -0.078721 -1.072758
v -0.781796 -0.032611 -0.992900
v -0.890358 -0.078721 -1.072758
v -0.869795 -0.078721 -1.091172
v -0.781796 -0.032611 -0.992900
v -0.628519 -0.102928 -0.821729
v -0.649083 -0.102928 -0.803316
v -0.649083 -0.102928 -0.803316
v -0.649083 0.036012 -0.803316
v -0.660069 -0.034517 -0.815585
v -0.671396 0.036012 -0.828233
v -0.671396 0.036012 -0.828233
v -0.660069 -0.034517 -0.815585
v -0.801840 -0.032339 -0.973906
v -0.649083 0.036012 -0.803316
v -0.628519 0.036012 -0.821729
v -0.649083 -0.102928 -0.803316
v -0.628519 0.036012 -0.821729
v -0.628519 -0.102928 -0.821729
v -0.649083 -0.102928 -0.803316
v -0.628519 -0.102928 -0.821729
v -0.628519 -0.102928 -0.821729
v -0.869795 -0.241867 -1.091172
v -0.869795 -0.241867 -1.091172
v -0.628519 -0.102928 -0.821729
v -0.781796 -0.032611 -0.992900
v -0.628519 -0.102928 -0.821729
v -0.639686 -0.033393 -0.834200
v -0.781796 -0.032611 -0.992900
v -0.628519 -0.102928 -0.821729
v -0.628519 0.036012 -0.821729
v -0.639686 -0.033393 -0.834200
v -0.869795 -0.078721 -1.091172
v -0.869795 -0.241867 -1.091172
v -0.781796 -0.032611 -0.992900
v 1.169095 -0.241867 1.185476
v 1.169095 -0.078721 1.185476
v 1.080577 -0.032339 1.086623
v 1.169095 -0.241867 1.185476
v 0.927820 -0.102928 0.916033
v 0.927820 -0.102928 0.916033
v 1.169095 -0.241867 1.185476
v 1.080577 -0.032339 1.086623
v 0.938806 -0.034516 0.928302
v 0.927820 -0.102928 0.916033
v 1.080577 -0.032339 1.086623
v 0.927820 -0.102928 0.916033
v 0.938806 -0.034516 0.928302
v 0.927820 0.036012 0.916033
v 0.927820 -0.102928 0.916033
v -0.671396 0.036012 -0.828233
v -0.801840 -0.032339 -0.973906
v -0.650832 0.036012 -0.846647
v -0.801840 -0.032339 -0.973906
v -0.781796 -0.032611 -0.992900
v -0.650832 0.036012 -0.846647
v -0.671396 0.036012 -0.828233
v -0.650832 0.036012 -0.846647
v -0.649083 0.036012 -0.803316
v -0.650832 0.036012 -0.846647
v -0.628519 0.036012 -0.821729
v -0.649083 0.036012 -0.803316
v 0.392101 0.218112 0.998088
v 0.392101 0.233366 0.998088
v 0.392101 0.233366 0.998088
v 0.765831 0.233366 0.838744
v 0.765831 0.218112 0.838744
v 0.765831 0.233366 0.838744
v 0.506425 0.218112 1.124154
v 0.506425 0.233366 1.124154
v 0.777641 0.218112 1.008518
v 0.506425 0.233366 1.124154
v 0.777641 0.233366 1.008518
v 0.777641 0.218112 1.008518
v 0.765831 0.233366 0.838744
v 0.765831 0.218112 0.838744
v 0.777641 0.233366 1.008518
v 0.765831 0.218112 0.838744
v 0.777641 0.218112 1.008518
v 0.777641 0.233366 1.008518
v 0.765831 0.233366 0.838744
v 0.392101 0.233366 0.998088
v 0.765831 0.233366 0.838744
v 0.392101 0.233366 0.998088
v 0.765831 0.233366 0.838744
v 0.506425 0.233366 1.124154
v 0.765831 0.233366 0.838744
v 0.777641 0.233366 1.008518
v 0.506425 0.233366 1.124154
v 0.392101 0.218112 0.998088
v 0.392101 0.233366 0.998088
v 0.506425 0.218112 1.124154
v 0.392101 0.233366 0.998088
v 0.506425 0.233366 1.124154
v 0.506425 0.218112 1.124154
v -0.792395 0.233562 -0.309330
v -0.792395 0.218309 -0.309330
v -0.792395 0.233562 -0.309330
v -0.541183 0.218309 -0.628638
v -0.541183 0.233562 -0.628638
v -0.541183 0.233562 -0.628638
v -0.702016 0.233562 -0.684272
v -0.884320 0.233562 -0.452551
v -0.702016 0.218309 -0.684272
v -0.884320 0.233562 -0.452551
v -0.884320 0.218309 -0.452551
v -0.702016 0.218309 -0.684272
v -0.702016 0.218309 -0.684272
v -0.541183 0.218309 -0.628638
v -0.702016 0.233562 -0.684272
v -0.541183 0.218309 -0.628638
v -0.541183 0.233562 -0.628638
v -0.702016 0.233562 -0.684272
v -0.884320 0.233562 -0.452551
v -0.792395 0.233562 -0.309330
v -0.884320 0.218309 -0.452551
v -0.792395 0.233562 -0.309330
v -0.792395 0.218309 -0.309330
v -0.884320 0.218309 -0.452551
v 0.638828 0.259383 0.796859
v 0.638828 -0.039087 0.796859
v 0.638828 0.259383 0.796859
v 0.698515 0.259383 0.766652
v 0.698515 -0.039087 0.766652
v 0.698515 0.259383 0.766652
v 0.698515 0.259383 0.766652
v 0.698515 -0.039087 0.766652
v 0.683775 -0.039087 0.811599
v 0.683775 0.259383 0.811599
v 0.698515 0.259383 0.766652
v 0.683775 -0.039087 0.811599
v 0.683775 0.259383 0.811599
v 0.683775 -0.039087 0.811599
v 0.638828 0.259383 0.796859
v 0.683775 -0.039087 0.811599
v 0.638828 -0.039087 0.796859
v 0.638828 0.259383 0.796859
v -0.890358 -0.241867 -1.072759
v -0.890358 -0.078721 -1.072758
v -0.801840 -0.032339 -0.973906
v -0.890358 -0.241867 -1.072759
v -0.649083 -0.102928 -0.803316
v -0.649083 -0.102928 -0.803316
v -0.890358 -0.241867 -1.072759
v -0.801840 -0.032339 -0.973906
v -0.660069 -0.034517 -0.815585
v -0.649083 -0.102928 -0.803316
v -0.801840 -0.032339 -0.973906
v -0.649083 -0.102928 -0.803316
v -0.660069 -0.034517 -0.815585
v -0.649083 0.036012 -0.803316
v -0.649083 -0.102928 -0.803316
v 0.480885 0.221911 1.006472
v 0.480885 -0.029427 1.006472
v 0.480885 -0.029427 1.006472
v 0.600416 0.221911 0.774129
v 0.600416 -0.029427 0.774129
v 0.664800 0.221911 0.930979
v 0.600416 -0.029427 0.774129
v 0.664800 -0.029427 0.930979
v 0.664800 0.221911 0.930979
v 0.600416 0.221911 0.774129
v 0.600416 -0.029427 0.774129
v 0.600416 -0.029427 0.774129
v 0.664800 -0.029427 0.930979
v 0.480885 -0.029427 1.006472
v 0.664800 0.221911 0.930979
v 0.480885 -0.029427 1.006472
v 0.480885 0.221911 1.006472
v 0.664800 0.221911 0.930979
v 0.697114 0.252207 0.976392
v 0.709825 0.252207 1.007360
v 0.492633 0.252207 1.060327
v 0.709825 0.252207 1.007360
v 0.505344 0.252207 1.091295
v 0.492633 0.252207 1.060327
v 0.476027 0.233562 1.052888
v 0.492633 0.252207 1.060327
v 0.498754 0.233562 1.108255
v 0.492633 0.252207 1.060327
v 0.505344 0.252207 1.091295
v 0.498754 0.233562 1.108255
v 0.709825 0.252207 1.007360
v 0.697114 0.252207 0.976392
v 0.726430 0.233562 1.014798
v 0.697114 0.252207 0.976392
v 0.703704 0.233562 0.959431
v 0.726430 0.233562 1.014798
v 0.476027 0.233562 1.052888
v 0.703704 0.233562 0.959431
v 0.492633 0.252207 1.060327
v 0.703704 0.233562 0.959431
v 0.697114 0.252207 0.976392
v 0.492633 0.252207 1.060327
v 0.498754 0.233562 1.108255
v 0.505344 0.252207 1.091295
v 0.726430 0.233562 1.014798
v 0.505344 0.252207 1.091295
v 0.709825 0.252207 1.007360
v 0.726430 0.233562 1.014798
v -0.700013 0.259383 -0.279201
v -0.700013 -0.039087 -0.279200
v -0.700013 0.259383 -0.279201
v -0.700013 0.259383 -0.279201
v -0.700013 -0.039087 -0.279200
v -0.709721 -0.039087 -0.325496
v -0.709721 0.259383 -0.325496
v -0.700013 0.259383 -0.279201
v -0.709721 -0.039087 -0.325496
v -0.709721 0.259383 -0.325496
v -0.709721 -0.039087 -0.325496
v -0.709721 -0.039087 -0.325496
v -0.884320 0.233562 -0.452551
v -0.702016 0.233562 -0.684272
v -0.792395 0.233562 -0.309330
v -0.702016 0.233562 -0.684272
v -0.541183 0.233562 -0.628638
v -0.792395 0.233562 -0.309330
v -0.792395 0.233562 -0.309330
v -0.541183 0.233562 -0.628638
v -0.541183 0.233562 -0.628638
v 0.663475 -0.031213 -1.034757
v 0.663475 -0.049354 -1.034757
v 0.363215 -0.031213 -1.133227
v 0.663475 -0.049354 -1.034757
v 0.363215 -0.049354 -1.133227
v 0.363215 -0.031213 -1.133227
v 0.363215 -0.049354 -1.133227
v 0.047700 -0.049354 -1.150629
v 0.363215 -0.031213 -1.133227
v 0.047700 -0.049354 -1.150629
v 0.047700 -0.031213 -1.150629
v 0.363215 -0.031213 -1.133227
v 0.047700 -0.049354 -1.150629
v -0.261568 -0.049354 -1.085777
v 0.047700 -0.031213 -1.150629
v -0.261568 -0.049354 -1.085777
v -0.261568 -0.031213 -1.085777
v 0.047700 -0.031213 -1.150629
v 0.540304 -0.031213 1.198493
v 0.540304 -0.049354 1.198493
v 0.822249 -0.031213 1.055806
v 0.540304 -0.049354 1.198493
v 0.822249 -0.049354 1.055806
v 0.822249 -0.031213 1.055806
v 0.822249 -0.049354 1.055806
v 1.057657 -0.049354 0.845008
v 0.822249 -0.031213 1.055806
v 1.057657 -0.049354 0.845008
v 1.057657 -0.031213 0.845008
v 0.822249 -0.031213 1.055806
v 1.057657 -0.049354 0.845008
v 1.230484 -0.049354 0.580465
v 1.057657 -0.031213 0.845008
v 1.230484 -0.049354 0.580465
v 1.230484 -0.031213 0.580465
v 1.057657 -0.031213 0.845008
v 1.230484 -0.031213 0.580465
v 1.230484 -0.049354 0.580465
v 1.328954 -0.031213 0.280205
v 1.230484 -0.049354 0.580465
v 1.328954 -0.049354 0.280205
v 1.328954 -0.031213 0.280205
v 1.328954 -0.049354 0.280205
v 1.346356 -0.049354 -0.035310
v 1.328954 -0.031213 0.280205
v 1.346356 -0.049354 -0.035310
v 1.346356 -0.031213 -0.035310
v 1.328954 -0.031213 0.280205
v 1.346356 -0.031213 -0.035310
v 1.346356 -0.049354 -0.035310
v 1.281503 -0.031213 -0.344577
v 1.346356 -0.049354 -0.035310
v 1.281503 -0.049354 -0.344577
v 1.281503 -0.031213 -0.344577
v 1.281503 -0.031213 -0.344577
v 1.281503 -0.049354 -0.344577
v 1.138816 -0.031213 -0.626522
v 1.281503 -0.049354 -0.344577
v 1.138816 -0.049354 -0.626522
v 1.138816 -0.031213 -0.626522
v 1.138816 -0.031213 -0.626522
v 1.138816 -0.049354 -0.626522
v 0.928018 -0.031213 -0.861929
v 1.138816 -0.049354 -0.626522
v 0.928018 -0.049354 -0.861930
v 0.928018 -0.031213 -0.861929
v 0.928018 -0.031213 -0.861929
v 0.928018 -0.049354 -0.861930
v 0.663475 -0.031213 -1.034757
v 0.928018 -0.049354 -0.861930
v 0.663475 -0.049354 -1.034757
v 0.663475 -0.031213 -1.034757
v -0.752978 0.221911 -0.438369
v -0.752978 -0.029427 -0.438369
v -0.752978 0.221911 -0.438369
v -0.752978 -0.029427 -0.438369
v -0.752978 0.221911 -0.438369
v -0.752978 0.221911 -0.438369
v -0.803670 0.252207 -0.461541
v -0.830162 0.252207 -0.482004
v -0.668552 0.252207 -0.636471
v -0.830162 0.252207 -0.482004
v -0.695044 0.252207 -0.656935
v -0.668552 0.252207 -0.636471
v -0.650451 0.233562 -0.638332
v -0.668552 0.252207 -0.636471
v -0.697817 0.233562 -0.674918
v -0.668552 0.252207 -0.636471
v -0.695044 0.252207 -0.656935
v -0.697817 0.233562 -0.674918
v -0.830162 0.252207 -0.482004
v -0.803670 0.252207 -0.461541
v -0.848262 0.233562 -0.480144
v -0.803670 0.252207 -0.461541
v -0.800897 0.233562 -0.443558
v -0.848262 0.233562 -0.480144
v -0.650451 0.233562 -0.638332
v -0.800897 0.233562 -0.443558
v -0.668552 0.252207 -0.636471
v -0.800897 0.233562 -0.443558
v -0.803670 0.252207 -0.461541
v -0.668552 0.252207 -0.636471
v -0.697817 0.233562 -0.674918
v -0.695044 0.252207 -0.656935
v -0.848262 0.233562 -0.480144
v -0.695044 0.252207 -0.656935
v -0.830162 0.252207 -0.482004
v -0.848262 0.233562 -0.480144
v 0.663475 -0.031213 -1.034757
v 0.363215 -0.031213 -1.133227
v 0.774649 -0.031213 -1.266206
v 0.363215 -0.031213 -1.133227
v 0.410698 -0.031213 -1.385563
v 0.774649 -0.031213 -1.266206
v 0.363215 -0.031213 -1.133227
v 0.047700 -0.031213 -1.150629
v 0.410698 -0.031213 -1.385563
v 0.047700 -0.031213 -1.150629
v 0.028256 -0.031213 -1.406657
v 0.410698 -0.031213 -1.385563
v 0.047700 -0.031213 -1.150629
v -0.261568 -0.031213 -1.085777
v 0.028256 -0.031213 -1.406657
v -0.261568 -0.031213 -1.085777
v -0.346615 -0.031213 -1.328048
v 0.028256 -0.031213 -1.406657
v 0.540304 -0.031213 1.198493
v 0.822249 -0.031213 1.055806
v 0.625352 -0.031213 1.440764
v 0.822249 -0.031213 1.055806
v 0.967103 -0.031213 1.267811
v 0.625352 -0.031213 1.440764
v 0.967103 -0.031213 1.267811
v 0.822249 -0.031213 1.055806
v 1.252445 -0.031213 1.012298
v 0.822249 -0.031213 1.055806
v 1.057657 -0.031213 0.845008
v 1.252445 -0.031213 1.012298
v 1.252445 -0.031213 1.012298
v 1.057657 -0.031213 0.845008
v 1.461933 -0.031213 0.691639
v 1.057657 -0.031213 0.845008
v 1.230484 -0.031213 0.580465
v 1.461933 -0.031213 0.691639
v 1.461933 -0.031213 0.691639
v 1.230484 -0.031213 0.580465
v 1.581290 -0.031213 0.327688
v 1.230484 -0.031213 0.580465
v 1.328954 -0.031213 0.280205
v 1.581290 -0.031213 0.327688
v 1.328954 -0.031213 0.280205
v 1.346356 -0.031213 -0.035310
v 1.581290 -0.031213 0.327688
v 1.346356 -0.031213 -0.035310
v 1.602384 -0.031213 -0.054754
v 1.581290 -0.031213 0.327688
v 1.602384 -0.031213 -0.054754
v 1.346356 -0.031213 -0.035310
v 1.523774 -0.031213 -0.429625
v 1.346356 -0.031213 -0.035310
v 1.281503 -0.031213 -0.344577
v 1.523774 -0.031213 -0.429625
v 1.281503 -0.031213 -0.344577
v 1.138816 -0.031213 -0.626522
v 1.523774 -0.031213 -0.429625
v 1.138816 -0.031213 -0.626522
v 1.350820 -0.031213 -0.771376
v 1.523774 -0.031213 -0.429625
v 1.350820 -0.031213 -0.771376
v 1.138816 -0.031213 -0.626522
v 1.095307 -0.031213 -1.056718
v 1.138816 -0.031213 -0.626522
v 0.928018 -0.031213 -0.861929
v 1.095307 -0.031213 -1.056718
v 0.928018 -0.031213 -0.861929
v 0.663475 -0.031213 -1.034757
v 1.095307 -0.031213 -1.056718
v 0.663475 -0.031213 -1.034757
v 0.774649 -0.031213 -1.266206
v 1.095307 -0.031213 -1.056718
v -0.261568 -0.049354 -1.085777
v -0.543513 -0.049354 -0.943089
v -0.261568 -0.031213 -1.085777
v -0.543513 -0.049354 -0.943089
v -0.543513 -0.031213 -0.943089
v -0.261568 -0.031213 -1.085777
v -0.543513 -0.049354 -0.943089
v -0.778920 -0.049354 -0.732291
v -0.543513 -0.031213 -0.943089
v -0.778920 -0.049354 -0.732291
v -0.778920 -0.031213 -0.732291
v -0.543513 -0.031213 -0.943089
v -0.778920 -0.031213 -0.732291
v -0.778920 -0.049354 -0.732291
v -0.951747 -0.031213 -0.467748
v -0.778920 -0.049354 -0.732291
v -0.951747 -0.049354 -0.467748
v -0.951747 -0.031213 -0.467748
v -0.951747 -0.031213 -0.467748
v -0.951747 -0.049354 -0.467748
v -1.050217 -0.031213 -0.167488
v -0.951747 -0.049354 -0.467748
v -1.050217 -0.049354 -0.167488
v -1.050217 -0.031213 -0.167488
v -1.050217 -0.049354 -0.167488
v -1.067619 -0.049354 0.148027
v -1.050217 -0.031213 -0.167488
v -1.067619 -0.049354 0.148027
v -1.067619 -0.031213 0.148027
v -1.050217 -0.031213 -0.167488
v -1.067619 -0.031213 0.148027
v -1.067619 -0.049354 0.148027
v -1.002766 -0.031213 0.457294
v -1.067619 -0.049354 0.148027
v -1.002766 -0.049354 0.457294
v -1.002766 -0.031213 0.457294
v -1.002766 -0.031213 0.457294
v -1.002766 -0.049354 0.457294
v -0.860079 -0.031213 0.739239
v -1.002766 -0.049354 0.457294
v -0.860079 -0.049354 0.739239
v -0.860079 -0.031213 0.739239
v -0.860079 -0.031213 0.739239
v -0.860079 -0.049354 0.739239
v -0.649281 -0.031213 0.974646
v -0.860079 -0.049354 0.739239
v -0.649281 -0.049354 0.974647
v -0.649281 -0.031213 0.974646
v -0.649281 -0.031213 0.974646
v -0.649281 -0.049354 0.974647
v -0.384738 -0.031213 1.147474
v -0.649281 -0.049354 0.974647
v -0.384738 -0.049354 1.147474
v -0.384738 -0.031213 1.147474
v -0.384738 -0.031213 1.147474
v -0.384738 -0.049354 1.147474
v -0.084478 -0.031213 1.245944
v -0.384738 -0.049354 1.147474
v -0.084478 -0.049354 1.245944
v -0.084478 -0.031213 1.245944
v -0.084478 -0.049354 1.245944
v 0.231037 -0.049354 1.263346
v -0.084478 -0.031213 1.245944
v 0.231037 -0.049354 1.263346
v 0.231037 -0.031213 1.263346
v -0.084478 -0.031213 1.245944
v 0.231037 -0.031213 1.263346
v 0.231037 -0.049354 1.263346
v 0.540304 -0.031213 1.198493
v 0.231037 -0.049354 1.263346
v 0.540304 -0.049354 1.198493
v 0.540304 -0.031213 1.198493
v -0.495913 -0.031213 1.378923
v -0.384738 -0.031213 1.147474
v -0.131961 -0.031213 1.498280
v -0.384738 -0.031213 1.147474
v -0.084478 -0.031213 1.245944
v -0.131961 -0.031213 1.498280
v -0.084478 -0.031213 1.245944
v 0.231037 -0.031213 1.263346
v -0.131961 -0.031213 1.498280
v 0.231037 -0.031213 1.263346
v 0.250481 -0.031213 1.519374
v -0.131961 -0.031213 1.498280
v 0.231037 -0.031213 1.263346
v 0.540304 -0.031213 1.198493
v 0.250481 -0.031213 1.519374
v 0.540304 -0.031213 1.198493
v 0.625352 -0.031213 1.440764
v 0.250481 -0.031213 1.519374
v -0.346615 -0.031213 -1.328048
v -0.261568 -0.031213 -1.085777
v -0.688366 -0.031213 -1.155094
v -0.261568 -0.031213 -1.085777
v -0.543513 -0.031213 -0.943089
v -0.688366 -0.031213 -1.155094
v -0.688366 -0.031213 -1.155094
v -0.543513 -0.031213 -0.943089
v -0.973709 -0.031213 -0.899581
v -0.543513 -0.031213 -0.943089
v -0.778920 -0.031213 -0.732291
v -0.973709 -0.031213 -0.899581
v -0.973709 -0.031213 -0.899581
v -0.778920 -0.031213 -0.732291
v -1.183196 -0.031213 -0.578922
v -0.778920 -0.031213 -0.732291
v -0.951747 -0.031213 -0.467748
v -1.183196 -0.031213 -0.578922
v -0.951747 -0.031213 -0.467748
v -1.050217 -0.031213 -0.167488
v -1.183196 -0.031213 -0.578922
v -1.050217 -0.031213 -0.167488
v -1.302554 -0.031213 -0.214971
v -1.183196 -0.031213 -0.578922
v -1.050217 -0.031213 -0.167488
v -1.067619 -0.031213 0.148027
v -1.302554 -0.031213 -0.214971
v -1.067619 -0.031213 0.148027
v -1.323647 -0.031213 0.167471
v -1.302554 -0.031213 -0.214971
v -1.323647 -0.031213 0.167471
v -1.067619 -0.031213 0.148027
v -1.245037 -0.031213 0.542342
v -1.067619 -0.031213 0.148027
v -1.002766 -0.031213 0.457294
v -1.245037 -0.031213 0.542342
v -1.002766 -0.031213 0.457294
v -0.860079 -0.031213 0.739239
v -1.245037 -0.031213 0.542342
v -0.860079 -0.031213 0.739239
v -1.072083 -0.031213 0.884093
v -1.245037 -0.031213 0.542342
v -1.072083 -0.031213 0.884093
v -0.860079 -0.031213 0.739239
v -0.816571 -0.031213 1.169435
v -0.860079 -0.031213 0.739239
v -0.649281 -0.031213 0.974646
v -0.816571 -0.031213 1.169435
v -0.649281 -0.031213 0.974646
v -0.384738 -0.031213 1.147474
v -0.816571 -0.031213 1.169435
v -0.384738 -0.031213 1.147474
v -0.495913 -0.031213 1.378923
v -0.816571 -0.031213 1.169435
v -0.212289 -0.102928 1.169715
v -0.212289 -0.102928 1.169715
v -0.324996 -0.241867 1.513387
v -0.324996 -0.241867 1.513387
v -0.324996 -0.078721 1.513387
v -0.212289 -0.102928 1.169715
v -0.324996 -0.078721 1.513387
v -0.212289 0.036012 1.169715
v -0.212289 -0.102928 1.169715
v -0.212289 -0.102928 1.169715
v -0.238518 -0.102928 1.161113
v -0.238518 -0.102928 1.161113
v -0.212289 -0.102928 1.169715
v -0.212289 0.036012 1.169715
v -0.238518 -0.102928 1.161113
v -0.212289 0.036012 1.169715
v -0.238518 0.036012 1.161113
v -0.238518 -0.102928 1.161113
v -0.324996 -0.078721 1.513387
v -0.351225 -0.078721 1.504785
v -0.212289 0.036012 1.169715
v -0.351225 -0.078721 1.504785
v -0.238518 0.036012 1.161113
v -0.212289 0.036012 1.169715
v 0.366455 -0.102928 1.201634
v 0.393471 -0.102928 1.195969
v 0.393471 -0.102928 1.195969
v 0.393471 0.036012 1.195969
v 0.366455 0.036012 1.201634
v 0.393471 -0.102928 1.195969
v 0.366455 0.036012 1.201634
v 0.366455 -0.102928 1.201634
v 0.393471 -0.102928 1.195969
v 0.440684 -0.078721 1.555617
v 0.366455 0.036012 1.201634
v 0.467700 -0.078721 1.549952
v 0.366455 0.036012 1.201634
v 0.393471 0.036012 1.195969
v 0.467700 -0.078721 1.549952
v 0.080100 0.205100 1.130969
v 0.061752 0.205100 1.463638
v 0.014546 0.193895 1.461035
v 0.032894 0.193895 1.128366
v 0.080100 0.205100 1.130969
v 0.014546 0.193895 1.461035
v 0.032894 0.193895 1.128366
v 0.014546 0.193895 1.461035
v -0.001664 0.163282 1.126460
v 0.014546 0.193895 1.461035
v -0.020012 0.163282 1.459129
v -0.001664 0.163282 1.126460
v -0.001664 0.163282 1.126460
v -0.020012 0.163282 1.459129
v -0.014313 0.121463 1.125762
v -0.020012 0.163282 1.459129
v -0.032661 0.121463 1.458431
v -0.014313 0.121463 1.125762
v -0.014313 0.121463 1.125762
v -0.032661 0.121463 1.458431
v -0.001664 0.079645 1.126460
v -0.032661 0.121463 1.458431
v -0.020012 0.079645 1.459129
v -0.001664 0.079645 1.126460
v 0.080100 0.037827 1.130969
v 0.032894 0.049032 1.128366
v 0.061752 0.037827 1.463638
v 0.032894 0.049032 1.128366
v 0.014546 0.049032 1.461035
v 0.061752 0.037827 1.463638
v -0.020012 0.079645 1.459129
v 0.014546 0.049032 1.461035
v 0.032894 0.049032 1.128366
v -0.001664 0.079645 1.126460
v -0.020012 0.079645 1.459129
v 0.032894 0.049032 1.128366
v -0.238518 0.036012 1.161113
v -0.351225 -0.078721 1.504785
v -0.238518 -0.102928 1.161113
v -0.351225 -0.078721 1.504785
v -0.351225 -0.241867 1.504785
v -0.238518 -0.102928 1.161113
v -0.351225 -0.241867 1.504785
v -0.238518 -0.102928 1.161113
v -0.238518 -0.102928 1.161113
v -0.186635 -0.099451 1.570672
v 0.296863 -0.099451 1.597338
v -0.217421 -0.099451 2.128868
v 0.296863 -0.099451 1.597338
v 0.266076 -0.099451 2.155535
v -0.217421 -0.099451 2.128868
v -0.113773 -0.060640 1.939829
v -0.112408 -0.047983 1.915082
v -0.179021 -0.060640 1.936230
v -0.112408 -0.047983 1.915082
v -0.177656 -0.047983 1.911483
v -0.179021 -0.060640 1.936230
v -0.112408 -0.047983 1.915082
v -0.112408 -0.022670 1.915082
v -0.177656 -0.047983 1.911483
v -0.112408 -0.022670 1.915082
v -0.177656 -0.022670 1.911483
v -0.177656 -0.047983 1.911483
v -0.177656 -0.022670 1.911483
v -0.112408 -0.022670 1.915082
v -0.179021 -0.010014 1.936230
v -0.112408 -0.022670 1.915082
v -0.113773 -0.010014 1.939829
v -0.179021 -0.010014 1.936230
v -0.179021 -0.010014 1.936230
v -0.113773 -0.010014 1.939829
v -0.180386 -0.022670 1.960977
v -0.113773 -0.010014 1.939829
v -0.115138 -0.022670 1.964576
v -0.180386 -0.022670 1.960977
v -0.115138 -0.022670 1.964576
v -0.115138 -0.047983 1.964576
v -0.180386 -0.022670 1.960977
v -0.115138 -0.047983 1.964576
v -0.180386 -0.047983 1.960977
v -0.180386 -0.022670 1.960977
v -0.180386 -0.047983 1.960977
v -0.115138 -0.047983 1.964576
v -0.179021 -0.060640 1.936230
v -0.115138 -0.047983 1.964576
v -0.113773 -0.060640 1.939829
v -0.179021 -0.060640 1.936230
v 0.366455 0.036012 1.201634
v 0.440684 -0.078721 1.555617
v 0.366455 -0.102928 1.201634
v 0.440684 -0.078721 1.555617
v 0.440684 -0.241867 1.555617
v 0.366455 -0.102928 1.201634
v 0.366455 -0.102928 1.201634
v 0.440684 -0.241867 1.555617
v 0.366455 -0.102928 1.201634
v -0.168094 0.000775 1.952056
v -0.165944 0.000775 1.913078
v -0.148017 0.000775 1.953163
v -0.165944 0.000775 1.913078
v -0.145867 0.000775 1.914185
v -0.148017 0.000775 1.953163
v -0.145867 0.000775 1.914185
v -0.165944 0.000775 1.913078
v -0.165227 -0.010733 1.900087
v -0.145151 -0.010733 1.901194
v -0.145867 0.000775 1.914185
v -0.165227 -0.010733 1.900087
v -0.165227 -0.010733 1.900087
v -0.165227 -0.099451 1.900087
v -0.145151 -0.010733 1.901194
v -0.165227 -0.099451 1.900087
v -0.145151 -0.099451 1.901194
v -0.145151 -0.010733 1.901194
v 0.176817 -0.060640 1.955856
v 0.175452 -0.047983 1.980603
v 0.242064 -0.060640 1.959455
v 0.175452 -0.047983 1.980603
v 0.240699 -0.047983 1.984201
v 0.242064 -0.060640 1.959455
v 0.175452 -0.047983 1.980603
v 0.175452 -0.022670 1.980603
v 0.240699 -0.047983 1.984201
v 0.175452 -0.022670 1.980603
v 0.240699 -0.022670 1.984202
v 0.240699 -0.047983 1.984201
v 0.240699 -0.022670 1.984202
v 0.175452 -0.022670 1.980603
v 0.242064 -0.010014 1.959455
v 0.175452 -0.022670 1.980603
v 0.176817 -0.010014 1.955856
v 0.242064 -0.010014 1.959455
v 0.242064 -0.010014 1.959455
v 0.176817 -0.010014 1.955856
v 0.243429 -0.022670 1.934707
v 0.176817 -0.010014 1.955856
v 0.178182 -0.022670 1.931108
v 0.243429 -0.022670 1.934707
v 0.243429 -0.022670 1.934707
v 0.178182 -0.022670 1.931108
v 0.243429 -0.047983 1.934707
v 0.178182 -0.022670 1.931108
v 0.178181 -0.047983 1.931109
v 0.243429 -0.047983 1.934707
v 0.178181 -0.047983 1.931109
v 0.176817 -0.060640 1.955856
v 0.243429 -0.047983 1.934707
v 0.176817 -0.060640 1.955856
v 0.242064 -0.060640 1.959455
v 0.243429 -0.047983 1.934707
v 0.197515 0.098635 1.282820
v 0.254910 0.098635 1.456916
v 0.197515 -0.095965 1.282820
v 0.254910 0.098635 1.456916
v 0.254910 -0.095965 1.456916
v 0.197515 -0.095965 1.282820
v 0.197515 0.098635 1.282820
v 0.197515 -0.095965 1.282820
v 0.200254 0.098635 1.233159
v 0.197515 -0.095965 1.282820
v 0.200254 -0.095965 1.233159
v 0.200254 0.098635 1.233159
v 0.225655 -0.095965 1.284372
v 0.225655 0.098635 1.284372
v 0.228730 -0.095965 1.228611
v 0.225655 0.098635 1.284372
v 0.228730 0.098635 1.228611
v 0.228730 -0.095965 1.228611
v 0.228730 -0.095965 1.228611
v 0.228730 0.098635 1.228611
v 0.200254 -0.095965 1.233159
v 0.228730 0.098635 1.228611
v 0.200254 0.098635 1.233159
v 0.200254 -0.095965 1.233159
v 0.283050 0.098635 1.458468
v 0.225655 0.098635 1.284372
v 0.283050 -0.095965 1.458468
v 0.225655 0.098635 1.284372
v 0.225655 -0.095965 1.284372
v 0.283050 -0.095965 1.458468
v 0.265843 -0.062237 1.770452
v 0.265813 -0.029760 1.770986
v 0.266734 0.001709 1.754303
v 0.266947 -0.086643 1.750434
v 0.265843 -0.062237 1.770452
v 0.266734 0.001709 1.754303
v 0.268733 -0.095965 1.718045
v 0.266947 -0.086643 1.750434
v 0.266734 0.001709 1.754303
v 0.276110 -0.095965 1.584291
v 0.268733 -0.095965 1.718045
v 0.266734 0.001709 1.754303
v 0.276110 0.098635 1.584291
v 0.276110 -0.095965 1.584291
v 0.266734 0.001709 1.754303
v 0.276110 0.098635 1.584291
v 0.283050 0.098635 1.458468
v 0.276110 -0.095965 1.584291
v 0.283050 0.098635 1.458468
v 0.283050 -0.095965 1.458468
v 0.276110 -0.095965 1.584291
v -0.136493 -0.095965 1.435329
v -0.136493 0.098635 1.435329
v -0.060300 -0.095965 1.268601
v -0.136493 0.098635 1.435329
v -0.060300 0.098635 1.268601
v -0.060300 -0.095965 1.268601
v -0.057561 -0.095965 1.218939
v -0.060300 -0.095965 1.268601
v -0.057561 0.098635 1.218940
v -0.060300 -0.095965 1.268601
v -0.060300 0.098635 1.268601
v -0.057561 0.098635 1.218940
v -0.088440 -0.095965 1.267049
v -0.085365 -0.095965 1.211287
v -0.088440 0.098635 1.267049
v -0.085365 -0.095965 1.211287
v -0.085365 0.098635 1.211287
v -0.088440 0.098635 1.267049
v -0.150809 -0.095965 1.694906
v -0.178949 -0.095965 1.693354
v -0.180736 -0.086643 1.725743
v -0.152596 -0.086643 1.727295
v -0.150809 -0.095965 1.694906
v -0.180736 -0.086643 1.725743
v -0.152596 -0.086643 1.727295
v -0.180736 -0.086643 1.725743
v -0.181840 -0.062237 1.745760
v -0.153700 -0.062237 1.747312
v -0.152596 -0.086643 1.727295
v -0.181840 -0.062237 1.745760
v -0.153700 -0.062237 1.747312
v -0.181840 -0.062237 1.745760
v -0.153729 -0.029760 1.747847
v -0.181840 -0.062237 1.745760
v -0.181869 -0.029760 1.746295
v -0.153729 -0.029760 1.747847
v -0.153729 -0.029760 1.747847
v -0.181869 -0.029760 1.746295
v -0.152809 0.001709 1.731164
v -0.181869 -0.029760 1.746295
v -0.180949 0.001709 1.729611
v -0.152809 0.001709 1.731164
v -0.152809 0.001709 1.731164
v -0.180949 0.001709 1.729611
v -0.143432 0.098635 1.561152
v -0.180949 0.001709 1.729611
v -0.171572 0.098635 1.559600
v -0.143432 0.098635 1.561152
v 0.393471 -0.102928 1.195969
v 0.467700 -0.241867 1.549952
v 0.393471 -0.102928 1.195969
v 0.467700 -0.241867 1.549952
v 0.467700 -0.078721 1.549952
v 0.393471 -0.102928 1.195969
v 0.467700 -0.078721 1.549952
v 0.393471 0.036012 1.195969
v 0.393471 -0.102928 1.195969
v -0.085365 -0.095965 1.211287
v -0.057561 -0.095965 1.218939
v -0.085365 0.098635 1.211287
v -0.057561 -0.095965 1.218939
v -0.057561 0.098635 1.218940
v -0.085365 0.098635 1.211287
v -0.088440 -0.095965 1.267049
v -0.088440 0.098635 1.267049
v -0.164633 -0.095965 1.433777
v -0.088440 0.098635 1.267049
v -0.164633 0.098635 1.433777
v -0.164633 -0.095965 1.433777
v -0.108677 0.169084 1.320625
v -0.108677 0.157250 1.320625
v -0.118105 0.169084 1.491565
v -0.108677 0.157250 1.320625
v -0.118105 0.157250 1.491566
v -0.118105 0.169084 1.491565
v -0.126085 0.155326 1.636248
v -0.135593 0.070355 1.808643
v -0.126275 0.166662 1.639698
v -0.135593 0.070355 1.808643
v -0.136142 0.077968 1.818593
v -0.126275 0.166662 1.639698
v -0.136142 0.077968 1.818593
v -0.135593 0.070355 1.808643
v -0.136759 0.061224 1.829777
v -0.135593 0.070355 1.808643
v -0.136079 0.057163 1.817455
v -0.136759 0.061224 1.829777
v 0.127307 0.193894 1.133573
v 0.080100 0.205100 1.130969
v 0.080100 0.121463 1.130969
v 0.161864 0.163282 1.135479
v 0.127307 0.193894 1.133573
v 0.080100 0.121463 1.130969
v 0.080100 0.205100 1.130969
v 0.032894 0.193895 1.128366
v 0.080100 0.121463 1.130969
v 0.174513 0.121463 1.136176
v 0.161864 0.163282 1.135479
v 0.080100 0.121463 1.130969
v 0.032894 0.193895 1.128366
v -0.001664 0.163282 1.126460
v 0.080100 0.121463 1.130969
v 0.161864 0.079645 1.135479
v 0.174513 0.121463 1.136176
v 0.080100 0.121463 1.130969
v -0.001664 0.163282 1.126460
v -0.014313 0.121463 1.125762
v 0.080100 0.121463 1.130969
v 0.127307 0.049032 1.133573
v 0.161864 0.079645 1.135479
v 0.080100 0.121463 1.130969
v -0.014313 0.121463 1.125762
v -0.001664 0.079645 1.126460
v 0.080100 0.121463 1.130969
v 0.080100 0.037827 1.130969
v 0.127307 0.049032 1.133573
v 0.080100 0.121463 1.130969
v -0.001664 0.079645 1.126460
v 0.032894 0.049032 1.128366
v 0.080100 0.121463 1.130969
v 0.032894 0.049032 1.128366
v 0.080100 0.037827 1.130969
v 0.080100 0.121463 1.130969
v 0.061752 0.121463 1.463638
v 0.061752 0.205100 1.463638
v 0.108959 0.193894 1.466242
v 0.061752 0.121463 1.463638
v 0.108959 0.193894 1.466242
v 0.143517 0.163282 1.468148
v 0.061752 0.121463 1.463638
v 0.014546 0.193895 1.461035
v 0.061752 0.205100 1.463638
v 0.061752 0.121463 1.463638
v 0.143517 0.163282 1.468148
v 0.156166 0.121463 1.468845
v 0.061752 0.121463 1.463638
v -0.020012 0.163282 1.459129
v 0.014546 0.193895 1.461035
v 0.061752 0.121463 1.463638
v 0.156166 0.121463 1.468845
v 0.143517 0.079645 1.468148
v 0.061752 0.121463 1.463638
v -0.032661 0.121463 1.458431
v -0.020012 0.163282 1.459129
v 0.061752 0.121463 1.463638
v 0.143517 0.079645 1.468148
v 0.108959 0.049032 1.466242
v 0.061752 0.121463 1.463638
v -0.020012 0.079645 1.459129
v -0.032661 0.121463 1.458431
v 0.061752 0.121463 1.463638
v 0.108959 0.049032 1.466242
v 0.061752 0.037827 1.463638
v 0.061752 0.121463 1.463638
v 0.014546 0.049032 1.461035
v -0.020012 0.079645 1.459129
v 0.061752 0.121463 1.463638
v 0.061752 0.037827 1.463638
v 0.014546 0.049032 1.461035
v 0.080100 0.037827 1.130969
v 0.061752 0.037827 1.463638
v 0.127307 0.049032 1.133573
v 0.061752 0.037827 1.463638
v 0.108959 0.049032 1.466242
v 0.127307 0.049032 1.133573
v 0.127307 0.049032 1.133573
v 0.108959 0.049032 1.466242
v 0.143517 0.079645 1.468148
v 0.161864 0.079645 1.135479
v 0.127307 0.049032 1.133573
v 0.143517 0.079645 1.468148
v 0.161864 0.079645 1.135479
v 0.143517 0.079645 1.468148
v 0.174513 0.121463 1.136176
v 0.143517 0.079645 1.468148
v 0.156166 0.121463 1.468845
v 0.174513 0.121463 1.136176
v 0.174513 0.121463 1.136176
v 0.156166 0.121463 1.468845
v 0.161864 0.163282 1.135479
v 0.156166 0.121463 1.468845
v 0.143517 0.163282 1.468148
v 0.161864 0.163282 1.135479
v 0.161864 0.163282 1.135479
v 0.143517 0.163282 1.468148
v 0.127307 0.193894 1.133573
v 0.143517 0.163282 1.468148
v 0.108959 0.193894 1.466242
v 0.127307 0.193894 1.133573
v 0.127307 0.193894 1.133573
v 0.108959 0.193894 1.466242
v 0.080100 0.205100 1.130969
v 0.108959 0.193894 1.466242
v 0.061752 0.205100 1.463638
v 0.080100 0.205100 1.130969
v -0.177656 -0.022670 1.911483
v -0.179021 -0.010014 1.936230
v -0.179021 -0.035327 1.936230
v -0.177656 -0.047983 1.911483
v -0.177656 -0.022670 1.911483
v -0.179021 -0.035327 1.936230
v -0.179021 -0.010014 1.936230
v -0.180386 -0.022670 1.960977
v -0.179021 -0.035327 1.936230
v -0.179021 -0.060640 1.936230
v -0.177656 -0.047983 1.911483
v -0.179021 -0.035327 1.936230
v -0.180386 -0.022670 1.960977
v -0.180386 -0.047983 1.960977
v -0.179021 -0.035327 1.936230
v -0.180386 -0.047983 1.960977
v -0.179021 -0.060640 1.936230
v -0.179021 -0.035327 1.936230
v -0.153027 -0.094353 2.044003
v -0.153631 -0.081007 2.054947
v -0.152051 -0.099451 2.026294
v -0.153631 -0.081007 2.054947
v -0.153647 -0.063248 2.055240
v -0.152051 -0.099451 2.026294
v -0.153647 -0.063248 2.055240
v -0.153144 -0.046040 2.046118
v -0.152051 -0.099451 2.026294
v -0.153144 -0.046040 2.046118
v -0.148017 0.000775 1.953163
v -0.152051 -0.099451 2.026294
v -0.148017 0.000775 1.953163
v -0.145867 0.000775 1.914185
v -0.152051 -0.099451 2.026294
v -0.145867 0.000775 1.914185
v -0.145151 -0.010733 1.901194
v -0.152051 -0.099451 2.026294
v -0.145151 -0.010733 1.901194
v -0.145151 -0.099451 1.901194
v -0.152051 -0.099451 2.026294
v -0.124160 0.157250 1.601338
v -0.126085 0.155326 1.636248
v -0.124160 0.169084 1.601338
v -0.126085 0.155326 1.636248
v -0.126275 0.166662 1.639698
v -0.124160 0.169084 1.601338
v -0.136231 -0.010700 1.820205
v -0.136973 -0.010700 1.833668
v -0.136079 0.057163 1.817455
v -0.136973 -0.010700 1.833668
v -0.136759 0.061224 1.829777
v -0.136079 0.057163 1.817455
v -0.124160 0.169084 1.601338
v -0.126275 0.166662 1.639698
v -0.144037 0.169084 1.600242
v -0.126275 0.166662 1.639698
v -0.238111 0.162786 1.633525
v -0.144037 0.169084 1.600242
v -0.137982 0.169084 1.490469
v -0.144037 0.169084 1.600242
v -0.118105 0.169084 1.491565
v -0.144037 0.169084 1.600242
v -0.235758 0.165464 1.595183
v -0.118105 0.169084 1.491565
v -0.238111 0.162786 1.633525
v -0.235758 0.165464 1.595183
v -0.144037 0.169084 1.600242
v -0.246923 0.155574 1.594567
v -0.235758 0.165464 1.595183
v -0.238111 0.162786 1.633525
v -0.249181 0.152465 1.632903
v -0.246923 0.155574 1.594567
v -0.238111 0.162786 1.633525
v -0.238111 0.162786 1.633525
v -0.247672 0.075526 1.809241
v -0.249181 0.152465 1.632903
v -0.247672 0.075526 1.809241
v -0.258319 0.068934 1.800010
v -0.249181 0.152465 1.632903
v -0.238111 0.162786 1.633525
v -0.126275 0.166662 1.639698
v -0.136142 0.077968 1.818593
v -0.247672 0.075526 1.809241
v -0.238111 0.162786 1.633525
v -0.136142 0.077968 1.818593
v -0.247672 0.075526 1.809241
v -0.136142 0.077968 1.818593
v -0.136759 0.061224 1.829777
v -0.248247 0.059921 1.819663
v -0.247672 0.075526 1.809241
v -0.136759 0.061224 1.829777
v -0.247672 0.075526 1.809241
v -0.248247 0.059921 1.819663
v -0.258319 0.068934 1.800010
v -0.248247 0.059921 1.819663
v -0.258781 0.056404 1.808379
v -0.258319 0.068934 1.800010
v -0.258781 0.056404 1.808379
v -0.258895 -0.010700 1.811646
v -0.258319 0.068934 1.800010
v -0.258895 -0.010700 1.811646
v -0.253108 -0.010700 1.632403
v -0.258319 0.068934 1.800010
v -0.253108 -0.010700 1.632403
v -0.249181 0.152465 1.632903
v -0.258319 0.068934 1.800010
v -0.249181 0.152465 1.632903
v -0.253108 -0.010700 1.632403
v -0.251009 -0.010700 1.594342
v -0.246923 0.155574 1.594567
v -0.249181 0.152465 1.632903
v -0.251009 -0.010700 1.594342
v -0.246923 0.155574 1.594567
v -0.251009 -0.010700 1.594342
v -0.235527 -0.010700 1.313629
v -0.231441 0.155574 1.313854
v -0.246923 0.155574 1.594567
v -0.235527 -0.010700 1.313629
v -0.246923 0.155574 1.594567
v -0.231441 0.155574 1.313854
v -0.235758 0.165464 1.595183
v -0.231441 0.155574 1.313854
v -0.220276 0.165464 1.314470
v -0.235758 0.165464 1.595183
v -0.235758 0.165464 1.595183
v -0.220276 0.165464 1.314470
v -0.118105 0.169084 1.491565
v -0.220276 0.165464 1.314470
v -0.108677 0.169084 1.320625
v -0.118105 0.169084 1.491565
v -0.258895 -0.010700 1.811646
v -0.258781 0.056404 1.808379
v -0.248347 -0.010700 1.823426
v -0.258781 0.056404 1.808379
v -0.248247 0.059921 1.819663
v -0.248347 -0.010700 1.823426
v -0.248347 -0.010700 1.823426
v -0.248247 0.059921 1.819663
v -0.136973 -0.010700 1.833668
v -0.248247 0.059921 1.819663
v -0.136759 0.061224 1.829777
v -0.136973 -0.010700 1.833668
v -0.165227 -0.099451 1.900087
v -0.165227 -0.010733 1.900087
v -0.172127 -0.099451 2.025187
v -0.165227 -0.010733 1.900087
v -0.165944 0.000775 1.913078
v -0.172127 -0.099451 2.025187
v -0.165944 0.000775 1.913078
v -0.168094 0.000775 1.952056
v -0.172127 -0.099451 2.025187
v -0.168094 0.000775 1.952056
v -0.173220 -0.046040 2.045010
v -0.172127 -0.099451 2.025187
v -0.173220 -0.046040 2.045010
v -0.173723 -0.063248 2.054133
v -0.172127 -0.099451 2.025187
v -0.173723 -0.063248 2.054133
v -0.173707 -0.081007 2.053840
v -0.172127 -0.099451 2.025187
v -0.173707 -0.081007 2.053840
v -0.173104 -0.094353 2.042896
v -0.172127 -0.099451 2.025187
v 0.239877 0.169084 1.339849
v 0.230449 0.169084 1.510789
v 0.239877 0.157250 1.339849
v 0.230449 0.169084 1.510789
v 0.230449 0.157250 1.510790
v 0.239877 0.157250 1.339849
v 0.224395 0.157250 1.620562
v 0.224395 0.169084 1.620562
v 0.222470 0.155326 1.655472
v 0.224395 0.169084 1.620562
v 0.222279 0.166662 1.658922
v 0.222470 0.155326 1.655472
v 0.211796 0.061224 1.849001
v 0.211581 -0.010700 1.852892
v 0.212476 0.057163 1.836679
v 0.211581 -0.010700 1.852892
v 0.212324 -0.010700 1.839429
v 0.212476 0.057163 1.836679
v 0.334115 0.162786 1.665085
v 0.222279 0.166662 1.658922
v 0.244272 0.169084 1.621658
v 0.222279 0.166662 1.658922
v 0.224395 0.169084 1.620562
v 0.244272 0.169084 1.621658
v 0.335892 0.068934 1.832783
v 0.335431 0.056404 1.841152
v 0.323720 0.059921 1.851209
v 0.324295 0.075526 1.840786
v 0.335892 0.068934 1.832783
v 0.323720 0.059921 1.851209
v 0.335892 0.068934 1.832783
v 0.324295 0.075526 1.840786
v 0.345187 0.152465 1.665685
v 0.324295 0.075526 1.840786
v 0.334115 0.162786 1.665085
v 0.345187 0.152465 1.665685
v 0.345187 0.152465 1.665685
v 0.334115 0.162786 1.665085
v 0.347158 0.155574 1.627333
v 0.334115 0.162786 1.665085
v 0.335994 0.165464 1.626717
v 0.347158 0.155574 1.627333
v 0.335994 0.165464 1.626717
v 0.334115 0.162786 1.665085
v 0.244272 0.169084 1.621658
v 0.335994 0.165464 1.626717
v 0.244272 0.169084 1.621658
v 0.230449 0.169084 1.510789
v 0.244272 0.169084 1.621658
v 0.250326 0.169084 1.511886
v 0.230449 0.169084 1.510789
v 0.324295 0.075526 1.840786
v 0.323720 0.059921 1.851209
v 0.211796 0.061224 1.849001
v 0.212413 0.077968 1.837817
v 0.324295 0.075526 1.840786
v 0.211796 0.061224 1.849001
v 0.334115 0.162786 1.665085
v 0.324295 0.075526 1.840786
v 0.212413 0.077968 1.837817
v 0.222279 0.166662 1.658922
v 0.334115 0.162786 1.665085
v 0.212413 0.077968 1.837817
v 0.211796 0.061224 1.849001
v 0.323720 0.059921 1.851209
v 0.211581 -0.010700 1.852892
v 0.323720 0.059921 1.851209
v 0.323405 -0.010700 1.854960
v 0.211581 -0.010700 1.852892
v 0.323720 0.059921 1.851209
v 0.335431 0.056404 1.841152
v 0.323405 -0.010700 1.854960
v 0.335431 0.056404 1.841152
v 0.335186 -0.010700 1.844411
v 0.323405 -0.010700 1.854960
v 0.335186 -0.010700 1.844411
v 0.335431 0.056404 1.841152
v 0.335892 0.068934 1.832783
v 0.349146 -0.010700 1.665619
v 0.335186 -0.010700 1.844411
v 0.335892 0.068934 1.832783
v 0.345187 0.152465 1.665685
v 0.349146 -0.010700 1.665619
v 0.335892 0.068934 1.832783
v 0.351245 -0.010700 1.627558
v 0.349146 -0.010700 1.665619
v 0.345187 0.152465 1.665685
v 0.347158 0.155574 1.627333
v 0.351245 -0.010700 1.627558
v 0.345187 0.152465 1.665685
v 0.366727 -0.010700 1.346845
v 0.351245 -0.010700 1.627558
v 0.347158 0.155574 1.627333
v 0.362641 0.155574 1.346620
v 0.366727 -0.010700 1.346845
v 0.347158 0.155574 1.627333
v 0.362641 0.155574 1.346620
v 0.347158 0.155574 1.627333
v 0.335994 0.165464 1.626717
v 0.351476 0.165464 1.346004
v 0.362641 0.155574 1.346620
v 0.335994 0.165464 1.626717
v 0.351476 0.165464 1.346004
v 0.335994 0.165464 1.626717
v 0.230449 0.169084 1.510789
v 0.239877 0.169084 1.339849
v 0.351476 0.165464 1.346004
v 0.230449 0.169084 1.510789
v 0.188875 -0.067134 1.745255
v 0.192489 0.090726 1.679721
v -0.102598 -0.067134 1.729180
v 0.192489 0.090726 1.679721
v -0.098983 0.090726 1.663645
v -0.102598 -0.067134 1.729180
v 0.168713 0.194545 1.626970
v -0.069550 0.194545 1.613829
v 0.169481 0.172288 1.613039
v -0.069550 0.194545 1.613829
v -0.068782 0.172288 1.599898
v 0.169481 0.172288 1.613039
v -0.134536 -0.078210 2.065322
v -0.134505 -0.044028 2.064757
v -0.135825 -0.078210 2.088700
v -0.134505 -0.044028 2.064757
v -0.135696 -0.036992 2.086359
v -0.135825 -0.078210 2.088700
v -0.134757 -0.019245 2.069322
v -0.135696 -0.036992 2.086359
v -0.134505 -0.044028 2.064757
v -0.134029 -0.036249 2.056138
v -0.134757 -0.019245 2.069322
v -0.134505 -0.044028 2.064757
v -0.134757 -0.019245 2.069322
v -0.134029 -0.036249 2.056138
v -0.110806 0.173330 1.635059
v -0.111190 0.192979 1.642029
v -0.134757 -0.019245 2.069322
v -0.110806 0.173330 1.635059
v -0.111190 0.192979 1.642029
v -0.110806 0.173330 1.635059
v -0.110508 0.195199 1.629656
v -0.110806 0.173330 1.635059
v -0.110386 0.174697 1.627445
v -0.110508 0.195199 1.629656
v -0.108598 0.192862 1.595034
v -0.110508 0.195199 1.629656
v -0.110386 0.174697 1.627445
v -0.108745 0.172288 1.597694
v -0.108598 0.192862 1.595034
v -0.110386 0.174697 1.627445
v -0.108598 0.192862 1.595034
v -0.108745 0.172288 1.597694
v -0.101201 0.179255 1.460906
v -0.108745 0.172288 1.597694
v -0.101908 0.080046 1.473732
v -0.101201 0.179255 1.460906
v -0.101908 0.080046 1.473732
v -0.100257 0.160179 1.443796
v -0.101201 0.179255 1.460906
v -0.068782 0.172288 1.599898
v -0.095386 0.172288 1.598431
v -0.096532 0.174453 1.619209
v -0.068782 0.172288 1.599898
v -0.096532 0.174453 1.619209
v 0.169481 0.172288 1.613039
v -0.096532 0.174453 1.619209
v -0.097027 0.174696 1.628182
v 0.169481 0.172288 1.613039
v 0.196085 0.172288 1.614507
v 0.169481 0.172288 1.613039
v 0.194939 0.174453 1.635285
v 0.194444 0.174696 1.644258
v 0.194939 0.174453 1.635285
v 0.169481 0.172288 1.613039
v -0.097027 0.174696 1.628182
v 0.194444 0.174696 1.644258
v 0.169481 0.172288 1.613039
v 0.194444 0.174696 1.644258
v -0.097027 0.174696 1.628182
v 0.194024 0.173330 1.651871
v -0.097027 0.174696 1.628182
v -0.097447 0.173330 1.635796
v 0.194024 0.173330 1.651871
v -0.097447 0.173330 1.635796
v -0.098915 0.160802 1.662417
v 0.194024 0.173330 1.651871
v -0.098915 0.160802 1.662417
v 0.192556 0.160802 1.678493
v 0.194024 0.173330 1.651871
v -0.098915 0.160802 1.662417
v -0.098983 0.090726 1.663645
v 0.192556 0.160802 1.678493
v -0.098983 0.090726 1.663645
v 0.192489 0.090726 1.679721
v 0.192556 0.160802 1.678493
v -0.102598 -0.067134 1.729180
v -0.121187 -0.050455 2.066240
v 0.188875 -0.067134 1.745255
v -0.121187 -0.050455 2.066240
v 0.170284 -0.050455 2.082315
v 0.188875 -0.067134 1.745255
v -0.110508 0.195199 1.629656
v -0.108598 0.192862 1.595034
v -0.069550 0.194545 1.613829
v -0.061238 0.179255 1.463110
v -0.069550 0.194545 1.613829
v -0.108598 0.192862 1.595034
v -0.101201 0.179255 1.460906
v -0.061238 0.179255 1.463110
v -0.108598 0.192862 1.595034
v -0.061238 0.179255 1.463110
v -0.101201 0.179255 1.460906
v -0.060294 0.160179 1.446000
v -0.101201 0.179255 1.460906
v -0.100257 0.160179 1.443796
v -0.060294 0.160179 1.446000
v -0.060294 0.160179 1.446000
v -0.100257 0.160179 1.443796
v -0.061945 0.080046 1.475936
v -0.100257 0.160179 1.443796
v -0.101908 0.080046 1.473732
v -0.061945 0.080046 1.475936
v -0.068782 0.172288 1.599898
v -0.061945 0.080046 1.475936
v -0.101908 0.080046 1.473732
v -0.108745 0.172288 1.597694
v -0.068782 0.172288 1.599898
v -0.101908 0.080046 1.473732
v 0.209444 0.172288 1.615244
v 0.216281 0.080046 1.491281
v 0.169481 0.172288 1.613039
v 0.216281 0.080046 1.491281
v 0.176318 0.080046 1.489077
v 0.169481 0.172288 1.613039
v 0.216281 0.080046 1.491281
v 0.217932 0.160179 1.461345
v 0.176318 0.080046 1.489077
v 0.217932 0.160179 1.461345
v 0.177969 0.160179 1.459141
v 0.176318 0.080046 1.489077
v 0.217932 0.160179 1.461345
v 0.216988 0.179255 1.478455
v 0.177969 0.160179 1.459141
v 0.216988 0.179255 1.478455
v 0.177025 0.179255 1.476251
v 0.177969 0.160179 1.459141
v 0.177025 0.179255 1.476251
v 0.216988 0.179255 1.478455
v 0.209591 0.192862 1.612584
v 0.168713 0.194545 1.626970
v 0.177025 0.179255 1.476251
v 0.209591 0.192862 1.612584
v 0.168713 0.194545 1.626970
v 0.209591 0.192862 1.612584
v -0.069550 0.194545 1.613829
v 0.209591 0.192862 1.612584
v 0.207681 0.195199 1.647205
v -0.069550 0.194545 1.613829
v 0.207681 0.195199 1.647205
v -0.110508 0.195199 1.629656
v -0.069550 0.194545 1.613829
v 0.207681 0.195199 1.647205
v 0.206999 0.192979 1.659578
v -0.110508 0.195199 1.629656
v 0.206999 0.192979 1.659578
v -0.111190 0.192979 1.642029
v -0.110508 0.195199 1.629656
v -0.134757 -0.019245 2.069322
v -0.111190 0.192979 1.642029
v 0.206999 0.192979 1.659578
v 0.183432 -0.019245 2.086871
v -0.134757 -0.019245 2.069322
v 0.206999 0.192979 1.659578
v -0.135696 -0.036992 2.086359
v -0.134757 -0.019245 2.069322
v 0.183432 -0.019245 2.086871
v 0.182492 -0.036992 2.103909
v -0.135696 -0.036992 2.086359
v 0.183432 -0.019245 2.086871
v 0.182492 -0.036992 2.103909
v 0.182363 -0.078210 2.106249
v -0.135696 -0.036992 2.086359
v 0.182363 -0.078210 2.106249
v -0.135825 -0.078210 2.088700
v -0.135696 -0.036992 2.086359
v -0.152051 -0.099451 2.026294
v -0.172127 -0.099451 2.025187
v -0.153027 -0.094353 2.044003
v -0.172127 -0.099451 2.025187
v -0.173104 -0.094353 2.042896
v -0.153027 -0.094353 2.044003
v -0.153027 -0.094353 2.044003
v -0.173104 -0.094353 2.042896
v -0.153631 -0.081007 2.054947
v -0.173104 -0.094353 2.042896
v -0.173707 -0.081007 2.053840
v -0.153631 -0.081007 2.054947
v -0.173707 -0.081007 2.053840
v -0.173723 -0.063248 2.054133
v -0.153631 -0.081007 2.054947
v -0.173723 -0.063248 2.054133
v -0.153647 -0.063248 2.055240
v -0.153631 -0.081007 2.054947
v -0.153647 -0.063248 2.055240
v -0.173723 -0.063248 2.054133
v -0.153144 -0.046040 2.046118
v -0.173723 -0.063248 2.054133
v -0.173220 -0.046040 2.045010
v -0.153144 -0.046040 2.046118
v -0.153144 -0.046040 2.046118
v -0.173220 -0.046040 2.045010
v -0.168094 0.000775 1.952056
v -0.148017 0.000775 1.953163
v -0.153144 -0.046040 2.046118
v -0.168094 0.000775 1.952056
v -0.023541 0.085418 1.579026
v -0.025156 0.114782 1.608309
v -0.005043 0.085418 1.580046
v -0.025156 0.114782 1.608309
v -0.006658 0.114782 1.609329
v -0.005043 0.085418 1.580046
v -0.025156 0.114782 1.608309
v -0.025442 0.140766 1.613484
v -0.006658 0.114782 1.609329
v -0.025442 0.140766 1.613484
v -0.006943 0.140766 1.614504
v -0.006658 0.114782 1.609329
v -0.006943 0.140766 1.614504
v -0.025442 0.140766 1.613484
v -0.006443 0.162200 1.605420
v -0.025442 0.140766 1.613484
v -0.024941 0.162200 1.604399
v -0.006443 0.162200 1.605420
v -0.006443 0.162200 1.605420
v -0.024941 0.162200 1.604399
v -0.004535 0.176106 1.570842
v -0.024941 0.162200 1.604399
v -0.023034 0.176106 1.569822
v -0.004535 0.176106 1.570842
v -0.004535 0.176106 1.570842
v -0.023034 0.176106 1.569822
v -0.001777 0.174113 1.520827
v -0.023034 0.176106 1.569822
v -0.019300 0.173409 1.502128
v -0.001777 0.174113 1.520827
v 0.118589 0.174113 1.527466
v -0.001777 0.174113 1.520827
v 0.138062 0.173409 1.510807
v -0.001777 0.174113 1.520827
v -0.019300 0.173409 1.502128
v 0.138062 0.173409 1.510807
v 0.132206 0.114782 1.616988
v 0.133821 0.085418 1.587705
v 0.115323 0.085418 1.586685
v 0.113708 0.114782 1.615968
v 0.132206 0.114782 1.616988
v 0.115323 0.085418 1.586685
v 0.113708 0.114782 1.615968
v 0.113422 0.140766 1.621142
v 0.132206 0.114782 1.616988
v 0.113422 0.140766 1.621142
v 0.131921 0.140766 1.622163
v 0.132206 0.114782 1.616988
v 0.132422 0.162200 1.613078
v 0.131921 0.140766 1.622163
v 0.113422 0.140766 1.621142
v 0.113923 0.162200 1.612058
v 0.132422 0.162200 1.613078
v 0.113422 0.140766 1.621142
v 0.113923 0.162200 1.612058
v 0.115831 0.176106 1.577481
v 0.132422 0.162200 1.613078
v 0.115831 0.176106 1.577481
v 0.134329 0.176106 1.578501
v 0.132422 0.162200 1.613078
v 0.115831 0.176106 1.577481
v 0.118589 0.174113 1.527466
v 0.134329 0.176106 1.578501
v 0.118589 0.174113 1.527466
v 0.138062 0.173409 1.510807
v 0.134329 0.176106 1.578501
v 0.240699 -0.022670 1.984202
v 0.242064 -0.010014 1.959455
v 0.242064 -0.035327 1.959455
v 0.242064 -0.010014 1.959455
v 0.243429 -0.022670 1.934707
v 0.242064 -0.035327 1.959455
v 0.240699 -0.047983 1.984201
v 0.240699 -0.022670 1.984202
v 0.242064 -0.035327 1.959455
v 0.243429 -0.022670 1.934707
v 0.243429 -0.047983 1.934707
v 0.242064 -0.035327 1.959455
v 0.242064 -0.060640 1.959455
v 0.240699 -0.047983 1.984201
v 0.242064 -0.035327 1.959455
v 0.243429 -0.047983 1.934707
v 0.242064 -0.060640 1.959455
v 0.242064 -0.035327 1.959455
v 0.212283 -0.099451 1.920907
v 0.212283 -0.010733 1.920908
v 0.205384 -0.099451 2.046007
v 0.212283 -0.010733 1.920908
v 0.211567 0.000775 1.933899
v 0.205384 -0.099451 2.046007
v 0.211567 0.000775 1.933899
v 0.209417 0.000775 1.972877
v 0.205384 -0.099451 2.046007
v 0.209417 0.000775 1.972877
v 0.204290 -0.046040 2.065831
v 0.205384 -0.099451 2.046007
v 0.204290 -0.046040 2.065831
v 0.203787 -0.063248 2.074954
v 0.205384 -0.099451 2.046007
v 0.203787 -0.063248 2.074954
v 0.203803 -0.081007 2.074661
v 0.205384 -0.099451 2.046007
v 0.203803 -0.081007 2.074661
v 0.204407 -0.094353 2.063717
v 0.205384 -0.099451 2.046007
v 0.118335 0.083243 1.532079
v -0.002031 0.083243 1.525440
v 0.118589 0.174113 1.527466
v -0.002031 0.083243 1.525440
v -0.001777 0.174113 1.520827
v 0.118589 0.174113 1.527466
v -0.019300 0.173409 1.502128
v -0.019555 0.082538 1.506740
v 0.138062 0.173409 1.510807
v -0.019555 0.082538 1.506740
v 0.137808 0.082538 1.515419
v 0.138062 0.173409 1.510807
v -0.145855 0.119269 1.553969
v -0.144647 0.138666 1.532072
v -0.145855 0.138666 1.553969
v -0.144647 0.138666 1.532072
v -0.145855 0.158063 1.553969
v -0.145855 0.138666 1.553969
v -0.145855 0.158063 1.553969
v -0.147063 0.138666 1.575866
v -0.145855 0.138666 1.553969
v -0.147063 0.138666 1.575866
v -0.145855 0.119269 1.553969
v -0.145855 0.138666 1.553969
v -1.005907 -0.102928 0.283445
v -1.000242 -0.102928 0.310461
v -1.000242 -0.102928 0.310461
v -1.000242 0.036012 0.310461
v -1.005908 0.036012 0.283445
v -1.000242 -0.102928 0.310461
v -1.005908 0.036012 0.283445
v -1.005907 -0.102928 0.283445
v -1.000242 -0.102928 0.310461
v -1.359890 -0.078721 0.357674
v -1.005908 0.036012 0.283445
v -1.354225 -0.078721 0.384690
v -1.005908 0.036012 0.283445
v -1.000242 0.036012 0.310461
v -1.354225 -0.078721 0.384690
v -0.935242 0.205100 -0.002910
v -1.267911 0.205100 -0.021257
v -1.265308 0.193894 -0.068464
v -0.932639 0.193894 -0.050116
v -0.935242 0.205100 -0.002910
v -1.265308 0.193894 -0.068464
v -0.932639 0.193894 -0.050116
v -1.265308 0.193894 -0.068464
v -0.930733 0.163281 -0.084674
v -1.265308 0.193894 -0.068464
v -1.263402 0.163281 -0.103022
v -0.930733 0.163281 -0.084674
v -0.930733 0.163281 -0.084674
v -1.263402 0.163281 -0.103022
v -0.930035 0.121463 -0.097323
v -1.263402 0.163281 -0.103022
v -1.262704 0.121463 -0.115670
v -0.930035 0.121463 -0.097323
v -0.930035 0.121463 -0.097323
v -1.262704 0.121463 -0.115670
v -0.930733 0.079645 -0.084674
v -1.262704 0.121463 -0.115670
v -1.263402 0.079645 -0.103022
v -0.930733 0.079645 -0.084674
v -0.935242 0.037827 -0.002910
v -0.932639 0.049032 -0.050116
v -1.267911 0.037827 -0.021257
v -0.932639 0.049032 -0.050116
v -1.265308 0.049032 -0.068464
v -1.267911 0.037827 -0.021257
v -1.263402 0.079645 -0.103022
v -1.265308 0.049032 -0.068464
v -0.932639 0.049032 -0.050116
v -0.930733 0.079645 -0.084674
v -1.263402 0.079645 -0.103022
v -0.932639 0.049032 -0.050116
v 0.224483 -0.094353 2.064824
v 0.223880 -0.081007 2.075768
v 0.225460 -0.099451 2.047115
v 0.223880 -0.081007 2.075768
v 0.223864 -0.063248 2.076061
v 0.225460 -0.099451 2.047115
v 0.223864 -0.063248 2.076061
v 0.224367 -0.046040 2.066939
v 0.225460 -0.099451 2.047115
v 0.224367 -0.046040 2.066939
v 0.229494 0.000775 1.973984
v 0.225460 -0.099451 2.047115
v 0.229494 0.000775 1.973984
v 0.231643 0.000775 1.935006
v 0.225460 -0.099451 2.047115
v 0.231643 0.000775 1.935006
v 0.232360 -0.010733 1.922015
v 0.225460 -0.099451 2.047115
v 0.232360 -0.010733 1.922015
v 0.232360 -0.099451 1.922015
v 0.225460 -0.099451 2.047115
v -1.374945 -0.099451 -0.269645
v -1.401611 -0.099451 0.213853
v -1.933141 -0.099451 -0.300431
v -1.401611 -0.099451 0.213853
v -1.959808 -0.099451 0.183066
v -1.933141 -0.099451 -0.300431
v -1.744102 -0.060640 -0.196783
v -1.719355 -0.047983 -0.195418
v -1.740503 -0.060640 -0.262031
v -1.719355 -0.047983 -0.195418
v -1.715756 -0.047983 -0.260666
v -1.740503 -0.060640 -0.262031
v -1.719355 -0.047983 -0.195418
v -1.719355 -0.022670 -0.195418
v -1.715756 -0.047983 -0.260666
v -1.719355 -0.022670 -0.195418
v -1.715756 -0.022671 -0.260666
v -1.715756 -0.047983 -0.260666
v -1.715756 -0.022671 -0.260666
v -1.719355 -0.022670 -0.195418
v -1.740503 -0.010014 -0.262031
v -1.719355 -0.022670 -0.195418
v -1.744102 -0.010014 -0.196783
v -1.740503 -0.010014 -0.262031
v -1.740503 -0.010014 -0.262031
v -1.744102 -0.010014 -0.196783
v -1.765250 -0.022671 -0.263396
v -1.744102 -0.010014 -0.196783
v -1.768849 -0.022671 -0.198148
v -1.765250 -0.022671 -0.263396
v -1.768849 -0.022671 -0.198148
v -1.768849 -0.047983 -0.198148
v -1.765250 -0.022671 -0.263396
v -1.768849 -0.047983 -0.198148
v -1.765250 -0.047983 -0.263396
v -1.765250 -0.022671 -0.263396
v -1.765250 -0.047983 -0.263396
v -1.768849 -0.047983 -0.198148
v -1.740503 -0.060640 -0.262031
v -1.768849 -0.047983 -0.198148
v -1.744102 -0.060640 -0.196783
v -1.740503 -0.060640 -0.262031
v 0.229494 0.000775 1.973984
v 0.209417 0.000775 1.972877
v 0.231643 0.000775 1.935006
v 0.209417 0.000775 1.972877
v 0.211567 0.000775 1.933899
v 0.231643 0.000775 1.935006
v 0.232360 -0.010733 1.922015
v 0.231643 0.000775 1.935006
v 0.211567 0.000775 1.933899
v 0.212283 -0.010733 1.920908
v 0.232360 -0.010733 1.922015
v 0.211567 0.000775 1.933899
v 0.232360 -0.010733 1.922015
v 0.212283 -0.010733 1.920908
v 0.232360 -0.099451 1.922015
v 0.212283 -0.010733 1.920908
v 0.212283 -0.099451 1.920907
v 0.232360 -0.099451 1.922015
v 0.209417 0.000775 1.972877
v 0.229494 0.000775 1.973984
v 0.204290 -0.046040 2.065831
v 0.229494 0.000775 1.973984
v 0.224367 -0.046040 2.066939
v 0.204290 -0.046040 2.065831
v 0.224367 -0.046040 2.066939
v 0.223864 -0.063248 2.076061
v 0.204290 -0.046040 2.065831
v 0.223864 -0.063248 2.076061
v 0.203787 -0.063248 2.074954
v 0.204290 -0.046040 2.065831
v 0.203787 -0.063248 2.074954
v 0.223864 -0.063248 2.076061
v 0.203803 -0.081007 2.074661
v 0.223864 -0.063248 2.076061
v 0.223880 -0.081007 2.075768
v 0.203803 -0.081007 2.074661
v 0.223880 -0.081007 2.075768
v 0.224483 -0.094353 2.064824
v 0.203803 -0.081007 2.074661
v 0.224483 -0.094353 2.064824
v 0.204407 -0.094353 2.063717
v 0.203803 -0.081007 2.074661
v 0.224483 -0.094353 2.064824
v 0.225460 -0.099451 2.047115
v 0.204407 -0.094353 2.063717
v 0.225460 -0.099451 2.047115
v 0.205384 -0.099451 2.046007
v 0.204407 -0.094353 2.063717
v -1.756329 0.000774 -0.251104
v -1.717351 0.000774 -0.248954
v -1.757436 0.000774 -0.231027
v -1.717351 0.000774 -0.248954
v -1.718458 0.000774 -0.228877
v -1.757436 0.000774 -0.231027
v -1.718458 0.000774 -0.228877
v -1.717351 0.000774 -0.248954
v -1.704360 -0.010733 -0.248237
v -1.705467 -0.010733 -0.228161
v -1.718458 0.000774 -0.228877
v -1.704360 -0.010733 -0.248237
v -1.704360 -0.010733 -0.248237
v -1.704360 -0.099451 -0.248237
v -1.705467 -0.010733 -0.228161
v -1.704360 -0.099451 -0.248237
v -1.705467 -0.099451 -0.228161
v -1.705467 -0.010733 -0.228161
v -1.760129 -0.060640 0.093807
v -1.784876 -0.047983 0.092442
v -1.763728 -0.060640 0.159054
v -1.784876 -0.047983 0.092442
v -1.788474 -0.047983 0.157689
v -1.763728 -0.060640 0.159054
v -1.784876 -0.047983 0.092442
v -1.784876 -0.022671 0.092442
v -1.788474 -0.047983 0.157689
v -1.784876 -0.022671 0.092442
v -1.788475 -0.022671 0.157689
v -1.788474 -0.047983 0.157689
v -1.788475 -0.022671 0.157689
v -1.784876 -0.022671 0.092442
v -1.763728 -0.010014 0.159054
v -1.784876 -0.022671 0.092442
v -1.760129 -0.010014 0.093807
v -1.763728 -0.010014 0.159054
v -1.763728 -0.010014 0.159054
v -1.760129 -0.010014 0.093807
v -1.738980 -0.022670 0.160419
v -1.760129 -0.010014 0.093807
v -1.735382 -0.022671 0.095172
v -1.738980 -0.022670 0.160419
v -1.738980 -0.022670 0.160419
v -1.735382 -0.022671 0.095172
v -1.738980 -0.047983 0.160419
v -1.735382 -0.022671 0.095172
v -1.735382 -0.047983 0.095172
v -1.738980 -0.047983 0.160419
v -1.735382 -0.047983 0.095172
v -1.760129 -0.060640 0.093807
v -1.738980 -0.047983 0.160419
v -1.760129 -0.060640 0.093807
v -1.763728 -0.060640 0.159054
v -1.738980 -0.047983 0.160419
v -1.087093 0.098635 0.114505
v -1.261189 0.098635 0.171900
v -1.087093 -0.095965 0.114505
v -1.261189 0.098635 0.171900
v -1.261189 -0.095965 0.171900
v -1.087093 -0.095965 0.114505
v -1.087093 0.098635 0.114505
v -1.087093 -0.095965 0.114505
v -1.037432 0.098635 0.117244
v -1.087093 -0.095965 0.114505
v -1.037432 -0.095965 0.117244
v -1.037432 0.098635 0.117244
v -1.088645 -0.095965 0.142645
v -1.088645 0.098635 0.142645
v -1.032884 -0.095965 0.145720
v -1.088645 0.098635 0.142645
v -1.032884 0.098635 0.145720
v -1.032884 -0.095965 0.145720
v -1.032884 -0.095965 0.145720
v -1.032884 0.098635 0.145720
v -1.037432 -0.095965 0.117244
v -1.032884 0.098635 0.145720
v -1.037432 0.098635 0.117244
v -1.037432 -0.095965 0.117244
v -1.262741 0.098635 0.200040
v -1.088645 0.098635 0.142645
v -1.262741 -0.095965 0.200040
v -1.088645 0.098635 0.142645
v -1.088645 -0.095965 0.142645
v -1.262741 -0.095965 0.200040
v -1.574725 -0.062237 0.182833
v -1.575259 -0.029760 0.182804
v -1.558576 0.001709 0.183724
v -1.554707 -0.086643 0.183937
v -1.574725 -0.062237 0.182833
v -1.558576 0.001709 0.183724
v -1.522318 -0.095965 0.185723
v -1.554707 -0.086643 0.183937
v -1.558576 0.001709 0.183724
v -1.388564 -0.095965 0.193100
v -1.522318 -0.095965 0.185723
v -1.558576 0.001709 0.183724
v -1.388564 0.098635 0.193100
v -1.388564 -0.095965 0.193100
v -1.558576 0.001709 0.183724
v -1.388564 0.098635 0.193100
v -1.262741 0.098635 0.200040
v -1.388564 -0.095965 0.193100
v -1.262741 0.098635 0.200040
v -1.262741 -0.095965 0.200040
v -1.388564 -0.095965 0.193100
v -1.239602 -0.095965 -0.219503
v -1.239602 0.098635 -0.219503
v -1.072874 -0.095965 -0.143310
v -1.239602 0.098635 -0.219503
v -1.072874 0.098635 -0.143310
v -1.072874 -0.095965 -0.143310
v -1.023212 -0.095965 -0.140571
v -1.072874 -0.095965 -0.143310
v -1.023213 0.098635 -0.140571
v -1.072874 -0.095965 -0.143310
v -1.072874 0.098635 -0.143310
v -1.023213 0.098635 -0.140571
v -1.071322 -0.095965 -0.171450
v -1.015561 -0.095965 -0.168375
v -1.071322 0.098635 -0.171450
v -1.015561 -0.095965 -0.168375
v -1.015561 0.098635 -0.168375
v -1.071322 0.098635 -0.171450
v -1.499179 -0.095965 -0.233819
v -1.497627 -0.095965 -0.261959
v -1.530016 -0.086643 -0.263745
v -1.531568 -0.086643 -0.235606
v -1.499179 -0.095965 -0.233819
v -1.530016 -0.086643 -0.263745
v -1.531568 -0.086643 -0.235606
v -1.530016 -0.086643 -0.263745
v -1.550033 -0.062237 -0.264849
v -1.551585 -0.062237 -0.236710
v -1.531568 -0.086643 -0.235606
v -1.550033 -0.062237 -0.264849
v -1.551585 -0.062237 -0.236710
v -1.550033 -0.062237 -0.264849
v -1.552120 -0.029760 -0.236739
v -1.550033 -0.062237 -0.264849
v -1.550568 -0.029760 -0.264879
v -1.552120 -0.029760 -0.236739
v -1.552120 -0.029760 -0.236739
v -1.550568 -0.029760 -0.264879
v -1.535437 0.001709 -0.235819
v -1.550568 -0.029760 -0.264879
v -1.533884 0.001709 -0.263959
v -1.535437 0.001709 -0.235819
v -1.535437 0.001709 -0.235819
v -1.533884 0.001709 -0.263959
v -1.365425 0.098635 -0.226442
v -1.533884 0.001709 -0.263959
v -1.363873 0.098635 -0.254582
v -1.365425 0.098635 -0.226442
v 0.237673 -0.029760 1.769434
v 0.237703 -0.062237 1.768899
v 0.238594 0.001709 1.752751
v 0.237703 -0.062237 1.768899
v 0.238807 -0.086643 1.748882
v 0.238594 0.001709 1.752751
v 0.238807 -0.086643 1.748882
v 0.240593 -0.095965 1.716493
v 0.238594 0.001709 1.752751
v 0.240593 -0.095965 1.716493
v 0.247970 -0.095965 1.582739
v 0.238594 0.001709 1.752751
v 0.247970 -0.095965 1.582739
v 0.247970 0.098635 1.582739
v 0.238594 0.001709 1.752751
v 0.247970 0.098635 1.582739
v 0.247970 -0.095965 1.582739
v 0.254910 -0.095965 1.456916
v 0.254910 0.098635 1.456916
v 0.247970 0.098635 1.582739
v 0.254910 -0.095965 1.456916
v -1.015561 -0.095965 -0.168375
v -1.023212 -0.095965 -0.140571
v -1.015561 0.098635 -0.168375
v -1.023212 -0.095965 -0.140571
v -1.023213 0.098635 -0.140571
v -1.015561 0.098635 -0.168375
v -1.071322 -0.095965 -0.171450
v -1.071322 0.098635 -0.171450
v -1.238050 -0.095965 -0.247643
v -1.071322 0.098635 -0.171450
v -1.238050 0.098635 -0.247643
v -1.238050 -0.095965 -0.247643
v -1.124898 0.169083 -0.191687
v -1.124898 0.157250 -0.191687
v -1.295839 0.169083 -0.201115
v -1.124898 0.157250 -0.191687
v -1.295839 0.157250 -0.201115
v -1.295839 0.169083 -0.201115
v -1.440521 0.155326 -0.209095
v -1.612916 0.070355 -0.218603
v -1.443971 0.166661 -0.209285
v -1.612916 0.070355 -0.218603
v -1.622866 0.077968 -0.219152
v -1.443971 0.166661 -0.209285
v -1.622866 0.077968 -0.219152
v -1.612916 0.070355 -0.218603
v -1.634050 0.061223 -0.219769
v -1.612916 0.070355 -0.218603
v -1.621728 0.057162 -0.219089
v -1.634050 0.061223 -0.219769
v 0.266947 -0.086643 1.750434
v 0.268733 -0.095965 1.718045
v 0.240593 -0.095965 1.716493
v 0.238807 -0.086643 1.748882
v 0.266947 -0.086643 1.750434
v 0.240593 -0.095965 1.716493
v 0.265843 -0.062237 1.770452
v 0.266947 -0.086643 1.750434
v 0.238807 -0.086643 1.748882
v 0.237703 -0.062237 1.768899
v 0.265843 -0.062237 1.770452
v 0.238807 -0.086643 1.748882
v 0.237703 -0.062237 1.768899
v 0.237673 -0.029760 1.769434
v 0.265843 -0.062237 1.770452
v 0.237673 -0.029760 1.769434
v 0.265813 -0.029760 1.770986
v 0.265843 -0.062237 1.770452
v 0.265813 -0.029760 1.770986
v 0.237673 -0.029760 1.769434
v 0.238594 0.001709 1.752751
v 0.266734 0.001709 1.754303
v 0.265813 -0.029760 1.770986
v 0.238594 0.001709 1.752751
v 0.266734 0.001709 1.754303
v 0.238594 0.001709 1.752751
v 0.247970 0.098635 1.582739
v 0.276110 0.098635 1.584291
v 0.266734 0.001709 1.754303
v 0.247970 0.098635 1.582739
v -1.405611 0.157250 -0.207169
v -1.440521 0.155326 -0.209095
v -1.405611 0.169083 -0.207169
v -1.440521 0.155326 -0.209095
v -1.443971 0.166661 -0.209285
v -1.405611 0.169083 -0.207169
v -1.624478 -0.010700 -0.219241
v -1.637941 -0.010700 -0.219983
v -1.621728 0.057162 -0.219089
v -1.637941 -0.010700 -0.219983
v -1.634050 0.061223 -0.219769
v -1.621728 0.057162 -0.219089
v -1.405611 0.169083 -0.207169
v -1.443971 0.166661 -0.209285
v -1.404515 0.169083 -0.227046
v -1.443971 0.166661 -0.209285
v -1.437798 0.162786 -0.321121
v -1.404515 0.169083 -0.227046
v -1.294742 0.169083 -0.220992
v -1.404515 0.169083 -0.227046
v -1.295839 0.169083 -0.201115
v -1.404515 0.169083 -0.227046
v -1.399456 0.165463 -0.318768
v -1.295839 0.169083 -0.201115
v -1.437798 0.162786 -0.321121
v -1.399456 0.165463 -0.318768
v -1.404515 0.169083 -0.227046
v -1.398840 0.155574 -0.329933
v -1.399456 0.165463 -0.318768
v -1.437798 0.162786 -0.321121
v -1.437176 0.152465 -0.332191
v -1.398840 0.155574 -0.329933
v -1.437798 0.162786 -0.321121
v -1.437798 0.162786 -0.321121
v -1.613514 0.075526 -0.330682
v -1.437176 0.152465 -0.332191
v -1.613514 0.075526 -0.330682
v -1.604283 0.068934 -0.341329
v -1.437176 0.152465 -0.332191
v -1.437798 0.162786 -0.321121
v -1.443971 0.166661 -0.209285
v -1.622866 0.077968 -0.219152
v -1.613514 0.075526 -0.330682
v -1.437798 0.162786 -0.321121
v -1.622866 0.077968 -0.219152
v -1.613514 0.075526 -0.330682
v -1.622866 0.077968 -0.219152
v -1.634050 0.061223 -0.219769
v -1.623936 0.059921 -0.331257
v -1.613514 0.075526 -0.330682
v -1.634050 0.061223 -0.219769
v -1.613514 0.075526 -0.330682
v -1.623936 0.059921 -0.331257
v -1.604283 0.068934 -0.341329
v -1.623936 0.059921 -0.331257
v -1.612652 0.056404 -0.341790
v -1.604283 0.068934 -0.341329
v -1.612652 0.056404 -0.341790
v -1.615919 -0.010700 -0.341905
v -1.604283 0.068934 -0.341329
v -1.615919 -0.010700 -0.341905
v -1.436676 -0.010700 -0.336118
v -1.604283 0.068934 -0.341329
v -1.436676 -0.010700 -0.336118
v -1.437176 0.152465 -0.332191
v -1.604283 0.068934 -0.341329
v -1.437176 0.152465 -0.332191
v -1.436676 -0.010700 -0.336118
v -1.398615 -0.010700 -0.334019
v -1.398840 0.155574 -0.329933
v -1.437176 0.152465 -0.332191
v -1.398615 -0.010700 -0.334019
v -1.398840 0.155574 -0.329933
v -1.398615 -0.010700 -0.334019
v -1.117902 -0.010700 -0.318537
v -1.118127 0.155574 -0.314450
v -1.398840 0.155574 -0.329933
v -1.117902 -0.010700 -0.318537
v -1.398840 0.155574 -0.329933
v -1.118127 0.155574 -0.314450
v -1.399456 0.165463 -0.318768
v -1.118127 0.155574 -0.314450
v -1.118743 0.165463 -0.303286
v -1.399456 0.165463 -0.318768
v -1.399456 0.165463 -0.318768
v -1.118743 0.165463 -0.303286
v -1.295839 0.169083 -0.201115
v -1.118743 0.165463 -0.303286
v -1.124898 0.169083 -0.191687
v -1.295839 0.169083 -0.201115
v -1.615919 -0.010700 -0.341905
v -1.612652 0.056404 -0.341790
v -1.627699 -0.010700 -0.331357
v -1.612652 0.056404 -0.341790
v -1.623936 0.059921 -0.331257
v -1.627699 -0.010700 -0.331357
v -1.627699 -0.010700 -0.331357
v -1.623936 0.059921 -0.331257
v -1.637941 -0.010700 -0.219983
v -1.623936 0.059921 -0.331257
v -1.634050 0.061223 -0.219769
v -1.637941 -0.010700 -0.219983
v 0.276110 0.098635 1.584291
v 0.247970 0.098635 1.582739
v 0.283050 0.098635 1.458468
v 0.247970 0.098635 1.582739
v 0.254910 0.098635 1.456916
v 0.283050 0.098635 1.458468
v 0.283050 0.098635 1.458468
v 0.254910 0.098635 1.456916
v 0.225655 0.098635 1.284372
v 0.254910 0.098635 1.456916
v 0.197515 0.098635 1.282820
v 0.225655 0.098635 1.284372
v 0.225655 0.098635 1.284372
v 0.197515 0.098635 1.282820
v 0.200254 0.098635 1.233159
v 0.228730 0.098635 1.228611
v 0.225655 0.098635 1.284372
v 0.200254 0.098635 1.233159
v -1.144122 0.169083 0.156867
v -1.315063 0.169083 0.147439
v -1.144122 0.157250 0.156867
v -1.315063 0.169083 0.147439
v -1.315063 0.157250 0.147439
v -1.144122 0.157250 0.156867
v -1.424835 0.157250 0.141385
v -1.424835 0.169083 0.141385
v -1.459745 0.155326 0.139460
v -1.424835 0.169083 0.141385
v -1.463195 0.166661 0.139269
v -1.459745 0.155326 0.139460
v -1.653274 0.061223 0.128786
v -1.657165 -0.010700 0.128571
v -1.640952 0.057162 0.129466
v -1.657165 -0.010700 0.128571
v -1.643702 -0.010700 0.129314
v -1.640952 0.057162 0.129466
v -1.469358 0.162786 0.251105
v -1.463195 0.166661 0.139269
v -1.425931 0.169083 0.161262
v -1.463195 0.166661 0.139269
v -1.424835 0.169083 0.141385
v -1.425931 0.169083 0.161262
v -1.637056 0.068934 0.252883
v -1.645425 0.056404 0.252421
v -1.655482 0.059921 0.240710
v -1.645059 0.075526 0.241285
v -1.637056 0.068934 0.252883
v -1.655482 0.059921 0.240710
v -1.637056 0.068934 0.252883
v -1.645059 0.075526 0.241285
v -1.469958 0.152465 0.262177
v -1.645059 0.075526 0.241285
v -1.469358 0.162786 0.251105
v -1.469958 0.152465 0.262177
v -1.469958 0.152465 0.262177
v -1.469358 0.162786 0.251105
v -1.431606 0.155574 0.264148
v -1.469358 0.162786 0.251105
v -1.430990 0.165463 0.252984
v -1.431606 0.155574 0.264148
v -1.430990 0.165463 0.252984
v -1.469358 0.162786 0.251105
v -1.425931 0.169083 0.161262
v -1.430990 0.165463 0.252984
v -1.425931 0.169083 0.161262
v -1.315063 0.169083 0.147439
v -1.425931 0.169083 0.161262
v -1.316159 0.169083 0.167316
v -1.315063 0.169083 0.147439
v -1.645059 0.075526 0.241285
v -1.655482 0.059921 0.240710
v -1.653274 0.061223 0.128786
v -1.642090 0.077968 0.129403
v -1.645059 0.075526 0.241285
v -1.653274 0.061223 0.128786
v -1.469358 0.162786 0.251105
v -1.645059 0.075526 0.241285
v -1.642090 0.077968 0.129403
v -1.463195 0.166661 0.139269
v -1.469358 0.162786 0.251105
v -1.642090 0.077968 0.129403
v -1.653274 0.061223 0.128786
v -1.655482 0.059921 0.240710
v -1.657165 -0.010700 0.128571
v -1.655482 0.059921 0.240710
v -1.659233 -0.010700 0.240396
v -1.657165 -0.010700 0.128571
v -1.655482 0.059921 0.240710
v -1.645425 0.056404 0.252421
v -1.659233 -0.010700 0.240396
v -1.645425 0.056404 0.252421
v -1.648685 -0.010700 0.252176
v -1.659233 -0.010700 0.240396
v -1.648685 -0.010700 0.252176
v -1.645425 0.056404 0.252421
v -1.637056 0.068934 0.252883
v -1.469892 -0.010700 0.266136
v -1.648685 -0.010700 0.252176
v -1.637056 0.068934 0.252883
v -1.469958 0.152465 0.262177
v -1.469892 -0.010700 0.266136
v -1.637056 0.068934 0.252883
v -1.431831 -0.010700 0.268235
v -1.469892 -0.010700 0.266136
v -1.469958 0.152465 0.262177
v -1.431606 0.155574 0.264148
v -1.431831 -0.010700 0.268235
v -1.469958 0.152465 0.262177
v -1.151118 -0.010700 0.283717
v -1.431831 -0.010700 0.268235
v -1.431606 0.155574 0.264148
v -1.150893 0.155574 0.279631
v -1.151118 -0.010700 0.283717
v -1.431606 0.155574 0.264148
v -1.150893 0.155574 0.279631
v -1.431606 0.155574 0.264148
v -1.430990 0.165463 0.252984
v -1.150277 0.165463 0.268466
v -1.150893 0.155574 0.279631
v -1.430990 0.165463 0.252984
v -1.150277 0.165463 0.268466
v -1.430990 0.165463 0.252984
v -1.315063 0.169083 0.147439
v -1.144122 0.169083 0.156867
v -1.150277 0.165463 0.268466
v -1.315063 0.169083 0.147439
v -1.549528 -0.067134 0.105865
v -1.483994 0.090726 0.109479
v -1.533453 -0.067134 -0.185608
v -1.483994 0.090726 0.109479
v -1.467918 0.090726 -0.181993
v -1.533453 -0.067134 -0.185608
v -1.431243 0.194545 0.085703
v -1.418102 0.194545 -0.152560
v -1.417313 0.172288 0.086471
v -1.418102 0.194545 -0.152560
v -1.404171 0.172288 -0.151792
v -1.417313 0.172288 0.086471
v -1.869595 -0.078210 -0.217546
v -1.869030 -0.044029 -0.217515
v -1.892973 -0.078210 -0.218835
v -1.869030 -0.044029 -0.217515
v -1.890632 -0.036992 -0.218706
v -1.892973 -0.078210 -0.218835
v -1.873595 -0.019245 -0.217766
v -1.890632 -0.036992 -0.218706
v -1.869030 -0.044029 -0.217515
v -1.860411 -0.036250 -0.217039
v -1.873595 -0.019245 -0.217766
v -1.869030 -0.044029 -0.217515
v -1.873595 -0.019245 -0.217766
v -1.860411 -0.036250 -0.217039
v -1.439332 0.173330 -0.193816
v -1.446302 0.192978 -0.194200
v -1.873595 -0.019245 -0.217766
v -1.439332 0.173330 -0.193816
v -1.446302 0.192978 -0.194200
v -1.439332 0.173330 -0.193816
v -1.433929 0.195198 -0.193518
v -1.439332 0.173330 -0.193816
v -1.431718 0.174696 -0.193396
v -1.433929 0.195198 -0.193518
v -1.399308 0.192862 -0.191608
v -1.433929 0.195198 -0.193518
v -1.431718 0.174696 -0.193396
v -1.401968 0.172288 -0.191755
v -1.399308 0.192862 -0.191608
v -1.431718 0.174696 -0.193396
v -1.399308 0.192862 -0.191608
v -1.401968 0.172288 -0.191755
v -1.265179 0.179255 -0.184210
v -1.401968 0.172288 -0.191755
v -1.278005 0.080046 -0.184918
v -1.265179 0.179255 -0.184210
v -1.278005 0.080046 -0.184918
v -1.248069 0.160178 -0.183267
v -1.265179 0.179255 -0.184210
v -1.404171 0.172288 -0.151792
v -1.402704 0.172288 -0.178396
v -1.423482 0.174452 -0.179542
v -1.404171 0.172288 -0.151792
v -1.423482 0.174452 -0.179542
v -1.417313 0.172288 0.086471
v -1.423482 0.174452 -0.179542
v -1.432455 0.174696 -0.180037
v -1.417313 0.172288 0.086471
v -1.418780 0.172288 0.113075
v -1.417313 0.172288 0.086471
v -1.439558 0.174452 0.111929
v -1.448531 0.174696 0.111434
v -1.439558 0.174452 0.111929
v -1.417313 0.172288 0.086471
v -1.432455 0.174696 -0.180037
v -1.448531 0.174696 0.111434
v -1.417313 0.172288 0.086471
v -1.448531 0.174696 0.111434
v -1.432455 0.174696 -0.180037
v -1.456144 0.173330 0.111014
v -1.432455 0.174696 -0.180037
v -1.440069 0.173330 -0.180457
v -1.456144 0.173330 0.111014
v -1.440069 0.173330 -0.180457
v -1.466690 0.160801 -0.181925
v -1.456144 0.173330 0.111014
v -1.466690 0.160801 -0.181925
v -1.482766 0.160801 0.109546
v -1.456144 0.173330 0.111014
v -1.466690 0.160801 -0.181925
v -1.467918 0.090726 -0.181993
v -1.482766 0.160801 0.109546
v -1.467918 0.090726 -0.181993
v -1.483994 0.090726 0.109479
v -1.482766 0.160801 0.109546
v -1.533453 -0.067134 -0.185608
v -1.870513 -0.050455 -0.204197
v -1.549528 -0.067134 0.105865
v -1.870513 -0.050455 -0.204197
v -1.886588 -0.050455 0.087274
v -1.549528 -0.067134 0.105865
v -1.433929 0.195198 -0.193518
v -1.399308 0.192862 -0.191608
v -1.418102 0.194545 -0.152560
v -1.267383 0.179255 -0.144247
v -1.418102 0.194545 -0.152560
v -1.399308 0.192862 -0.191608
v -1.265179 0.179255 -0.184210
v -1.267383 0.179255 -0.144247
v -1.399308 0.192862 -0.191608
v -1.267383 0.179255 -0.144247
v -1.265179 0.179255 -0.184210
v -1.250273 0.160178 -0.143304
v -1.265179 0.179255 -0.184210
v -1.248069 0.160178 -0.183267
v -1.250273 0.160178 -0.143304
v -1.250273 0.160178 -0.143304
v -1.248069 0.160178 -0.183267
v -1.280209 0.080046 -0.144955
v -1.248069 0.160178 -0.183267
v -1.278005 0.080046 -0.184918
v -1.280209 0.080046 -0.144955
v -1.404171 0.172288 -0.151792
v -1.280209 0.080046 -0.144955
v -1.278005 0.080046 -0.184918
v -1.401968 0.172288 -0.191755
v -1.404171 0.172288 -0.151792
v -1.278005 0.080046 -0.184918
v -1.419517 0.172288 0.126434
v -1.295554 0.080046 0.133271
v -1.417313 0.172288 0.086471
v -1.295554 0.080046 0.133271
v -1.293350 0.080046 0.093308
v -1.417313 0.172288 0.086471
v -1.295554 0.080046 0.133271
v -1.265618 0.160178 0.134922
v -1.293350 0.080046 0.093308
v -1.265618 0.160178 0.134922
v -1.263414 0.160178 0.094959
v -1.293350 0.080046 0.093308
v -1.265618 0.160178 0.134922
v -1.282728 0.179255 0.133978
v -1.263414 0.160178 0.094959
v -1.282728 0.179255 0.133978
v -1.280524 0.179255 0.094015
v -1.263414 0.160178 0.094959
v -1.280524 0.179255 0.094015
v -1.282728 0.179255 0.133978
v -1.416857 0.192862 0.126581
v -1.431243 0.194545 0.085703
v -1.280524 0.179255 0.094015
v -1.416857 0.192862 0.126581
v -1.431243 0.194545 0.085703
v -1.416857 0.192862 0.126581
v -1.418102 0.194545 -0.152560
v -1.416857 0.192862 0.126581
v -1.451478 0.195198 0.124671
v -1.418102 0.194545 -0.152560
v -1.451478 0.195198 0.124671
v -1.433929 0.195198 -0.193518
v -1.418102 0.194545 -0.152560
v -1.451478 0.195198 0.124671
v -1.463851 0.192979 0.123989
v -1.433929 0.195198 -0.193518
v -1.463851 0.192979 0.123989
v -1.446302 0.192978 -0.194200
v -1.433929 0.195198 -0.193518
v -1.873595 -0.019245 -0.217766
v -1.446302 0.192978 -0.194200
v -1.463851 0.192979 0.123989
v -1.891144 -0.019245 0.100422
v -1.873595 -0.019245 -0.217766
v -1.463851 0.192979 0.123989
v -1.890632 -0.036992 -0.218706
v -1.873595 -0.019245 -0.217766
v -1.891144 -0.019245 0.100422
v -1.908182 -0.036992 0.099483
v -1.890632 -0.036992 -0.218706
v -1.891144 -0.019245 0.100422
v -1.908182 -0.036992 0.099483
v -1.910522 -0.078210 0.099353
v -1.890632 -0.036992 -0.218706
v -1.910522 -0.078210 0.099353
v -1.892973 -0.078210 -0.218835
v -1.890632 -0.036992 -0.218706
v -0.143432 0.098635 1.561152
v -0.136493 0.098635 1.435329
v -0.136493 -0.095965 1.435329
v -0.143432 -0.095965 1.561152
v -0.143432 0.098635 1.561152
v -0.136493 -0.095965 1.435329
v -0.143432 0.098635 1.561152
v -0.143432 -0.095965 1.561152
v -0.152809 0.001709 1.731164
v -0.143432 -0.095965 1.561152
v -0.150809 -0.095965 1.694906
v -0.152809 0.001709 1.731164
v -0.150809 -0.095965 1.694906
v -0.152596 -0.086643 1.727295
v -0.152809 0.001709 1.731164
v -0.152596 -0.086643 1.727295
v -0.153700 -0.062237 1.747312
v -0.152809 0.001709 1.731164
v -0.153700 -0.062237 1.747312
v -0.153729 -0.029760 1.747847
v -0.152809 0.001709 1.731164
v -1.383299 0.085418 -0.106551
v -1.412582 0.114782 -0.108166
v -1.384320 0.085418 -0.088053
v -1.412582 0.114782 -0.108166
v -1.413602 0.114782 -0.089668
v -1.384320 0.085418 -0.088053
v -1.412582 0.114782 -0.108166
v -1.417757 0.140766 -0.108452
v -1.413602 0.114782 -0.089668
v -1.417757 0.140766 -0.108452
v -1.418777 0.140766 -0.089953
v -1.413602 0.114782 -0.089668
v -1.418777 0.140766 -0.089953
v -1.417757 0.140766 -0.108452
v -1.409693 0.162200 -0.089452
v -1.417757 0.140766 -0.108452
v -1.408673 0.162200 -0.107951
v -1.409693 0.162200 -0.089452
v -1.409693 0.162200 -0.089452
v -1.408673 0.162200 -0.107951
v -1.375116 0.176105 -0.087545
v -1.408673 0.162200 -0.107951
v -1.374095 0.176105 -0.106044
v -1.375116 0.176105 -0.087545
v -1.375116 0.176105 -0.087545
v -1.374095 0.176105 -0.106044
v -1.325100 0.174113 -0.084787
v -1.374095 0.176105 -0.106044
v -1.306401 0.173409 -0.102310
v -1.325100 0.174113 -0.084787
v -1.331739 0.174113 0.035579
v -1.325100 0.174113 -0.084787
v -1.315080 0.173409 0.055052
v -1.325100 0.174113 -0.084787
v -1.306401 0.173409 -0.102310
v -1.315080 0.173409 0.055052
v -1.421261 0.114782 0.049196
v -1.391978 0.085418 0.050811
v -1.390958 0.085418 0.032313
v -1.420241 0.114782 0.030698
v -1.421261 0.114782 0.049196
v -1.390958 0.085418 0.032313
v -1.420241 0.114782 0.030698
v -1.425415 0.140766 0.030412
v -1.421261 0.114782 0.049196
v -1.425415 0.140766 0.030412
v -1.426436 0.140766 0.048911
v -1.421261 0.114782 0.049196
v -1.417351 0.162200 0.049412
v -1.426436 0.140766 0.048911
v -1.425415 0.140766 0.030412
v -1.416331 0.162200 0.030914
v -1.417351 0.162200 0.049412
v -1.425415 0.140766 0.030412
v -1.416331 0.162200 0.030914
v -1.381754 0.176105 0.032821
v -1.417351 0.162200 0.049412
v -1.381754 0.176105 0.032821
v -1.382774 0.176105 0.051319
v -1.417351 0.162200 0.049412
v -1.381754 0.176105 0.032821
v -1.331739 0.174113 0.035579
v -1.382774 0.176105 0.051319
v -1.331739 0.174113 0.035579
v -1.315080 0.173409 0.055052
v -1.382774 0.176105 0.051319
v -0.085365 0.098635 1.211287
v -0.057561 0.098635 1.218940
v -0.088440 0.098635 1.267049
v -0.057561 0.098635 1.218940
v -0.060300 0.098635 1.268601
v -0.088440 0.098635 1.267049
v -0.060300 0.098635 1.268601
v -0.136493 0.098635 1.435329
v -0.088440 0.098635 1.267049
v -0.136493 0.098635 1.435329
v -0.164633 0.098635 1.433777
v -0.088440 0.098635 1.267049
v -0.136493 0.098635 1.435329
v -0.143432 0.098635 1.561152
v -0.164633 0.098635 1.433777
v -0.143432 0.098635 1.561152
v -0.171572 0.098635 1.559600
v -0.164633 0.098635 1.433777
v -1.329713 0.083242 -0.085041
v -1.325100 0.174113 -0.084787
v -1.336352 0.083242 0.035325
v -1.325100 0.174113 -0.084787
v -1.331739 0.174113 0.035579
v -1.336352 0.083242 0.035325
v -1.306401 0.173409 -0.102310
v -1.311013 0.082538 -0.102564
v -1.315080 0.173409 0.055052
v -1.311013 0.082538 -0.102564
v -1.319693 0.082538 0.054798
v -1.315080 0.173409 0.055052
v -1.358242 0.119269 -0.228865
v -1.336345 0.138666 -0.227657
v -1.358242 0.138666 -0.228865
v -1.336345 0.138666 -0.227657
v -1.358242 0.158063 -0.228865
v -1.358242 0.138666 -0.228865
v -1.358242 0.158063 -0.228865
v -1.380140 0.138666 -0.230073
v -1.358242 0.138666 -0.228865
v -1.380140 0.138666 -0.230073
v -1.358242 0.119269 -0.228865
v -1.358242 0.138666 -0.228865
v 0.491026 -0.102928 -1.056998
v 0.517254 -0.102928 -1.048396
v 0.517254 -0.102928 -1.048396
v 0.491026 -0.102928 -1.056998
v 0.491026 0.036012 -1.056998
v 0.517254 -0.102928 -1.048396
v 0.491026 0.036012 -1.056998
v 0.517254 0.036012 -1.048396
v 0.517254 -0.102928 -1.048396
v 0.603733 -0.078721 -1.400670
v 0.629961 -0.078721 -1.392068
v 0.491026 0.036012 -1.056998
v 0.629961 -0.078721 -1.392068
v 0.517254 0.036012 -1.048396
v 0.491026 0.036012 -1.056998
v -0.087718 -0.102928 -1.088917
v -0.114734 -0.102928 -1.083252
v -0.114734 -0.102928 -1.083252
v -0.114734 0.036012 -1.083252
v -0.087718 0.036012 -1.088917
v -0.114734 -0.102928 -1.083252
v -0.087718 0.036012 -1.088917
v -0.087718 -0.102928 -1.088917
v -0.114734 -0.102928 -1.083252
v -0.161948 -0.078721 -1.442900
v -0.087718 0.036012 -1.088917
v -0.188963 -0.078721 -1.437235
v -0.087718 0.036012 -1.088917
v -0.114734 0.036012 -1.083252
v -0.188963 -0.078721 -1.437235
v 0.198637 0.205099 -1.018252
v 0.216984 0.205099 -1.350921
v 0.264191 0.193894 -1.348318
v 0.245843 0.193894 -1.015649
v 0.198637 0.205099 -1.018252
v 0.264191 0.193894 -1.348318
v 0.245843 0.193894 -1.015649
v 0.264191 0.193894 -1.348318
v 0.280401 0.163281 -1.013742
v 0.264191 0.193894 -1.348318
v 0.298748 0.163281 -1.346411
v 0.280401 0.163281 -1.013742
v 0.280401 0.163281 -1.013742
v 0.298748 0.163281 -1.346411
v 0.293050 0.121463 -1.013045
v 0.298748 0.163281 -1.346411
v 0.311397 0.121463 -1.345714
v 0.293050 0.121463 -1.013045
v 0.293050 0.121463 -1.013045
v 0.311397 0.121463 -1.345714
v 0.280401 0.079645 -1.013743
v 0.311397 0.121463 -1.345714
v 0.298748 0.079645 -1.346412
v 0.280401 0.079645 -1.013743
v 0.198637 0.037827 -1.018252
v 0.245843 0.049032 -1.015649
v 0.216984 0.037827 -1.350921
v 0.245843 0.049032 -1.015649
v 0.264191 0.049032 -1.348318
v 0.216984 0.037827 -1.350921
v 0.298748 0.079645 -1.346412
v 0.264191 0.049032 -1.348318
v 0.245843 0.049032 -1.015649
v 0.280401 0.079645 -1.013743
v 0.298748 0.079645 -1.346412
v 0.245843 0.049032 -1.015649
v -0.164633 -0.095965 1.433777
v -0.164633 0.098635 1.433777
v -0.171572 -0.095965 1.559600
v -0.164633 0.098635 1.433777
v -0.171572 0.098635 1.559600
v -0.171572 -0.095965 1.559600
v -0.171572 -0.095965 1.559600
v -0.171572 0.098635 1.559600
v -0.180949 0.001709 1.729611
v -0.178949 -0.095965 1.693354
v -0.171572 -0.095965 1.559600
v -0.180949 0.001709 1.729611
v -0.180736 -0.086643 1.725743
v -0.178949 -0.095965 1.693354
v -0.180949 0.001709 1.729611
v -0.181840 -0.062237 1.745760
v -0.180736 -0.086643 1.725743
v -0.180949 0.001709 1.729611
v -0.181869 -0.029760 1.746295
v -0.181840 -0.062237 1.745760
v -0.180949 0.001709 1.729611
v -0.108677 0.157250 1.320625
v -0.108677 0.169084 1.320625
v -0.185360 0.157158 1.316396
v -0.108677 0.169084 1.320625
v -0.220276 0.165464 1.314470
v -0.185360 0.157158 1.316396
v -0.222064 0.126352 1.314371
v -0.185360 0.157158 1.316396
v -0.220276 0.165464 1.314470
v -0.231441 0.155574 1.313854
v -0.222064 0.126352 1.314371
v -0.220276 0.165464 1.314470
v -0.231441 0.155574 1.313854
v -0.235527 -0.010700 1.313629
v -0.222064 0.126352 1.314371
v -0.235527 -0.010700 1.313629
v -0.222212 -0.010700 1.314363
v -0.222064 0.126352 1.314371
v 0.465372 -0.099451 -1.457955
v -0.018126 -0.099451 -1.484621
v 0.496158 -0.099451 -2.016151
v -0.018126 -0.099451 -1.484621
v 0.012660 -0.099451 -2.042818
v 0.496158 -0.099451 -2.016151
v 0.392510 -0.060640 -1.827112
v 0.391145 -0.047984 -1.802365
v 0.457758 -0.060640 -1.823513
v 0.391145 -0.047984 -1.802365
v 0.456393 -0.047983 -1.798766
v 0.457758 -0.060640 -1.823513
v 0.391145 -0.047984 -1.802365
v 0.391145 -0.022671 -1.802365
v 0.456393 -0.047983 -1.798766
v 0.391145 -0.022671 -1.802365
v 0.456393 -0.022671 -1.798766
v 0.456393 -0.047983 -1.798766
v 0.456393 -0.022671 -1.798766
v 0.391145 -0.022671 -1.802365
v 0.457758 -0.010014 -1.823513
v 0.391145 -0.022671 -1.802365
v 0.392510 -0.010014 -1.827112
v 0.457758 -0.010014 -1.823513
v 0.457758 -0.010014 -1.823513
v 0.392510 -0.010014 -1.827112
v 0.459123 -0.022671 -1.848260
v 0.392510 -0.010014 -1.827112
v 0.393875 -0.022671 -1.851859
v 0.459123 -0.022671 -1.848260
v 0.393875 -0.022671 -1.851859
v 0.393875 -0.047983 -1.851859
v 0.459123 -0.022671 -1.848260
v 0.393875 -0.047983 -1.851859
v 0.459123 -0.047983 -1.848260
v 0.459123 -0.022671 -1.848260
v 0.459123 -0.047983 -1.848260
v 0.393875 -0.047983 -1.851859
v 0.457758 -0.060640 -1.823513
v 0.393875 -0.047983 -1.851859
v 0.392510 -0.060640 -1.827112
v 0.457758 -0.060640 -1.823513
v -0.124160 0.157250 1.601338
v -0.124160 0.169084 1.601338
v -0.144037 0.157250 1.600242
v -0.124160 0.169084 1.601338
v -0.144037 0.169084 1.600242
v -0.144037 0.157250 1.600242
v -0.144037 0.157250 1.600242
v -0.144037 0.169084 1.600242
v -0.137982 0.157250 1.490469
v -0.144037 0.169084 1.600242
v -0.137982 0.169084 1.490469
v -0.137982 0.157250 1.490469
v -0.137982 0.157250 1.490469
v -0.137982 0.169084 1.490469
v -0.118105 0.169084 1.491565
v -0.118105 0.157250 1.491566
v -0.137982 0.157250 1.490469
v -0.118105 0.169084 1.491565
v 0.446830 0.000774 -1.839339
v 0.444681 0.000774 -1.800361
v 0.426754 0.000774 -1.840446
v 0.444681 0.000774 -1.800361
v 0.424604 0.000774 -1.801468
v 0.426754 0.000774 -1.840446
v 0.424604 0.000774 -1.801468
v 0.444681 0.000774 -1.800361
v 0.443964 -0.010733 -1.787370
v 0.423888 -0.010733 -1.788477
v 0.424604 0.000774 -1.801468
v 0.443964 -0.010733 -1.787370
v 0.443964 -0.010733 -1.787370
v 0.443964 -0.099451 -1.787369
v 0.423888 -0.010733 -1.788477
v 0.443964 -0.099451 -1.787369
v 0.423888 -0.099451 -1.788477
v 0.423888 -0.010733 -1.788477
v 0.101920 -0.060640 -1.843139
v 0.103285 -0.047983 -1.867886
v 0.036673 -0.060640 -1.846738
v 0.103285 -0.047983 -1.867886
v 0.038037 -0.047983 -1.871484
v 0.036673 -0.060640 -1.846738
v 0.103285 -0.047983 -1.867886
v 0.103285 -0.022671 -1.867886
v 0.038037 -0.047983 -1.871484
v 0.103285 -0.022671 -1.867886
v 0.038037 -0.022671 -1.871485
v 0.038037 -0.047983 -1.871484
v 0.038037 -0.022671 -1.871485
v 0.103285 -0.022671 -1.867886
v 0.036673 -0.010014 -1.846737
v 0.103285 -0.022671 -1.867886
v 0.101920 -0.010014 -1.843139
v 0.036673 -0.010014 -1.846737
v 0.036673 -0.010014 -1.846737
v 0.101920 -0.010014 -1.843139
v 0.035308 -0.022671 -1.821990
v 0.101920 -0.010014 -1.843139
v 0.100555 -0.022671 -1.818392
v 0.035308 -0.022671 -1.821990
v 0.035308 -0.022671 -1.821990
v 0.100555 -0.022671 -1.818392
v 0.035308 -0.047983 -1.821990
v 0.100555 -0.022671 -1.818392
v 0.100555 -0.047983 -1.818392
v 0.035308 -0.047983 -1.821990
v 0.100555 -0.047983 -1.818392
v 0.101920 -0.060640 -1.843139
v 0.035308 -0.047983 -1.821990
v 0.101920 -0.060640 -1.843139
v 0.036673 -0.060640 -1.846738
v 0.035308 -0.047983 -1.821990
v 0.424592 0.119268 -1.441252
v 0.423384 0.138666 -1.419354
v 0.424592 0.138666 -1.441252
v 0.423384 0.138666 -1.419354
v 0.424592 0.158063 -1.441252
v 0.424592 0.138666 -1.441252
v 0.424592 0.158063 -1.441252
v 0.425800 0.138666 -1.463150
v 0.424592 0.138666 -1.441252
v 0.425800 0.138666 -1.463150
v 0.424592 0.119268 -1.441252
v 0.424592 0.138666 -1.441252
v 0.668671 -0.039087 0.781755
v 0.661759 -0.039087 0.852400
v 0.668671 -0.039087 0.781755
v 0.661759 -0.039087 0.852400
v 0.668671 -0.039087 0.781755
v 0.663443 -0.029427 0.994443
v 0.692681 -0.029427 0.924488
v 0.663443 -0.167464 0.994443
v 0.692681 -0.029427 0.924488
v 0.692681 -0.167464 0.924488
v 0.663443 -0.167464 0.994443
v 0.456484 -0.029427 1.021442
v 0.526439 -0.029427 1.050680
v 0.456484 -0.167464 1.021442
v 0.526439 -0.029427 1.050680
v 0.526439 -0.167464 1.050680
v 0.456484 -0.167464 1.021442
v 0.456484 -0.029427 1.021442
v 0.456484 -0.029427 1.021442
v 0.456484 -0.167464 1.021442
v 0.692681 -0.029427 0.924488
v 0.692681 -0.167464 0.924488
v 0.692681 -0.167464 0.924488
v 0.663443 -0.029427 0.994443
v 0.663443 -0.167464 0.994443
v 0.526439 -0.029427 1.050680
v 0.663443 -0.167464 0.994443
v 0.526439 -0.167464 1.050680
v 0.526439 -0.029427 1.050680
v -0.716135 -0.039087 -0.254523
v -0.681720 -0.039087 -0.307202
v -0.716135 -0.039087 -0.254523
v -0.711056 -0.039087 -0.371838
v -0.681720 -0.039087 -0.307202
v -0.711056 -0.039087 -0.371838
v -0.681720 -0.039087 -0.307202
v -0.783535 -0.029427 -0.494009
v -0.773879 -0.029427 -0.418807
v -0.783535 -0.167464 -0.494009
v -0.773879 -0.029427 -0.418807
v -0.773879 -0.167464 -0.418807
v -0.783535 -0.167464 -0.494009
v -0.693005 -0.029427 -0.611214
v -0.693005 -0.167464 -0.611214
v -0.693005 -0.167464 -0.611214
v -0.773879 -0.029427 -0.418807
v -0.773879 -0.167464 -0.418807
v -0.773879 -0.167464 -0.418807
v -0.783535 -0.029427 -0.494009
v -0.783535 -0.167464 -0.494009
v -0.693005 -0.029427 -0.611214
v -0.783535 -0.167464 -0.494009
v -0.693005 -0.167464 -0.611214
v -0.693005 -0.029427 -0.611214
v 1.252725 -0.102928 0.408016
v 1.244123 -0.102928 0.434245
v 1.244123 -0.102928 0.434245
v 1.252725 -0.102928 0.408016
v 1.252725 0.036012 0.408016
v 1.244123 -0.102928 0.434245
v 1.252725 0.036012 0.408016
v 1.244123 0.036012 0.434245
v 1.244123 -0.102928 0.434245
v 1.596397 -0.078721 0.520723
v 1.587795 -0.078721 0.546952
v 1.252725 0.036012 0.408016
v 1.587795 -0.078721 0.546952
v 1.244123 0.036012 0.434245
v 1.252725 0.036012 0.408016
v 1.284644 -0.102928 -0.170728
v 1.278979 -0.102928 -0.197744
v 1.278979 -0.102928 -0.197744
v 1.278979 0.036012 -0.197744
v 1.284644 0.036012 -0.170728
v 1.278979 -0.102928 -0.197744
v 1.284644 0.036012 -0.170728
v 1.284644 -0.102928 -0.170728
v 1.278979 -0.102928 -0.197744
v 1.638627 -0.078721 -0.244957
v 1.284644 0.036012 -0.170728
v 1.632962 -0.078721 -0.271973
v 1.284644 0.036012 -0.170728
v 1.278979 0.036012 -0.197744
v 1.632962 -0.078721 -0.271973
v 1.213979 0.205100 0.115627
v 1.546648 0.205100 0.133974
v 1.544044 0.193894 0.181181
v 1.211375 0.193894 0.162833
v 1.213979 0.205100 0.115627
v 1.544044 0.193894 0.181181
v 1.211375 0.193894 0.162833
v 1.544044 0.193894 0.181181
v 1.209469 0.163281 0.197391
v 1.544044 0.193894 0.181181
v 1.542138 0.163281 0.215739
v 1.209469 0.163281 0.197391
v 1.209469 0.163281 0.197391
v 1.542138 0.163281 0.215739
v 1.208772 0.121463 0.210040
v 1.542138 0.163281 0.215739
v 1.541441 0.121463 0.228387
v 1.208772 0.121463 0.210040
v 1.208772 0.121463 0.210040
v 1.541441 0.121463 0.228387
v 1.209470 0.079645 0.197391
v 1.541441 0.121463 0.228387
v 1.542139 0.079645 0.215739
v 1.209470 0.079645 0.197391
v 1.213979 0.037827 0.115627
v 1.211375 0.049032 0.162833
v 1.546648 0.037827 0.133974
v 1.211375 0.049032 0.162833
v 1.544045 0.049032 0.181181
v 1.546648 0.037827 0.133974
v 1.542139 0.079645 0.215739
v 1.544045 0.049032 0.181181
v 1.211375 0.049032 0.162833
v 1.209470 0.079645 0.197391
v 1.542139 0.079645 0.215739
v 1.211375 0.049032 0.162833
v 0.353412 -0.010700 1.346111
v 0.366727 -0.010700 1.346845
v 0.353264 0.126352 1.346102
v 0.366727 -0.010700 1.346845
v 0.362641 0.155574 1.346620
v 0.353264 0.126352 1.346102
v 0.362641 0.155574 1.346620
v 0.351476 0.165464 1.346004
v 0.353264 0.126352 1.346102
v 0.351476 0.165464 1.346004
v 0.316560 0.157158 1.344078
v 0.353264 0.126352 1.346102
v 0.351476 0.165464 1.346004
v 0.239877 0.169084 1.339849
v 0.316560 0.157158 1.344078
v 0.239877 0.169084 1.339849
v 0.239877 0.157250 1.339849
v 0.316560 0.157158 1.344078
v 1.653682 -0.099451 0.382362
v 1.680348 -0.099451 -0.101136
v 2.211878 -0.099451 0.413148
v 1.680348 -0.099451 -0.101136
v 2.238545 -0.099451 -0.070349
v 2.211878 -0.099451 0.413148
v 2.022839 -0.060640 0.309500
v 1.998092 -0.047983 0.308135
v 2.019240 -0.060640 0.374748
v 1.998092 -0.047983 0.308135
v 1.994493 -0.047983 0.373383
v 2.019240 -0.060640 0.374748
v 1.998092 -0.047983 0.308135
v 1.998092 -0.022670 0.308135
v 1.994493 -0.047983 0.373383
v 1.998092 -0.022670 0.308135
v 1.994493 -0.022670 0.373383
v 1.994493 -0.047983 0.373383
v 1.994493 -0.022670 0.373383
v 1.998092 -0.022670 0.308135
v 2.019240 -0.010014 0.374748
v 1.998092 -0.022670 0.308135
v 2.022839 -0.010014 0.309500
v 2.019240 -0.010014 0.374748
v 2.019240 -0.010014 0.374748
v 2.022839 -0.010014 0.309500
v 2.043987 -0.022670 0.376113
v 2.022839 -0.010014 0.309500
v 2.047586 -0.022670 0.310865
v 2.043987 -0.022670 0.376113
v 2.047586 -0.022670 0.310865
v 2.047586 -0.047983 0.310865
v 2.043987 -0.022670 0.376113
v 2.047586 -0.047983 0.310865
v 2.043987 -0.047983 0.376113
v 2.043987 -0.022670 0.376113
v 2.043987 -0.047983 0.376113
v 2.047586 -0.047983 0.310865
v 2.019240 -0.060640 0.374748
v 2.047586 -0.047983 0.310865
v 2.022839 -0.060640 0.309500
v 2.019240 -0.060640 0.374748
v 0.250326 0.157250 1.511886
v 0.230449 0.157250 1.510790
v 0.230449 0.169084 1.510789
v 0.250326 0.169084 1.511886
v 0.250326 0.157250 1.511886
v 0.230449 0.169084 1.510789
v 0.250326 0.169084 1.511886
v 0.244272 0.169084 1.621658
v 0.250326 0.157250 1.511886
v 0.244272 0.169084 1.621658
v 0.244272 0.157250 1.621658
v 0.250326 0.157250 1.511886
v 0.244272 0.169084 1.621658
v 0.224395 0.169084 1.620562
v 0.244272 0.157250 1.621658
v 0.224395 0.169084 1.620562
v 0.224395 0.157250 1.620562
v 0.244272 0.157250 1.621658
v 2.035066 0.000775 0.363821
v 1.996088 0.000775 0.361671
v 2.036173 0.000775 0.343744
v 1.996088 0.000775 0.361671
v 1.997195 0.000775 0.341594
v 2.036173 0.000775 0.343744
v 1.997195 0.000775 0.341594
v 1.996088 0.000775 0.361671
v 1.983096 -0.010733 0.360954
v 1.984204 -0.010733 0.340878
v 1.997195 0.000775 0.341594
v 1.983096 -0.010733 0.360954
v 1.983096 -0.010733 0.360954
v 1.983096 -0.099451 0.360954
v 1.984204 -0.010733 0.340878
v 1.983096 -0.099451 0.360954
v 1.984204 -0.099451 0.340878
v 1.984204 -0.010733 0.340878
v 2.038866 -0.060640 0.018910
v 2.063612 -0.047983 0.020275
v 2.042464 -0.060640 -0.046337
v 2.063612 -0.047983 0.020275
v 2.067211 -0.047983 -0.044972
v 2.042464 -0.060640 -0.046337
v 2.063612 -0.047983 0.020275
v 2.063613 -0.022671 0.020275
v 2.067211 -0.047983 -0.044972
v 2.063613 -0.022671 0.020275
v 2.067212 -0.022671 -0.044972
v 2.067211 -0.047983 -0.044972
v 2.067212 -0.022671 -0.044972
v 2.063613 -0.022671 0.020275
v 2.042464 -0.010014 -0.046337
v 2.063613 -0.022671 0.020275
v 2.038866 -0.010014 0.018910
v 2.042464 -0.010014 -0.046337
v 2.042464 -0.010014 -0.046337
v 2.038866 -0.010014 0.018910
v 2.017717 -0.022671 -0.047702
v 2.038866 -0.010014 0.018910
v 2.014118 -0.022671 0.017545
v 2.017717 -0.022671 -0.047702
v 2.017717 -0.022671 -0.047702
v 2.014118 -0.022671 0.017545
v 2.017717 -0.047983 -0.047702
v 2.014118 -0.022671 0.017545
v 2.014119 -0.047983 0.017545
v 2.017717 -0.047983 -0.047702
v 2.014119 -0.047983 0.017545
v 2.038866 -0.060640 0.018910
v 2.017717 -0.047983 -0.047702
v 2.038866 -0.060640 0.018910
v 2.042464 -0.060640 -0.046337
v 2.017717 -0.047983 -0.047702
v 1.712666 0.195199 0.306235
v 1.678044 0.192862 0.304325
v 1.696839 0.194545 0.265277
v 1.546120 0.179255 0.256964
v 1.696839 0.194545 0.265277
v 1.678044 0.192862 0.304325
v 1.543916 0.179255 0.296928
v 1.546120 0.179255 0.256964
v 1.678044 0.192862 0.304325
v 1.546120 0.179255 0.256964
v 1.543916 0.179255 0.296928
v 1.529010 0.160178 0.256021
v 1.543916 0.179255 0.296928
v 1.526806 0.160178 0.295984
v 1.529010 0.160178 0.256021
v 1.529010 0.160178 0.256021
v 1.526806 0.160178 0.295984
v 1.558946 0.080046 0.257672
v 1.526806 0.160178 0.295984
v 1.556742 0.080046 0.297635
v 1.558946 0.080046 0.257672
v 1.682908 0.172288 0.264509
v 1.558946 0.080046 0.257672
v 1.556742 0.080046 0.297635
v 1.680704 0.172288 0.304472
v 1.682908 0.172288 0.264509
v 1.556742 0.080046 0.297635
v 1.698254 0.172288 -0.013717
v 1.574291 0.080046 -0.020554
v 1.696049 0.172288 0.026246
v 1.574291 0.080046 -0.020554
v 1.572087 0.080046 0.019409
v 1.696049 0.172288 0.026246
v 1.574291 0.080046 -0.020554
v 1.544355 0.160178 -0.022205
v 1.572087 0.080046 0.019409
v 1.544355 0.160178 -0.022205
v 1.542151 0.160178 0.017758
v 1.572087 0.080046 0.019409
v 1.544355 0.160178 -0.022205
v 1.561465 0.179255 -0.021261
v 1.542151 0.160178 0.017758
v 1.561465 0.179255 -0.021261
v 1.559261 0.179255 0.018702
v 1.542151 0.160178 0.017758
v 1.559261 0.179255 0.018702
v 1.561465 0.179255 -0.021261
v 1.695594 0.192862 -0.013864
v 1.709980 0.194545 0.027014
v 1.559261 0.179255 0.018702
v 1.695594 0.192862 -0.013864
v 1.709980 0.194545 0.027014
v 1.695594 0.192862 -0.013864
v 1.696839 0.194545 0.265277
v 1.695594 0.192862 -0.013864
v 1.730215 0.195198 -0.011954
v 1.696839 0.194545 0.265277
v 1.730215 0.195198 -0.011954
v 1.712666 0.195199 0.306235
v 1.696839 0.194545 0.265277
v 1.730215 0.195198 -0.011954
v 1.742588 0.192979 -0.011272
v 1.712666 0.195199 0.306235
v 1.742588 0.192979 -0.011272
v 1.725039 0.192979 0.306917
v 1.712666 0.195199 0.306235
v 2.152331 -0.019245 0.330483
v 1.725039 0.192979 0.306917
v 1.742588 0.192979 -0.011272
v 2.169881 -0.019245 0.012295
v 2.152331 -0.019245 0.330483
v 1.742588 0.192979 -0.011272
v 2.169369 -0.036992 0.331423
v 2.152331 -0.019245 0.330483
v 2.169881 -0.019245 0.012295
v 2.186918 -0.036992 0.013234
v 2.169369 -0.036992 0.331423
v 2.169881 -0.019245 0.012295
v 2.186918 -0.036992 0.013234
v 2.189259 -0.078210 0.013364
v 2.169369 -0.036992 0.331423
v 2.189259 -0.078210 0.013364
v 2.171710 -0.078210 0.331552
v 2.169369 -0.036992 0.331423
v 0.222470 0.155326 1.655472
v 0.222279 0.166662 1.658922
v 0.212962 0.070355 1.827867
v 0.222279 0.166662 1.658922
v 0.212413 0.077968 1.837817
v 0.212962 0.070355 1.827867
v 0.212413 0.077968 1.837817
v 0.211796 0.061224 1.849001
v 0.212962 0.070355 1.827867
v 0.211796 0.061224 1.849001
v 0.212476 0.057163 1.836679
v 0.212962 0.070355 1.827867
v 1.662036 0.085418 0.219268
v 1.691319 0.114782 0.220883
v 1.663056 0.085418 0.200770
v 1.691319 0.114782 0.220883
v 1.692339 0.114782 0.202385
v 1.663056 0.085418 0.200770
v 1.691319 0.114782 0.220883
v 1.696494 0.140766 0.221169
v 1.692339 0.114782 0.202385
v 1.696494 0.140766 0.221169
v 1.697514 0.140766 0.202670
v 1.692339 0.114782 0.202385
v 1.697514 0.140766 0.202670
v 1.696494 0.140766 0.221169
v 1.688430 0.162200 0.202169
v 1.696494 0.140766 0.221169
v 1.687409 0.162200 0.220668
v 1.688430 0.162200 0.202169
v 1.688430 0.162200 0.202169
v 1.687409 0.162200 0.220668
v 1.653852 0.176105 0.200262
v 1.687409 0.162200 0.220668
v 1.652832 0.176105 0.218761
v 1.653852 0.176105 0.200262
v 1.653852 0.176105 0.200262
v 1.652832 0.176105 0.218761
v 1.603837 0.174113 0.197504
v 1.652832 0.176105 0.218761
v 1.585137 0.173409 0.215027
v 1.603837 0.174113 0.197504
v 1.610476 0.174113 0.077138
v 1.603837 0.174113 0.197504
v 1.593817 0.173409 0.057665
v 1.603837 0.174113 0.197504
v 1.585137 0.173409 0.215027
v 1.593817 0.173409 0.057665
v 1.699998 0.114782 0.063521
v 1.670715 0.085418 0.061906
v 1.669695 0.085418 0.080404
v 1.698978 0.114782 0.082019
v 1.699998 0.114782 0.063521
v 1.669695 0.085418 0.080404
v 1.698978 0.114782 0.082019
v 1.704152 0.140766 0.082305
v 1.699998 0.114782 0.063521
v 1.704152 0.140766 0.082305
v 1.705173 0.140766 0.063806
v 1.699998 0.114782 0.063521
v 1.696088 0.162200 0.063305
v 1.705173 0.140766 0.063806
v 1.704152 0.140766 0.082305
v 1.695068 0.162200 0.081803
v 1.696088 0.162200 0.063305
v 1.704152 0.140766 0.082305
v 1.695068 0.162200 0.081803
v 1.660491 0.176105 0.079896
v 1.696088 0.162200 0.063305
v 1.660491 0.176105 0.079896
v 1.661511 0.176105 0.061398
v 1.696088 0.162200 0.063305
v 1.660491 0.176105 0.079896
v 1.610476 0.174113 0.077138
v 1.661511 0.176105 0.061398
v 1.610476 0.174113 0.077138
v 1.593817 0.173409 0.057665
v 1.661511 0.176105 0.061398
v 0.217848 0.183145 1.539371
v 0.216077 0.190745 1.571470
v 0.219249 0.164181 1.513968
v 0.216077 0.190745 1.571470
v 0.214546 0.183874 1.599238
v 0.219249 0.164181 1.513968
v 0.214546 0.183874 1.599238
v 0.213559 0.163860 1.617139
v 0.219249 0.164181 1.513968
v 0.213559 0.163860 1.617139
v 0.213425 0.055205 1.619563
v 0.219249 0.164181 1.513968
v 0.213425 0.055205 1.619563
v 0.222790 0.044519 1.449755
v 0.219249 0.164181 1.513968
v 1.608450 0.083242 0.197758
v 1.603837 0.174113 0.197504
v 1.615088 0.083242 0.077392
v 1.603837 0.174113 0.197504
v 1.610476 0.174113 0.077138
v 1.615088 0.083242 0.077392
v 1.585137 0.173409 0.215027
v 1.589750 0.082538 0.215281
v 1.593817 0.173409 0.057665
v 1.589750 0.082538 0.215281
v 1.598429 0.082538 0.057919
v 1.593817 0.173409 0.057665
v 1.636979 0.119269 0.341582
v 1.615081 0.138666 0.340374
v 1.636979 0.138666 0.341582
v 1.615081 0.138666 0.340374
v 1.636979 0.158063 0.341582
v 1.636979 0.138666 0.341582
v 1.636979 0.158063 0.341582
v 1.658876 0.138666 0.342790
v 1.636979 0.138666 0.341582
v 1.658876 0.138666 0.342790
v 1.636979 0.119269 0.341582
v 1.636979 0.138666 0.341582
v -0.628361 0.179090 1.032992
v -0.769271 0.061891 1.271133
v -0.618551 0.143511 1.016414
v -0.769271 0.061891 1.271133
v -0.759462 0.026312 1.254554
v -0.618551 0.143511 1.016414
v -0.462034 0.026312 1.430546
v -0.471843 0.061892 1.447124
v -0.321123 0.143511 1.192405
v -0.471843 0.061892 1.447124
v -0.330933 0.179091 1.208983
v -0.321123 0.143511 1.192405
v -0.759462 0.026312 1.254554
v -0.462034 0.026312 1.430546
v -0.618551 0.143511 1.016414
v -0.462034 0.026312 1.430546
v -0.321123 0.143511 1.192405
v -0.618551 0.143511 1.016414
v -0.618551 0.143511 1.016414
v -0.321123 0.143511 1.192405
v -0.628361 0.179090 1.032992
v -0.321123 0.143511 1.192405
v -0.330933 0.179091 1.208983
v -0.628361 0.179090 1.032992
v -0.769271 0.061891 1.271133
v -0.471843 0.061892 1.447124
v -0.759462 0.026312 1.254554
v -0.471843 0.061892 1.447124
v -0.462034 0.026312 1.430546
v -0.759462 0.026312 1.254554
v -0.308722 0.180434 1.263792
v -0.305015 0.166987 1.257525
v -0.325003 0.180434 1.254158
v -0.305015 0.166987 1.257525
v -0.321296 0.166987 1.247892
v -0.325003 0.180434 1.254158
v -0.667104 0.166987 1.043273
v -0.683385 0.166987 1.033639
v -0.670812 0.180434 1.049539
v -0.683385 0.166987 1.033639
v -0.687093 0.180434 1.039906
v -0.670812 0.180434 1.049539
v -0.308722 0.180434 1.263792
v -0.277028 0.206795 1.210228
v -0.305015 0.166987 1.257525
v -0.277028 0.206795 1.210228
v -0.273321 0.193347 1.203962
v -0.305015 0.166987 1.257525
v -0.651691 0.193347 0.980076
v -0.655399 0.206795 0.986342
v -0.683385 0.166987 1.033639
v -0.655399 0.206795 0.986342
v -0.687093 0.180434 1.039906
v -0.683385 0.166987 1.033639
v -0.670812 0.180434 1.049539
v -0.801119 0.072054 1.269760
v -0.667104 0.166987 1.043273
v -0.801119 0.072054 1.269760
v -0.797411 0.058606 1.263494
v -0.667104 0.166987 1.043273
v -0.455310 0.072054 1.474379
v -0.325003 0.180434 1.254158
v -0.451603 0.058606 1.468113
v -0.325003 0.180434 1.254158
v -0.321296 0.166987 1.247892
v -0.451603 0.058606 1.468113
v -0.651691 0.193347 0.980076
v -0.683385 0.166987 1.033639
v -0.635410 0.193347 0.989710
v -0.683385 0.166987 1.033639
v -0.667104 0.166987 1.043273
v -0.635410 0.193347 0.989710
v -0.797411 0.058606 1.263494
v -0.451603 0.058606 1.468113
v -0.667104 0.166987 1.043273
v -0.451603 0.058606 1.468113
v -0.321296 0.166987 1.247892
v -0.667104 0.166987 1.043273
v -0.667104 0.166987 1.043273
v -0.321296 0.166987 1.247892
v -0.635410 0.193347 0.989710
v -0.321296 0.166987 1.247892
v -0.289602 0.193347 1.194328
v -0.635410 0.193347 0.989710
v -0.273321 0.193347 1.203962
v -0.289602 0.193347 1.194328
v -0.321296 0.166987 1.247892
v -0.305015 0.166987 1.257525
v -0.273321 0.193347 1.203962
v -0.321296 0.166987 1.247892
v -0.655399 0.206795 0.986342
v -0.651691 0.193347 0.980076
v -0.635410 0.193347 0.989710
v -0.639118 0.206795 0.995976
v -0.655399 0.206795 0.986342
v -0.635410 0.193347 0.989710
v -0.635410 0.193347 0.989710
v -0.289602 0.193347 1.194328
v -0.639118 0.206795 0.995976
v -0.289602 0.193347 1.194328
v -0.293309 0.206795 1.200594
v -0.639118 0.206795 0.995976
v -0.289602 0.193347 1.194328
v -0.273321 0.193347 1.203962
v -0.293309 0.206795 1.200594
v -0.273321 0.193347 1.203962
v -0.277028 0.206795 1.210228
v -0.293309 0.206795 1.200594
v -0.293309 0.206795 1.200594
v -0.277028 0.206795 1.210228
v -0.325003 0.180434 1.254158
v -0.277028 0.206795 1.210228
v -0.308722 0.180434 1.263792
v -0.325003 0.180434 1.254158
v -0.687093 0.180434 1.039906
v -0.655399 0.206795 0.986342
v -0.639118 0.206795 0.995976
v -0.670812 0.180434 1.049539
v -0.687093 0.180434 1.039906
v -0.639118 0.206795 0.995976
v -0.639118 0.206795 0.995976
v -0.293309 0.206795 1.200594
v -0.670812 0.180434 1.049539
v -0.293309 0.206795 1.200594
v -0.325003 0.180434 1.254158
v -0.670812 0.180434 1.049539
v -0.670812 0.180434 1.049539
v -0.325003 0.180434 1.254158
v -0.801119 0.072054 1.269760
v -0.325003 0.180434 1.254158
v -0.455310 0.072054 1.474379
v -0.801119 0.072054 1.269760
v 0.247745 0.044519 1.451132
v 0.238380 0.055205 1.620940
v 0.244204 0.164181 1.515344
v 0.238380 0.055205 1.620940
v 0.238514 0.163860 1.618515
v 0.244204 0.164181 1.515344
v 0.238514 0.163860 1.618515
v 0.239501 0.183874 1.600614
v 0.244204 0.164181 1.515344
v 0.239501 0.183874 1.600614
v 0.241032 0.190745 1.572847
v 0.244204 0.164181 1.515344
v 0.241032 0.190745 1.572847
v 0.242803 0.183145 1.540748
v 0.244204 0.164181 1.515344
v -0.797411 0.058606 1.263494
v -0.801119 0.072054 1.269760
v -0.451603 0.058606 1.468113
v -0.801119 0.072054 1.269760
v -0.455310 0.072054 1.474379
v -0.451603 0.058606 1.468113
v 0.437236 0.105906 1.516126
v 0.425371 0.130666 1.459542
v 0.458013 0.129906 1.452271
v 0.469879 0.105146 1.508856
v 0.437236 0.105906 1.516126
v 0.458013 0.129906 1.452271
v 0.469879 0.105146 1.508856
v 0.458013 0.129906 1.452271
v 0.623004 0.105146 1.466122
v 0.458013 0.129906 1.452271
v 0.603854 0.129906 1.411569
v 0.623004 0.105146 1.466122
v 0.603854 0.129906 1.411569
v 0.787808 0.129906 1.333134
v 0.623004 0.105146 1.466122
v 0.787808 0.129906 1.333134
v 0.813915 0.105146 1.384719
v 0.623004 0.105146 1.466122
v 0.992566 0.105146 1.279094
v 0.813915 0.105146 1.384719
v 0.787808 0.129906 1.333134
v 0.959950 0.129906 1.231357
v 0.992566 0.105146 1.279094
v 0.787808 0.129906 1.333134
v 1.123257 0.105145 1.176644
v 0.992566 0.105146 1.279094
v 0.959950 0.129906 1.231357
v 1.084688 0.129906 1.133573
v 1.123257 0.105145 1.176644
v 0.959950 0.129906 1.231357
v 0.222790 0.044519 1.449755
v 0.247745 0.044519 1.451132
v 0.219249 0.164181 1.513968
v 0.247745 0.044519 1.451132
v 0.244204 0.164181 1.515344
v 0.219249 0.164181 1.513968
v 0.219249 0.164181 1.513968
v 0.244204 0.164181 1.515344
v 0.217848 0.183145 1.539371
v 0.244204 0.164181 1.515344
v 0.242803 0.183145 1.540748
v 0.217848 0.183145 1.539371
v 0.242803 0.183145 1.540748
v 0.241032 0.190745 1.572847
v 0.217848 0.183145 1.539371
v 0.241032 0.190745 1.572847
v 0.216077 0.190745 1.571470
v 0.217848 0.183145 1.539371
v 0.241032 0.190745 1.572847
v 0.239501 0.183874 1.600614
v 0.216077 0.190745 1.571470
v 0.239501 0.183874 1.600614
v 0.214546 0.183874 1.599238
v 0.216077 0.190745 1.571470
v 0.214546 0.183874 1.599238
v 0.239501 0.183874 1.600614
v 0.213559 0.163860 1.617139
v 0.239501 0.183874 1.600614
v 0.238514 0.163860 1.618515
v 0.213559 0.163860 1.617139
v 0.238514 0.163860 1.618515
v 0.238380 0.055205 1.620940
v 0.213559 0.163860 1.617139
v 0.238380 0.055205 1.620940
v 0.213425 0.055205 1.619563
v 0.213559 0.163860 1.617139
v -0.158500 0.105906 -1.403409
v -0.146634 0.130666 -1.346825
v -0.179277 0.129905 -1.339554
v -0.191142 0.105145 -1.396139
v -0.158500 0.105906 -1.403409
v -0.179277 0.129905 -1.339554
v -0.191142 0.105145 -1.396139
v -0.179277 0.129905 -1.339554
v -0.344267 0.105145 -1.353405
v -0.179277 0.129905 -1.339554
v -0.325117 0.129906 -1.298852
v -0.344267 0.105145 -1.353405
v -0.325117 0.129906 -1.298852
v -0.509071 0.129906 -1.220417
v -0.344267 0.105145 -1.353405
v -0.509071 0.129906 -1.220417
v -0.535178 0.105145 -1.272002
v -0.344267 0.105145 -1.353405
v -0.713829 0.105145 -1.166377
v -0.535178 0.105145 -1.272002
v -0.509071 0.129906 -1.220417
v -0.681213 0.129906 -1.118640
v -0.713829 0.105145 -1.166377
v -0.509071 0.129906 -1.220417
v -0.844521 0.105145 -1.063927
v -0.713829 0.105145 -1.166377
v -0.681213 0.129906 -1.118640
v -0.805951 0.129906 -1.020855
v -0.844521 0.105145 -1.063927
v -0.681213 0.129906 -1.118640
v -0.060294 0.160179 1.446000
v -0.061945 0.080046 1.475936
v -0.061238 0.179255 1.463110
v -0.061945 0.080046 1.475936
v -0.068782 0.172288 1.599898
v -0.061238 0.179255 1.463110
v -0.068782 0.172288 1.599898
v -0.069550 0.194545 1.613829
v -0.061238 0.179255 1.463110
v 0.907098 0.179090 -0.920275
v 1.048008 0.061891 -1.158416
v 0.897288 0.143511 -0.903697
v 1.048008 0.061891 -1.158416
v 1.038199 0.026312 -1.141837
v 0.897288 0.143511 -0.903697
v 0.740770 0.026312 -1.317829
v 0.750580 0.061891 -1.334407
v 0.599860 0.143511 -1.079688
v 0.750580 0.061891 -1.334407
v 0.609670 0.179090 -1.096267
v 0.599860 0.143511 -1.079688
v 1.038199 0.026312 -1.141837
v 0.740770 0.026312 -1.317829
v 0.897288 0.143511 -0.903697
v 0.740770 0.026312 -1.317829
v 0.599860 0.143511 -1.079688
v 0.897288 0.143511 -0.903697
v 0.897288 0.143511 -0.903697
v 0.599860 0.143511 -1.079688
v 0.907098 0.179090 -0.920275
v 0.599860 0.143511 -1.079688
v 0.609670 0.179090 -1.096267
v 0.907098 0.179090 -0.920275
v 1.048008 0.061891 -1.158416
v 0.750580 0.061891 -1.334407
v 1.038199 0.026312 -1.141837
v 0.750580 0.061891 -1.334407
v 0.740770 0.026312 -1.317829
v 1.038199 0.026312 -1.141837
v 0.587459 0.180434 -1.151075
v 0.583751 0.166986 -1.144808
v 0.603740 0.180434 -1.141441
v 0.583751 0.166986 -1.144808
v 0.600032 0.166986 -1.135175
v 0.603740 0.180434 -1.141441
v 0.945841 0.166986 -0.930556
v 0.962122 0.166986 -0.920923
v 0.949549 0.180434 -0.936822
v 0.962122 0.166986 -0.920923
v 0.965830 0.180434 -0.927189
v 0.949549 0.180434 -0.936822
v 0.587459 0.180434 -1.151075
v 0.555765 0.206795 -1.097511
v 0.583751 0.166986 -1.144808
v 0.555765 0.206795 -1.097511
v 0.552057 0.193347 -1.091245
v 0.583751 0.166986 -1.144808
v 0.930428 0.193347 -0.867359
v 0.934136 0.206795 -0.873625
v 0.962122 0.166986 -0.920923
v 0.934136 0.206795 -0.873625
v 0.965830 0.180434 -0.927189
v 0.962122 0.166986 -0.920923
v 0.949549 0.180434 -0.936822
v 1.079856 0.072054 -1.157043
v 0.945841 0.166986 -0.930556
v 1.079856 0.072054 -1.157043
v 1.076148 0.058606 -1.150777
v 0.945841 0.166986 -0.930556
v 0.734047 0.072054 -1.361662
v 0.603740 0.180434 -1.141441
v 0.730340 0.058606 -1.355396
v 0.603740 0.180434 -1.141441
v 0.600032 0.166986 -1.135175
v 0.730340 0.058606 -1.355396
v 0.930428 0.193347 -0.867359
v 0.962122 0.166986 -0.920923
v 0.914147 0.193347 -0.876993
v 0.962122 0.166986 -0.920923
v 0.945841 0.166986 -0.930556
v 0.914147 0.193347 -0.876993
v 1.076148 0.058606 -1.150777
v 0.730340 0.058606 -1.355396
v 0.945841 0.166986 -0.930556
v 0.730340 0.058606 -1.355396
v 0.600032 0.166986 -1.135175
v 0.945841 0.166986 -0.930556
v 0.945841 0.166986 -0.930556
v 0.600032 0.166986 -1.135175
v 0.914147 0.193347 -0.876993
v 0.600032 0.166986 -1.135175
v 0.568338 0.193347 -1.081611
v 0.914147 0.193347 -0.876993
v 0.552057 0.193347 -1.091245
v 0.568338 0.193347 -1.081611
v 0.600032 0.166986 -1.135175
v 0.583751 0.166986 -1.144808
v 0.552057 0.193347 -1.091245
v 0.600032 0.166986 -1.135175
v 0.934136 0.206795 -0.873625
v 0.930428 0.193347 -0.867359
v 0.914147 0.193347 -0.876993
v 0.917855 0.206795 -0.883259
v 0.934136 0.206795 -0.873625
v 0.914147 0.193347 -0.876993
v 0.914147 0.193347 -0.876993
v 0.568338 0.193347 -1.081611
v 0.917855 0.206795 -0.883259
v 0.568338 0.193347 -1.081611
v 0.572046 0.206795 -1.087877
v 0.917855 0.206795 -0.883259
v 0.568338 0.193347 -1.081611
v 0.552057 0.193347 -1.091245
v 0.572046 0.206795 -1.087877
v 0.552057 0.193347 -1.091245
v 0.555765 0.206795 -1.097511
v 0.572046 0.206795 -1.087877
v 0.572046 0.206795 -1.087877
v 0.555765 0.206795 -1.097511
v 0.603740 0.180434 -1.141441
v 0.555765 0.206795 -1.097511
v 0.587459 0.180434 -1.151075
v 0.603740 0.180434 -1.141441
v 0.965830 0.180434 -0.927189
v 0.934136 0.206795 -0.873625
v 0.917855 0.206795 -0.883259
v 0.949549 0.180434 -0.936822
v 0.965830 0.180434 -0.927189
v 0.917855 0.206795 -0.883259
v 0.917855 0.206795 -0.883259
v 0.572046 0.206795 -1.087877
v 0.949549 0.180434 -0.936822
v 0.572046 0.206795 -1.087877
v 0.603740 0.180434 -1.141441
v 0.949549 0.180434 -0.936822
v 0.949549 0.180434 -0.936822
v 0.603740 0.180434 -1.141441
v 1.079856 0.072054 -1.157043
v 0.603740 0.180434 -1.141441
v 0.734047 0.072054 -1.361662
v 1.079856 0.072054 -1.157043
v -0.098983 0.090726 1.663645
v -0.098915 0.160802 1.662417
v -0.102598 -0.067134 1.729180
v -0.098915 0.160802 1.662417
v -0.120671 -0.036249 2.056875
v -0.102598 -0.067134 1.729180
v -0.120671 -0.036249 2.056875
v -0.121187 -0.050455 2.066240
v -0.102598 -0.067134 1.729180
v -0.121187 -0.050455 2.066240
v -0.120671 -0.036249 2.056875
v -0.121146 -0.044028 2.065494
v -0.095386 0.172288 1.598431
v -0.108745 0.172288 1.597694
v -0.096532 0.174453 1.619209
v -0.108745 0.172288 1.597694
v -0.110386 0.174697 1.627445
v -0.096532 0.174453 1.619209
v -0.110386 0.174697 1.627445
v -0.097027 0.174696 1.628182
v -0.096532 0.174453 1.619209
v -0.097027 0.174696 1.628182
v -0.110386 0.174697 1.627445
v -0.110806 0.173330 1.635059
v -0.097447 0.173330 1.635796
v -0.097027 0.174696 1.628182
v -0.110806 0.173330 1.635059
v -0.097447 0.173330 1.635796
v -0.110806 0.173330 1.635059
v -0.098915 0.160802 1.662417
v -0.110806 0.173330 1.635059
v -0.134029 -0.036249 2.056138
v -0.098915 0.160802 1.662417
v -0.134029 -0.036249 2.056138
v -0.120671 -0.036249 2.056875
v -0.098915 0.160802 1.662417
v -0.120671 -0.036249 2.056875
v -0.134029 -0.036249 2.056138
v -0.121146 -0.044028 2.065494
v -0.134029 -0.036249 2.056138
v -0.134505 -0.044028 2.064757
v -0.121146 -0.044028 2.065494
v -0.121146 -0.044028 2.065494
v -0.134505 -0.044028 2.064757
v -0.121187 -0.050455 2.066240
v -0.134505 -0.044028 2.064757
v -0.134536 -0.078210 2.065322
v -0.121187 -0.050455 2.066240
v -0.134536 -0.078210 2.065322
v -0.121177 -0.078210 2.066059
v -0.121187 -0.050455 2.066240
v 1.076148 0.058606 -1.150777
v 1.079856 0.072054 -1.157043
v 0.730340 0.058606 -1.355396
v 1.079856 0.072054 -1.157043
v 0.734047 0.072054 -1.361662
v 0.730340 0.058606 -1.355396
v -0.020312 0.172880 1.394974
v -0.006633 0.186687 1.364478
v -0.027022 0.162286 1.388157
v -0.006633 0.186687 1.364478
v -0.005008 0.186687 1.335006
v -0.027022 0.162286 1.388157
v -0.005008 0.186687 1.335006
v -0.006633 0.186687 1.364478
v 0.016731 0.201346 1.333067
v 0.018314 0.201346 1.304356
v -0.005008 0.186687 1.335006
v 0.016731 0.201346 1.333067
v 0.016731 0.201346 1.333067
v 0.042939 0.210561 1.314614
v 0.018314 0.201346 1.304356
v 0.042939 0.210561 1.314614
v 0.044485 0.210561 1.286576
v 0.018314 0.201346 1.304356
v 0.044485 0.210561 1.286576
v 0.042939 0.210561 1.314614
v 0.066819 0.213314 1.311044
v 0.068351 0.213314 1.283255
v 0.044485 0.210561 1.286576
v 0.066819 0.213314 1.311044
v 0.068775 0.228529 1.275571
v 0.071689 0.228529 1.222738
v 0.068775 0.216695 1.275571
v 0.071689 0.228529 1.222738
v 0.071689 0.216695 1.222738
v 0.068775 0.216695 1.275571
v 0.066819 0.213314 1.311044
v 0.068775 0.228529 1.275571
v 0.068351 0.213314 1.283255
v 0.068775 0.228529 1.275571
v 0.068775 0.216695 1.275571
v 0.068351 0.213314 1.283255
v 0.068775 0.216695 1.275571
v 0.068680 0.215935 1.277288
v 0.068351 0.213314 1.283255
v 0.170294 -0.078210 2.082135
v 0.170284 -0.050455 2.082315
v 0.024558 -0.078210 2.074097
v 0.170284 -0.050455 2.082315
v -0.121187 -0.050455 2.066240
v 0.024558 -0.078210 2.074097
v -0.121187 -0.050455 2.066240
v -0.121177 -0.078210 2.066059
v 0.024558 -0.078210 2.074097
v -0.226112 0.173488 1.353309
v -0.235891 0.170028 1.359121
v -0.228238 0.228529 1.220353
v -0.228238 0.228529 1.220353
v -0.086514 0.228529 1.256761
v -0.226112 0.173488 1.353309
v 0.042939 0.210561 1.314614
v 0.068775 0.228529 1.275571
v 0.066819 0.213314 1.311044
v 0.042939 0.210561 1.314614
v 0.016731 0.201346 1.333067
v 0.068775 0.228529 1.275571
v 0.016731 0.201346 1.333067
v -0.086514 0.228529 1.256761
v 0.068775 0.228529 1.275571
v 0.016731 0.201346 1.333067
v -0.006633 0.186687 1.364478
v -0.086514 0.228529 1.256761
v -0.086514 0.228529 1.256761
v -0.006633 0.186687 1.364478
v -0.116817 0.173488 1.381385
v -0.086514 0.228529 1.256761
v -0.116817 0.173488 1.381385
v -0.226112 0.173488 1.353309
v -0.006633 0.186687 1.364478
v -0.020312 0.172880 1.394974
v -0.116817 0.173488 1.381385
v -0.225269 0.228529 1.166530
v -0.076729 0.228529 1.204759
v -0.228238 0.228529 1.220353
v -0.076729 0.228529 1.204759
v -0.086514 0.228529 1.256761
v -0.228238 0.228529 1.220353
v -0.086514 0.228529 1.256761
v -0.076729 0.228529 1.204759
v 0.068775 0.228529 1.275571
v -0.076729 0.228529 1.204759
v 0.071689 0.228529 1.222738
v 0.068775 0.228529 1.275571
v 0.168713 0.194545 1.626970
v 0.169481 0.172288 1.613039
v 0.177025 0.179255 1.476251
v 0.169481 0.172288 1.613039
v 0.176318 0.080046 1.489077
v 0.177025 0.179255 1.476251
v 0.176318 0.080046 1.489077
v 0.177969 0.160179 1.459141
v 0.177025 0.179255 1.476251
v 0.071689 0.216695 1.222738
v -0.076729 0.216695 1.204759
v 0.068775 0.216695 1.275571
v -0.076729 0.216695 1.204759
v -0.086514 0.216695 1.256760
v 0.068775 0.216695 1.275571
v -0.086514 0.216695 1.256760
v -0.076729 0.216695 1.204759
v -0.228238 0.216695 1.220353
v -0.076729 0.216695 1.204759
v -0.225269 0.216695 1.166530
v -0.228238 0.216695 1.220353
v -0.225269 0.228529 1.166530
v -0.228238 0.228529 1.220353
v -0.225269 0.216695 1.166530
v -0.228238 0.228529 1.220353
v -0.228238 0.216695 1.220353
v -0.225269 0.216695 1.166530
v -0.228238 0.228529 1.220353
v -0.235891 0.170028 1.359121
v -0.228238 0.216695 1.220353
v -0.235891 0.170028 1.359121
v -0.235618 0.158964 1.354165
v -0.228238 0.216695 1.220353
v 0.075454 0.228529 1.275940
v 0.075455 0.216695 1.275939
v 0.078368 0.228529 1.223106
v 0.075455 0.216695 1.275939
v 0.078368 0.216695 1.223106
v 0.078368 0.228529 1.223106
v 0.075360 0.215935 1.277656
v 0.075455 0.216695 1.275939
v 0.075031 0.213314 1.283623
v 0.075455 0.216695 1.275939
v 0.075454 0.228529 1.275940
v 0.075031 0.213314 1.283623
v 0.075454 0.228529 1.275940
v 0.073498 0.213314 1.311412
v 0.075031 0.213314 1.283623
v 0.170800 -0.036249 2.072950
v 0.170284 -0.050455 2.082315
v 0.170325 -0.044029 2.081570
v 0.170284 -0.050455 2.082315
v 0.170800 -0.036249 2.072950
v 0.188875 -0.067134 1.745255
v 0.170800 -0.036249 2.072950
v 0.192556 0.160802 1.678493
v 0.188875 -0.067134 1.745255
v 0.192556 0.160802 1.678493
v 0.192489 0.090726 1.679721
v 0.188875 -0.067134 1.745255
v 0.078368 0.216695 1.223106
v 0.227863 0.216695 1.221558
v 0.078368 0.228529 1.223106
v 0.227863 0.216695 1.221558
v 0.227863 0.228529 1.221559
v 0.078368 0.228529 1.223106
v 0.227863 0.216695 1.221558
v 0.379707 0.216695 1.199896
v 0.227863 0.228529 1.221559
v 0.379707 0.216695 1.199896
v 0.379707 0.228529 1.199896
v 0.227863 0.228529 1.221559
v 0.075031 0.213314 1.283623
v 0.098387 0.210561 1.289549
v 0.075360 0.215935 1.277656
v 0.075360 0.215935 1.277656
v 0.098387 0.210561 1.289549
v 0.075455 0.216695 1.275939
v 0.098387 0.210561 1.289549
v 0.231870 0.216695 1.274320
v 0.075455 0.216695 1.275939
v 0.122444 0.201346 1.310099
v 0.231870 0.216695 1.274320
v 0.098387 0.210561 1.289549
v 0.142254 0.186687 1.343128
v 0.231870 0.216695 1.274320
v 0.122444 0.201346 1.310099
v 0.142254 0.186687 1.343128
v 0.158290 0.162286 1.398377
v 0.231870 0.216695 1.274320
v 0.158290 0.162286 1.398377
v 0.247844 0.162838 1.395719
v 0.231870 0.216695 1.274320
v 0.231870 0.216695 1.274320
v 0.247844 0.162838 1.395719
v 0.376738 0.216695 1.253720
v 0.247844 0.162838 1.395719
v 0.359181 0.162842 1.379853
v 0.376738 0.216695 1.253720
v 0.376738 0.216695 1.253720
v 0.359181 0.162842 1.379853
v 0.369358 0.158964 1.387532
v 0.369358 0.158964 1.387532
v 0.359181 0.162842 1.379853
v 0.369085 0.170028 1.392487
v 0.359181 0.162842 1.379853
v 0.360004 0.173488 1.385635
v 0.369085 0.170028 1.392487
v 0.359181 0.162842 1.379853
v 0.247844 0.162838 1.395719
v 0.360004 0.173488 1.385635
v 0.247844 0.162838 1.395719
v 0.248285 0.173488 1.401522
v 0.360004 0.173488 1.385635
v 0.248285 0.173488 1.401522
v 0.247844 0.162838 1.395719
v 0.158290 0.162286 1.398377
v 0.150870 0.172880 1.404415
v 0.248285 0.173488 1.401522
v 0.158290 0.162286 1.398377
v 0.379707 0.216695 1.199896
v 0.227863 0.216695 1.221558
v 0.376738 0.216695 1.253720
v 0.227863 0.216695 1.221558
v 0.231870 0.216695 1.274320
v 0.376738 0.216695 1.253720
v 0.231870 0.216695 1.274320
v 0.227863 0.216695 1.221558
v 0.078368 0.216695 1.223106
v 0.075455 0.216695 1.275939
v 0.231870 0.216695 1.274320
v 0.078368 0.216695 1.223106
v 1.434700 0.123501 0.678559
v 1.342407 0.123501 0.842311
v 1.434700 0.136218 0.678559
v 1.342407 0.123501 0.842311
v 1.342407 0.136217 0.842311
v 1.434700 0.136218 0.678559
v 1.110925 0.136217 1.113697
v 1.229527 0.136217 0.992615
v 1.110925 0.123504 1.113697
v 1.229527 0.136217 0.992615
v 1.229527 0.123501 0.992615
v 1.110925 0.123504 1.113697
v 1.229527 0.136217 0.992615
v 1.342407 0.136217 0.842311
v 1.229527 0.123501 0.992615
v 1.342407 0.136217 0.842311
v 1.342407 0.123501 0.842311
v 1.229527 0.123501 0.992615
v 1.483687 0.100004 0.702089
v 1.539440 0.100004 0.563448
v 1.483687 0.112943 0.702089
v 1.539440 0.100004 0.563448
v 1.539440 0.112943 0.563448
v 1.483687 0.112943 0.702089
v 1.539440 0.100004 0.563448
v 1.540940 0.101604 0.549823
v 1.539440 0.112943 0.563448
v 1.540940 0.101604 0.549823
v 1.540940 0.114528 0.549823
v 1.539440 0.112943 0.563448
v 1.540940 0.101604 0.549823
v 1.535154 0.105939 0.537396
v 1.540940 0.114528 0.549823
v 1.535154 0.105939 0.537396
v 1.535154 0.118822 0.537396
v 1.540940 0.114528 0.549823
v 1.535154 0.105939 0.537396
v 1.523758 0.111752 0.529774
v 1.535154 0.118822 0.537396
v 1.523758 0.111752 0.529774
v 1.523758 0.124580 0.529774
v 1.535154 0.118822 0.537396
v 1.523758 0.111752 0.529774
v 1.509383 0.117685 0.528823
v 1.523758 0.124580 0.529774
v 1.509383 0.117685 0.528823
v 1.509383 0.130456 0.528823
v 1.523758 0.124580 0.529774
v 1.509383 0.117685 0.528823
v 1.496326 0.121951 0.534903
v 1.509383 0.130456 0.528823
v 1.496326 0.121951 0.534903
v 1.496326 0.134682 0.534903
v 1.509383 0.130456 0.528823
v 1.496326 0.121951 0.534903
v 1.487802 0.123501 0.546513
v 1.496326 0.134682 0.534903
v 1.487802 0.123501 0.546513
v 1.487802 0.136217 0.546513
v 1.496326 0.134682 0.534903
v 1.487802 0.123501 0.546513
v 1.434700 0.123501 0.678559
v 1.487802 0.136217 0.546513
v 1.434700 0.123501 0.678559
v 1.434700 0.136218 0.678559
v 1.487802 0.136217 0.546513
v 1.270753 0.112943 1.028022
v 1.147178 0.112943 1.154183
v 1.147178 0.100008 1.154183
v 1.270753 0.100005 1.028022
v 1.270753 0.112943 1.028022
v 1.147178 0.100008 1.154183
v 1.270753 0.112943 1.028022
v 1.270753 0.100005 1.028022
v 1.387902 0.100005 0.872034
v 1.387902 0.112944 0.872034
v 1.270753 0.112943 1.028022
v 1.387902 0.100005 0.872034
v 1.387902 0.100005 0.872034
v 1.483687 0.100004 0.702089
v 1.387902 0.112944 0.872034
v 1.483687 0.100004 0.702089
v 1.483687 0.112943 0.702089
v 1.387902 0.112944 0.872034
v 0.170294 -0.078210 2.082135
v 0.183653 -0.078210 2.082871
v 0.170284 -0.050455 2.082315
v 0.183653 -0.078210 2.082871
v 0.183684 -0.044028 2.082307
v 0.170284 -0.050455 2.082315
v 0.183684 -0.044028 2.082307
v 0.170325 -0.044029 2.081570
v 0.170284 -0.050455 2.082315
v 0.170325 -0.044029 2.081570
v 0.183684 -0.044028 2.082307
v 0.184159 -0.036249 2.073687
v 0.170800 -0.036249 2.072950
v 0.170325 -0.044029 2.081570
v 0.184159 -0.036249 2.073687
v 0.170800 -0.036249 2.072950
v 0.184159 -0.036249 2.073687
v 0.192556 0.160802 1.678493
v 0.184159 -0.036249 2.073687
v 0.207383 0.173330 1.652608
v 0.192556 0.160802 1.678493
v 0.207383 0.173330 1.652608
v 0.194024 0.173330 1.651871
v 0.192556 0.160802 1.678493
v 0.207383 0.173330 1.652608
v 0.207803 0.174697 1.644994
v 0.194024 0.173330 1.651871
v 0.207803 0.174697 1.644994
v 0.194444 0.174696 1.644258
v 0.194024 0.173330 1.651871
v 0.194444 0.174696 1.644258
v 0.207803 0.174697 1.644994
v 0.194939 0.174453 1.635285
v 0.207803 0.174697 1.644994
v 0.209444 0.172288 1.615244
v 0.194939 0.174453 1.635285
v 0.209444 0.172288 1.615244
v 0.196085 0.172288 1.614507
v 0.194939 0.174453 1.635285
v 1.147178 0.100008 1.154183
v 1.147178 0.112943 1.154183
v 1.110925 0.123504 1.113697
v 1.147178 0.112943 1.154183
v 1.110925 0.136217 1.113697
v 1.110925 0.123504 1.113697
v 1.668202 -0.010700 0.450786
v 1.668202 0.038148 0.450786
v 1.654583 -0.010700 0.450035
v 1.668202 0.038148 0.450786
v 1.654582 0.038148 0.450035
v 1.654583 -0.010700 0.450035
v 1.654582 0.038148 0.450035
v 1.668202 0.038148 0.450786
v 1.652475 0.065408 0.449919
v 1.668202 0.038148 0.450786
v 1.663595 0.071430 0.450532
v 1.652475 0.065408 0.449919
v 1.663595 0.071430 0.450532
v 1.633694 0.088554 0.448883
v 1.652475 0.065408 0.449919
v 1.633694 0.088554 0.448883
v 1.627746 0.077909 0.448555
v 1.652475 0.065408 0.449919
v 1.246904 0.228529 0.427550
v 1.246904 0.216695 0.427550
v 1.301666 0.228529 0.430571
v 1.246904 0.216695 0.427550
v 1.301666 0.216695 0.430571
v 1.301666 0.228529 0.430571
v 1.301666 0.228529 0.430571
v 1.301666 0.216695 0.430571
v 1.633694 0.088554 0.448883
v 1.301666 0.216695 0.430571
v 1.627746 0.077909 0.448555
v 1.633694 0.088554 0.448883
v 1.192708 0.216695 0.562320
v 1.240405 0.216695 0.585231
v 1.246904 0.216695 0.427550
v 1.240405 0.216695 0.585231
v 1.300017 0.216695 0.436992
v 1.246904 0.216695 0.427550
v 1.300017 0.216695 0.436992
v 1.301666 0.216695 0.430571
v 1.246904 0.216695 0.427550
v 1.240405 0.216695 0.585231
v 1.192708 0.216695 0.562320
v 1.117656 0.216695 0.695480
v 1.161953 0.216695 0.724420
v 1.240405 0.216695 0.585231
v 1.117656 0.216695 0.695480
v 1.161953 0.216695 0.724420
v 1.117656 0.216695 0.695480
v 1.025864 0.216695 0.817704
v 1.066006 0.216695 0.852179
v 1.161953 0.216695 0.724420
v 1.025864 0.216695 0.817704
v 1.066006 0.216695 0.852179
v 1.025864 0.216695 0.817704
v 0.956548 0.216695 0.963926
v 1.025864 0.216695 0.817704
v 0.921250 0.216695 0.924507
v 0.956548 0.216695 0.963926
v 0.217932 0.160179 1.461345
v 0.216281 0.080046 1.491281
v 0.216988 0.179255 1.478455
v 0.216281 0.080046 1.491281
v 0.209444 0.172288 1.615244
v 0.216988 0.179255 1.478455
v 0.209444 0.172288 1.615244
v 0.209591 0.192862 1.612584
v 0.216988 0.179255 1.478455
v 0.209444 0.172288 1.615244
v 0.207803 0.174697 1.644994
v 0.209591 0.192862 1.612584
v 0.207803 0.174697 1.644994
v 0.207681 0.195199 1.647205
v 0.209591 0.192862 1.612584
v 0.207681 0.195199 1.647205
v 0.207803 0.174697 1.644994
v 0.207383 0.173330 1.652608
v 0.206999 0.192979 1.659578
v 0.207681 0.195199 1.647205
v 0.207383 0.173330 1.652608
v 0.206999 0.192979 1.659578
v 0.207383 0.173330 1.652608
v 0.183432 -0.019245 2.086871
v 0.207383 0.173330 1.652608
v 0.184159 -0.036249 2.073687
v 0.183432 -0.019245 2.086871
v 0.184159 -0.036249 2.073687
v 0.183684 -0.044028 2.082307
v 0.183432 -0.019245 2.086871
v 0.183684 -0.044028 2.082307
v 0.182492 -0.036992 2.103909
v 0.183432 -0.019245 2.086871
v 0.182363 -0.078210 2.106249
v 0.182492 -0.036992 2.103909
v 0.183684 -0.044028 2.082307
v 0.183653 -0.078210 2.082871
v 0.182363 -0.078210 2.106249
v 0.183684 -0.044028 2.082307
v -0.006943 0.140766 1.614504
v -0.006443 0.162200 1.605420
v -0.006658 0.114782 1.609329
v -0.006443 0.162200 1.605420
v -0.004535 0.176106 1.570842
v -0.006658 0.114782 1.609329
v -0.004535 0.176106 1.570842
v -0.001777 0.174113 1.520827
v -0.006658 0.114782 1.609329
v -0.001777 0.174113 1.520827
v -0.002031 0.083243 1.525440
v -0.006658 0.114782 1.609329
v -0.002031 0.083243 1.525440
v -0.005043 0.085418 1.580046
v -0.006658 0.114782 1.609329
v 1.342407 0.123501 0.842311
v 1.161953 0.216695 0.724420
v 1.229527 0.123501 0.992615
v 1.161953 0.216695 0.724420
v 1.066006 0.216695 0.852179
v 1.229527 0.123501 0.992615
v 1.342407 0.123501 0.842311
v 1.434700 0.123501 0.678559
v 1.161953 0.216695 0.724420
v 1.434700 0.123501 0.678559
v 1.240405 0.216695 0.585231
v 1.161953 0.216695 0.724420
v 1.229527 0.123501 0.992615
v 1.066006 0.216695 0.852179
v 1.110925 0.123504 1.113697
v 1.066006 0.216695 0.852179
v 0.956548 0.216695 0.963926
v 1.110925 0.123504 1.113697
v 0.956548 0.216695 0.963926
v 1.170608 0.077964 1.202977
v 1.110925 0.123504 1.113697
v 1.170608 0.077964 1.202977
v 1.147178 0.100008 1.154183
v 1.110925 0.123504 1.113697
v 1.170608 0.077964 1.202977
v 1.309435 0.077959 1.061242
v 1.147178 0.100008 1.154183
v 1.309435 0.077959 1.061242
v 1.270753 0.100005 1.028022
v 1.147178 0.100008 1.154183
v 1.270753 0.100005 1.028022
v 1.309435 0.077959 1.061242
v 1.387902 0.100005 0.872034
v 1.309435 0.077959 1.061242
v 1.430588 0.077959 0.899921
v 1.387902 0.100005 0.872034
v 1.483687 0.100004 0.702089
v 1.387902 0.100005 0.872034
v 1.529648 0.077959 0.724166
v 1.387902 0.100005 0.872034
v 1.430588 0.077959 0.899921
v 1.529648 0.077959 0.724166
v 1.240405 0.216695 0.585231
v 1.434700 0.123501 0.678559
v 1.487802 0.123501 0.546513
v 1.300017 0.216695 0.436992
v 1.240405 0.216695 0.585231
v 1.487802 0.123501 0.546513
v 1.300017 0.216695 0.436992
v 1.487802 0.123501 0.546513
v 1.496326 0.121951 0.534903
v 1.300017 0.216695 0.436992
v 1.496326 0.121951 0.534903
v 1.509383 0.117685 0.528823
v 1.604918 0.077961 0.536984
v 1.300017 0.216695 0.436992
v 1.509383 0.117685 0.528823
v 1.301666 0.216695 0.430571
v 1.300017 0.216695 0.436992
v 1.604918 0.077961 0.536984
v 1.627746 0.077909 0.448555
v 1.301666 0.216695 0.430571
v 1.604918 0.077961 0.536984
v 1.627746 0.077909 0.448555
v 1.604918 0.077961 0.536984
v 1.627679 0.065244 0.544446
v 1.604918 0.077961 0.536984
v 1.529648 0.077959 0.724166
v 1.627679 0.065244 0.544446
v 1.529648 0.077959 0.724166
v 1.551244 0.065235 0.734539
v 1.627679 0.065244 0.544446
v 1.551244 0.065235 0.734539
v 1.529648 0.077959 0.724166
v 1.450645 0.065235 0.913024
v 1.529648 0.077959 0.724166
v 1.430588 0.077959 0.899921
v 1.450645 0.065235 0.913024
v 1.450645 0.065235 0.913024
v 1.430588 0.077959 0.899921
v 1.327610 0.065235 1.076851
v 1.430588 0.077959 0.899921
v 1.309435 0.077959 1.061242
v 1.327610 0.065235 1.076851
v 1.309435 0.077959 1.061242
v 1.170608 0.077964 1.202977
v 1.327610 0.065235 1.076851
v 1.170608 0.077964 1.202977
v 1.186917 0.065424 1.221189
v 1.327610 0.065235 1.076851
v 1.327610 0.065235 1.076851
v 1.186917 0.065424 1.221189
v 1.188507 0.038149 1.222965
v 1.523758 0.111752 0.529774
v 1.604918 0.077961 0.536984
v 1.509383 0.117685 0.528823
v 1.604918 0.077961 0.536984
v 1.523758 0.111752 0.529774
v 1.535154 0.105939 0.537396
v 1.540940 0.101604 0.549823
v 1.604918 0.077961 0.536984
v 1.535154 0.105939 0.537396
v 1.540940 0.101604 0.549823
v 1.539440 0.100004 0.563448
v 1.604918 0.077961 0.536984
v 1.604918 0.077961 0.536984
v 1.539440 0.100004 0.563448
v 1.529648 0.077959 0.724166
v 1.539440 0.100004 0.563448
v 1.483687 0.100004 0.702089
v 1.529648 0.077959 0.724166
v 1.652475 0.065408 0.449919
v 1.627746 0.077909 0.448555
v 1.627679 0.065244 0.544446
v 1.652475 0.065408 0.449919
v 1.627679 0.065244 0.544446
v 1.630149 0.038148 0.545258
v 1.627679 0.065244 0.544446
v 1.551244 0.065235 0.734539
v 1.630149 0.038148 0.545258
v 1.551244 0.065235 0.734539
v 1.553581 0.038148 0.735662
v 1.630149 0.038148 0.545258
v 1.551244 0.065235 0.734539
v 1.450645 0.065235 0.913024
v 1.553581 0.038148 0.735662
v 1.450645 0.065235 0.913024
v 1.452816 0.038148 0.914442
v 1.553581 0.038148 0.735662
v 1.450645 0.065235 0.913024
v 1.327610 0.065235 1.076851
v 1.452816 0.038148 0.914442
v 1.327610 0.065235 1.076851
v 1.329577 0.038148 1.078540
v 1.452816 0.038148 0.914442
v 1.329577 0.038148 1.078540
v 1.327610 0.065235 1.076851
v 1.188507 0.038149 1.222965
v 1.329577 0.038148 1.078540
v 1.188507 0.038149 1.222965
v 1.188507 -0.010700 1.222966
v 1.329598 -0.010700 1.078559
v 1.329577 0.038148 1.078540
v 1.188507 -0.010700 1.222966
v 1.329577 0.038148 1.078540
v 1.329598 -0.010700 1.078559
v 1.452840 -0.010700 0.914458
v 1.452816 0.038148 0.914442
v 1.329577 0.038148 1.078540
v 1.452840 -0.010700 0.914458
v 1.452816 0.038148 0.914442
v 1.452840 -0.010700 0.914458
v 1.553607 -0.010700 0.735674
v 1.553581 0.038148 0.735662
v 1.452816 0.038148 0.914442
v 1.553607 -0.010700 0.735674
v 1.553581 0.038148 0.735662
v 1.553607 -0.010700 0.735674
v 1.630149 0.038148 0.545258
v 1.553607 -0.010700 0.735674
v 1.630177 -0.010700 0.545267
v 1.630149 0.038148 0.545258
v 1.630149 0.038148 0.545258
v 1.630177 -0.010700 0.545267
v 1.654583 -0.010700 0.450035
v 1.654582 0.038148 0.450035
v 1.630149 0.038148 0.545258
v 1.654583 -0.010700 0.450035
v 1.654582 0.038148 0.450035
v 1.652475 0.065408 0.449919
v 1.630149 0.038148 0.545258
v 0.921250 0.228529 0.924507
v 1.025864 0.228529 0.817705
v 0.956548 0.228529 0.963926
v 1.025864 0.228529 0.817705
v 1.066006 0.228529 0.852179
v 0.956548 0.228529 0.963926
v 1.066006 0.228529 0.852179
v 1.025864 0.228529 0.817705
v 1.161954 0.228529 0.724420
v 1.025864 0.228529 0.817705
v 1.117656 0.228529 0.695480
v 1.161954 0.228529 0.724420
v 1.161954 0.228529 0.724420
v 1.117656 0.228529 0.695480
v 1.240405 0.228529 0.585231
v 1.117656 0.228529 0.695480
v 1.192708 0.228529 0.562320
v 1.240405 0.228529 0.585231
v 1.240405 0.228529 0.585231
v 1.192708 0.228529 0.562320
v 1.246904 0.228529 0.427550
v 1.300017 0.228529 0.436992
v 1.240405 0.228529 0.585231
v 1.246904 0.228529 0.427550
v 1.300017 0.228529 0.436992
v 1.246904 0.228529 0.427550
v 1.301666 0.228529 0.430571
v -0.024941 0.162200 1.604399
v -0.025442 0.140766 1.613484
v -0.023034 0.176106 1.569822
v -0.025442 0.140766 1.613484
v -0.025156 0.114782 1.608309
v -0.023034 0.176106 1.569822
v -0.025156 0.114782 1.608309
v -0.023541 0.085418 1.579026
v -0.023034 0.176106 1.569822
v -0.023541 0.085418 1.579026
v -0.019555 0.082538 1.506740
v -0.023034 0.176106 1.569822
v -0.019555 0.082538 1.506740
v -0.019300 0.173409 1.502128
v -0.023034 0.176106 1.569822
v 0.788254 0.136217 1.338532
v 0.788253 0.123501 1.338533
v 0.615345 0.136218 1.412258
v 0.788253 0.123501 1.338533
v 0.615345 0.123501 1.412258
v 0.615345 0.136218 1.412258
v 0.788253 0.123501 1.338533
v 0.788254 0.136217 1.338532
v 0.950060 0.123501 1.242867
v 0.788254 0.136217 1.338532
v 0.950060 0.136217 1.242867
v 0.950060 0.123501 1.242867
v 0.950060 0.123501 1.242867
v 0.950060 0.136217 1.242867
v 1.083450 0.123504 1.138299
v 0.950060 0.136217 1.242867
v 1.083450 0.136217 1.138299
v 1.083450 0.123504 1.138299
v 0.615345 0.136218 1.412258
v 0.615345 0.123501 1.412258
v 0.478261 0.136217 1.450517
v 0.615345 0.123501 1.412258
v 0.478261 0.123501 1.450517
v 0.478261 0.136217 1.450517
v 0.478261 0.136217 1.450517
v 0.478261 0.123501 1.450517
v 0.465783 0.134682 1.457712
v 0.478261 0.123501 1.450517
v 0.465783 0.121951 1.457712
v 0.465783 0.134682 1.457712
v 0.465783 0.134682 1.457712
v 0.465783 0.121951 1.457712
v 0.458304 0.130456 1.470021
v 0.465783 0.121951 1.457712
v 0.458304 0.117685 1.470021
v 0.458304 0.130456 1.470021
v 0.458304 0.130456 1.470021
v 0.458304 0.117685 1.470021
v 0.457668 0.124580 1.484413
v 0.458304 0.117685 1.470021
v 0.457668 0.111752 1.484413
v 0.457668 0.124580 1.484413
v 0.457668 0.124580 1.484413
v 0.457668 0.111752 1.484413
v 0.463992 0.118822 1.496578
v 0.457668 0.111752 1.484413
v 0.463992 0.105939 1.496578
v 0.463992 0.118822 1.496578
v 0.463992 0.118822 1.496578
v 0.463992 0.105939 1.496578
v 0.475706 0.114528 1.503696
v 0.463992 0.105939 1.496578
v 0.475706 0.101604 1.503696
v 0.475706 0.114528 1.503696
v 0.475706 0.114528 1.503696
v 0.475706 0.101604 1.503696
v 0.489414 0.112943 1.503704
v 0.475706 0.101604 1.503696
v 0.489414 0.100005 1.503704
v 0.489414 0.112943 1.503704
v 0.489414 0.112943 1.503704
v 0.489414 0.100005 1.503704
v 0.633345 0.112943 1.463536
v 0.489414 0.100005 1.503704
v 0.633345 0.100005 1.463536
v 0.633345 0.112943 1.463536
v 0.633345 0.112943 1.463536
v 0.633345 0.100005 1.463536
v 0.812793 0.112944 1.387021
v 0.633345 0.100005 1.463536
v 0.812793 0.100005 1.387021
v 0.812793 0.112944 1.387021
v 0.980718 0.112944 1.287737
v 0.812793 0.112944 1.387021
v 0.812793 0.100005 1.387021
v 0.980718 0.100005 1.287737
v 0.980718 0.112944 1.287737
v 0.812793 0.100005 1.387021
v 0.980718 0.100005 1.287737
v 1.119703 0.100008 1.178785
v 0.980718 0.112944 1.287737
v 1.119703 0.100008 1.178785
v 1.119703 0.112943 1.178785
v 0.980718 0.112944 1.287737
v 1.119703 0.100008 1.178785
v 1.083450 0.123504 1.138299
v 1.119703 0.112943 1.178785
v 1.083450 0.123504 1.138299
v 1.083450 0.136217 1.138299
v 1.119703 0.112943 1.178785
v 0.390055 0.216695 1.251826
v 0.543950 0.216695 1.208878
v 0.386511 0.216695 1.197997
v 0.543950 0.216695 1.208878
v 0.526424 0.216695 1.158951
v 0.386511 0.216695 1.197997
v 0.383491 0.216695 1.252759
v 0.390055 0.216695 1.251826
v 0.386511 0.216695 1.197997
v 0.916267 0.216695 0.928970
v 0.798607 0.216695 1.021204
v 0.951565 0.216695 0.968389
v 0.798607 0.216695 1.021204
v 0.828458 0.216695 1.064893
v 0.951565 0.216695 0.968389
v 0.828458 0.216695 1.064893
v 0.798607 0.216695 1.021204
v 0.690923 0.216695 1.146209
v 0.798607 0.216695 1.021204
v 0.667030 0.216695 1.098998
v 0.690923 0.216695 1.146209
v 0.690923 0.216695 1.146209
v 0.667030 0.216695 1.098998
v 0.543950 0.216695 1.208878
v 0.667030 0.216695 1.098998
v 0.526424 0.216695 1.158951
v 0.543950 0.216695 1.208878
v 0.916267 0.228529 0.928970
v 0.798607 0.228529 1.021204
v 0.916267 0.216695 0.928970
v 0.798607 0.228529 1.021204
v 0.798607 0.216695 1.021204
v 0.916267 0.216695 0.928970
v 0.798607 0.216695 1.021204
v 0.798607 0.228529 1.021204
v 0.667030 0.228529 1.098998
v 0.667030 0.216695 1.098998
v 0.798607 0.216695 1.021204
v 0.667030 0.228529 1.098998
v 0.526424 0.216695 1.158951
v 0.667030 0.216695 1.098998
v 0.667030 0.228529 1.098998
v 0.526424 0.228529 1.158951
v 0.526424 0.216695 1.158951
v 0.667030 0.228529 1.098998
v 0.526424 0.216695 1.158951
v 0.526424 0.228529 1.158951
v 0.386511 0.228529 1.197997
v 0.386511 0.216695 1.197997
v 0.526424 0.216695 1.158951
v 0.386511 0.228529 1.197997
v 1.183524 -0.010700 1.227428
v 1.024477 -0.010700 1.351783
v 1.192260 -0.010700 1.237184
v 1.024477 -0.010700 1.351783
v 1.032009 -0.010700 1.362806
v 1.192260 -0.010700 1.237184
v 1.024477 -0.010700 1.351783
v 0.847818 -0.010700 1.456230
v 1.032009 -0.010700 1.362806
v 0.847818 -0.010700 1.456230
v 0.853847 -0.010700 1.468142
v 1.032009 -0.010700 1.362806
v 0.853847 -0.010700 1.468142
v 0.847818 -0.010700 1.456230
v 0.663460 -0.010700 1.549322
v 0.847818 -0.010700 1.456230
v 0.659038 -0.010700 1.536725
v 0.663460 -0.010700 1.549322
v 0.663460 -0.010700 1.549322
v 0.659038 -0.010700 1.536725
v 0.464105 -0.010700 1.604957
v 0.659038 -0.010700 1.536725
v 0.461365 -0.010700 1.591891
v 0.464105 -0.010700 1.604957
v 0.464105 -0.010700 1.604957
v 0.461365 -0.010700 1.591891
v 0.364026 -0.010700 1.605676
v 0.363275 -0.010700 1.619295
v 0.464105 -0.010700 1.604957
v 0.364026 -0.010700 1.605676
v 0.365507 0.077909 1.578840
v 0.383491 0.216695 1.252759
v 0.365178 0.088554 1.584787
v 0.383491 0.216695 1.252759
v 0.383491 0.228529 1.252759
v 0.365178 0.088554 1.584787
v 0.383491 0.216695 1.252759
v 0.386511 0.216695 1.197997
v 0.383491 0.228529 1.252759
v 0.386511 0.216695 1.197997
v 0.386511 0.228529 1.197997
v 0.383491 0.228529 1.252759
v 0.363275 -0.010700 1.619295
v 0.364026 -0.010700 1.605676
v 0.363275 0.038149 1.619295
v 0.364026 -0.010700 1.605676
v 0.364026 0.038149 1.605675
v 0.363275 0.038149 1.619295
v 0.363275 0.038149 1.619295
v 0.364026 0.038149 1.605675
v 0.364143 0.065408 1.603568
v 0.363529 0.071430 1.614688
v 0.363275 0.038149 1.619295
v 0.364143 0.065408 1.603568
v 0.365178 0.088554 1.584787
v 0.363529 0.071430 1.614688
v 0.364143 0.065408 1.603568
v 0.365507 0.077909 1.578840
v 0.365178 0.088554 1.584787
v 0.364143 0.065408 1.603568
v 0.916267 0.228529 0.928970
v 0.916267 0.216695 0.928970
v 0.951565 0.216695 0.968389
v 0.951565 0.228529 0.968389
v 0.916267 0.228529 0.928970
v 0.951565 0.216695 0.968389
v 1.169513 0.088610 1.211781
v 0.951565 0.228529 0.968389
v 0.951565 0.216695 0.968389
v 1.165625 0.077964 1.207439
v 1.169513 0.088610 1.211781
v 0.951565 0.216695 0.968389
v 1.169513 0.088610 1.211781
v 1.165625 0.077964 1.207439
v 1.181934 0.065424 1.225652
v 1.189195 0.071460 1.233761
v 1.169513 0.088610 1.211781
v 1.181934 0.065424 1.225652
v 1.189195 0.071460 1.233761
v 1.181934 0.065424 1.225652
v 1.192260 0.038096 1.237184
v 1.181934 0.065424 1.225652
v 1.183524 0.038149 1.227428
v 1.192260 0.038096 1.237184
v 1.183524 0.038149 1.227428
v 1.183524 -0.010700 1.227428
v 1.192260 0.038096 1.237184
v 1.183524 -0.010700 1.227428
v 1.192260 -0.010700 1.237184
v 1.192260 0.038096 1.237184
v 0.690923 0.216695 1.146209
v 0.788253 0.123501 1.338533
v 0.950060 0.123501 1.242867
v 0.828458 0.216695 1.064893
v 0.690923 0.216695 1.146209
v 0.950060 0.123501 1.242867
v 0.788253 0.123501 1.338533
v 0.690923 0.216695 1.146209
v 0.615345 0.123501 1.412258
v 0.690923 0.216695 1.146209
v 0.543950 0.216695 1.208878
v 0.615345 0.123501 1.412258
v 1.119703 0.100008 1.178785
v 1.165625 0.077964 1.207439
v 1.083450 0.123504 1.138299
v 1.165625 0.077964 1.207439
v 0.951565 0.216695 0.968389
v 1.083450 0.123504 1.138299
v 0.951565 0.216695 0.968389
v 0.828458 0.216695 1.064893
v 1.083450 0.123504 1.138299
v 0.828458 0.216695 1.064893
v 0.950060 0.123501 1.242867
v 1.083450 0.123504 1.138299
v 0.847806 0.038149 1.456205
v 1.024461 0.038149 1.351759
v 1.022999 0.065235 1.349618
v 0.847806 0.038149 1.456205
v 0.847818 -0.010700 1.456230
v 1.024461 0.038149 1.351759
v 0.847818 -0.010700 1.456230
v 1.024477 -0.010700 1.351783
v 1.024461 0.038149 1.351759
v 1.024461 0.038149 1.351759
v 1.024477 -0.010700 1.351783
v 1.183524 -0.010700 1.227428
v 1.183524 0.038149 1.227428
v 1.024461 0.038149 1.351759
v 1.183524 -0.010700 1.227428
v 1.024461 0.038149 1.351759
v 1.183524 0.038149 1.227428
v 1.022999 0.065235 1.349618
v 1.183524 0.038149 1.227428
v 1.181934 0.065424 1.225652
v 1.022999 0.065235 1.349618
v 1.022999 0.065235 1.349618
v 1.181934 0.065424 1.225652
v 1.165625 0.077964 1.207439
v 1.009483 0.077959 1.329837
v 1.022999 0.065235 1.349618
v 1.165625 0.077964 1.207439
v 1.009483 0.077959 1.329837
v 1.165625 0.077964 1.207439
v 1.119703 0.100008 1.178785
v 0.980718 0.100005 1.287737
v 1.009483 0.077959 1.329837
v 1.119703 0.100008 1.178785
v 0.659038 -0.010700 1.536725
v 0.847818 -0.010700 1.456230
v 0.847806 0.038149 1.456205
v 0.846635 0.065235 1.453891
v 1.022999 0.065235 1.349618
v 0.835817 0.077959 1.432515
v 1.022999 0.065235 1.349618
v 1.009483 0.077959 1.329837
v 0.835817 0.077959 1.432515
v 0.835817 0.077959 1.432515
v 1.009483 0.077959 1.329837
v 0.812793 0.100005 1.387021
v 1.009483 0.077959 1.329837
v 0.980718 0.100005 1.287737
v 0.812793 0.100005 1.387021
v 0.615345 0.123501 1.412258
v 0.543950 0.216695 1.208878
v 0.478261 0.123501 1.450517
v 0.543950 0.216695 1.208878
v 0.390055 0.216695 1.251826
v 0.478261 0.123501 1.450517
v 0.478261 0.123501 1.450517
v 0.390055 0.216695 1.251826
v 0.465783 0.121951 1.457712
v 0.465783 0.121951 1.457712
v 0.390055 0.216695 1.251826
v 0.458304 0.117685 1.470021
v 0.458304 0.117685 1.470021
v 0.390055 0.216695 1.251826
v 0.455909 0.077961 1.565874
v 0.390055 0.216695 1.251826
v 0.383491 0.216695 1.252759
v 0.455909 0.077961 1.565874
v 0.383491 0.216695 1.252759
v 0.365507 0.077909 1.578840
v 0.455909 0.077961 1.565874
v 0.460824 0.065244 1.589318
v 0.455909 0.077961 1.565874
v 0.365507 0.077909 1.578840
v 0.364143 0.065408 1.603568
v 0.460824 0.065244 1.589318
v 0.365507 0.077909 1.578840
v 0.461359 0.038149 1.591862
v 0.460824 0.065244 1.589318
v 0.364143 0.065408 1.603568
v 0.364026 0.038149 1.605675
v 0.461359 0.038149 1.591862
v 0.364143 0.065408 1.603568
v 0.364026 0.038149 1.605675
v 0.364026 -0.010700 1.605676
v 0.461359 0.038149 1.591862
v 0.364026 -0.010700 1.605676
v 0.461365 -0.010700 1.591891
v 0.461359 0.038149 1.591862
v 0.461365 -0.010700 1.591891
v 0.659038 -0.010700 1.536725
v 0.461359 0.038149 1.591862
v 0.659038 -0.010700 1.536725
v 0.659028 0.038149 1.536698
v 0.461359 0.038149 1.591862
v 0.659028 0.038149 1.536698
v 0.659038 -0.010700 1.536725
v 0.847806 0.038149 1.456205
v 0.659028 0.038149 1.536698
v 0.847806 0.038149 1.456205
v 0.846635 0.065235 1.453891
v 0.846635 0.065235 1.453891
v 0.847806 0.038149 1.456205
v 1.022999 0.065235 1.349618
v 0.633345 0.100005 1.463536
v 0.650234 0.077959 1.511646
v 0.812793 0.100005 1.387021
v 0.650234 0.077959 1.511646
v 0.835817 0.077959 1.432515
v 0.812793 0.100005 1.387021
v 0.846635 0.065235 1.453891
v 0.835817 0.077959 1.432515
v 0.650234 0.077959 1.511646
v 0.658169 0.065235 1.534251
v 0.846635 0.065235 1.453891
v 0.650234 0.077959 1.511646
v 0.658169 0.065235 1.534251
v 0.659028 0.038149 1.536698
v 0.846635 0.065235 1.453891
v 0.659028 0.038149 1.536698
v 0.658169 0.065235 1.534251
v 0.461359 0.038149 1.591862
v 0.658169 0.065235 1.534251
v 0.460824 0.065244 1.589318
v 0.461359 0.038149 1.591862
v 0.658169 0.065235 1.534251
v 0.650234 0.077959 1.511646
v 0.460824 0.065244 1.589318
v 0.650234 0.077959 1.511646
v 0.455909 0.077961 1.565874
v 0.460824 0.065244 1.589318
v 0.455909 0.077961 1.565874
v 0.650234 0.077959 1.511646
v 0.489414 0.100005 1.503704
v 0.489414 0.100005 1.503704
v 0.475706 0.101604 1.503696
v 0.455909 0.077961 1.565874
v 0.455909 0.077961 1.565874
v 0.475706 0.101604 1.503696
v 0.463992 0.105939 1.496578
v 0.457668 0.111752 1.484413
v 0.455909 0.077961 1.565874
v 0.463992 0.105939 1.496578
v 0.457668 0.111752 1.484413
v 0.458304 0.117685 1.470021
v 0.455909 0.077961 1.565874
v 0.650234 0.077959 1.511646
v 0.633345 0.100005 1.463536
v 0.489414 0.100005 1.503704
v 0.115323 0.085418 1.586685
v 0.118335 0.083243 1.532079
v 0.113708 0.114782 1.615968
v 0.118335 0.083243 1.532079
v 0.118589 0.174113 1.527466
v 0.113708 0.114782 1.615968
v 0.118589 0.174113 1.527466
v 0.115831 0.176106 1.577481
v 0.113708 0.114782 1.615968
v 0.115831 0.176106 1.577481
v 0.113923 0.162200 1.612058
v 0.113708 0.114782 1.615968
v 0.113923 0.162200 1.612058
v 0.113422 0.140766 1.621142
v 0.113708 0.114782 1.615968
v 0.457106 0.088611 1.571580
v 0.652165 0.088610 1.517148
v 0.463162 0.071461 1.600459
v 0.652165 0.088610 1.517148
v 0.661938 0.071460 1.544987
v 0.463162 0.071461 1.600459
v 0.464105 0.038149 1.604957
v 0.463162 0.071461 1.600459
v 0.661938 0.071460 1.544987
v 0.663460 0.038149 1.549322
v 0.464105 0.038149 1.604957
v 0.661938 0.071460 1.544987
v 0.363529 0.071430 1.614688
v 0.365178 0.088554 1.584787
v 0.463162 0.071461 1.600459
v 0.365178 0.088554 1.584787
v 0.457106 0.088611 1.571580
v 0.463162 0.071461 1.600459
v 0.457106 0.088611 1.571580
v 0.365178 0.088554 1.584787
v 0.383491 0.228529 1.252759
v 0.390055 0.228529 1.251826
v 0.457106 0.088611 1.571580
v 0.383491 0.228529 1.252759
v 0.951565 0.228529 0.968389
v 1.169513 0.088610 1.211781
v 1.083450 0.136217 1.138299
v 1.169513 0.088610 1.211781
v 1.119703 0.112943 1.178785
v 1.083450 0.136217 1.138299
v 1.169513 0.088610 1.211781
v 1.012772 0.088610 1.334651
v 1.119703 0.112943 1.178785
v 1.012772 0.088610 1.334651
v 0.980718 0.112944 1.287737
v 1.119703 0.112943 1.178785
v 0.980718 0.112944 1.287737
v 1.012772 0.088610 1.334651
v 0.812793 0.112944 1.387021
v 1.012772 0.088610 1.334651
v 0.838449 0.088610 1.437717
v 0.812793 0.112944 1.387021
v 0.838449 0.088610 1.437717
v 0.652165 0.088610 1.517148
v 0.812793 0.112944 1.387021
v 0.652165 0.088610 1.517148
v 0.838449 0.088610 1.437717
v 0.851772 0.071460 1.464043
v 0.661938 0.071460 1.544987
v 0.652165 0.088610 1.517148
v 0.851772 0.071460 1.464043
v 0.661938 0.071460 1.544987
v 0.851772 0.071460 1.464043
v 0.853847 0.038149 1.468142
v 0.663460 0.038149 1.549322
v 0.661938 0.071460 1.544987
v 0.853847 0.038149 1.468142
v 0.663460 0.038149 1.549322
v 0.853847 0.038149 1.468142
v 0.663460 -0.010700 1.549322
v 0.663460 0.038149 1.549322
v 0.663460 -0.010700 1.549322
v 0.464105 -0.010700 1.604957
v 0.464105 0.038149 1.604957
v 0.663460 0.038149 1.549322
v 0.464105 -0.010700 1.604957
v 0.464105 0.038149 1.604957
v 0.464105 -0.010700 1.604957
v 0.363275 -0.010700 1.619295
v 0.363275 0.038149 1.619295
v 0.464105 0.038149 1.604957
v 0.363275 -0.010700 1.619295
v 0.464105 0.038149 1.604957
v 0.363275 0.038149 1.619295
v 0.363529 0.071430 1.614688
v 0.463162 0.071461 1.600459
v 0.464105 0.038149 1.604957
v 0.363529 0.071430 1.614688
v 1.012772 0.088610 1.334651
v 1.169513 0.088610 1.211781
v 1.189195 0.071460 1.233761
v 1.029417 0.071460 1.359013
v 1.012772 0.088610 1.334651
v 1.189195 0.071460 1.233761
v 0.838449 0.088610 1.437717
v 1.012772 0.088610 1.334651
v 1.029417 0.071460 1.359013
v 0.851772 0.071460 1.464043
v 0.838449 0.088610 1.437717
v 1.029417 0.071460 1.359013
v 0.851772 0.071460 1.464043
v 1.029417 0.071460 1.359013
v 1.032009 0.038149 1.362806
v 0.853847 0.038149 1.468142
v 0.851772 0.071460 1.464043
v 1.032009 0.038149 1.362806
v 0.853847 0.038149 1.468142
v 1.032009 0.038149 1.362806
v 0.853847 -0.010700 1.468142
v 0.853847 0.038149 1.468142
v 0.853847 -0.010700 1.468142
v 0.663460 -0.010700 1.549322
v 1.032009 0.038149 1.362806
v 1.032009 -0.010700 1.362806
v 0.853847 -0.010700 1.468142
v 1.192260 -0.010700 1.237184
v 1.032009 -0.010700 1.362806
v 1.192260 0.038096 1.237184
v 1.032009 -0.010700 1.362806
v 1.032009 0.038149 1.362806
v 1.192260 0.038096 1.237184
v 1.192260 0.038096 1.237184
v 1.032009 0.038149 1.362806
v 1.189195 0.071460 1.233761
v 1.032009 0.038149 1.362806
v 1.029417 0.071460 1.359013
v 1.189195 0.071460 1.233761
v 0.652165 0.088610 1.517148
v 0.633345 0.112943 1.463536
v 0.812793 0.112944 1.387021
v 0.633345 0.112943 1.463536
v 0.652165 0.088610 1.517148
v 0.489414 0.112943 1.503704
v 0.652165 0.088610 1.517148
v 0.457106 0.088611 1.571580
v 0.489414 0.112943 1.503704
v 0.489414 0.112943 1.503704
v 0.457106 0.088611 1.571580
v 0.475706 0.114528 1.503696
v 0.475706 0.114528 1.503696
v 0.457106 0.088611 1.571580
v 0.463992 0.118822 1.496578
v 0.463992 0.118822 1.496578
v 0.457106 0.088611 1.571580
v 0.457668 0.124580 1.484413
v 0.457106 0.088611 1.571580
v 0.390055 0.228529 1.251826
v 0.457668 0.124580 1.484413
v 0.390055 0.228529 1.251826
v 0.458304 0.130456 1.470021
v 0.457668 0.124580 1.484413
v 0.465783 0.134682 1.457712
v 0.458304 0.130456 1.470021
v 0.390055 0.228529 1.251826
v 0.478261 0.136217 1.450517
v 0.465783 0.134682 1.457712
v 0.390055 0.228529 1.251826
v 0.390055 0.228529 1.251826
v 0.543950 0.228529 1.208878
v 0.478261 0.136217 1.450517
v 0.543950 0.228529 1.208878
v 0.615345 0.136218 1.412258
v 0.478261 0.136217 1.450517
v 0.543950 0.228529 1.208878
v 0.690923 0.228529 1.146209
v 0.615345 0.136218 1.412258
v 0.690923 0.228529 1.146209
v 0.788254 0.136217 1.338532
v 0.615345 0.136218 1.412258
v 0.788254 0.136217 1.338532
v 0.690923 0.228529 1.146209
v 0.950060 0.136217 1.242867
v 0.690923 0.228529 1.146209
v 0.828458 0.228529 1.064893
v 0.950060 0.136217 1.242867
v 0.950060 0.136217 1.242867
v 0.828458 0.228529 1.064893
v 1.083450 0.136217 1.138299
v 0.828458 0.228529 1.064893
v 0.951565 0.228529 0.968389
v 1.083450 0.136217 1.138299
v 1.358950 0.228529 0.120272
v 1.358949 0.216695 0.120272
v 1.306116 0.228529 0.117358
v 1.358949 0.216695 0.120272
v 1.306116 0.216695 0.117358
v 1.306116 0.228529 0.117358
v 1.360666 0.215935 0.120367
v 1.358949 0.216695 0.120272
v 1.366633 0.213314 0.120696
v 1.358949 0.216695 0.120272
v 1.358950 0.228529 0.120272
v 1.366633 0.213314 0.120696
v 1.358950 0.228529 0.120272
v 1.394422 0.213314 0.122229
v 1.366633 0.213314 0.120696
v 0.138062 0.173409 1.510807
v 0.137808 0.082538 1.515419
v 0.134329 0.176106 1.578501
v 0.137808 0.082538 1.515419
v 0.133821 0.085418 1.587705
v 0.134329 0.176106 1.578501
v 0.133821 0.085418 1.587705
v 0.132206 0.114782 1.616988
v 0.134329 0.176106 1.578501
v 0.132206 0.114782 1.616988
v 0.131921 0.140766 1.622163
v 0.134329 0.176106 1.578501
v 0.131921 0.140766 1.622163
v 0.132422 0.162200 1.613078
v 0.134329 0.176106 1.578501
v 1.306116 0.216695 0.117358
v 1.304568 0.216695 -0.032136
v 1.306116 0.228529 0.117358
v 1.304568 0.216695 -0.032136
v 1.304569 0.228529 -0.032136
v 1.306116 0.228529 0.117358
v 1.304568 0.216695 -0.032136
v 1.282906 0.216695 -0.183980
v 1.304569 0.228529 -0.032136
v 1.282906 0.216695 -0.183980
v 1.282906 0.228529 -0.183980
v 1.304569 0.228529 -0.032136
v 1.366633 0.213314 0.120696
v 1.372559 0.210560 0.097340
v 1.360666 0.215935 0.120367
v 1.360666 0.215935 0.120367
v 1.372559 0.210560 0.097340
v 1.358949 0.216695 0.120272
v 1.372559 0.210560 0.097340
v 1.357330 0.216695 -0.036143
v 1.358949 0.216695 0.120272
v 1.393109 0.201346 0.073283
v 1.357330 0.216695 -0.036143
v 1.372559 0.210560 0.097340
v 1.426138 0.186687 0.053473
v 1.357330 0.216695 -0.036143
v 1.393109 0.201346 0.073283
v 1.426138 0.186687 0.053473
v 1.481387 0.162286 0.037437
v 1.357330 0.216695 -0.036143
v 1.481387 0.162286 0.037437
v 1.478729 0.162838 -0.052117
v 1.357330 0.216695 -0.036143
v 1.357330 0.216695 -0.036143
v 1.478729 0.162838 -0.052117
v 1.336730 0.216695 -0.181011
v 1.478729 0.162838 -0.052117
v 1.462863 0.162842 -0.163455
v 1.336730 0.216695 -0.181011
v 1.336730 0.216695 -0.181011
v 1.462863 0.162842 -0.163455
v 1.470541 0.158964 -0.173631
v 1.470541 0.158964 -0.173631
v 1.462863 0.162842 -0.163455
v 1.475497 0.170028 -0.173358
v 1.462863 0.162842 -0.163455
v 1.468645 0.173488 -0.164277
v 1.475497 0.170028 -0.173358
v 1.462863 0.162842 -0.163455
v 1.478729 0.162838 -0.052117
v 1.468645 0.173488 -0.164277
v 1.478729 0.162838 -0.052117
v 1.484532 0.173488 -0.052558
v 1.468645 0.173488 -0.164277
v 1.484532 0.173488 -0.052558
v 1.478729 0.162838 -0.052117
v 1.481387 0.162286 0.037437
v 1.487425 0.172880 0.044857
v 1.484532 0.173488 -0.052558
v 1.481387 0.162286 0.037437
v 1.282906 0.216695 -0.183980
v 1.304568 0.216695 -0.032136
v 1.336730 0.216695 -0.181011
v 1.304568 0.216695 -0.032136
v 1.357330 0.216695 -0.036143
v 1.336730 0.216695 -0.181011
v 1.357330 0.216695 -0.036143
v 1.304568 0.216695 -0.032136
v 1.306116 0.216695 0.117358
v 1.358949 0.216695 0.120272
v 1.357330 0.216695 -0.036143
v 1.306116 0.216695 0.117358
v 1.477984 0.172880 0.216039
v 1.447488 0.186687 0.202360
v 1.471167 0.162286 0.222749
v 1.447488 0.186687 0.202360
v 1.418016 0.186687 0.200735
v 1.471167 0.162286 0.222749
v 1.418016 0.186687 0.200735
v 1.447488 0.186687 0.202360
v 1.416077 0.201346 0.178996
v 1.387366 0.201346 0.177413
v 1.418016 0.186687 0.200735
v 1.416077 0.201346 0.178996
v 1.416077 0.201346 0.178996
v 1.397624 0.210560 0.152788
v 1.387366 0.201346 0.177413
v 1.397624 0.210560 0.152788
v 1.369586 0.210560 0.151242
v 1.387366 0.201346 0.177413
v 1.369586 0.210560 0.151242
v 1.397624 0.210560 0.152788
v 1.394054 0.213314 0.128908
v 1.366264 0.213314 0.127376
v 1.369586 0.210560 0.151242
v 1.394054 0.213314 0.128908
v 1.358581 0.228529 0.126952
v 1.305748 0.228529 0.124038
v 1.358581 0.216695 0.126952
v 1.305748 0.228529 0.124038
v 1.305748 0.216695 0.124038
v 1.358581 0.216695 0.126952
v 1.394054 0.213314 0.128908
v 1.358581 0.228529 0.126952
v 1.366264 0.213314 0.127376
v 1.358581 0.228529 0.126952
v 1.358581 0.216695 0.126952
v 1.366264 0.213314 0.127376
v 1.358581 0.216695 0.126952
v 1.360298 0.215935 0.127046
v 1.366264 0.213314 0.127376
v 0.057586 0.116307 1.539176
v 0.057586 0.152480 1.539177
v 0.098422 0.116307 1.541429
v 0.057586 0.116307 1.539176
v 0.098422 0.116307 1.541429
v 0.057586 0.080133 1.539176
v 0.057586 0.116307 1.539176
v 0.016750 0.116307 1.536924
v 0.057586 0.152480 1.539177
v 0.057586 0.116307 1.539176
v 0.057586 0.080133 1.539176
v 0.016750 0.116307 1.536924
v 0.061752 0.080133 1.463638
v 0.057586 0.080133 1.539176
v 0.102588 0.116307 1.465890
v 0.057586 0.080133 1.539176
v 0.098422 0.116307 1.541429
v 0.102588 0.116307 1.465890
v 0.102588 0.116307 1.465890
v 0.098422 0.116307 1.541429
v 0.061752 0.152480 1.463638
v 0.098422 0.116307 1.541429
v 0.057586 0.152480 1.539177
v 0.061752 0.152480 1.463638
v 0.057586 0.152480 1.539177
v 0.016750 0.116307 1.536924
v 0.061752 0.152480 1.463638
v 0.016750 0.116307 1.536924
v 0.020917 0.116307 1.461386
v 0.061752 0.152480 1.463638
v 0.020917 0.116307 1.461386
v 0.016750 0.116307 1.536924
v 0.061752 0.080133 1.463638
v 0.016750 0.116307 1.536924
v 0.057586 0.080133 1.539176
v 0.061752 0.080133 1.463638
v 0.258167 0.138666 1.576252
v 0.258167 0.158063 1.576252
v 0.259375 0.138666 1.554355
v 0.258167 0.138666 1.576252
v 0.259375 0.138666 1.554355
v 0.258167 0.119269 1.576252
v 0.258167 0.138666 1.576252
v 0.256959 0.138666 1.598150
v 0.258167 0.158063 1.576252
v 0.258167 0.138666 1.576252
v 0.258167 0.119269 1.576252
v 0.256959 0.138666 1.598150
v -1.005908 0.036012 0.283445
v -1.359890 -0.078721 0.357674
v -1.005907 -0.102928 0.283445
v -1.359890 -0.078721 0.357674
v -1.359890 -0.241867 0.357674
v -1.005907 -0.102928 0.283445
v -1.005907 -0.102928 0.283445
v -1.359890 -0.241867 0.357674
v -1.005907 -0.102928 0.283445
v 1.436319 0.173488 0.421839
v 1.442131 0.170028 0.431618
v 1.303363 0.228529 0.423964
v 1.303363 0.228529 0.423964
v 1.339770 0.228529 0.282241
v 1.436319 0.173488 0.421839
v 1.397624 0.210560 0.152788
v 1.358581 0.228529 0.126952
v 1.394054 0.213314 0.128908
v 1.397624 0.210560 0.152788
v 1.416077 0.201346 0.178996
v 1.358581 0.228529 0.126952
v 1.416077 0.201346 0.178996
v 1.339770 0.228529 0.282241
v 1.358581 0.228529 0.126952
v 1.416077 0.201346 0.178996
v 1.447488 0.186687 0.202360
v 1.339770 0.228529 0.282241
v 1.339770 0.228529 0.282241
v 1.447488 0.186687 0.202360
v 1.464395 0.173488 0.312544
v 1.339770 0.228529 0.282241
v 1.464395 0.173488 0.312544
v 1.436319 0.173488 0.421839
v 1.447488 0.186687 0.202360
v 1.477984 0.172880 0.216039
v 1.464395 0.173488 0.312544
v 1.249539 0.228529 0.420996
v 1.287769 0.228529 0.272456
v 1.303363 0.228529 0.423964
v 1.287769 0.228529 0.272456
v 1.339770 0.228529 0.282241
v 1.303363 0.228529 0.423964
v 1.339770 0.228529 0.282241
v 1.287769 0.228529 0.272456
v 1.358581 0.228529 0.126952
v 1.287769 0.228529 0.272456
v 1.305748 0.228529 0.124038
v 1.358581 0.228529 0.126952
v -1.000242 -0.102928 0.310461
v -1.354225 -0.241867 0.384690
v -1.000242 -0.102928 0.310461
v -1.354225 -0.241867 0.384690
v -1.354225 -0.078721 0.384690
v -1.000242 -0.102928 0.310461
v -1.354225 -0.078721 0.384690
v -1.000242 0.036012 0.310461
v -1.000242 -0.102928 0.310461
v 1.249539 0.228529 0.420996
v 1.303363 0.228529 0.423964
v 1.249539 0.216695 0.420996
v 1.303363 0.228529 0.423964
v 1.303363 0.216695 0.423964
v 1.249539 0.216695 0.420996
v 1.303363 0.228529 0.423964
v 1.442131 0.170028 0.431618
v 1.303363 0.216695 0.423964
v 1.442131 0.170028 0.431618
v 1.437175 0.158964 0.431345
v 1.303363 0.216695 0.423964
v 1.230534 0.228529 -0.492112
v 1.291888 0.228529 -0.348223
v 1.183322 0.228529 -0.468219
v 1.291888 0.228529 -0.348223
v 1.241961 0.228529 -0.330697
v 1.183322 0.228529 -0.468219
v 1.241961 0.228529 -0.330697
v 1.291888 0.228529 -0.348223
v 1.281007 0.228529 -0.190784
v 1.291888 0.228529 -0.348223
v 1.334836 0.228529 -0.194328
v 1.281007 0.228529 -0.190784
v 1.281007 0.228529 -0.190784
v 1.334836 0.228529 -0.194328
v 1.335769 0.228529 -0.187764
v 1.281007 0.216695 -0.190784
v 1.241961 0.216695 -0.330697
v 1.281007 0.228529 -0.190784
v 1.241961 0.216695 -0.330697
v 1.241961 0.228529 -0.330697
v 1.281007 0.228529 -0.190784
v 1.241961 0.228529 -0.330697
v 1.241961 0.216695 -0.330697
v 1.183322 0.228529 -0.468219
v 1.241961 0.216695 -0.330697
v 1.183322 0.216695 -0.468219
v 1.183322 0.228529 -0.468219
v -0.937846 0.193894 0.044297
v -0.935242 0.205100 -0.002910
v -0.935242 0.121463 -0.002910
v -0.939752 0.163281 0.078854
v -0.937846 0.193894 0.044297
v -0.935242 0.121463 -0.002910
v -0.935242 0.205100 -0.002910
v -0.932639 0.193894 -0.050116
v -0.935242 0.121463 -0.002910
v -0.940449 0.121463 0.091503
v -0.939752 0.163281 0.078854
v -0.935242 0.121463 -0.002910
v -0.932639 0.193894 -0.050116
v -0.930733 0.163281 -0.084674
v -0.935242 0.121463 -0.002910
v -0.939752 0.079645 0.078854
v -0.940449 0.121463 0.091503
v -0.935242 0.121463 -0.002910
v -0.930733 0.163281 -0.084674
v -0.930035 0.121463 -0.097323
v -0.935242 0.121463 -0.002910
v -0.937846 0.049032 0.044297
v -0.939752 0.079645 0.078854
v -0.935242 0.121463 -0.002910
v -0.930035 0.121463 -0.097323
v -0.930733 0.079645 -0.084674
v -0.935242 0.121463 -0.002910
v -0.935242 0.037827 -0.002910
v -0.937846 0.049032 0.044297
v -0.935242 0.121463 -0.002910
v -0.930733 0.079645 -0.084674
v -0.932639 0.049032 -0.050116
v -0.935242 0.121463 -0.002910
v -0.932639 0.049032 -0.050116
v -0.935242 0.037827 -0.002910
v -0.935242 0.121463 -0.002910
v -1.267911 0.121463 -0.021257
v -1.267911 0.205100 -0.021257
v -1.270515 0.193894 0.025949
v -1.267911 0.121463 -0.021257
v -1.270515 0.193894 0.025949
v -1.272421 0.163281 0.060507
v -1.267911 0.121463 -0.021257
v -1.265308 0.193894 -0.068464
v -1.267911 0.205100 -0.021257
v -1.267911 0.121463 -0.021257
v -1.272421 0.163281 0.060507
v -1.273118 0.121463 0.073156
v -1.267911 0.121463 -0.021257
v -1.263402 0.163281 -0.103022
v -1.265308 0.193894 -0.068464
v -1.267911 0.121463 -0.021257
v -1.273118 0.121463 0.073156
v -1.272421 0.079645 0.060507
v -1.267911 0.121463 -0.021257
v -1.262704 0.121463 -0.115670
v -1.263402 0.163281 -0.103022
v -1.267911 0.121463 -0.021257
v -1.272421 0.079645 0.060507
v -1.270515 0.049032 0.025949
v -1.267911 0.121463 -0.021257
v -1.263402 0.079645 -0.103022
v -1.262704 0.121463 -0.115670
v -1.267911 0.121463 -0.021257
v -1.270515 0.049032 0.025949
v -1.267911 0.037827 -0.021257
v -1.267911 0.121463 -0.021257
v -1.265308 0.049032 -0.068464
v -1.263402 0.079645 -0.103022
v -1.267911 0.121463 -0.021257
v -1.267911 0.037827 -0.021257
v -1.265308 0.049032 -0.068464
v -0.935242 0.037827 -0.002910
v -1.267911 0.037827 -0.021257
v -0.937846 0.049032 0.044297
v -1.267911 0.037827 -0.021257
v -1.270515 0.049032 0.025949
v -0.937846 0.049032 0.044297
v -0.937846 0.049032 0.044297
v -1.270515 0.049032 0.025949
v -1.272421 0.079645 0.060507
v -0.939752 0.079645 0.078854
v -0.937846 0.049032 0.044297
v -1.272421 0.079645 0.060507
v -0.939752 0.079645 0.078854
v -1.272421 0.079645 0.060507
v -0.940449 0.121463 0.091503
v -1.272421 0.079645 0.060507
v -1.273118 0.121463 0.073156
v -0.940449 0.121463 0.091503
v -0.940449 0.121463 0.091503
v -1.273118 0.121463 0.073156
v -0.939752 0.163281 0.078854
v -1.273118 0.121463 0.073156
v -1.272421 0.163281 0.060507
v -0.939752 0.163281 0.078854
v -0.939752 0.163281 0.078854
v -1.272421 0.163281 0.060507
v -0.937846 0.193894 0.044297
v -1.272421 0.163281 0.060507
v -1.270515 0.193894 0.025949
v -0.937846 0.193894 0.044297
v -0.937846 0.193894 0.044297
v -1.270515 0.193894 0.025949
v -0.935242 0.205100 -0.002910
v -1.270515 0.193894 0.025949
v -1.267911 0.205100 -0.021257
v -0.935242 0.205100 -0.002910
v -1.715756 -0.022671 -0.260666
v -1.740503 -0.010014 -0.262031
v -1.740503 -0.035327 -0.262031
v -1.715756 -0.047983 -0.260666
v -1.715756 -0.022671 -0.260666
v -1.740503 -0.035327 -0.262031
v -1.740503 -0.010014 -0.262031
v -1.765250 -0.022671 -0.263396
v -1.740503 -0.035327 -0.262031
v -1.740503 -0.060640 -0.262031
v -1.715756 -0.047983 -0.260666
v -1.740503 -0.035327 -0.262031
v -1.765250 -0.022671 -0.263396
v -1.765250 -0.047983 -0.263396
v -1.740503 -0.035327 -0.262031
v -1.765250 -0.047983 -0.263396
v -1.740503 -0.060640 -0.262031
v -1.740503 -0.035327 -0.262031
v -1.848276 -0.094353 -0.236037
v -1.859220 -0.081008 -0.236641
v -1.830567 -0.099451 -0.235060
v -1.859220 -0.081008 -0.236641
v -1.859513 -0.063248 -0.236657
v -1.830567 -0.099451 -0.235060
v -1.859513 -0.063248 -0.236657
v -1.850391 -0.046040 -0.236154
v -1.830567 -0.099451 -0.235060
v -1.850391 -0.046040 -0.236154
v -1.757436 0.000774 -0.231027
v -1.830567 -0.099451 -0.235060
v -1.757436 0.000774 -0.231027
v -1.718458 0.000774 -0.228877
v -1.830567 -0.099451 -0.235060
v -1.718458 0.000774 -0.228877
v -1.705467 -0.010733 -0.228161
v -1.830567 -0.099451 -0.235060
v -1.705467 -0.010733 -0.228161
v -1.705467 -0.099451 -0.228161
v -1.830567 -0.099451 -0.235060
v 1.291888 0.216695 -0.348223
v 1.230534 0.216695 -0.492112
v 1.183322 0.216695 -0.468219
v 1.241961 0.216695 -0.330697
v 1.291888 0.216695 -0.348223
v 1.183322 0.216695 -0.468219
v 1.334836 0.216695 -0.194328
v 1.291888 0.216695 -0.348223
v 1.281007 0.216695 -0.190784
v 1.291888 0.216695 -0.348223
v 1.241961 0.216695 -0.330697
v 1.281007 0.216695 -0.190784
v 1.335769 0.216695 -0.187764
v 1.334836 0.216695 -0.194328
v 1.281007 0.216695 -0.190784
v -1.704360 -0.099451 -0.248237
v -1.704360 -0.010733 -0.248237
v -1.829460 -0.099451 -0.255137
v -1.704360 -0.010733 -0.248237
v -1.717351 0.000774 -0.248954
v -1.829460 -0.099451 -0.255137
v -1.717351 0.000774 -0.248954
v -1.756329 0.000774 -0.251104
v -1.829460 -0.099451 -0.255137
v -1.756329 0.000774 -0.251104
v -1.849283 -0.046040 -0.256230
v -1.829460 -0.099451 -0.255137
v -1.849283 -0.046040 -0.256230
v -1.858406 -0.063248 -0.256733
v -1.829460 -0.099451 -0.255137
v -1.858406 -0.063248 -0.256733
v -1.858113 -0.081008 -0.256717
v -1.829460 -0.099451 -0.255137
v -1.858113 -0.081008 -0.256717
v -1.847169 -0.094353 -0.256114
v -1.829460 -0.099451 -0.255137
v 1.702305 -0.010700 -0.167548
v 1.687967 -0.010700 -0.268378
v 1.688686 -0.010700 -0.168299
v 1.687967 -0.010700 -0.268378
v 1.674901 -0.010700 -0.265638
v 1.688686 -0.010700 -0.168299
v 1.619735 -0.010700 -0.463311
v 1.674901 -0.010700 -0.265638
v 1.687967 -0.010700 -0.268378
v 1.632331 -0.010700 -0.467733
v 1.619735 -0.010700 -0.463311
v 1.687967 -0.010700 -0.268378
v 1.619735 -0.010700 -0.463311
v 1.632331 -0.010700 -0.467733
v 1.540555 -0.010700 -0.649008
v 1.632331 -0.010700 -0.467733
v 1.552467 -0.010700 -0.655037
v 1.540555 -0.010700 -0.649008
v -1.830567 -0.099451 -0.235060
v -1.829460 -0.099451 -0.255137
v -1.848276 -0.094353 -0.236037
v -1.829460 -0.099451 -0.255137
v -1.847169 -0.094353 -0.256114
v -1.848276 -0.094353 -0.236037
v -1.848276 -0.094353 -0.236037
v -1.847169 -0.094353 -0.256114
v -1.859220 -0.081008 -0.236641
v -1.847169 -0.094353 -0.256114
v -1.858113 -0.081008 -0.256717
v -1.859220 -0.081008 -0.236641
v -1.858113 -0.081008 -0.256717
v -1.858406 -0.063248 -0.256733
v -1.859220 -0.081008 -0.236641
v -1.858406 -0.063248 -0.256733
v -1.859513 -0.063248 -0.236657
v -1.859220 -0.081008 -0.236641
v -1.859513 -0.063248 -0.236657
v -1.858406 -0.063248 -0.256733
v -1.850391 -0.046040 -0.236154
v -1.858406 -0.063248 -0.256733
v -1.849283 -0.046040 -0.256230
v -1.850391 -0.046040 -0.236154
v -1.850391 -0.046040 -0.236154
v -1.849283 -0.046040 -0.256230
v -1.756329 0.000774 -0.251104
v -1.757436 0.000774 -0.231027
v -1.850391 -0.046040 -0.236154
v -1.756329 0.000774 -0.251104
v 1.661849 0.077909 -0.169779
v 1.335769 0.216695 -0.187764
v 1.667797 0.088554 -0.169452
v 1.335769 0.216695 -0.187764
v 1.335769 0.228529 -0.187764
v 1.667797 0.088554 -0.169452
v 1.335769 0.216695 -0.187764
v 1.281007 0.216695 -0.190784
v 1.335769 0.228529 -0.187764
v 1.281007 0.216695 -0.190784
v 1.281007 0.228529 -0.190784
v 1.335769 0.228529 -0.187764
v 1.702305 -0.010700 -0.167548
v 1.688686 -0.010700 -0.168299
v 1.702305 0.038148 -0.167548
v 1.688686 -0.010700 -0.168299
v 1.688685 0.038148 -0.168299
v 1.702305 0.038148 -0.167548
v 1.702305 0.038148 -0.167548
v 1.688685 0.038148 -0.168299
v 1.686578 0.065408 -0.168416
v 1.697698 0.071430 -0.167802
v 1.702305 0.038148 -0.167548
v 1.686578 0.065408 -0.168416
v 1.697698 0.071430 -0.167802
v 1.686578 0.065408 -0.168416
v 1.667797 0.088554 -0.169452
v 1.686578 0.065408 -0.168416
v 1.661849 0.077909 -0.169779
v 1.667797 0.088554 -0.169452
v -1.788475 -0.022671 0.157689
v -1.763728 -0.010014 0.159054
v -1.763728 -0.035327 0.159054
v -1.763728 -0.010014 0.159054
v -1.738980 -0.022670 0.160419
v -1.763728 -0.035327 0.159054
v -1.788474 -0.047983 0.157689
v -1.788475 -0.022671 0.157689
v -1.763728 -0.035327 0.159054
v -1.738980 -0.022670 0.160419
v -1.738980 -0.047983 0.160419
v -1.763728 -0.035327 0.159054
v -1.763728 -0.060640 0.159054
v -1.788474 -0.047983 0.157689
v -1.763728 -0.035327 0.159054
v -1.738980 -0.047983 0.160419
v -1.763728 -0.060640 0.159054
v -1.763728 -0.035327 0.159054
v -1.725181 -0.099451 0.129274
v -1.725181 -0.010733 0.129274
v -1.850280 -0.099451 0.122374
v -1.725181 -0.010733 0.129274
v -1.738172 0.000774 0.128557
v -1.850280 -0.099451 0.122374
v -1.738172 0.000774 0.128557
v -1.777150 0.000774 0.126407
v -1.850280 -0.099451 0.122374
v -1.777150 0.000774 0.126407
v -1.870104 -0.046040 0.121281
v -1.850280 -0.099451 0.122374
v -1.870104 -0.046040 0.121281
v -1.879227 -0.063248 0.120777
v -1.850280 -0.099451 0.122374
v -1.879227 -0.063248 0.120777
v -1.878934 -0.081008 0.120794
v -1.850280 -0.099451 0.122374
v -1.878934 -0.081008 0.120794
v -1.867990 -0.094353 0.121397
v -1.850280 -0.099451 0.122374
v 1.697698 0.071430 -0.167802
v 1.667797 0.088554 -0.169452
v 1.683469 0.071461 -0.267435
v 1.667797 0.088554 -0.169452
v 1.654590 0.088611 -0.261379
v 1.683469 0.071461 -0.267435
v 1.654590 0.088611 -0.261379
v 1.667797 0.088554 -0.169452
v 1.335769 0.228529 -0.187764
v 1.334836 0.228529 -0.194328
v 1.654590 0.088611 -0.261379
v 1.335769 0.228529 -0.187764
v 1.654590 0.088611 -0.261379
v 1.334836 0.228529 -0.194328
v 1.291888 0.228529 -0.348223
v 1.600157 0.088610 -0.456438
v 1.654590 0.088611 -0.261379
v 1.291888 0.228529 -0.348223
v 1.600157 0.088610 -0.456438
v 1.291888 0.228529 -0.348223
v 1.230534 0.228529 -0.492112
v 1.522042 0.088610 -0.639639
v 1.600157 0.088610 -0.456438
v 1.230534 0.228529 -0.492112
v 1.522042 0.088610 -0.639639
v 1.548367 0.071460 -0.652962
v 1.600157 0.088610 -0.456438
v 1.548367 0.071460 -0.652962
v 1.627997 0.071460 -0.466211
v 1.600157 0.088610 -0.456438
v 1.548367 0.071460 -0.652962
v 1.552467 0.038148 -0.655037
v 1.627997 0.071460 -0.466211
v 1.552467 0.038148 -0.655037
v 1.632332 0.038148 -0.467733
v 1.627997 0.071460 -0.466211
v 1.632331 -0.010700 -0.467733
v 1.632332 0.038148 -0.467733
v 1.552467 0.038148 -0.655037
v 1.632332 0.038148 -0.467733
v 1.632331 -0.010700 -0.467733
v 1.687967 0.038148 -0.268378
v 1.632331 -0.010700 -0.467733
v 1.687967 -0.010700 -0.268378
v 1.687967 0.038148 -0.268378
v 1.702305 0.038148 -0.167548
v 1.687967 0.038148 -0.268378
v 1.687967 -0.010700 -0.268378
v 1.702305 -0.010700 -0.167548
v 1.702305 0.038148 -0.167548
v 1.687967 -0.010700 -0.268378
v 1.627997 0.071460 -0.466211
v 1.632332 0.038148 -0.467733
v 1.687967 0.038148 -0.268378
v 1.683469 0.071461 -0.267435
v 1.654590 0.088611 -0.261379
v 1.600157 0.088610 -0.456438
v 1.627997 0.071460 -0.466211
v 1.683469 0.071461 -0.267435
v 1.600157 0.088610 -0.456438
v 1.683469 0.071461 -0.267435
v 1.627997 0.071460 -0.466211
v 1.687967 0.038148 -0.268378
v 1.683469 0.071461 -0.267435
v 1.687967 0.038148 -0.268378
v 1.697698 0.071430 -0.167802
v 1.687967 0.038148 -0.268378
v 1.702305 0.038148 -0.167548
v 1.697698 0.071430 -0.167802
v 1.552467 -0.010700 -0.655037
v 1.632331 -0.010700 -0.467733
v 1.552467 0.038148 -0.655037
v -1.869097 -0.094353 0.141474
v -1.880041 -0.081008 0.140870
v -1.851388 -0.099451 0.142450
v -1.880041 -0.081008 0.140870
v -1.880334 -0.063248 0.140854
v -1.851388 -0.099451 0.142450
v -1.880334 -0.063248 0.140854
v -1.871212 -0.046040 0.141357
v -1.851388 -0.099451 0.142450
v -1.871212 -0.046040 0.141357
v -1.778257 0.000774 0.146484
v -1.851388 -0.099451 0.142450
v -1.778257 0.000774 0.146484
v -1.739280 0.000774 0.148633
v -1.851388 -0.099451 0.142450
v -1.739280 0.000774 0.148633
v -1.726288 -0.010733 0.149350
v -1.851388 -0.099451 0.142450
v -1.726288 -0.010733 0.149350
v -1.726288 -0.099451 0.149350
v -1.851388 -0.099451 0.142450
v 1.516839 0.077959 -0.637006
v 1.594656 0.077959 -0.454507
v 1.538215 0.065235 -0.647824
v 1.594656 0.077959 -0.454507
v 1.617261 0.065235 -0.462442
v 1.538215 0.065235 -0.647824
v 1.594656 0.077959 -0.454507
v 1.648884 0.077961 -0.260183
v 1.672328 0.065244 -0.265097
v 1.617261 0.065235 -0.462442
v 1.594656 0.077959 -0.454507
v 1.672328 0.065244 -0.265097
v 1.617261 0.065235 -0.462442
v 1.672328 0.065244 -0.265097
v 1.674872 0.038148 -0.265632
v 1.619708 0.038148 -0.463301
v 1.617261 0.065235 -0.462442
v 1.674872 0.038148 -0.265632
v 1.538215 0.065235 -0.647824
v 1.617261 0.065235 -0.462442
v 1.619708 0.038148 -0.463301
v 1.540529 0.038148 -0.648995
v 1.538215 0.065235 -0.647824
v 1.619708 0.038148 -0.463301
v 1.594656 0.077959 -0.454507
v 1.516839 0.077959 -0.637006
v 1.230534 0.216695 -0.492112
v 1.291888 0.216695 -0.348223
v 1.594656 0.077959 -0.454507
v 1.230534 0.216695 -0.492112
v 1.594656 0.077959 -0.454507
v 1.291888 0.216695 -0.348223
v 1.648884 0.077961 -0.260183
v 1.291888 0.216695 -0.348223
v 1.334836 0.216695 -0.194328
v 1.648884 0.077961 -0.260183
v 1.334836 0.216695 -0.194328
v 1.335769 0.216695 -0.187764
v 1.648884 0.077961 -0.260183
v 1.335769 0.216695 -0.187764
v 1.661849 0.077909 -0.169779
v 1.648884 0.077961 -0.260183
v 1.648884 0.077961 -0.260183
v 1.661849 0.077909 -0.169779
v 1.672328 0.065244 -0.265097
v 1.661849 0.077909 -0.169779
v 1.686578 0.065408 -0.168416
v 1.672328 0.065244 -0.265097
v 1.672328 0.065244 -0.265097
v 1.686578 0.065408 -0.168416
v 1.674872 0.038148 -0.265632
v 1.686578 0.065408 -0.168416
v 1.688685 0.038148 -0.168299
v 1.674872 0.038148 -0.265632
v 1.688685 0.038148 -0.168299
v 1.688686 -0.010700 -0.168299
v 1.674872 0.038148 -0.265632
v 1.688686 -0.010700 -0.168299
v 1.674901 -0.010700 -0.265638
v 1.674872 0.038148 -0.265632
v 1.674901 -0.010700 -0.265638
v 1.619735 -0.010700 -0.463311
v 1.674872 0.038148 -0.265632
v 1.619735 -0.010700 -0.463311
v 1.619708 0.038148 -0.463301
v 1.674872 0.038148 -0.265632
v 1.619708 0.038148 -0.463301
v 1.619735 -0.010700 -0.463311
v 1.540555 -0.010700 -0.649008
v 1.540529 0.038148 -0.648995
v 1.619708 0.038148 -0.463301
v 1.540555 -0.010700 -0.649008
v 1.540555 -0.010700 -0.649008
v 1.552467 -0.010700 -0.655037
v 1.552467 0.038148 -0.655037
v 1.540529 0.038148 -0.648995
v 1.540555 -0.010700 -0.649008
v 1.552467 0.038148 -0.655037
v 1.538215 0.065235 -0.647824
v 1.540529 0.038148 -0.648995
v 1.552467 0.038148 -0.655037
v 1.548367 0.071460 -0.652962
v 1.538215 0.065235 -0.647824
v 1.552467 0.038148 -0.655037
v 1.548367 0.071460 -0.652962
v 1.522042 0.088610 -0.639639
v 1.538215 0.065235 -0.647824
v 1.522042 0.088610 -0.639639
v 1.516839 0.077959 -0.637006
v 1.538215 0.065235 -0.647824
v 1.230534 0.216695 -0.492112
v 1.516839 0.077959 -0.637006
v 1.522042 0.088610 -0.639639
v 1.230534 0.228529 -0.492112
v 1.230534 0.216695 -0.492112
v 1.522042 0.088610 -0.639639
v 1.230534 0.228529 -0.492112
v 1.183322 0.228529 -0.468219
v 1.230534 0.216695 -0.492112
v 1.183322 0.228529 -0.468219
v 1.183322 0.216695 -0.468219
v 1.230534 0.216695 -0.492112
v 0.958952 0.206748 -0.915900
v 0.953202 0.204944 -0.925475
v 1.148051 0.088610 -1.118131
v 0.941952 0.205450 -0.932450
v 1.148051 0.088610 -1.118131
v 0.953202 0.204944 -0.925475
v 1.078450 0.091104 -1.163134
v 1.148051 0.088610 -1.118131
v 0.941952 0.205450 -0.932450
v 0.953747 0.211108 -0.907105
v 0.958952 0.206748 -0.915900
v 0.935189 0.228529 -0.870279
v 0.958952 0.206748 -0.915900
v 1.148051 0.088610 -1.118131
v 0.935189 0.228529 -0.870279
v 1.002257 0.071459 -1.264443
v 0.822476 0.071459 -1.365773
v 1.004770 0.038148 -1.268290
v 1.002257 0.071459 -1.264443
v 1.004770 0.038148 -1.268290
v 1.170267 0.038148 -1.144000
v 1.167274 0.071460 -1.140514
v 1.002257 0.071459 -1.264443
v 1.170267 0.038148 -1.144000
v 1.314703 0.071460 -0.996106
v 1.167274 0.071460 -1.140514
v 1.170267 0.038148 -1.144000
v 1.167274 0.071460 -1.140514
v 1.314703 0.071460 -0.996106
v 1.148051 0.088610 -1.118131
v 1.314703 0.071460 -0.996106
v 1.292723 0.088610 -0.976424
v 1.148051 0.088610 -1.118131
v 0.935189 0.228529 -0.870279
v 1.148051 0.088610 -1.118131
v 1.292723 0.088610 -0.976424
v 1.049331 0.228529 -0.758476
v 0.935189 0.228529 -0.870279
v 1.292723 0.088610 -0.976424
v 1.147903 0.228529 -0.632731
v 1.049331 0.228529 -0.758476
v 1.292723 0.088610 -0.976424
v 1.417661 0.088610 -0.817045
v 1.147903 0.228529 -0.632731
v 1.292723 0.088610 -0.976424
v 1.147903 0.228529 -0.632731
v 1.417661 0.088610 -0.817045
v 1.227514 0.228529 -0.498081
v 1.417661 0.088610 -0.817045
v 1.519021 0.088610 -0.645608
v 1.227514 0.228529 -0.498081
v 1.417661 0.088610 -0.817045
v 1.442022 0.071460 -0.833690
v 1.519021 0.088610 -0.645608
v 1.442022 0.071460 -0.833690
v 1.545347 0.071459 -0.658931
v 1.519021 0.088610 -0.645608
v 1.442022 0.071460 -0.833690
v 1.445816 0.038148 -0.836282
v 1.545347 0.071459 -0.658931
v 1.445816 0.038148 -0.836282
v 1.549446 0.038148 -0.661005
v 1.545347 0.071459 -0.658931
v 1.549446 0.038148 -0.661005
v 1.445816 0.038148 -0.836282
v 1.549446 -0.010700 -0.661005
v 1.445816 0.038148 -0.836282
v 1.445816 -0.010700 -0.836282
v 1.549446 -0.010700 -0.661005
v 1.318126 0.038095 -0.999171
v 1.314703 0.071460 -0.996106
v 1.170267 0.038148 -1.144000
v 1.314703 0.071460 -0.996106
v 1.318126 0.038095 -0.999171
v 1.445816 0.038148 -0.836282
v 1.442022 0.071460 -0.833690
v 1.314703 0.071460 -0.996106
v 1.445816 0.038148 -0.836282
v 1.442022 0.071460 -0.833690
v 1.417661 0.088610 -0.817045
v 1.314703 0.071460 -0.996106
v 1.417661 0.088610 -0.817045
v 1.292723 0.088610 -0.976424
v 1.314703 0.071460 -0.996106
v 0.822476 0.071459 -1.365773
v 0.824465 0.038148 -1.369914
v 1.004770 0.038148 -1.268290
v 0.824465 0.038148 -1.369914
v 0.822476 0.071459 -1.365773
v 0.632438 0.038148 -1.447135
v 0.822476 0.071459 -1.365773
v 0.631006 0.071461 -1.442769
v 0.632438 0.038148 -1.447135
v 1.445816 0.038148 -0.836282
v 1.318126 0.038095 -0.999171
v 1.445816 -0.010700 -0.836282
v 1.318126 0.038095 -0.999171
v 1.318126 -0.010700 -0.999171
v 1.445816 -0.010700 -0.836282
v 1.170267 -0.010700 -1.143999
v 1.318126 -0.010700 -0.999171
v 1.318126 0.038095 -0.999171
v 1.170267 0.038148 -1.144000
v 1.170267 -0.010700 -1.143999
v 1.318126 0.038095 -0.999171
v 1.004770 -0.010700 -1.268290
v 1.170267 -0.010700 -1.143999
v 1.170267 0.038148 -1.144000
v 1.004770 0.038148 -1.268290
v 1.004770 -0.010700 -1.268290
v 1.170267 0.038148 -1.144000
v 0.824465 -0.010700 -1.369914
v 1.004770 -0.010700 -1.268290
v 1.004770 0.038148 -1.268290
v 0.824465 0.038148 -1.369914
v 0.824465 -0.010700 -1.369914
v 1.004770 0.038148 -1.268290
v 0.632438 -0.010700 -1.447135
v 0.824465 -0.010700 -1.369914
v 0.824465 0.038148 -1.369914
v 0.632438 0.038148 -1.447135
v 0.632438 -0.010700 -1.447135
v 0.824465 0.038148 -1.369914
v 0.632438 -0.010700 -1.447135
v 0.632438 0.038148 -1.447135
v 0.533796 -0.010700 -1.472475
v 0.632438 0.038148 -1.447135
v 0.533796 0.038148 -1.472475
v 0.533796 -0.010700 -1.472475
v 0.533796 0.038148 -1.472475
v 0.632438 0.038148 -1.447135
v 0.533542 0.071430 -1.467868
v 0.632438 0.038148 -1.447135
v 0.631006 0.071461 -1.442769
v 0.533542 0.071430 -1.467868
v 0.531893 0.088554 -1.437967
v 0.533542 0.071430 -1.467868
v 0.631006 0.071461 -1.442769
v 0.621811 0.088611 -1.414731
v 0.531893 0.088554 -1.437967
v 0.631006 0.071461 -1.442769
v 0.531893 0.088554 -1.437967
v 0.621811 0.088611 -1.414731
v 0.513581 0.228529 -1.105939
v 0.621811 0.088611 -1.414731
v 0.520002 0.228529 -1.104290
v 0.513581 0.228529 -1.105939
v 0.621811 0.088611 -1.414731
v 0.580420 0.205096 -1.138842
v 0.520002 0.228529 -1.104290
v 0.580420 0.205096 -1.138842
v 0.575210 0.209436 -1.130037
v 0.520002 0.228529 -1.104290
v 1.167274 0.071460 -1.140514
v 1.148051 0.088610 -1.118131
v 0.986120 0.088610 -1.239743
v 1.002257 0.071459 -1.264443
v 1.167274 0.071460 -1.140514
v 0.986120 0.088610 -1.239743
v 0.822476 0.071459 -1.365773
v 1.002257 0.071459 -1.264443
v 0.986120 0.088610 -1.239743
v 0.809701 0.088610 -1.339177
v 0.822476 0.071459 -1.365773
v 0.986120 0.088610 -1.239743
v 0.822476 0.071459 -1.365773
v 0.809701 0.088610 -1.339177
v 0.631006 0.071461 -1.442769
v 0.809701 0.088610 -1.339177
v 0.621811 0.088611 -1.414731
v 0.631006 0.071461 -1.442769
v 0.621811 0.088611 -1.414731
v 0.809701 0.088610 -1.339177
v 0.739845 0.090313 -1.362993
v 0.809701 0.088610 -1.339177
v 0.804060 0.094189 -1.327434
v 0.739845 0.090313 -1.362993
v 0.809701 0.088610 -1.339177
v 0.986120 0.088610 -1.239743
v 0.804060 0.094189 -1.327434
v 0.986120 0.088610 -1.239743
v 0.977116 0.095660 -1.225961
v 0.804060 0.094189 -1.327434
v 0.977116 0.095660 -1.225961
v 0.986120 0.088610 -1.239743
v 1.078450 0.091104 -1.163134
v 0.986120 0.088610 -1.239743
v 1.148051 0.088610 -1.118131
v 1.078450 0.091104 -1.163134
v 0.603205 0.204144 -1.132069
v 0.621811 0.088611 -1.414731
v 0.739845 0.090313 -1.362993
v 0.621811 0.088611 -1.414731
v 0.603205 0.204144 -1.132069
v 0.580420 0.205096 -1.138842
v 0.603205 0.204144 -1.132069
v 0.591622 0.203445 -1.138482
v 0.580420 0.205096 -1.138842
v 0.942794 0.213663 -0.907886
v 0.953747 0.211108 -0.907105
v 0.935189 0.228529 -0.870279
v 0.935189 0.228529 -0.870279
v 0.807430 0.228529 -0.966227
v 0.942794 0.213663 -0.907886
v 0.807430 0.228529 -0.966227
v 0.819326 0.219214 -0.984435
v 0.942794 0.213663 -0.907886
v 0.807430 0.228529 -0.966227
v 0.668241 0.228529 -1.044678
v 0.819326 0.219214 -0.984435
v 0.668241 0.228529 -1.044678
v 0.678865 0.218020 -1.066796
v 0.819326 0.219214 -0.984435
v 0.678865 0.218020 -1.066796
v 0.668241 0.228529 -1.044678
v 0.581204 0.212124 -1.120875
v 0.668241 0.228529 -1.044678
v 0.520002 0.228529 -1.104290
v 0.581204 0.212124 -1.120875
v 0.575210 0.209436 -1.130037
v 0.581204 0.212124 -1.120875
v 0.520002 0.228529 -1.104290
v 1.075511 0.080442 -1.158166
v 0.939257 0.195675 -0.927895
v 1.144252 0.077959 -1.113708
v 0.939257 0.195675 -0.927895
v 0.950506 0.195165 -0.920918
v 1.144252 0.077959 -1.113708
v 0.950506 0.195165 -0.920918
v 0.956259 0.196983 -0.911350
v 1.144252 0.077959 -1.113708
v 0.982931 0.077959 -1.234861
v 0.973969 0.085043 -1.221144
v 1.075511 0.080442 -1.158166
v 1.144252 0.077959 -1.113708
v 0.982931 0.077959 -1.234861
v 1.075511 0.080442 -1.158166
v 1.144252 0.077959 -1.113708
v 1.159861 0.065235 -1.131883
v 0.982931 0.077959 -1.234861
v 1.159861 0.065235 -1.131883
v 0.996034 0.065235 -1.254918
v 0.982931 0.077959 -1.234861
v 0.982931 0.077959 -1.234861
v 0.996034 0.065235 -1.254918
v 0.807176 0.077959 -1.333922
v 0.996034 0.065235 -1.254918
v 0.817549 0.065235 -1.355516
v 0.807176 0.077959 -1.333922
v 0.807176 0.077959 -1.333922
v 0.817549 0.065235 -1.355516
v 0.626444 0.076578 -1.418148
v 0.817549 0.065235 -1.355516
v 0.627456 0.065243 -1.431952
v 0.626444 0.076578 -1.418148
v 0.996034 0.065235 -1.254918
v 0.997452 0.038148 -1.257089
v 0.817549 0.065235 -1.355516
v 1.161550 0.038148 -1.133850
v 0.997452 0.038148 -1.257089
v 0.996034 0.065235 -1.254918
v 1.159861 0.065235 -1.131883
v 1.161550 0.038148 -1.133850
v 0.996034 0.065235 -1.254918
v 0.807176 0.077959 -1.333922
v 0.801657 0.083681 -1.322246
v 0.982931 0.077959 -1.234861
v 0.801657 0.083681 -1.322246
v 0.973969 0.085043 -1.221144
v 0.982931 0.077959 -1.234861
v 0.801657 0.083681 -1.322246
v 0.807176 0.077959 -1.333922
v 0.737174 0.080625 -1.358479
v 0.807176 0.077959 -1.333922
v 0.626444 0.076578 -1.418148
v 0.737174 0.080625 -1.358479
v 0.573180 0.202073 -1.126607
v 0.578357 0.197614 -1.135356
v 0.526452 0.215312 -1.113247
v 0.578357 0.197614 -1.135356
v 0.626444 0.076578 -1.418148
v 0.526452 0.215312 -1.113247
v 0.626444 0.076578 -1.418148
v 0.531565 0.077909 -1.432019
v 0.526452 0.215312 -1.113247
v 0.531565 0.077909 -1.432019
v 0.626444 0.076578 -1.418148
v 0.627456 0.065243 -1.431952
v 0.532929 0.065408 -1.456748
v 0.531565 0.077909 -1.432019
v 0.627456 0.065243 -1.431952
v 0.532929 0.065408 -1.456748
v 0.627456 0.065243 -1.431952
v 0.628268 0.038148 -1.434422
v 0.627456 0.065243 -1.431952
v 0.817549 0.065235 -1.355516
v 0.628268 0.038148 -1.434422
v 0.817549 0.065235 -1.355516
v 0.818672 0.038148 -1.357854
v 0.628268 0.038148 -1.434422
v 0.997452 0.038148 -1.257089
v 0.818672 0.038148 -1.357854
v 0.817549 0.065235 -1.355516
v 0.997452 0.038148 -1.257089
v 0.997468 -0.010700 -1.257113
v 0.818672 0.038148 -1.357854
v 0.997452 0.038148 -1.257089
v 1.161550 0.038148 -1.133850
v 0.997468 -0.010700 -1.257113
v 1.161550 0.038148 -1.133850
v 1.161569 -0.010700 -1.133871
v 0.997468 -0.010700 -1.257113
v 1.308373 -0.010700 -0.990438
v 1.161569 -0.010700 -1.133871
v 1.161550 0.038148 -1.133850
v 1.308373 0.038148 -0.990438
v 1.308373 -0.010700 -0.990438
v 1.161550 0.038148 -1.133850
v 1.161550 0.038148 -1.133850
v 1.159861 0.065235 -1.131883
v 1.308373 0.038148 -0.990438
v 1.159861 0.065235 -1.131883
v 1.306600 0.065427 -0.988850
v 1.308373 0.038148 -0.990438
v 1.288381 0.077964 -0.972536
v 1.306600 0.065427 -0.988850
v 1.159861 0.065235 -1.131883
v 1.144252 0.077959 -1.113708
v 1.288381 0.077964 -0.972536
v 1.159861 0.065235 -1.131883
v 1.144252 0.077959 -1.113708
v 0.935189 0.216695 -0.870279
v 1.288381 0.077964 -0.972536
v 1.144252 0.077959 -1.113708
v 0.956259 0.196983 -0.911350
v 0.935189 0.216695 -0.870279
v 0.956259 0.196983 -0.911350
v 0.951064 0.201377 -0.902570
v 0.935189 0.216695 -0.870279
v 0.531565 0.077909 -1.432019
v 0.520031 0.215312 -1.114897
v 0.526452 0.215312 -1.113247
v 0.935189 0.216695 -0.870279
v 1.049331 0.216695 -0.758476
v 1.288381 0.077964 -0.972536
v 0.997468 -0.010700 -1.257113
v 0.818684 -0.010700 -1.357880
v 0.818672 0.038148 -1.357854
v 0.818672 0.038148 -1.357854
v 0.818684 -0.010700 -1.357880
v 0.628268 0.038148 -1.434422
v 0.818684 -0.010700 -1.357880
v 0.628277 -0.010700 -1.434450
v 0.628268 0.038148 -1.434422
v 0.628268 0.038148 -1.434422
v 0.628277 -0.010700 -1.434450
v 0.533045 -0.010700 -1.458856
v 0.533045 0.038148 -1.458855
v 0.628268 0.038148 -1.434422
v 0.533045 -0.010700 -1.458856
v 0.533045 0.038148 -1.458855
v 0.532929 0.065408 -1.456748
v 0.628268 0.038148 -1.434422
v 0.816463 0.209555 -0.980053
v 0.807430 0.216695 -0.966227
v 0.940117 0.203951 -0.903361
v 0.807430 0.216695 -0.966227
v 0.935189 0.216695 -0.870279
v 0.940117 0.203951 -0.903361
v 0.951064 0.201377 -0.902570
v 0.940117 0.203951 -0.903361
v 0.935189 0.216695 -0.870279
v 0.678837 0.211014 -1.062406
v 0.674691 0.215312 -1.053636
v 0.816463 0.209555 -0.980053
v 0.674691 0.215312 -1.053636
v 0.807430 0.216695 -0.966227
v 0.816463 0.209555 -0.980053
v 0.579194 0.204836 -1.117479
v 0.573180 0.202073 -1.126607
v 0.526452 0.215312 -1.113247
v 0.526452 0.215312 -1.113247
v 0.674691 0.215312 -1.053636
v 0.579194 0.204836 -1.117479
v 0.674691 0.215312 -1.053636
v 0.678837 0.211014 -1.062406
v 0.579194 0.204836 -1.117479
v 0.674691 0.215312 -1.053636
v 0.645330 0.216695 -0.996981
v 0.807430 0.216695 -0.966227
v 0.645330 0.216695 -0.996981
v 0.778490 0.216695 -0.921929
v 0.807430 0.216695 -0.966227
v 0.526452 0.215312 -1.113247
v 0.520031 0.215312 -1.114897
v 0.517010 0.215312 -1.060135
v 0.526452 0.215312 -1.113247
v 0.517010 0.215312 -1.060135
v 0.674691 0.215312 -1.053636
v 0.517010 0.215312 -1.060135
v 0.645330 0.216695 -0.996981
v 0.674691 0.215312 -1.053636
v 1.154353 0.215312 -0.641689
v 1.049331 0.216695 -0.758476
v 1.104214 0.216695 -0.602880
v 1.049331 0.216695 -0.758476
v 1.009912 0.216695 -0.723178
v 1.104214 0.216695 -0.602880
v 0.900714 0.216695 -0.830137
v 1.009912 0.216695 -0.723178
v 1.049331 0.216695 -0.758476
v 0.935189 0.216695 -0.870279
v 0.900714 0.216695 -0.830137
v 1.049331 0.216695 -0.758476
v 0.935189 0.216695 -0.870279
v 0.807430 0.216695 -0.966227
v 0.900714 0.216695 -0.830137
v 0.807430 0.216695 -0.966227
v 0.778490 0.216695 -0.921929
v 0.900714 0.216695 -0.830137
v 1.154353 0.215312 -0.641689
v 1.104214 0.216695 -0.602880
v 1.233964 0.215312 -0.507039
v 1.104214 0.216695 -0.602880
v 1.186752 0.215312 -0.483145
v 1.233964 0.215312 -0.507039
v 1.227514 0.228529 -0.498081
v 1.519021 0.088610 -0.645608
v 1.233964 0.215312 -0.507039
v 1.519021 0.088610 -0.645608
v 1.520269 0.076576 -0.651933
v 1.233964 0.215312 -0.507039
v 1.075511 0.080442 -1.158166
v 1.078450 0.091104 -1.163134
v 0.939257 0.195675 -0.927895
v 1.078450 0.091104 -1.163134
v 0.941952 0.205450 -0.932450
v 0.939257 0.195675 -0.927895
v 0.939257 0.195675 -0.927895
v 0.941952 0.205450 -0.932450
v 0.953202 0.204944 -0.925475
v 0.950506 0.195165 -0.920918
v 0.939257 0.195675 -0.927895
v 0.953202 0.204944 -0.925475
v 0.953202 0.204944 -0.925475
v 0.958952 0.206748 -0.915900
v 0.950506 0.195165 -0.920918
v 0.958952 0.206748 -0.915900
v 0.956259 0.196983 -0.911350
v 0.950506 0.195165 -0.920918
v 0.951064 0.201377 -0.902570
v 0.956259 0.196983 -0.911350
v 0.958952 0.206748 -0.915900
v 0.953747 0.211108 -0.907105
v 0.951064 0.201377 -0.902570
v 0.958952 0.206748 -0.915900
v 0.940117 0.203951 -0.903361
v 0.951064 0.201377 -0.902570
v 0.953747 0.211108 -0.907105
v 0.942794 0.213663 -0.907886
v 0.940117 0.203951 -0.903361
v 0.953747 0.211108 -0.907105
v 0.816463 0.209555 -0.980053
v 0.940117 0.203951 -0.903361
v 0.942794 0.213663 -0.907886
v 0.819326 0.219214 -0.984435
v 0.816463 0.209555 -0.980053
v 0.942794 0.213663 -0.907886
v 0.678837 0.211014 -1.062406
v 0.816463 0.209555 -0.980053
v 0.819326 0.219214 -0.984435
v 0.678865 0.218020 -1.066796
v 0.678837 0.211014 -1.062406
v 0.819326 0.219214 -0.984435
v 0.579194 0.204836 -1.117479
v 0.678837 0.211014 -1.062406
v 0.678865 0.218020 -1.066796
v 0.581204 0.212124 -1.120875
v 0.579194 0.204836 -1.117479
v 0.678865 0.218020 -1.066796
v 0.581204 0.212124 -1.120875
v 0.575210 0.209436 -1.130037
v 0.579194 0.204836 -1.117479
v 0.575210 0.209436 -1.130037
v 0.573180 0.202073 -1.126607
v 0.579194 0.204836 -1.117479
v 0.575210 0.209436 -1.130037
v 0.580420 0.205096 -1.138842
v 0.573180 0.202073 -1.126607
v 0.580420 0.205096 -1.138842
v 0.578357 0.197614 -1.135356
v 0.573180 0.202073 -1.126607
v 0.589547 0.195918 -1.134975
v 0.578357 0.197614 -1.135356
v 0.580420 0.205096 -1.138842
v 0.591622 0.203445 -1.138482
v 0.589547 0.195918 -1.134975
v 0.580420 0.205096 -1.138842
v 0.601134 0.196636 -1.128570
v 0.589547 0.195918 -1.134975
v 0.591622 0.203445 -1.138482
v 0.603205 0.204144 -1.132069
v 0.601134 0.196636 -1.128570
v 0.591622 0.203445 -1.138482
v 0.299049 0.172880 -1.282257
v 0.285370 0.186687 -1.251761
v 0.305759 0.162285 -1.275440
v 0.285370 0.186687 -1.251761
v 0.283745 0.186687 -1.222290
v 0.305759 0.162285 -1.275440
v 0.283745 0.186687 -1.222290
v 0.285370 0.186687 -1.251761
v 0.262006 0.201346 -1.220350
v 0.260423 0.201346 -1.191639
v 0.283745 0.186687 -1.222290
v 0.262006 0.201346 -1.220350
v 0.262006 0.201346 -1.220350
v 0.235798 0.210560 -1.201897
v 0.260423 0.201346 -1.191639
v 0.235798 0.210560 -1.201897
v 0.234252 0.210560 -1.173859
v 0.260423 0.201346 -1.191639
v 0.234252 0.210560 -1.173859
v 0.235798 0.210560 -1.201897
v 0.211918 0.213314 -1.198327
v 0.210385 0.213314 -1.170537
v 0.234252 0.210560 -1.173859
v 0.211918 0.213314 -1.198327
v 0.209962 0.228529 -1.162854
v 0.207048 0.228529 -1.110021
v 0.209962 0.216695 -1.162854
v 0.207048 0.228529 -1.110021
v 0.207048 0.216695 -1.110021
v 0.209962 0.216695 -1.162854
v 0.211918 0.213314 -1.198327
v 0.209962 0.228529 -1.162854
v 0.210385 0.213314 -1.170537
v 0.209962 0.228529 -1.162854
v 0.209962 0.216695 -1.162854
v 0.210385 0.213314 -1.170537
v 0.209962 0.216695 -1.162854
v 0.210056 0.215935 -1.164571
v 0.210385 0.213314 -1.170537
v -1.778257 0.000774 0.146484
v -1.777150 0.000774 0.126407
v -1.739280 0.000774 0.148633
v -1.777150 0.000774 0.126407
v -1.738172 0.000774 0.128557
v -1.739280 0.000774 0.148633
v -1.726288 -0.010733 0.149350
v -1.739280 0.000774 0.148633
v -1.738172 0.000774 0.128557
v -1.725181 -0.010733 0.129274
v -1.726288 -0.010733 0.149350
v -1.738172 0.000774 0.128557
v -1.726288 -0.010733 0.149350
v -1.725181 -0.010733 0.129274
v -1.726288 -0.099451 0.149350
v -1.725181 -0.010733 0.129274
v -1.725181 -0.099451 0.129274
v -1.726288 -0.099451 0.149350
v -1.777150 0.000774 0.126407
v -1.778257 0.000774 0.146484
v -1.870104 -0.046040 0.121281
v -1.778257 0.000774 0.146484
v -1.871212 -0.046040 0.141357
v -1.870104 -0.046040 0.121281
v -1.871212 -0.046040 0.141357
v -1.880334 -0.063248 0.140854
v -1.870104 -0.046040 0.121281
v -1.880334 -0.063248 0.140854
v -1.879227 -0.063248 0.120777
v -1.870104 -0.046040 0.121281
v -1.879227 -0.063248 0.120777
v -1.880334 -0.063248 0.140854
v -1.878934 -0.081008 0.120794
v -1.880334 -0.063248 0.140854
v -1.880041 -0.081008 0.140870
v -1.878934 -0.081008 0.120794
v -1.880041 -0.081008 0.140870
v -1.869097 -0.094353 0.141474
v -1.878934 -0.081008 0.120794
v -1.869097 -0.094353 0.141474
v -1.867990 -0.094353 0.121397
v -1.878934 -0.081008 0.120794
v -1.869097 -0.094353 0.141474
v -1.851388 -0.099451 0.142450
v -1.867990 -0.094353 0.121397
v -1.851388 -0.099451 0.142450
v -1.850280 -0.099451 0.122374
v -1.867990 -0.094353 0.121397
v 0.504848 0.173488 -1.240592
v 0.514628 0.170028 -1.246404
v 0.506974 0.228529 -1.107636
v 0.506974 0.228529 -1.107636
v 0.365251 0.228529 -1.144044
v 0.504848 0.173488 -1.240592
v 0.235798 0.210560 -1.201897
v 0.209962 0.228529 -1.162854
v 0.211918 0.213314 -1.198327
v 0.235798 0.210560 -1.201897
v 0.262006 0.201346 -1.220350
v 0.209962 0.228529 -1.162854
v 0.262006 0.201346 -1.220350
v 0.365251 0.228529 -1.144044
v 0.209962 0.228529 -1.162854
v 0.262006 0.201346 -1.220350
v 0.285370 0.186687 -1.251761
v 0.365251 0.228529 -1.144044
v 0.365251 0.228529 -1.144044
v 0.285370 0.186687 -1.251761
v 0.395554 0.173488 -1.268668
v 0.365251 0.228529 -1.144044
v 0.395554 0.173488 -1.268668
v 0.504848 0.173488 -1.240592
v 0.285370 0.186687 -1.251761
v 0.299049 0.172880 -1.282257
v 0.395554 0.173488 -1.268668
v 0.504006 0.228529 -1.053813
v 0.355466 0.228529 -1.092042
v 0.506974 0.228529 -1.107636
v 0.355466 0.228529 -1.092042
v 0.365251 0.228529 -1.144044
v 0.506974 0.228529 -1.107636
v 0.365251 0.228529 -1.144044
v 0.355466 0.228529 -1.092042
v 0.209962 0.228529 -1.162854
v 0.355466 0.228529 -1.092042
v 0.207048 0.228529 -1.110021
v 0.209962 0.228529 -1.162854
v -1.573707 -0.029760 0.154664
v -1.573173 -0.062237 0.154693
v -1.557024 0.001709 0.155584
v -1.573173 -0.062237 0.154693
v -1.553155 -0.086643 0.155797
v -1.557024 0.001709 0.155584
v -1.553155 -0.086643 0.155797
v -1.520766 -0.095965 0.157583
v -1.557024 0.001709 0.155584
v -1.520766 -0.095965 0.157583
v -1.387012 -0.095965 0.164960
v -1.557024 0.001709 0.155584
v -1.387012 -0.095965 0.164960
v -1.387012 0.098635 0.164960
v -1.557024 0.001709 0.155584
v -1.387012 0.098635 0.164960
v -1.387012 -0.095965 0.164960
v -1.261189 -0.095965 0.171900
v -1.261189 0.098635 0.171900
v -1.387012 0.098635 0.164960
v -1.261189 -0.095965 0.171900
v 0.207048 0.216695 -1.110021
v 0.355466 0.216695 -1.092042
v 0.209962 0.216695 -1.162854
v 0.355466 0.216695 -1.092042
v 0.365251 0.216695 -1.144043
v 0.209962 0.216695 -1.162854
v 0.365251 0.216695 -1.144043
v 0.355466 0.216695 -1.092042
v 0.506974 0.216695 -1.107636
v 0.355466 0.216695 -1.092042
v 0.504006 0.216695 -1.053813
v 0.506974 0.216695 -1.107636
v 0.504006 0.228529 -1.053813
v 0.506974 0.228529 -1.107636
v 0.504006 0.216695 -1.053813
v 0.506974 0.228529 -1.107636
v 0.506974 0.216695 -1.107636
v 0.504006 0.216695 -1.053813
v 0.506974 0.228529 -1.107636
v 0.514628 0.170028 -1.246404
v 0.506974 0.216695 -1.107636
v 0.514628 0.170028 -1.246404
v 0.514355 0.158964 -1.241448
v 0.506974 0.216695 -1.107636
v 0.203282 0.228529 -1.163223
v 0.203282 0.216695 -1.163222
v 0.200368 0.228529 -1.110389
v 0.203282 0.216695 -1.163222
v 0.200368 0.216695 -1.110389
v 0.200368 0.228529 -1.110389
v 0.203377 0.215935 -1.164939
v 0.203282 0.216695 -1.163222
v 0.203706 0.213314 -1.170906
v 0.203282 0.216695 -1.163222
v 0.203282 0.228529 -1.163223
v 0.203706 0.213314 -1.170906
v 0.203282 0.228529 -1.163223
v 0.205239 0.213314 -1.198695
v 0.203706 0.213314 -1.170906
v -1.554707 -0.086643 0.183937
v -1.522318 -0.095965 0.185723
v -1.520766 -0.095965 0.157583
v -1.553155 -0.086643 0.155797
v -1.554707 -0.086643 0.183937
v -1.520766 -0.095965 0.157583
v -1.574725 -0.062237 0.182833
v -1.554707 -0.086643 0.183937
v -1.553155 -0.086643 0.155797
v -1.573173 -0.062237 0.154693
v -1.574725 -0.062237 0.182833
v -1.553155 -0.086643 0.155797
v -1.573173 -0.062237 0.154693
v -1.573707 -0.029760 0.154664
v -1.574725 -0.062237 0.182833
v -1.573707 -0.029760 0.154664
v -1.575259 -0.029760 0.182804
v -1.574725 -0.062237 0.182833
v -1.575259 -0.029760 0.182804
v -1.573707 -0.029760 0.154664
v -1.557024 0.001709 0.155584
v -1.558576 0.001709 0.183724
v -1.575259 -0.029760 0.182804
v -1.557024 0.001709 0.155584
v -1.558576 0.001709 0.183724
v -1.557024 0.001709 0.155584
v -1.387012 0.098635 0.164960
v -1.388564 0.098635 0.193100
v -1.558576 0.001709 0.183724
v -1.387012 0.098635 0.164960
v 0.200368 0.216695 -1.110389
v 0.050874 0.216695 -1.108841
v 0.200368 0.228529 -1.110389
v 0.050874 0.216695 -1.108841
v 0.050874 0.228529 -1.108842
v 0.200368 0.228529 -1.110389
v 0.050874 0.216695 -1.108841
v -0.100970 0.216695 -1.087179
v 0.050874 0.228529 -1.108842
v -0.100970 0.216695 -1.087179
v -0.100970 0.228529 -1.087179
v 0.050874 0.228529 -1.108842
v 0.203706 0.213314 -1.170906
v 0.180350 0.210560 -1.176832
v 0.203377 0.215935 -1.164939
v 0.203377 0.215935 -1.164939
v 0.180350 0.210560 -1.176832
v 0.203282 0.216695 -1.163222
v 0.180350 0.210560 -1.176832
v 0.046867 0.216695 -1.161603
v 0.203282 0.216695 -1.163222
v 0.156293 0.201346 -1.197382
v 0.046867 0.216695 -1.161603
v 0.180350 0.210560 -1.176832
v 0.136483 0.186687 -1.230412
v 0.046867 0.216695 -1.161603
v 0.156293 0.201346 -1.197382
v 0.136483 0.186687 -1.230412
v 0.120447 0.162285 -1.285661
v 0.046867 0.216695 -1.161603
v 0.120447 0.162285 -1.285661
v 0.030893 0.162838 -1.283002
v 0.046867 0.216695 -1.161603
v 0.046867 0.216695 -1.161603
v 0.030893 0.162838 -1.283002
v -0.098001 0.216695 -1.141003
v 0.030893 0.162838 -1.283002
v -0.080445 0.162841 -1.267136
v -0.098001 0.216695 -1.141003
v -0.098001 0.216695 -1.141003
v -0.080445 0.162841 -1.267136
v -0.090621 0.158964 -1.274815
v -0.090621 0.158964 -1.274815
v -0.080445 0.162841 -1.267136
v -0.090348 0.170028 -1.279770
v -0.080445 0.162841 -1.267136
v -0.081267 0.173488 -1.272918
v -0.090348 0.170028 -1.279770
v -0.080445 0.162841 -1.267136
v 0.030893 0.162838 -1.283002
v -0.081267 0.173488 -1.272918
v 0.030893 0.162838 -1.283002
v 0.030452 0.173488 -1.288805
v -0.081267 0.173488 -1.272918
v 0.030452 0.173488 -1.288805
v 0.030893 0.162838 -1.283002
v 0.120447 0.162285 -1.285661
v 0.127867 0.172880 -1.291698
v 0.030452 0.173488 -1.288805
v 0.120447 0.162285 -1.285661
v -0.100970 0.216695 -1.087179
v 0.050874 0.216695 -1.108841
v -0.098001 0.216695 -1.141003
v 0.050874 0.216695 -1.108841
v 0.046867 0.216695 -1.161603
v -0.098001 0.216695 -1.141003
v 0.046867 0.216695 -1.161603
v 0.050874 0.216695 -1.108841
v 0.200368 0.216695 -1.110389
v 0.203282 0.216695 -1.163222
v 0.046867 0.216695 -1.161603
v 0.200368 0.216695 -1.110389
v -1.155963 0.123501 -0.565842
v -1.063670 0.123500 -0.729594
v -1.155963 0.136217 -0.565842
v -1.063670 0.123500 -0.729594
v -1.063670 0.136217 -0.729594
v -1.155963 0.136217 -0.565842
v -0.832188 0.136217 -1.000980
v -0.950790 0.136217 -0.879898
v -0.832188 0.123504 -1.000980
v -0.950790 0.136217 -0.879898
v -0.950790 0.123501 -0.879898
v -0.832188 0.123504 -1.000980
v -0.950790 0.136217 -0.879898
v -1.063670 0.136217 -0.729594
v -0.950790 0.123501 -0.879898
v -1.063670 0.136217 -0.729594
v -1.063670 0.123500 -0.729594
v -0.950790 0.123501 -0.879898
v -1.204950 0.100004 -0.589372
v -1.260703 0.100004 -0.450731
v -1.204951 0.112943 -0.589372
v -1.260703 0.100004 -0.450731
v -1.260703 0.112943 -0.450731
v -1.204951 0.112943 -0.589372
v -1.260703 0.100004 -0.450731
v -1.262203 0.101604 -0.437106
v -1.260703 0.112943 -0.450731
v -1.262203 0.101604 -0.437106
v -1.262203 0.114528 -0.437106
v -1.260703 0.112943 -0.450731
v -1.262203 0.101604 -0.437106
v -1.256417 0.105939 -0.424679
v -1.262203 0.114528 -0.437106
v -1.256417 0.105939 -0.424679
v -1.256417 0.118822 -0.424679
v -1.262203 0.114528 -0.437106
v -1.256417 0.105939 -0.424679
v -1.245021 0.111752 -0.417057
v -1.256417 0.118822 -0.424679
v -1.245021 0.111752 -0.417057
v -1.245021 0.124580 -0.417057
v -1.256417 0.118822 -0.424679
v -1.245021 0.111752 -0.417057
v -1.230646 0.117685 -0.416106
v -1.245021 0.124580 -0.417057
v -1.230646 0.117685 -0.416106
v -1.230646 0.130456 -0.416106
v -1.245021 0.124580 -0.417057
v -1.230646 0.117685 -0.416106
v -1.217589 0.121951 -0.422186
v -1.230646 0.130456 -0.416106
v -1.217589 0.121951 -0.422186
v -1.217589 0.134682 -0.422186
v -1.230646 0.130456 -0.416106
v -1.217589 0.121951 -0.422186
v -1.209065 0.123500 -0.433796
v -1.217589 0.134682 -0.422186
v -1.209065 0.123500 -0.433796
v -1.209065 0.136217 -0.433796
v -1.217589 0.134682 -0.422186
v -1.209065 0.123500 -0.433796
v -1.155963 0.123501 -0.565842
v -1.209065 0.136217 -0.433796
v -1.155963 0.123501 -0.565842
v -1.155963 0.136217 -0.565842
v -1.209065 0.136217 -0.433796
v -0.992017 0.112943 -0.915305
v -0.868441 0.112943 -1.041466
v -0.868441 0.100008 -1.041466
v -0.992016 0.100005 -0.915305
v -0.992017 0.112943 -0.915305
v -0.868441 0.100008 -1.041466
v -0.992017 0.112943 -0.915305
v -0.992016 0.100005 -0.915305
v -1.109165 0.100004 -0.759317
v -1.109165 0.112943 -0.759317
v -0.992017 0.112943 -0.915305
v -1.109165 0.100004 -0.759317
v -1.109165 0.100004 -0.759317
v -1.204950 0.100004 -0.589372
v -1.109165 0.112943 -0.759317
v -1.204950 0.100004 -0.589372
v -1.204951 0.112943 -0.589372
v -1.109165 0.112943 -0.759317
v -1.388564 0.098635 0.193100
v -1.387012 0.098635 0.164960
v -1.262741 0.098635 0.200040
v -1.387012 0.098635 0.164960
v -1.261189 0.098635 0.171900
v -1.262741 0.098635 0.200040
v -1.262741 0.098635 0.200040
v -1.261189 0.098635 0.171900
v -1.088645 0.098635 0.142645
v -1.261189 0.098635 0.171900
v -1.087093 0.098635 0.114505
v -1.088645 0.098635 0.142645
v -1.088645 0.098635 0.142645
v -1.087093 0.098635 0.114505
v -1.037432 0.098635 0.117244
v -1.032884 0.098635 0.145720
v -1.088645 0.098635 0.142645
v -1.037432 0.098635 0.117244
v -0.868441 0.100008 -1.041466
v -0.868441 0.112943 -1.041466
v -0.832188 0.123504 -1.000980
v -0.868441 0.112943 -1.041466
v -0.832188 0.136217 -1.000980
v -0.832188 0.123504 -1.000980
v -1.389465 -0.010700 -0.338069
v -1.389465 0.038148 -0.338069
v -1.375846 -0.010700 -0.337318
v -1.389465 0.038148 -0.338069
v -1.375845 0.038148 -0.337318
v -1.375846 -0.010700 -0.337318
v -1.375845 0.038148 -0.337318
v -1.389465 0.038148 -0.338069
v -1.373738 0.065408 -0.337202
v -1.389465 0.038148 -0.338069
v -1.384858 0.071430 -0.337815
v -1.373738 0.065408 -0.337202
v -1.384858 0.071430 -0.337815
v -1.354957 0.088554 -0.336166
v -1.373738 0.065408 -0.337202
v -1.354957 0.088554 -0.336166
v -1.349009 0.077909 -0.335838
v -1.373738 0.065408 -0.337202
v -0.968167 0.228529 -0.314833
v -0.968167 0.216695 -0.314833
v -1.022929 0.228529 -0.317854
v -0.968167 0.216695 -0.314833
v -1.022929 0.216695 -0.317854
v -1.022929 0.228529 -0.317854
v -1.022929 0.228529 -0.317854
v -1.022929 0.216695 -0.317854
v -1.354957 0.088554 -0.336166
v -1.022929 0.216695 -0.317854
v -1.349009 0.077909 -0.335838
v -1.354957 0.088554 -0.336166
v -0.913971 0.216695 -0.449603
v -0.961668 0.216695 -0.472514
v -0.968167 0.216695 -0.314833
v -0.961668 0.216695 -0.472514
v -1.021280 0.216695 -0.324275
v -0.968167 0.216695 -0.314833
v -1.021280 0.216695 -0.324275
v -1.022929 0.216695 -0.317854
v -0.968167 0.216695 -0.314833
v -0.961668 0.216695 -0.472514
v -0.913971 0.216695 -0.449603
v -0.838919 0.216695 -0.582763
v -0.883217 0.216695 -0.611703
v -0.961668 0.216695 -0.472514
v -0.838919 0.216695 -0.582763
v -0.883217 0.216695 -0.611703
v -0.838919 0.216695 -0.582763
v -0.747127 0.216695 -0.704987
v -0.787269 0.216695 -0.739462
v -0.883217 0.216695 -0.611703
v -0.747127 0.216695 -0.704987
v -0.787269 0.216695 -0.739462
v -0.747127 0.216695 -0.704987
v -0.677812 0.216695 -0.851209
v -0.747127 0.216695 -0.704987
v -0.642513 0.216695 -0.811790
v -0.677812 0.216695 -0.851209
v -1.365425 0.098635 -0.226442
v -1.239602 0.098635 -0.219503
v -1.239602 -0.095965 -0.219503
v -1.365425 -0.095965 -0.226442
v -1.365425 0.098635 -0.226442
v -1.239602 -0.095965 -0.219503
v -1.365425 0.098635 -0.226442
v -1.365425 -0.095965 -0.226442
v -1.535437 0.001709 -0.235819
v -1.365425 -0.095965 -0.226442
v -1.499179 -0.095965 -0.233819
v -1.535437 0.001709 -0.235819
v -1.499179 -0.095965 -0.233819
v -1.531568 -0.086643 -0.235606
v -1.535437 0.001709 -0.235819
v -1.531568 -0.086643 -0.235606
v -1.551585 -0.062237 -0.236710
v -1.535437 0.001709 -0.235819
v -1.551585 -0.062237 -0.236710
v -1.552120 -0.029760 -0.236739
v -1.535437 0.001709 -0.235819
v -1.063670 0.123500 -0.729594
v -0.883217 0.216695 -0.611703
v -0.950790 0.123501 -0.879898
v -0.883217 0.216695 -0.611703
v -0.787269 0.216695 -0.739462
v -0.950790 0.123501 -0.879898
v -1.063670 0.123500 -0.729594
v -1.155963 0.123501 -0.565842
v -0.883217 0.216695 -0.611703
v -1.155963 0.123501 -0.565842
v -0.961668 0.216695 -0.472514
v -0.883217 0.216695 -0.611703
v -0.950790 0.123501 -0.879898
v -0.787269 0.216695 -0.739462
v -0.832188 0.123504 -1.000980
v -0.787269 0.216695 -0.739462
v -0.677812 0.216695 -0.851209
v -0.832188 0.123504 -1.000980
v -0.677812 0.216695 -0.851209
v -0.891871 0.077963 -1.090260
v -0.832188 0.123504 -1.000980
v -0.891871 0.077963 -1.090260
v -0.868441 0.100008 -1.041466
v -0.832188 0.123504 -1.000980
v -0.891871 0.077963 -1.090260
v -1.030698 0.077959 -0.948525
v -0.868441 0.100008 -1.041466
v -1.030698 0.077959 -0.948525
v -0.992016 0.100005 -0.915305
v -0.868441 0.100008 -1.041466
v -0.992016 0.100005 -0.915305
v -1.030698 0.077959 -0.948525
v -1.109165 0.100004 -0.759317
v -1.050840 0.038148 -0.965823
v -1.050861 -0.010700 -0.965842
v -1.174103 -0.010700 -0.801741
v -1.050861 -0.010700 -0.965842
v -1.050840 0.038148 -0.965823
v -0.909770 -0.010700 -1.110249
v -1.050840 0.038148 -0.965823
v -0.909770 0.038148 -1.110248
v -0.909770 -0.010700 -1.110249
v -1.050840 0.038148 -0.965823
v -1.048873 0.065235 -0.964134
v -0.909770 0.038148 -1.110248
v -1.048873 0.065235 -0.964134
v -0.908180 0.065423 -1.108473
v -0.909770 0.038148 -1.110248
v -0.891871 0.077963 -1.090260
v -0.908180 0.065423 -1.108473
v -1.048873 0.065235 -0.964134
v -1.030698 0.077959 -0.948525
v -0.891871 0.077963 -1.090260
v -1.048873 0.065235 -0.964134
v -1.151851 0.077959 -0.787204
v -1.030698 0.077959 -0.948525
v -1.048873 0.065235 -0.964134
v -1.030698 0.077959 -0.948525
v -1.151851 0.077959 -0.787204
v -1.109165 0.100004 -0.759317
v -1.171909 0.065235 -0.800307
v -1.151851 0.077959 -0.787204
v -1.048873 0.065235 -0.964134
v -1.048873 0.065235 -0.964134
v -1.050840 0.038148 -0.965823
v -1.174079 0.038148 -0.801725
v -1.171909 0.065235 -0.800307
v -1.048873 0.065235 -0.964134
v -1.174079 0.038148 -0.801725
v -1.171909 0.065235 -0.800307
v -1.174079 0.038148 -0.801725
v -1.274844 0.038148 -0.622945
v -1.272507 0.065235 -0.621822
v -1.171909 0.065235 -0.800307
v -1.274844 0.038148 -0.622945
v -1.272507 0.065235 -0.621822
v -1.250912 0.077959 -0.611449
v -1.171909 0.065235 -0.800307
v -1.250912 0.077959 -0.611449
v -1.151851 0.077959 -0.787204
v -1.171909 0.065235 -0.800307
v -1.109165 0.100004 -0.759317
v -1.151851 0.077959 -0.787204
v -1.250912 0.077959 -0.611449
v -1.204950 0.100004 -0.589372
v -1.109165 0.100004 -0.759317
v -1.250912 0.077959 -0.611449
v -1.260703 0.100004 -0.450731
v -1.204950 0.100004 -0.589372
v -1.250912 0.077959 -0.611449
v -0.961668 0.216695 -0.472514
v -1.155963 0.123501 -0.565842
v -1.209065 0.123500 -0.433796
v -1.021280 0.216695 -0.324275
v -0.961668 0.216695 -0.472514
v -1.209065 0.123500 -0.433796
v -1.021280 0.216695 -0.324275
v -1.209065 0.123500 -0.433796
v -1.217589 0.121951 -0.422186
v -1.021280 0.216695 -0.324275
v -1.217589 0.121951 -0.422186
v -1.230646 0.117685 -0.416106
v -1.326181 0.077961 -0.424267
v -1.021280 0.216695 -0.324275
v -1.230646 0.117685 -0.416106
v -1.245021 0.111752 -0.417057
v -1.326181 0.077961 -0.424267
v -1.230646 0.117685 -0.416106
v -1.326181 0.077961 -0.424267
v -1.245021 0.111752 -0.417057
v -1.256417 0.105939 -0.424679
v -1.262203 0.101604 -0.437106
v -1.326181 0.077961 -0.424267
v -1.256417 0.105939 -0.424679
v -1.262203 0.101604 -0.437106
v -1.260703 0.100004 -0.450731
v -1.326181 0.077961 -0.424267
v -1.326181 0.077961 -0.424267
v -1.260703 0.100004 -0.450731
v -1.250912 0.077959 -0.611449
v -1.326181 0.077961 -0.424267
v -1.250912 0.077959 -0.611449
v -1.348942 0.065243 -0.431729
v -1.250912 0.077959 -0.611449
v -1.272507 0.065235 -0.621822
v -1.348942 0.065243 -0.431729
v -1.348942 0.065243 -0.431729
v -1.272507 0.065235 -0.621822
v -1.351412 0.038148 -0.432541
v -1.272507 0.065235 -0.621822
v -1.274844 0.038148 -0.622945
v -1.351412 0.038148 -0.432541
v -1.274844 0.038148 -0.622945
v -1.274870 -0.010700 -0.622957
v -1.351412 0.038148 -0.432541
v -1.274844 0.038148 -0.622945
v -1.174079 0.038148 -0.801725
v -1.274870 -0.010700 -0.622957
v -1.174079 0.038148 -0.801725
v -1.174103 -0.010700 -0.801741
v -1.274870 -0.010700 -0.622957
v -1.174079 0.038148 -0.801725
v -1.050840 0.038148 -0.965823
v -1.174103 -0.010700 -0.801741
v -1.274870 -0.010700 -0.622957
v -1.351440 -0.010700 -0.432550
v -1.351412 0.038148 -0.432541
v -1.351412 0.038148 -0.432541
v -1.351440 -0.010700 -0.432550
v -1.375846 -0.010700 -0.337318
v -1.375845 0.038148 -0.337318
v -1.351412 0.038148 -0.432541
v -1.375846 -0.010700 -0.337318
v -1.375845 0.038148 -0.337318
v -1.373738 0.065408 -0.337202
v -1.351412 0.038148 -0.432541
v -1.373738 0.065408 -0.337202
v -1.348942 0.065243 -0.431729
v -1.351412 0.038148 -0.432541
v -1.373738 0.065408 -0.337202
v -1.349009 0.077909 -0.335838
v -1.348942 0.065243 -0.431729
v -1.349009 0.077909 -0.335838
v -1.326181 0.077961 -0.424267
v -1.348942 0.065243 -0.431729
v -1.349009 0.077909 -0.335838
v -1.022929 0.216695 -0.317854
v -1.326181 0.077961 -0.424267
v -1.022929 0.216695 -0.317854
v -1.021280 0.216695 -0.324275
v -1.326181 0.077961 -0.424267
v -1.015561 0.098635 -0.168375
v -1.023213 0.098635 -0.140571
v -1.071322 0.098635 -0.171450
v -1.023213 0.098635 -0.140571
v -1.072874 0.098635 -0.143310
v -1.071322 0.098635 -0.171450
v -1.072874 0.098635 -0.143310
v -1.239602 0.098635 -0.219503
v -1.071322 0.098635 -0.171450
v -1.239602 0.098635 -0.219503
v -1.238050 0.098635 -0.247643
v -1.071322 0.098635 -0.171450
v -1.239602 0.098635 -0.219503
v -1.365425 0.098635 -0.226442
v -1.238050 0.098635 -0.247643
v -1.365425 0.098635 -0.226442
v -1.363873 0.098635 -0.254582
v -1.238050 0.098635 -0.247643
v -0.642513 0.228529 -0.811790
v -0.747127 0.228529 -0.704988
v -0.677812 0.228529 -0.851210
v -0.747127 0.228529 -0.704988
v -0.787269 0.228529 -0.739462
v -0.677812 0.228529 -0.851210
v -0.787269 0.228529 -0.739462
v -0.747127 0.228529 -0.704988
v -0.883217 0.228529 -0.611703
v -0.747127 0.228529 -0.704988
v -0.838919 0.228529 -0.582763
v -0.883217 0.228529 -0.611703
v -0.883217 0.228529 -0.611703
v -0.838919 0.228529 -0.582763
v -0.961668 0.228529 -0.472514
v -0.838919 0.228529 -0.582763
v -0.913972 0.228529 -0.449603
v -0.961668 0.228529 -0.472514
v -0.961668 0.228529 -0.472514
v -0.913972 0.228529 -0.449603
v -0.968167 0.228529 -0.314833
v -1.021280 0.228529 -0.324275
v -0.961668 0.228529 -0.472514
v -0.968167 0.228529 -0.314833
v -1.021280 0.228529 -0.324275
v -0.968167 0.228529 -0.314833
v -1.022929 0.228529 -0.317854
v -1.238050 -0.095965 -0.247643
v -1.238050 0.098635 -0.247643
v -1.363873 -0.095965 -0.254582
v -1.238050 0.098635 -0.247643
v -1.363873 0.098635 -0.254582
v -1.363873 -0.095965 -0.254582
v -1.363873 -0.095965 -0.254582
v -1.363873 0.098635 -0.254582
v -1.533884 0.001709 -0.263959
v -1.497627 -0.095965 -0.261959
v -1.363873 -0.095965 -0.254582
v -1.533884 0.001709 -0.263959
v -1.530016 -0.086643 -0.263745
v -1.497627 -0.095965 -0.261959
v -1.533884 0.001709 -0.263959
v -1.550033 -0.062237 -0.264849
v -1.530016 -0.086643 -0.263745
v -1.533884 0.001709 -0.263959
v -1.550568 -0.029760 -0.264879
v -1.550033 -0.062237 -0.264849
v -1.533884 0.001709 -0.263959
v -1.124898 0.157250 -0.191687
v -1.124898 0.169083 -0.191687
v -1.120669 0.157158 -0.268370
v -1.124898 0.169083 -0.191687
v -1.118743 0.165463 -0.303286
v -1.120669 0.157158 -0.268370
v -1.118644 0.126352 -0.305074
v -1.120669 0.157158 -0.268370
v -1.118743 0.165463 -0.303286
v -1.118127 0.155574 -0.314450
v -1.118644 0.126352 -0.305074
v -1.118743 0.165463 -0.303286
v -1.118127 0.155574 -0.314450
v -1.117902 -0.010700 -0.318537
v -1.118644 0.126352 -0.305074
v -1.117902 -0.010700 -0.318537
v -1.118636 -0.010700 -0.305222
v -1.118644 0.126352 -0.305074
v -1.060989 -0.010700 -0.974540
v -0.918506 -0.010700 -1.120004
v -0.918506 0.038095 -1.120004
v -1.060990 0.038148 -0.974540
v -1.060989 -0.010700 -0.974540
v -0.918506 0.038095 -1.120004
v -1.060990 0.038148 -0.974540
v -0.918506 0.038095 -1.120004
v -0.915442 0.071460 -1.116582
v -1.057504 0.071460 -0.971547
v -1.060990 0.038148 -0.974540
v -0.915442 0.071460 -1.116582
v -1.057504 0.071460 -0.971547
v -0.915442 0.071460 -1.116582
v -1.035121 0.088610 -0.952324
v -0.915442 0.071460 -1.116582
v -0.895759 0.088610 -1.094601
v -1.035121 0.088610 -0.952324
v -1.185280 -0.010700 -0.809043
v -1.060989 -0.010700 -0.974540
v -1.060990 0.038148 -0.974540
v -0.677812 0.228529 -0.851210
v -0.787269 0.228529 -0.739462
v -0.832188 0.136217 -1.000980
v -0.895759 0.088610 -1.094601
v -0.677812 0.228529 -0.851210
v -0.832188 0.136217 -1.000980
v -0.868441 0.112943 -1.041466
v -0.895759 0.088610 -1.094601
v -0.832188 0.136217 -1.000980
v -0.895759 0.088610 -1.094601
v -0.868441 0.112943 -1.041466
v -1.035121 0.088610 -0.952324
v -0.868441 0.112943 -1.041466
v -0.992017 0.112943 -0.915305
v -1.035121 0.088610 -0.952324
v -0.992017 0.112943 -0.915305
v -1.109165 0.112943 -0.759317
v -1.035121 0.088610 -0.952324
v -1.109165 0.112943 -0.759317
v -1.156733 0.088610 -0.790393
v -1.035121 0.088610 -0.952324
v -1.057504 0.071460 -0.971547
v -1.035121 0.088610 -0.952324
v -1.156733 0.088610 -0.790393
v -1.181433 0.071460 -0.806530
v -1.057504 0.071460 -0.971547
v -1.156733 0.088610 -0.790393
v -1.057504 0.071460 -0.971547
v -1.181433 0.071460 -0.806530
v -1.060990 0.038148 -0.974540
v -1.181433 0.071460 -0.806530
v -1.185280 0.038148 -0.809043
v -1.060990 0.038148 -0.974540
v -1.185280 0.038148 -0.809043
v -1.185280 -0.010700 -0.809043
v -1.060990 0.038148 -0.974540
v -1.286904 -0.010700 -0.628738
v -1.185280 -0.010700 -0.809043
v -1.185280 0.038148 -0.809043
v -1.286904 0.038148 -0.628738
v -1.286904 -0.010700 -0.628738
v -1.185280 0.038148 -0.809043
v -1.364125 -0.010700 -0.436711
v -1.286904 -0.010700 -0.628738
v -1.286904 0.038148 -0.628738
v -1.364125 0.038148 -0.436711
v -1.364125 -0.010700 -0.436711
v -1.286904 0.038148 -0.628738
v -1.364125 -0.010700 -0.436711
v -1.364125 0.038148 -0.436711
v -1.389465 -0.010700 -0.338069
v -1.364125 0.038148 -0.436711
v -1.389465 0.038148 -0.338069
v -1.389465 -0.010700 -0.338069
v -1.181433 0.071460 -0.806530
v -1.156733 0.088610 -0.790393
v -1.256167 0.088610 -0.613974
v -1.282763 0.071459 -0.626749
v -1.181433 0.071460 -0.806530
v -1.256167 0.088610 -0.613974
v -1.181433 0.071460 -0.806530
v -1.282763 0.071459 -0.626749
v -1.185280 0.038148 -0.809043
v -1.282763 0.071459 -0.626749
v -1.286904 0.038148 -0.628738
v -1.185280 0.038148 -0.809043
v -1.364125 0.038148 -0.436711
v -1.286904 0.038148 -0.628738
v -1.282763 0.071459 -0.626749
v -1.359759 0.071461 -0.435279
v -1.364125 0.038148 -0.436711
v -1.282763 0.071459 -0.626749
v -1.282763 0.071459 -0.626749
v -1.256167 0.088610 -0.613974
v -1.359759 0.071461 -0.435279
v -1.256167 0.088610 -0.613974
v -1.331721 0.088611 -0.426084
v -1.359759 0.071461 -0.435279
v -1.384858 0.071430 -0.337815
v -1.389465 0.038148 -0.338069
v -1.364125 0.038148 -0.436711
v -1.359759 0.071461 -0.435279
v -1.384858 0.071430 -0.337815
v -1.364125 0.038148 -0.436711
v -1.384858 0.071430 -0.337815
v -1.359759 0.071461 -0.435279
v -1.354957 0.088554 -0.336166
v -1.359759 0.071461 -0.435279
v -1.331721 0.088611 -0.426084
v -1.354957 0.088554 -0.336166
v -1.354957 0.088554 -0.336166
v -1.331721 0.088611 -0.426084
v -1.022929 0.228529 -0.317854
v -1.331721 0.088611 -0.426084
v -1.021280 0.228529 -0.324275
v -1.022929 0.228529 -0.317854
v -1.256167 0.088610 -0.613974
v -1.156733 0.088610 -0.790393
v -1.109165 0.112943 -0.759317
v -1.204951 0.112943 -0.589372
v -1.256167 0.088610 -0.613974
v -1.109165 0.112943 -0.759317
v -1.256167 0.088610 -0.613974
v -1.204951 0.112943 -0.589372
v -1.260703 0.112943 -0.450731
v -1.331721 0.088611 -0.426084
v -1.256167 0.088610 -0.613974
v -1.260703 0.112943 -0.450731
v -1.331721 0.088611 -0.426084
v -1.260703 0.112943 -0.450731
v -1.262203 0.114528 -0.437106
v -1.331721 0.088611 -0.426084
v -1.262203 0.114528 -0.437106
v -1.256417 0.118822 -0.424679
v -1.331721 0.088611 -0.426084
v -1.256417 0.118822 -0.424679
v -1.245021 0.124580 -0.417057
v -1.021280 0.228529 -0.324275
v -1.331721 0.088611 -0.426084
v -1.245021 0.124580 -0.417057
v -1.230646 0.130456 -0.416106
v -1.021280 0.228529 -0.324275
v -1.245021 0.124580 -0.417057
v -1.230646 0.130456 -0.416106
v -1.217589 0.134682 -0.422186
v -1.021280 0.228529 -0.324275
v -1.217589 0.134682 -0.422186
v -1.209065 0.136217 -0.433796
v -1.021280 0.228529 -0.324275
v -1.021280 0.228529 -0.324275
v -1.209065 0.136217 -0.433796
v -0.961668 0.228529 -0.472514
v -1.209065 0.136217 -0.433796
v -1.155963 0.136217 -0.565842
v -0.961668 0.228529 -0.472514
v -0.883217 0.228529 -0.611703
v -0.961668 0.228529 -0.472514
v -1.155963 0.136217 -0.565842
v -1.063670 0.136217 -0.729594
v -0.883217 0.228529 -0.611703
v -1.155963 0.136217 -0.565842
v -1.063670 0.136217 -0.729594
v -0.950790 0.136217 -0.879898
v -0.883217 0.228529 -0.611703
v -0.950790 0.136217 -0.879898
v -0.787269 0.228529 -0.739462
v -0.883217 0.228529 -0.611703
v -0.787269 0.228529 -0.739462
v -0.950790 0.136217 -0.879898
v -0.832188 0.136217 -1.000980
v -1.405611 0.157250 -0.207169
v -1.405611 0.169083 -0.207169
v -1.404515 0.157250 -0.227046
v -1.405611 0.169083 -0.207169
v -1.404515 0.169083 -0.227046
v -1.404515 0.157250 -0.227046
v -1.404515 0.157250 -0.227046
v -1.404515 0.169083 -0.227046
v -1.294742 0.157250 -0.220992
v -1.404515 0.169083 -0.227046
v -1.294742 0.169083 -0.220992
v -1.294742 0.157250 -0.220992
v -1.294742 0.157250 -0.220992
v -1.294742 0.169083 -0.220992
v -1.295839 0.169083 -0.201115
v -1.295839 0.157250 -0.201115
v -1.294742 0.157250 -0.220992
v -1.295839 0.169083 -0.201115
v -0.509517 0.136217 -1.225816
v -0.509516 0.123500 -1.225816
v -0.336608 0.136217 -1.299541
v -0.509516 0.123500 -1.225816
v -0.336608 0.123501 -1.299541
v -0.336608 0.136217 -1.299541
v -0.509516 0.123500 -1.225816
v -0.509517 0.136217 -1.225816
v -0.671323 0.123501 -1.130149
v -0.509517 0.136217 -1.225816
v -0.671323 0.136217 -1.130150
v -0.671323 0.123501 -1.130149
v -0.671323 0.123501 -1.130149
v -0.671323 0.136217 -1.130150
v -0.804713 0.123504 -1.025583
v -0.671323 0.136217 -1.130150
v -0.804713 0.136217 -1.025583
v -0.804713 0.123504 -1.025583
v -0.336608 0.136217 -1.299541
v -0.336608 0.123501 -1.299541
v -0.199524 0.136217 -1.337800
v -0.336608 0.123501 -1.299541
v -0.199524 0.123500 -1.337800
v -0.199524 0.136217 -1.337800
v -0.199524 0.136217 -1.337800
v -0.199524 0.123500 -1.337800
v -0.187046 0.134682 -1.344995
v -0.199524 0.123500 -1.337800
v -0.187046 0.121951 -1.344995
v -0.187046 0.134682 -1.344995
v -0.187046 0.134682 -1.344995
v -0.187046 0.121951 -1.344995
v -0.179567 0.130456 -1.357304
v -0.187046 0.121951 -1.344995
v -0.179567 0.117685 -1.357304
v -0.179567 0.130456 -1.357304
v -0.179567 0.130456 -1.357304
v -0.179567 0.117685 -1.357304
v -0.178931 0.124580 -1.371696
v -0.179567 0.117685 -1.357304
v -0.178931 0.111752 -1.371696
v -0.178931 0.124580 -1.371696
v -0.178931 0.124580 -1.371696
v -0.178931 0.111752 -1.371696
v -0.185255 0.118822 -1.383861
v -0.178931 0.111752 -1.371696
v -0.185255 0.105939 -1.383861
v -0.185255 0.118822 -1.383861
v -0.185255 0.118822 -1.383861
v -0.185255 0.105939 -1.383861
v -0.196970 0.114528 -1.390979
v -0.185255 0.105939 -1.383861
v -0.196970 0.101604 -1.390979
v -0.196970 0.114528 -1.390979
v -0.196970 0.114528 -1.390979
v -0.196970 0.101604 -1.390979
v -0.210677 0.112943 -1.390987
v -0.196970 0.101604 -1.390979
v -0.210677 0.100004 -1.390987
v -0.210677 0.112943 -1.390987
v -0.210677 0.112943 -1.390987
v -0.210677 0.100004 -1.390987
v -0.354608 0.112943 -1.350819
v -0.210677 0.100004 -1.390987
v -0.354609 0.100004 -1.350819
v -0.354608 0.112943 -1.350819
v -0.354608 0.112943 -1.350819
v -0.354609 0.100004 -1.350819
v -0.534056 0.112943 -1.274303
v -0.354609 0.100004 -1.350819
v -0.534056 0.100004 -1.274303
v -0.534056 0.112943 -1.274303
v -0.701981 0.112943 -1.175020
v -0.534056 0.112943 -1.274303
v -0.534056 0.100004 -1.274303
v -0.701981 0.100005 -1.175020
v -0.701981 0.112943 -1.175020
v -0.534056 0.100004 -1.274303
v -0.701981 0.100005 -1.175020
v -0.840967 0.100008 -1.066068
v -0.701981 0.112943 -1.175020
v -0.840967 0.100008 -1.066068
v -0.840967 0.112943 -1.066068
v -0.701981 0.112943 -1.175020
v -0.840967 0.100008 -1.066068
v -0.804713 0.123504 -1.025583
v -0.840967 0.112943 -1.066068
v -0.804713 0.123504 -1.025583
v -0.804713 0.136217 -1.025583
v -0.840967 0.112943 -1.066068
v -0.111318 0.216695 -1.139109
v -0.265213 0.216695 -1.096161
v -0.107774 0.216695 -1.085280
v -0.265213 0.216695 -1.096161
v -0.247687 0.216695 -1.046234
v -0.107774 0.216695 -1.085280
v -0.104754 0.216695 -1.140042
v -0.111318 0.216695 -1.139109
v -0.107774 0.216695 -1.085280
v -0.637530 0.216695 -0.816253
v -0.519870 0.216695 -0.908487
v -0.672828 0.216695 -0.855672
v -0.519870 0.216695 -0.908487
v -0.549721 0.216695 -0.952176
v -0.672828 0.216695 -0.855672
v -0.549721 0.216695 -0.952176
v -0.519870 0.216695 -0.908487
v -0.412186 0.216695 -1.033492
v -0.519870 0.216695 -0.908487
v -0.388293 0.216695 -0.986281
v -0.412186 0.216695 -1.033492
v -0.412186 0.216695 -1.033492
v -0.388293 0.216695 -0.986281
v -0.265213 0.216695 -1.096161
v -0.388293 0.216695 -0.986281
v -0.247687 0.216695 -1.046234
v -0.265213 0.216695 -1.096161
v -0.637530 0.228529 -0.816253
v -0.519870 0.228529 -0.908487
v -0.637530 0.216695 -0.816253
v -0.519870 0.228529 -0.908487
v -0.519870 0.216695 -0.908487
v -0.637530 0.216695 -0.816253
v -0.519870 0.216695 -0.908487
v -0.519870 0.228529 -0.908487
v -0.388293 0.228529 -0.986281
v -0.388293 0.216695 -0.986281
v -0.519870 0.216695 -0.908487
v -0.388293 0.228529 -0.986281
v -0.247687 0.216695 -1.046234
v -0.388293 0.216695 -0.986281
v -0.388293 0.228529 -0.986281
v -0.247687 0.228529 -1.046234
v -0.247687 0.216695 -1.046234
v -0.388293 0.228529 -0.986281
v -0.247687 0.216695 -1.046234
v -0.247687 0.228529 -1.046234
v -0.107774 0.228529 -1.085280
v -0.107774 0.216695 -1.085280
v -0.247687 0.216695 -1.046234
v -0.107774 0.228529 -1.085280
v -0.904787 -0.010700 -1.114711
v -0.745741 -0.010700 -1.239065
v -0.913523 -0.010700 -1.124467
v -0.745741 -0.010700 -1.239065
v -0.753272 -0.010700 -1.250089
v -0.913523 -0.010700 -1.124467
v -0.745741 -0.010700 -1.239065
v -0.569082 -0.010700 -1.343513
v -0.753272 -0.010700 -1.250089
v -0.569082 -0.010700 -1.343513
v -0.575110 -0.010700 -1.355425
v -0.753272 -0.010700 -1.250089
v -0.575110 -0.010700 -1.355425
v -0.569082 -0.010700 -1.343513
v -0.384723 -0.010700 -1.436604
v -0.569082 -0.010700 -1.343513
v -0.380301 -0.010700 -1.424008
v -0.384723 -0.010700 -1.436604
v -0.384723 -0.010700 -1.436604
v -0.380301 -0.010700 -1.424008
v -0.185368 -0.010700 -1.492240
v -0.380301 -0.010700 -1.424008
v -0.182628 -0.010700 -1.479174
v -0.185368 -0.010700 -1.492240
v -0.185368 -0.010700 -1.492240
v -0.182628 -0.010700 -1.479174
v -0.085289 -0.010700 -1.492959
v -0.084538 -0.010700 -1.506578
v -0.185368 -0.010700 -1.492240
v -0.085289 -0.010700 -1.492959
v -0.086770 0.077908 -1.466122
v -0.104754 0.216695 -1.140042
v -0.086442 0.088554 -1.472070
v -0.104754 0.216695 -1.140042
v -0.104754 0.228528 -1.140042
v -0.086442 0.088554 -1.472070
v -0.104754 0.216695 -1.140042
v -0.107774 0.216695 -1.085280
v -0.104754 0.228528 -1.140042
v -0.107774 0.216695 -1.085280
v -0.107774 0.228529 -1.085280
v -0.104754 0.228528 -1.140042
v -0.084538 -0.010700 -1.506578
v -0.085289 -0.010700 -1.492959
v -0.084538 0.038148 -1.506578
v -0.085289 -0.010700 -1.492959
v -0.085290 0.038148 -1.492958
v -0.084538 0.038148 -1.506578
v -0.084538 0.038148 -1.506578
v -0.085290 0.038148 -1.492958
v -0.085406 0.065408 -1.490851
v -0.084792 0.071430 -1.501971
v -0.084538 0.038148 -1.506578
v -0.085406 0.065408 -1.490851
v -0.086442 0.088554 -1.472070
v -0.084792 0.071430 -1.501971
v -0.085406 0.065408 -1.490851
v -0.086770 0.077908 -1.466122
v -0.086442 0.088554 -1.472070
v -0.085406 0.065408 -1.490851
v -0.637530 0.228529 -0.816253
v -0.637530 0.216695 -0.816253
v -0.672828 0.216695 -0.855672
v -0.672828 0.228529 -0.855672
v -0.637530 0.228529 -0.816253
v -0.672828 0.216695 -0.855672
v -0.890776 0.088610 -1.099064
v -0.672828 0.228529 -0.855672
v -0.672828 0.216695 -0.855672
v -0.886888 0.077963 -1.094722
v -0.890776 0.088610 -1.099064
v -0.672828 0.216695 -0.855672
v -0.890776 0.088610 -1.099064
v -0.886888 0.077963 -1.094722
v -0.903197 0.065423 -1.112935
v -0.910458 0.071460 -1.121044
v -0.890776 0.088610 -1.099064
v -0.903197 0.065423 -1.112935
v -0.910458 0.071460 -1.121044
v -0.903197 0.065423 -1.112935
v -0.913523 0.038095 -1.124467
v -0.903197 0.065423 -1.112935
v -0.904787 0.038148 -1.114711
v -0.913523 0.038095 -1.124467
v -0.904787 0.038148 -1.114711
v -0.904787 -0.010700 -1.114711
v -0.913523 0.038095 -1.124467
v -0.904787 -0.010700 -1.114711
v -0.913523 -0.010700 -1.124467
v -0.913523 0.038095 -1.124467
v -0.412186 0.216695 -1.033492
v -0.509516 0.123500 -1.225816
v -0.671323 0.123501 -1.130149
v -0.549721 0.216695 -0.952176
v -0.412186 0.216695 -1.033492
v -0.671323 0.123501 -1.130149
v -0.509516 0.123500 -1.225816
v -0.412186 0.216695 -1.033492
v -0.336608 0.123501 -1.299541
v -0.412186 0.216695 -1.033492
v -0.265213 0.216695 -1.096161
v -0.336608 0.123501 -1.299541
v -0.840967 0.100008 -1.066068
v -0.886888 0.077963 -1.094722
v -0.804713 0.123504 -1.025583
v -0.886888 0.077963 -1.094722
v -0.672828 0.216695 -0.855672
v -0.804713 0.123504 -1.025583
v -0.672828 0.216695 -0.855672
v -0.549721 0.216695 -0.952176
v -0.804713 0.123504 -1.025583
v -0.549721 0.216695 -0.952176
v -0.671323 0.123501 -1.130149
v -0.804713 0.123504 -1.025583
v -0.569069 0.038148 -1.343488
v -0.745724 0.038148 -1.239042
v -0.744262 0.065235 -1.236902
v -0.569069 0.038148 -1.343488
v -0.569082 -0.010700 -1.343513
v -0.745724 0.038148 -1.239042
v -0.569082 -0.010700 -1.343513
v -0.745741 -0.010700 -1.239065
v -0.745724 0.038148 -1.239042
v -0.745724 0.038148 -1.239042
v -0.745741 -0.010700 -1.239065
v -0.904787 -0.010700 -1.114711
v -0.904787 0.038148 -1.114711
v -0.745724 0.038148 -1.239042
v -0.904787 -0.010700 -1.114711
v -0.745724 0.038148 -1.239042
v -0.904787 0.038148 -1.114711
v -0.744262 0.065235 -1.236902
v -0.904787 0.038148 -1.114711
v -0.903197 0.065423 -1.112935
v -0.744262 0.065235 -1.236902
v -0.744262 0.065235 -1.236902
v -0.903197 0.065423 -1.112935
v -0.886888 0.077963 -1.094722
v -0.730746 0.077959 -1.217120
v -0.744262 0.065235 -1.236902
v -0.886888 0.077963 -1.094722
v -0.730746 0.077959 -1.217120
v -0.886888 0.077963 -1.094722
v -0.840967 0.100008 -1.066068
v -0.701981 0.100005 -1.175020
v -0.730746 0.077959 -1.217120
v -0.840967 0.100008 -1.066068
v -0.380301 -0.010700 -1.424008
v -0.569082 -0.010700 -1.343513
v -0.569069 0.038148 -1.343488
v -0.567898 0.065235 -1.341174
v -0.744262 0.065235 -1.236902
v -0.557080 0.077959 -1.319798
v -0.744262 0.065235 -1.236902
v -0.730746 0.077959 -1.217120
v -0.557080 0.077959 -1.319798
v -0.557080 0.077959 -1.319798
v -0.730746 0.077959 -1.217120
v -0.534056 0.100004 -1.274303
v -0.730746 0.077959 -1.217120
v -0.701981 0.100005 -1.175020
v -0.534056 0.100004 -1.274303
v -0.336608 0.123501 -1.299541
v -0.265213 0.216695 -1.096161
v -0.199524 0.123500 -1.337800
v -0.265213 0.216695 -1.096161
v -0.111318 0.216695 -1.139109
v -0.199524 0.123500 -1.337800
v -0.199524 0.123500 -1.337800
v -0.111318 0.216695 -1.139109
v -0.187046 0.121951 -1.344995
v -0.187046 0.121951 -1.344995
v -0.111318 0.216695 -1.139109
v -0.179567 0.117685 -1.357304
v -0.179567 0.117685 -1.357304
v -0.111318 0.216695 -1.139109
v -0.177173 0.077961 -1.453157
v -0.111318 0.216695 -1.139109
v -0.104754 0.216695 -1.140042
v -0.177173 0.077961 -1.453157
v -0.104754 0.216695 -1.140042
v -0.086770 0.077908 -1.466122
v -0.177173 0.077961 -1.453157
v -0.182087 0.065243 -1.476601
v -0.177173 0.077961 -1.453157
v -0.086770 0.077908 -1.466122
v -0.085406 0.065408 -1.490851
v -0.182087 0.065243 -1.476601
v -0.086770 0.077908 -1.466122
v -0.182622 0.038148 -1.479145
v -0.182087 0.065243 -1.476601
v -0.085406 0.065408 -1.490851
v -0.085290 0.038148 -1.492958
v -0.182622 0.038148 -1.479145
v -0.085406 0.065408 -1.490851
v -0.085290 0.038148 -1.492958
v -0.085289 -0.010700 -1.492959
v -0.182622 0.038148 -1.479145
v -0.085289 -0.010700 -1.492959
v -0.182628 -0.010700 -1.479174
v -0.182622 0.038148 -1.479145
v -0.182628 -0.010700 -1.479174
v -0.380301 -0.010700 -1.424008
v -0.182622 0.038148 -1.479145
v -0.380301 -0.010700 -1.424008
v -0.380291 0.038148 -1.423981
v -0.182622 0.038148 -1.479145
v -0.380291 0.038148 -1.423981
v -0.380301 -0.010700 -1.424008
v -0.569069 0.038148 -1.343488
v -0.380291 0.038148 -1.423981
v -0.569069 0.038148 -1.343488
v -0.567898 0.065235 -1.341174
v -0.567898 0.065235 -1.341174
v -0.569069 0.038148 -1.343488
v -0.744262 0.065235 -1.236902
v -0.354609 0.100004 -1.350819
v -0.371497 0.077959 -1.398929
v -0.534056 0.100004 -1.274303
v -0.371497 0.077959 -1.398929
v -0.557080 0.077959 -1.319798
v -0.534056 0.100004 -1.274303
v -0.567898 0.065235 -1.341174
v -0.557080 0.077959 -1.319798
v -0.371497 0.077959 -1.398929
v -0.379432 0.065235 -1.421534
v -0.567898 0.065235 -1.341174
v -0.371497 0.077959 -1.398929
v -0.379432 0.065235 -1.421534
v -0.380291 0.038148 -1.423981
v -0.567898 0.065235 -1.341174
v -0.380291 0.038148 -1.423981
v -0.379432 0.065235 -1.421534
v -0.182622 0.038148 -1.479145
v -0.379432 0.065235 -1.421534
v -0.182087 0.065243 -1.476601
v -0.182622 0.038148 -1.479145
v -0.379432 0.065235 -1.421534
v -0.371497 0.077959 -1.398929
v -0.182087 0.065243 -1.476601
v -0.371497 0.077959 -1.398929
v -0.177173 0.077961 -1.453157
v -0.182087 0.065243 -1.476601
v -0.177173 0.077961 -1.453157
v -0.371497 0.077959 -1.398929
v -0.210677 0.100004 -1.390987
v -0.210677 0.100004 -1.390987
v -0.196970 0.101604 -1.390979
v -0.177173 0.077961 -1.453157
v -0.177173 0.077961 -1.453157
v -0.196970 0.101604 -1.390979
v -0.185255 0.105939 -1.383861
v -0.178931 0.111752 -1.371696
v -0.177173 0.077961 -1.453157
v -0.185255 0.105939 -1.383861
v -0.178931 0.111752 -1.371696
v -0.179567 0.117685 -1.357304
v -0.177173 0.077961 -1.453157
v -0.371497 0.077959 -1.398929
v -0.354609 0.100004 -1.350819
v -0.210677 0.100004 -1.390987
v -1.150384 -0.010700 0.270402
v -1.151118 -0.010700 0.283717
v -1.150376 0.126352 0.270254
v -1.151118 -0.010700 0.283717
v -1.150893 0.155574 0.279631
v -1.150376 0.126352 0.270254
v -1.150893 0.155574 0.279631
v -1.150277 0.165463 0.268466
v -1.150376 0.126352 0.270254
v -1.150277 0.165463 0.268466
v -1.148351 0.157158 0.233550
v -1.150376 0.126352 0.270254
v -1.150277 0.165463 0.268466
v -1.144122 0.169083 0.156867
v -1.148351 0.157158 0.233550
v -1.144122 0.169083 0.156867
v -1.144122 0.157250 0.156867
v -1.148351 0.157158 0.233550
v -1.199247 0.172880 -0.103322
v -1.168751 0.186687 -0.089643
v -1.192430 0.162286 -0.110032
v -1.168751 0.186687 -0.089643
v -1.139280 0.186687 -0.088018
v -1.192430 0.162286 -0.110032
v -1.139280 0.186687 -0.088018
v -1.168751 0.186687 -0.089643
v -1.137340 0.201346 -0.066279
v -1.108629 0.201346 -0.064696
v -1.139280 0.186687 -0.088018
v -1.137340 0.201346 -0.066279
v -1.137340 0.201346 -0.066279
v -1.118887 0.210560 -0.040071
v -1.108629 0.201346 -0.064696
v -1.118887 0.210560 -0.040071
v -1.090849 0.210560 -0.038525
v -1.108629 0.201346 -0.064696
v -1.090849 0.210560 -0.038525
v -1.118887 0.210560 -0.040071
v -1.115317 0.213314 -0.016191
v -1.087528 0.213314 -0.014659
v -1.090849 0.210560 -0.038525
v -1.115317 0.213314 -0.016191
v -1.079844 0.228529 -0.014235
v -1.027011 0.228529 -0.011321
v -1.079844 0.216695 -0.014235
v -1.027011 0.228529 -0.011321
v -1.027011 0.216695 -0.011321
v -1.079844 0.216695 -0.014235
v -1.115317 0.213314 -0.016191
v -1.079844 0.228529 -0.014235
v -1.087528 0.213314 -0.014659
v -1.079844 0.228529 -0.014235
v -1.079844 0.216695 -0.014235
v -1.087528 0.213314 -0.014659
v -1.079844 0.216695 -0.014235
v -1.081561 0.215935 -0.014329
v -1.087528 0.213314 -0.014659
v -1.316159 0.157250 0.167316
v -1.315063 0.157250 0.147439
v -1.315063 0.169083 0.147439
v -1.316159 0.169083 0.167316
v -1.316159 0.157250 0.167316
v -1.315063 0.169083 0.147439
v -1.316159 0.169083 0.167316
v -1.425931 0.169083 0.161262
v -1.316159 0.157250 0.167316
v -1.425931 0.169083 0.161262
v -1.425931 0.157250 0.161262
v -1.316159 0.157250 0.167316
v -1.425931 0.169083 0.161262
v -1.424835 0.169083 0.141385
v -1.425931 0.157250 0.161262
v -1.424835 0.169083 0.141385
v -1.424835 0.157250 0.141385
v -1.425931 0.157250 0.161262
v -1.157582 0.173488 -0.309122
v -1.163394 0.170028 -0.318901
v -1.024626 0.228529 -0.311247
v -1.024626 0.228529 -0.311247
v -1.061034 0.228529 -0.169524
v -1.157582 0.173488 -0.309122
v -1.118887 0.210560 -0.040071
v -1.079844 0.228529 -0.014235
v -1.115317 0.213314 -0.016191
v -1.118887 0.210560 -0.040071
v -1.137340 0.201346 -0.066279
v -1.079844 0.228529 -0.014235
v -1.137340 0.201346 -0.066279
v -1.061034 0.228529 -0.169524
v -1.079844 0.228529 -0.014235
v -1.137340 0.201346 -0.066279
v -1.168751 0.186687 -0.089643
v -1.061034 0.228529 -0.169524
v -1.061034 0.228529 -0.169524
v -1.168751 0.186687 -0.089643
v -1.185658 0.173488 -0.199827
v -1.061034 0.228529 -0.169524
v -1.185658 0.173488 -0.199827
v -1.157582 0.173488 -0.309122
v -1.168751 0.186687 -0.089643
v -1.199247 0.172880 -0.103322
v -1.185658 0.173488 -0.199827
v -0.970803 0.228529 -0.308279
v -1.009032 0.228529 -0.159739
v -1.024626 0.228529 -0.311247
v -1.009032 0.228529 -0.159739
v -1.061034 0.228529 -0.169524
v -1.024626 0.228529 -0.311247
v -1.061034 0.228529 -0.169524
v -1.009032 0.228529 -0.159739
v -1.079844 0.228529 -0.014235
v -1.009032 0.228529 -0.159739
v -1.027011 0.228529 -0.011321
v -1.079844 0.228529 -0.014235
v -1.459745 0.155326 0.139460
v -1.463195 0.166661 0.139269
v -1.632140 0.070355 0.129952
v -1.463195 0.166661 0.139269
v -1.642090 0.077968 0.129403
v -1.632140 0.070355 0.129952
v -1.642090 0.077968 0.129403
v -1.653274 0.061223 0.128786
v -1.632140 0.070355 0.129952
v -1.653274 0.061223 0.128786
v -1.640952 0.057162 0.129466
v -1.632140 0.070355 0.129952
v -0.970803 0.228529 -0.308279
v -1.024626 0.228529 -0.311247
v -0.970803 0.216695 -0.308279
v -1.024626 0.228529 -0.311247
v -1.024626 0.216695 -0.311247
v -0.970803 0.216695 -0.308279
v -1.024626 0.228529 -0.311247
v -1.163394 0.170028 -0.318901
v -1.024626 0.216695 -0.311247
v -1.163394 0.170028 -0.318901
v -1.158438 0.158964 -0.318628
v -1.024626 0.216695 -0.311247
v -0.951797 0.228529 0.604829
v -1.013151 0.228529 0.460940
v -0.904585 0.228529 0.580936
v -1.013151 0.228529 0.460940
v -0.963224 0.228529 0.443414
v -0.904585 0.228529 0.580936
v -0.963224 0.228529 0.443414
v -1.013151 0.228529 0.460940
v -1.002270 0.228529 0.303501
v -1.013151 0.228529 0.460940
v -1.056099 0.228529 0.307045
v -1.002270 0.228529 0.303501
v -1.002270 0.228529 0.303501
v -1.056099 0.228529 0.307045
v -1.057032 0.228529 0.300481
v -1.002270 0.216695 0.303501
v -0.963224 0.216695 0.443414
v -1.002270 0.228529 0.303501
v -0.963224 0.216695 0.443414
v -0.963224 0.228529 0.443414
v -1.002270 0.228529 0.303501
v -0.963224 0.228529 0.443414
v -0.963224 0.216695 0.443414
v -0.904585 0.228529 0.580936
v -0.963224 0.216695 0.443414
v -0.904585 0.216695 0.580936
v -0.904585 0.228529 0.580936
v -1.343645 0.183145 0.134838
v -1.375743 0.190745 0.133068
v -1.318241 0.164181 0.136239
v -1.375743 0.190745 0.133068
v -1.403511 0.183874 0.131536
v -1.318241 0.164181 0.136239
v -1.403511 0.183874 0.131536
v -1.421412 0.163860 0.130549
v -1.318241 0.164181 0.136239
v -1.421412 0.163860 0.130549
v -1.423836 0.055204 0.130415
v -1.318241 0.164181 0.136239
v -1.423836 0.055204 0.130415
v -1.254028 0.044519 0.139780
v -1.318241 0.164181 0.136239
v -1.013151 0.216695 0.460940
v -0.951797 0.216695 0.604829
v -0.904585 0.216695 0.580936
v -0.963224 0.216695 0.443414
v -1.013151 0.216695 0.460940
v -0.904585 0.216695 0.580936
v -1.056099 0.216695 0.307045
v -1.013151 0.216695 0.460940
v -1.002270 0.216695 0.303501
v -1.013151 0.216695 0.460940
v -0.963224 0.216695 0.443414
v -1.002270 0.216695 0.303501
v -1.057032 0.216695 0.300481
v -1.056099 0.216695 0.307045
v -1.002270 0.216695 0.303501
v -1.255405 0.044519 0.164735
v -1.425213 0.055204 0.155370
v -1.319617 0.164181 0.161194
v -1.425213 0.055204 0.155370
v -1.422788 0.163860 0.155504
v -1.319617 0.164181 0.161194
v -1.422788 0.163860 0.155504
v -1.404887 0.183874 0.156491
v -1.319617 0.164181 0.161194
v -1.404887 0.183874 0.156491
v -1.377120 0.190745 0.158022
v -1.319617 0.164181 0.161194
v -1.377120 0.190745 0.158022
v -1.345021 0.183145 0.159793
v -1.319617 0.164181 0.161194
v -1.423568 -0.010700 0.280265
v -1.409230 -0.010700 0.381095
v -1.409949 -0.010700 0.281016
v -1.409230 -0.010700 0.381095
v -1.396164 -0.010700 0.378355
v -1.409949 -0.010700 0.281016
v -1.340998 -0.010700 0.576028
v -1.396164 -0.010700 0.378355
v -1.409230 -0.010700 0.381095
v -1.353595 -0.010700 0.580450
v -1.340998 -0.010700 0.576028
v -1.409230 -0.010700 0.381095
v -1.340998 -0.010700 0.576028
v -1.353595 -0.010700 0.580450
v -1.261818 -0.010700 0.761725
v -1.353595 -0.010700 0.580450
v -1.273730 -0.010700 0.767754
v -1.261818 -0.010700 0.761725
v -1.254028 0.044519 0.139780
v -1.255405 0.044519 0.164735
v -1.318241 0.164181 0.136239
v -1.255405 0.044519 0.164735
v -1.319617 0.164181 0.161194
v -1.318241 0.164181 0.136239
v -1.318241 0.164181 0.136239
v -1.319617 0.164181 0.161194
v -1.343645 0.183145 0.134838
v -1.319617 0.164181 0.161194
v -1.345021 0.183145 0.159793
v -1.343645 0.183145 0.134838
v -1.345021 0.183145 0.159793
v -1.377120 0.190745 0.158022
v -1.343645 0.183145 0.134838
v -1.377120 0.190745 0.158022
v -1.375743 0.190745 0.133068
v -1.343645 0.183145 0.134838
v -1.377120 0.190745 0.158022
v -1.404887 0.183874 0.156491
v -1.375743 0.190745 0.133068
v -1.404887 0.183874 0.156491
v -1.403511 0.183874 0.131536
v -1.375743 0.190745 0.133068
v -1.403511 0.183874 0.131536
v -1.404887 0.183874 0.156491
v -1.421412 0.163860 0.130549
v -1.404887 0.183874 0.156491
v -1.422788 0.163860 0.155504
v -1.421412 0.163860 0.130549
v -1.422788 0.163860 0.155504
v -1.425213 0.055204 0.155370
v -1.421412 0.163860 0.130549
v -1.425213 0.055204 0.155370
v -1.423836 0.055204 0.130415
v -1.421412 0.163860 0.130549
v -1.383113 0.077909 0.282497
v -1.057032 0.216695 0.300481
v -1.389060 0.088554 0.282169
v -1.057032 0.216695 0.300481
v -1.057032 0.228529 0.300481
v -1.389060 0.088554 0.282169
v -1.057032 0.216695 0.300481
v -1.002270 0.216695 0.303501
v -1.057032 0.228529 0.300481
v -1.002270 0.216695 0.303501
v -1.002270 0.228529 0.303501
v -1.057032 0.228529 0.300481
v -1.423568 -0.010700 0.280265
v -1.409949 -0.010700 0.281016
v -1.423568 0.038148 0.280265
v -1.409949 -0.010700 0.281016
v -1.409948 0.038148 0.281016
v -1.423568 0.038148 0.280265
v -1.423568 0.038148 0.280265
v -1.409948 0.038148 0.281016
v -1.407841 0.065408 0.281133
v -1.418962 0.071430 0.280519
v -1.423568 0.038148 0.280265
v -1.407841 0.065408 0.281133
v -1.418962 0.071430 0.280519
v -1.407841 0.065408 0.281133
v -1.389060 0.088554 0.282169
v -1.407841 0.065408 0.281133
v -1.383113 0.077909 0.282497
v -1.389060 0.088554 0.282169
v -1.250273 0.160178 -0.143304
v -1.280209 0.080046 -0.144955
v -1.267383 0.179255 -0.144247
v -1.280209 0.080046 -0.144955
v -1.404171 0.172288 -0.151792
v -1.267383 0.179255 -0.144247
v -1.404171 0.172288 -0.151792
v -1.418102 0.194545 -0.152560
v -1.267383 0.179255 -0.144247
v -1.418962 0.071430 0.280519
v -1.389060 0.088554 0.282169
v -1.404732 0.071461 0.380152
v -1.389060 0.088554 0.282169
v -1.375854 0.088611 0.374096
v -1.404732 0.071461 0.380152
v -1.375854 0.088611 0.374096
v -1.389060 0.088554 0.282169
v -1.057032 0.228529 0.300481
v -1.056099 0.228529 0.307045
v -1.375854 0.088611 0.374096
v -1.057032 0.228529 0.300481
v -1.375854 0.088611 0.374096
v -1.056099 0.228529 0.307045
v -1.013151 0.228529 0.460940
v -1.321421 0.088610 0.569155
v -1.375854 0.088611 0.374096
v -1.013151 0.228529 0.460940
v -1.321421 0.088610 0.569155
v -1.013151 0.228529 0.460940
v -0.951797 0.228529 0.604829
v -1.243305 0.088610 0.752356
v -1.321421 0.088610 0.569155
v -0.951797 0.228529 0.604829
v -1.243305 0.088610 0.752356
v -1.269630 0.071460 0.765679
v -1.321421 0.088610 0.569155
v -1.269630 0.071460 0.765679
v -1.349260 0.071460 0.578928
v -1.321421 0.088610 0.569155
v -1.269630 0.071460 0.765679
v -1.273730 0.038148 0.767754
v -1.349260 0.071460 0.578928
v -1.273730 0.038148 0.767754
v -1.353595 0.038148 0.580450
v -1.349260 0.071460 0.578928
v -1.353595 -0.010700 0.580450
v -1.353595 0.038148 0.580450
v -1.273730 0.038148 0.767754
v -1.353595 0.038148 0.580450
v -1.353595 -0.010700 0.580450
v -1.409230 0.038148 0.381095
v -1.353595 -0.010700 0.580450
v -1.409230 -0.010700 0.381095
v -1.409230 0.038148 0.381095
v -1.423568 0.038148 0.280265
v -1.409230 0.038148 0.381095
v -1.409230 -0.010700 0.381095
v -1.423568 -0.010700 0.280265
v -1.423568 0.038148 0.280265
v -1.409230 -0.010700 0.381095
v -1.349260 0.071460 0.578928
v -1.353595 0.038148 0.580450
v -1.409230 0.038148 0.381095
v -1.404732 0.071461 0.380152
v -1.375854 0.088611 0.374096
v -1.321421 0.088610 0.569155
v -1.349260 0.071460 0.578928
v -1.404732 0.071461 0.380152
v -1.321421 0.088610 0.569155
v -1.404732 0.071461 0.380152
v -1.349260 0.071460 0.578928
v -1.409230 0.038148 0.381095
v -1.404732 0.071461 0.380152
v -1.409230 0.038148 0.381095
v -1.418962 0.071430 0.280519
v -1.409230 0.038148 0.381095
v -1.423568 0.038148 0.280265
v -1.418962 0.071430 0.280519
v -1.273730 -0.010700 0.767754
v -1.353595 -0.010700 0.580450
v -1.273730 0.038148 0.767754
v -1.467918 0.090726 -0.181993
v -1.466690 0.160801 -0.181925
v -1.533453 -0.067134 -0.185608
v -1.466690 0.160801 -0.181925
v -1.861148 -0.036250 -0.203681
v -1.533453 -0.067134 -0.185608
v -1.861148 -0.036250 -0.203681
v -1.870513 -0.050455 -0.204197
v -1.533453 -0.067134 -0.185608
v -1.870513 -0.050455 -0.204197
v -1.861148 -0.036250 -0.203681
v -1.869767 -0.044029 -0.204156
v -1.402704 0.172288 -0.178396
v -1.401968 0.172288 -0.191755
v -1.423482 0.174452 -0.179542
v -1.401968 0.172288 -0.191755
v -1.431718 0.174696 -0.193396
v -1.423482 0.174452 -0.179542
v -1.431718 0.174696 -0.193396
v -1.432455 0.174696 -0.180037
v -1.423482 0.174452 -0.179542
v -1.432455 0.174696 -0.180037
v -1.431718 0.174696 -0.193396
v -1.439332 0.173330 -0.193816
v -1.440069 0.173330 -0.180457
v -1.432455 0.174696 -0.180037
v -1.439332 0.173330 -0.193816
v -1.440069 0.173330 -0.180457
v -1.439332 0.173330 -0.193816
v -1.466690 0.160801 -0.181925
v -1.439332 0.173330 -0.193816
v -1.860411 -0.036250 -0.217039
v -1.466690 0.160801 -0.181925
v -1.860411 -0.036250 -0.217039
v -1.861148 -0.036250 -0.203681
v -1.466690 0.160801 -0.181925
v -1.861148 -0.036250 -0.203681
v -1.860411 -0.036250 -0.217039
v -1.869767 -0.044029 -0.204156
v -1.860411 -0.036250 -0.217039
v -1.869030 -0.044029 -0.217515
v -1.869767 -0.044029 -0.204156
v -1.869767 -0.044029 -0.204156
v -1.869030 -0.044029 -0.217515
v -1.870513 -0.050455 -0.204197
v -1.869030 -0.044029 -0.217515
v -1.869595 -0.078210 -0.217546
v -1.870513 -0.050455 -0.204197
v -1.869595 -0.078210 -0.217546
v -1.870332 -0.078210 -0.204187
v -1.870513 -0.050455 -0.204197
v -1.238103 0.077959 0.749723
v -1.315919 0.077959 0.567224
v -1.259478 0.065235 0.760541
v -1.315919 0.077959 0.567224
v -1.338524 0.065235 0.575159
v -1.259478 0.065235 0.760541
v -1.315919 0.077959 0.567224
v -1.370147 0.077961 0.372900
v -1.393591 0.065244 0.377814
v -1.338524 0.065235 0.575159
v -1.315919 0.077959 0.567224
v -1.393591 0.065244 0.377814
v -1.338524 0.065235 0.575159
v -1.393591 0.065244 0.377814
v -1.396135 0.038148 0.378349
v -1.340971 0.038148 0.576018
v -1.338524 0.065235 0.575159
v -1.396135 0.038148 0.378349
v -1.259478 0.065235 0.760541
v -1.338524 0.065235 0.575159
v -1.340971 0.038148 0.576018
v -1.261792 0.038148 0.761712
v -1.259478 0.065235 0.760541
v -1.340971 0.038148 0.576018
v -1.315919 0.077959 0.567224
v -1.238103 0.077959 0.749723
v -0.951797 0.216695 0.604829
v -1.013151 0.216695 0.460940
v -1.315919 0.077959 0.567224
v -0.951797 0.216695 0.604829
v -1.315919 0.077959 0.567224
v -1.013151 0.216695 0.460940
v -1.370147 0.077961 0.372900
v -1.013151 0.216695 0.460940
v -1.056099 0.216695 0.307045
v -1.370147 0.077961 0.372900
v -1.056099 0.216695 0.307045
v -1.057032 0.216695 0.300481
v -1.370147 0.077961 0.372900
v -1.057032 0.216695 0.300481
v -1.383113 0.077909 0.282497
v -1.370147 0.077961 0.372900
v -1.370147 0.077961 0.372900
v -1.383113 0.077909 0.282497
v -1.393591 0.065244 0.377814
v -1.383113 0.077909 0.282497
v -1.407841 0.065408 0.281133
v -1.393591 0.065244 0.377814
v -1.393591 0.065244 0.377814
v -1.407841 0.065408 0.281133
v -1.396135 0.038148 0.378349
v -1.407841 0.065408 0.281133
v -1.409948 0.038148 0.281016
v -1.396135 0.038148 0.378349
v -1.409948 0.038148 0.281016
v -1.409949 -0.010700 0.281016
v -1.396135 0.038148 0.378349
v -1.409949 -0.010700 0.281016
v -1.396164 -0.010700 0.378355
v -1.396135 0.038148 0.378349
v -1.396164 -0.010700 0.378355
v -1.340998 -0.010700 0.576028
v -1.396135 0.038148 0.378349
v -1.340998 -0.010700 0.576028
v -1.340971 0.038148 0.576018
v -1.396135 0.038148 0.378349
v -1.340971 0.038148 0.576018
v -1.340998 -0.010700 0.576028
v -1.261818 -0.010700 0.761725
v -1.261792 0.038148 0.761712
v -1.340971 0.038148 0.576018
v -1.261818 -0.010700 0.761725
v -1.261818 -0.010700 0.761725
v -1.273730 -0.010700 0.767754
v -1.273730 0.038148 0.767754
v -1.261792 0.038148 0.761712
v -1.261818 -0.010700 0.761725
v -1.273730 0.038148 0.767754
v -1.259478 0.065235 0.760541
v -1.261792 0.038148 0.761712
v -1.273730 0.038148 0.767754
v -1.269630 0.071460 0.765679
v -1.259478 0.065235 0.760541
v -1.273730 0.038148 0.767754
v -1.269630 0.071460 0.765679
v -1.243305 0.088610 0.752356
v -1.259478 0.065235 0.760541
v -1.243305 0.088610 0.752356
v -1.238103 0.077959 0.749723
v -1.259478 0.065235 0.760541
v -0.951797 0.216695 0.604829
v -1.238103 0.077959 0.749723
v -1.243305 0.088610 0.752356
v -0.951797 0.228529 0.604829
v -0.951797 0.216695 0.604829
v -1.243305 0.088610 0.752356
v -0.951797 0.228529 0.604829
v -0.904585 0.228529 0.580936
v -0.951797 0.216695 0.604829
v -0.904585 0.228529 0.580936
v -0.904585 0.216695 0.580936
v -0.951797 0.216695 0.604829
v -0.680215 0.206748 1.028617
v -0.674465 0.204944 1.038192
v -0.869314 0.088610 1.230848
v -0.663215 0.205450 1.045167
v -0.869314 0.088610 1.230848
v -0.674465 0.204944 1.038192
v -0.799713 0.091104 1.275851
v -0.869314 0.088610 1.230848
v -0.663215 0.205450 1.045167
v -0.253156 0.088554 1.550684
v -0.254805 0.071430 1.580585
v -0.352269 0.071461 1.555485
v -0.343074 0.088611 1.527448
v -0.253156 0.088554 1.550684
v -0.352269 0.071461 1.555485
v -0.530964 0.088610 1.451894
v -0.343074 0.088611 1.527448
v -0.352269 0.071461 1.555485
v -0.343074 0.088611 1.527448
v -0.530964 0.088610 1.451894
v -0.461108 0.090313 1.475710
v -0.530964 0.088610 1.451894
v -0.525323 0.094189 1.440151
v -0.461108 0.090313 1.475710
v -0.530964 0.088610 1.451894
v -0.707383 0.088610 1.352460
v -0.525323 0.094189 1.440151
v -0.707383 0.088610 1.352460
v -0.698379 0.095660 1.338678
v -0.525323 0.094189 1.440151
v -0.698379 0.095660 1.338678
v -0.707383 0.088610 1.352460
v -0.799713 0.091104 1.275851
v -0.707383 0.088610 1.352460
v -0.869314 0.088610 1.230848
v -0.799713 0.091104 1.275851
v -0.888537 0.071460 1.253231
v -0.869314 0.088610 1.230848
v -0.707383 0.088610 1.352460
v -0.888537 0.071460 1.253231
v -1.035967 0.071460 1.108823
v -0.869314 0.088610 1.230848
v -1.035967 0.071460 1.108823
v -0.888537 0.071460 1.253231
v -0.891531 0.038148 1.256716
v -1.039389 0.038095 1.111888
v -1.035967 0.071460 1.108823
v -0.891531 0.038148 1.256716
v -0.891531 0.038148 1.256716
v -0.891531 -0.010700 1.256716
v -1.039389 0.038095 1.111888
v -0.891531 -0.010700 1.256716
v -1.039389 -0.010700 1.111888
v -1.039389 0.038095 1.111888
v -1.039389 0.038095 1.111888
v -1.039389 -0.010700 1.111888
v -1.167079 -0.010700 0.948999
v -1.167079 0.038148 0.948999
v -1.039389 0.038095 1.111888
v -1.167079 -0.010700 0.948999
v -1.167079 0.038148 0.948999
v -1.167079 -0.010700 0.948999
v -1.270709 -0.010700 0.773722
v -0.726033 -0.010700 1.381006
v -0.891531 -0.010700 1.256716
v -0.891531 0.038148 1.256716
v -1.035967 0.071460 1.108823
v -1.039389 0.038095 1.111888
v -1.167079 0.038148 0.948999
v -1.163285 0.071460 0.946407
v -1.035967 0.071460 1.108823
v -1.167079 0.038148 0.948999
v -1.163285 0.071460 0.946407
v -1.138924 0.088610 0.929762
v -1.035967 0.071460 1.108823
v -1.138924 0.088610 0.929762
v -1.013986 0.088610 1.089141
v -1.035967 0.071460 1.108823
v -1.035967 0.071460 1.108823
v -1.013986 0.088610 1.089141
v -0.869314 0.088610 1.230848
v -1.270709 0.038148 0.773722
v -1.167079 0.038148 0.948999
v -1.270709 -0.010700 0.773722
v -1.167079 0.038148 0.948999
v -1.270709 0.038148 0.773722
v -1.266610 0.071460 0.771648
v -1.163285 0.071460 0.946407
v -1.167079 0.038148 0.948999
v -1.266610 0.071460 0.771648
v -1.163285 0.071460 0.946407
v -1.266610 0.071460 0.771648
v -1.240285 0.088610 0.758325
v -1.138924 0.088610 0.929762
v -1.163285 0.071460 0.946407
v -1.240285 0.088610 0.758325
v -1.138924 0.088610 0.929762
v -1.240285 0.088610 0.758325
v -0.948777 0.228529 0.610798
v -0.869167 0.228529 0.745448
v -1.138924 0.088610 0.929762
v -0.948777 0.228529 0.610798
v -1.138924 0.088610 0.929762
v -0.869167 0.228529 0.745448
v -1.013986 0.088610 1.089141
v -0.869167 0.228529 0.745448
v -0.770594 0.228529 0.871193
v -1.013986 0.088610 1.089141
v -0.770594 0.228529 0.871193
v -0.656452 0.228529 0.982996
v -1.013986 0.088610 1.089141
v -0.656452 0.228529 0.982996
v -0.869314 0.088610 1.230848
v -1.013986 0.088610 1.089141
v -0.680215 0.206748 1.028617
v -0.869314 0.088610 1.230848
v -0.656452 0.228529 0.982996
v -0.675010 0.211108 1.019822
v -0.680215 0.206748 1.028617
v -0.656452 0.228529 0.982996
v -0.664057 0.213663 1.020603
v -0.675010 0.211108 1.019822
v -0.656452 0.228529 0.982996
v -0.656452 0.228529 0.982996
v -0.528694 0.228529 1.078944
v -0.664057 0.213663 1.020603
v -0.528694 0.228529 1.078944
v -0.540589 0.219214 1.097152
v -0.664057 0.213663 1.020603
v -0.528694 0.228529 1.078944
v -0.389504 0.228529 1.157395
v -0.540589 0.219214 1.097152
v -0.389504 0.228529 1.157395
v -0.400128 0.218020 1.179513
v -0.540589 0.219214 1.097152
v -0.400128 0.218020 1.179513
v -0.389504 0.228529 1.157395
v -0.302467 0.212125 1.233592
v -0.389504 0.228529 1.157395
v -0.241265 0.228529 1.217007
v -0.302467 0.212125 1.233592
v -0.296473 0.209436 1.242754
v -0.302467 0.212125 1.233592
v -0.241265 0.228529 1.217007
v -0.253156 0.088554 1.550684
v -0.343074 0.088611 1.527448
v -0.234844 0.228529 1.218656
v -0.343074 0.088611 1.527448
v -0.241265 0.228529 1.217007
v -0.234844 0.228529 1.218656
v -0.343074 0.088611 1.527448
v -0.301683 0.205096 1.251559
v -0.241265 0.228529 1.217007
v -0.301683 0.205096 1.251559
v -0.296473 0.209436 1.242754
v -0.241265 0.228529 1.217007
v -0.324468 0.204144 1.244786
v -0.343074 0.088611 1.527448
v -0.461108 0.090313 1.475710
v -0.343074 0.088611 1.527448
v -0.324468 0.204144 1.244786
v -0.301683 0.205096 1.251559
v -0.324468 0.204144 1.244786
v -0.312885 0.203445 1.251199
v -0.301683 0.205096 1.251559
v -1.886408 -0.078210 0.087284
v -1.886588 -0.050455 0.087274
v -1.878370 -0.078210 -0.058452
v -1.886588 -0.050455 0.087274
v -1.870513 -0.050455 -0.204197
v -1.878370 -0.078210 -0.058452
v -1.870513 -0.050455 -0.204197
v -1.870332 -0.078210 -0.204187
v -1.878370 -0.078210 -0.058452
v -0.796774 0.080442 1.270883
v -0.660520 0.195675 1.040612
v -0.865515 0.077959 1.226425
v -0.660520 0.195675 1.040612
v -0.671769 0.195165 1.033635
v -0.865515 0.077959 1.226425
v -0.671769 0.195165 1.033635
v -0.677523 0.196983 1.024067
v -0.865515 0.077959 1.226425
v -0.704194 0.077959 1.347579
v -0.695232 0.085044 1.333861
v -0.796774 0.080442 1.270883
v -0.865515 0.077959 1.226425
v -0.704194 0.077959 1.347579
v -0.796774 0.080442 1.270883
v -0.865515 0.077959 1.226425
v -0.881124 0.065235 1.244600
v -0.704194 0.077959 1.347579
v -0.881124 0.065235 1.244600
v -0.717297 0.065235 1.367635
v -0.704194 0.077959 1.347579
v -0.704194 0.077959 1.347579
v -0.717297 0.065235 1.367635
v -0.528439 0.077959 1.446639
v -0.717297 0.065235 1.367635
v -0.538812 0.065235 1.468233
v -0.528439 0.077959 1.446639
v -0.528439 0.077959 1.446639
v -0.538812 0.065235 1.468233
v -0.347707 0.076578 1.530865
v -0.538812 0.065235 1.468233
v -0.348719 0.065244 1.544669
v -0.347707 0.076578 1.530865
v -0.717297 0.065235 1.367635
v -0.718715 0.038148 1.369806
v -0.538812 0.065235 1.468233
v -0.882813 0.038148 1.246567
v -0.718715 0.038148 1.369806
v -0.717297 0.065235 1.367635
v -0.881124 0.065235 1.244600
v -0.882813 0.038148 1.246567
v -0.717297 0.065235 1.367635
v -0.528439 0.077959 1.446639
v -0.522920 0.083681 1.434963
v -0.704194 0.077959 1.347579
v -0.522920 0.083681 1.434963
v -0.695232 0.085044 1.333861
v -0.704194 0.077959 1.347579
v -0.522920 0.083681 1.434963
v -0.528439 0.077959 1.446639
v -0.458437 0.080625 1.471196
v -0.528439 0.077959 1.446639
v -0.347707 0.076578 1.530865
v -0.458437 0.080625 1.471196
v -0.294443 0.202074 1.239324
v -0.299620 0.197614 1.248073
v -0.247715 0.215312 1.225964
v -0.299620 0.197614 1.248073
v -0.347707 0.076578 1.530865
v -0.247715 0.215312 1.225964
v -0.347707 0.076578 1.530865
v -0.252828 0.077909 1.544736
v -0.247715 0.215312 1.225964
v -0.252828 0.077909 1.544736
v -0.347707 0.076578 1.530865
v -0.348719 0.065244 1.544669
v -0.254192 0.065408 1.569465
v -0.252828 0.077909 1.544736
v -0.348719 0.065244 1.544669
v -0.254192 0.065408 1.569465
v -0.348719 0.065244 1.544669
v -0.349531 0.038149 1.547139
v -0.348719 0.065244 1.544669
v -0.538812 0.065235 1.468233
v -0.349531 0.038149 1.547139
v -0.538812 0.065235 1.468233
v -0.539935 0.038149 1.470571
v -0.349531 0.038149 1.547139
v -0.718715 0.038148 1.369806
v -0.539935 0.038149 1.470571
v -0.538812 0.065235 1.468233
v -0.718715 0.038148 1.369806
v -0.718731 -0.010700 1.369830
v -0.539935 0.038149 1.470571
v -0.718715 0.038148 1.369806
v -0.882813 0.038148 1.246567
v -0.718731 -0.010700 1.369830
v -0.882813 0.038148 1.246567
v -0.882832 -0.010700 1.246588
v -0.718731 -0.010700 1.369830
v -1.029636 -0.010700 1.103155
v -0.882832 -0.010700 1.246588
v -0.882813 0.038148 1.246567
v -1.029636 0.038148 1.103155
v -1.029636 -0.010700 1.103155
v -0.882813 0.038148 1.246567
v -0.882813 0.038148 1.246567
v -0.881124 0.065235 1.244600
v -1.029636 0.038148 1.103155
v -0.881124 0.065235 1.244600
v -1.027863 0.065427 1.101567
v -1.029636 0.038148 1.103155
v -1.009644 0.077964 1.085253
v -1.027863 0.065427 1.101567
v -0.881124 0.065235 1.244600
v -0.865515 0.077959 1.226425
v -1.009644 0.077964 1.085253
v -0.881124 0.065235 1.244600
v -0.865515 0.077959 1.226425
v -0.656452 0.216695 0.982996
v -1.009644 0.077964 1.085253
v -0.865515 0.077959 1.226425
v -0.677523 0.196983 1.024067
v -0.656452 0.216695 0.982996
v -0.677523 0.196983 1.024067
v -0.672327 0.201377 1.015287
v -0.656452 0.216695 0.982996
v -0.252828 0.077909 1.544736
v -0.241294 0.215312 1.227614
v -0.247715 0.215312 1.225964
v -0.656452 0.216695 0.982996
v -0.770594 0.216695 0.871193
v -1.009644 0.077964 1.085253
v -0.718731 -0.010700 1.369830
v -0.539947 -0.010700 1.470597
v -0.539935 0.038149 1.470571
v -0.539935 0.038149 1.470571
v -0.539947 -0.010700 1.470597
v -0.349531 0.038149 1.547139
v -0.539947 -0.010700 1.470597
v -0.349541 -0.010700 1.547167
v -0.349531 0.038149 1.547139
v -0.349531 0.038149 1.547139
v -0.349541 -0.010700 1.547167
v -0.254308 -0.010700 1.571573
v -0.254308 0.038149 1.571572
v -0.349531 0.038149 1.547139
v -0.254308 -0.010700 1.571573
v -0.254308 0.038149 1.571572
v -0.254192 0.065408 1.569465
v -0.349531 0.038149 1.547139
v -0.537726 0.209555 1.092770
v -0.528693 0.216695 1.078944
v -0.661380 0.203952 1.016078
v -0.528693 0.216695 1.078944
v -0.656452 0.216695 0.982996
v -0.661380 0.203952 1.016078
v -0.672327 0.201377 1.015287
v -0.661380 0.203952 1.016078
v -0.656452 0.216695 0.982996
v -0.400100 0.211015 1.175123
v -0.395954 0.215312 1.166353
v -0.537726 0.209555 1.092770
v -0.395954 0.215312 1.166353
v -0.528693 0.216695 1.078944
v -0.537726 0.209555 1.092770
v -0.395954 0.215312 1.166353
v -0.400100 0.211015 1.175123
v -0.300458 0.204836 1.230196
v -0.247715 0.215312 1.225964
v -0.395954 0.215312 1.166353
v -0.300458 0.204836 1.230196
v -0.300458 0.204836 1.230196
v -0.294443 0.202074 1.239324
v -0.247715 0.215312 1.225964
v -1.431243 0.194545 0.085703
v -1.417313 0.172288 0.086471
v -1.280524 0.179255 0.094015
v -1.417313 0.172288 0.086471
v -1.293350 0.080046 0.093308
v -1.280524 0.179255 0.094015
v -1.293350 0.080046 0.093308
v -1.263414 0.160178 0.094959
v -1.280524 0.179255 0.094015
v -1.270709 -0.010700 0.773722
v -1.167079 -0.010700 0.948999
v -1.258797 -0.010700 0.767694
v -1.167079 -0.010700 0.948999
v -1.156056 -0.010700 0.941467
v -1.258797 -0.010700 0.767694
v -1.156056 -0.010700 0.941467
v -1.167079 -0.010700 0.948999
v -1.039389 -0.010700 1.111888
v -1.029636 -0.010700 1.103155
v -1.156056 -0.010700 0.941467
v -1.039389 -0.010700 1.111888
v -0.882832 -0.010700 1.246588
v -1.029636 -0.010700 1.103155
v -1.039389 -0.010700 1.111888
v -0.891531 -0.010700 1.256716
v -0.882832 -0.010700 1.246588
v -1.039389 -0.010700 1.111888
v -0.891531 -0.010700 1.256716
v -0.726033 -0.010700 1.381006
v -0.882832 -0.010700 1.246588
v -0.726033 -0.010700 1.381006
v -0.718731 -0.010700 1.369830
v -0.882832 -0.010700 1.246588
v -0.726033 -0.010700 1.381006
v -0.545728 -0.010700 1.482631
v -0.718731 -0.010700 1.369830
v -0.545728 -0.010700 1.482631
v -0.539947 -0.010700 1.470597
v -0.718731 -0.010700 1.369830
v -0.545728 -0.010700 1.482631
v -0.353701 -0.010700 1.559852
v -0.539947 -0.010700 1.470597
v -0.353701 -0.010700 1.559852
v -0.349541 -0.010700 1.547167
v -0.539947 -0.010700 1.470597
v -0.349541 -0.010700 1.547167
v -0.353701 -0.010700 1.559852
v -0.254308 -0.010700 1.571573
v -0.353701 -0.010700 1.559852
v -0.255059 -0.010700 1.585192
v -0.254308 -0.010700 1.571573
v -1.877223 -0.036250 0.087791
v -1.886588 -0.050455 0.087274
v -1.885843 -0.044029 0.087315
v -1.886588 -0.050455 0.087274
v -1.877223 -0.036250 0.087791
v -1.549528 -0.067134 0.105865
v -1.877223 -0.036250 0.087791
v -1.482766 0.160801 0.109546
v -1.549528 -0.067134 0.105865
v -1.482766 0.160801 0.109546
v -1.483994 0.090726 0.109479
v -1.549528 -0.067134 0.105865
v -0.255059 -0.010700 1.585192
v -0.255059 0.038149 1.585192
v -0.254308 -0.010700 1.571573
v -0.255059 0.038149 1.585192
v -0.254308 0.038149 1.571572
v -0.254308 -0.010700 1.571573
v -0.254308 0.038149 1.571572
v -0.255059 0.038149 1.585192
v -0.254192 0.065408 1.569465
v -0.255059 0.038149 1.585192
v -0.254805 0.071430 1.580585
v -0.254192 0.065408 1.569465
v -0.254805 0.071430 1.580585
v -0.253156 0.088554 1.550684
v -0.254192 0.065408 1.569465
v -0.253156 0.088554 1.550684
v -0.252828 0.077909 1.544736
v -0.254192 0.065408 1.569465
v -0.231823 0.228529 1.163894
v -0.238274 0.215312 1.172852
v -0.234844 0.228529 1.218656
v -0.238274 0.215312 1.172852
v -0.241294 0.215312 1.227614
v -0.234844 0.228529 1.218656
v -0.234844 0.228529 1.218656
v -0.241294 0.215312 1.227614
v -0.253156 0.088554 1.550684
v -0.241294 0.215312 1.227614
v -0.252828 0.077909 1.544736
v -0.253156 0.088554 1.550684
v -1.886408 -0.078210 0.087284
v -1.887144 -0.078210 0.100643
v -1.886588 -0.050455 0.087274
v -1.887144 -0.078210 0.100643
v -1.886580 -0.044029 0.100674
v -1.886588 -0.050455 0.087274
v -1.886580 -0.044029 0.100674
v -1.885843 -0.044029 0.087315
v -1.886588 -0.050455 0.087274
v -1.885843 -0.044029 0.087315
v -1.886580 -0.044029 0.100674
v -1.877960 -0.036250 0.101149
v -1.877223 -0.036250 0.087791
v -1.885843 -0.044029 0.087315
v -1.877960 -0.036250 0.101149
v -1.877223 -0.036250 0.087791
v -1.877960 -0.036250 0.101149
v -1.482766 0.160801 0.109546
v -1.877960 -0.036250 0.101149
v -1.456881 0.173330 0.124373
v -1.482766 0.160801 0.109546
v -1.456881 0.173330 0.124373
v -1.456144 0.173330 0.111014
v -1.482766 0.160801 0.109546
v -1.456881 0.173330 0.124373
v -1.449268 0.174696 0.124793
v -1.456144 0.173330 0.111014
v -1.449268 0.174696 0.124793
v -1.448531 0.174696 0.111434
v -1.456144 0.173330 0.111014
v -1.448531 0.174696 0.111434
v -1.449268 0.174696 0.124793
v -1.439558 0.174452 0.111929
v -1.449268 0.174696 0.124793
v -1.419517 0.172288 0.126434
v -1.439558 0.174452 0.111929
v -1.419517 0.172288 0.126434
v -1.418780 0.172288 0.113075
v -1.439558 0.174452 0.111929
v -0.955227 0.215312 0.619756
v -0.908015 0.215312 0.595862
v -0.948777 0.228529 0.610798
v -0.908015 0.215312 0.595862
v -0.901565 0.228529 0.586905
v -0.948777 0.228529 0.610798
v -1.240285 0.088610 0.758325
v -1.266610 0.071460 0.771648
v -1.241532 0.076576 0.764650
v -1.266610 0.071460 0.771648
v -1.256458 0.065235 0.766510
v -1.241532 0.076576 0.764650
v -1.134110 0.077959 0.926473
v -0.875617 0.215312 0.754406
v -0.955227 0.215312 0.619756
v -1.241532 0.076576 0.764650
v -1.134110 0.077959 0.926473
v -0.955227 0.215312 0.619756
v -1.153891 0.065235 0.939988
v -1.134110 0.077959 0.926473
v -1.241532 0.076576 0.764650
v -1.256458 0.065235 0.766510
v -1.153891 0.065235 0.939988
v -1.241532 0.076576 0.764650
v -1.156032 0.038148 0.941451
v -1.153891 0.065235 0.939988
v -1.256458 0.065235 0.766510
v -1.258772 0.038148 0.767681
v -1.156032 0.038148 0.941451
v -1.256458 0.065235 0.766510
v -1.156032 0.038148 0.941451
v -1.258772 0.038148 0.767681
v -1.258797 -0.010700 0.767694
v -1.156056 -0.010700 0.941467
v -1.156032 0.038148 0.941451
v -1.258797 -0.010700 0.767694
v -1.156056 -0.010700 0.941467
v -1.029636 -0.010700 1.103155
v -1.156032 0.038148 0.941451
v -1.029636 -0.010700 1.103155
v -1.029636 0.038148 1.103155
v -1.156032 0.038148 0.941451
v -1.156032 0.038148 0.941451
v -1.029636 0.038148 1.103155
v -1.153891 0.065235 0.939988
v -1.029636 0.038148 1.103155
v -1.027863 0.065427 1.101567
v -1.153891 0.065235 0.939988
v -1.153891 0.065235 0.939988
v -1.027863 0.065427 1.101567
v -1.009644 0.077964 1.085253
v -1.134110 0.077959 0.926473
v -1.153891 0.065235 0.939988
v -1.009644 0.077964 1.085253
v -1.134110 0.077959 0.926473
v -1.009644 0.077964 1.085253
v -0.875617 0.215312 0.754406
v -1.009644 0.077964 1.085253
v -0.770594 0.216695 0.871193
v -0.875617 0.215312 0.754406
v -1.265618 0.160178 0.134922
v -1.295554 0.080046 0.133271
v -1.282728 0.179255 0.133978
v -1.295554 0.080046 0.133271
v -1.419517 0.172288 0.126434
v -1.282728 0.179255 0.133978
v -1.419517 0.172288 0.126434
v -1.416857 0.192862 0.126581
v -1.282728 0.179255 0.133978
v -1.419517 0.172288 0.126434
v -1.449268 0.174696 0.124793
v -1.416857 0.192862 0.126581
v -1.449268 0.174696 0.124793
v -1.451478 0.195198 0.124671
v -1.416857 0.192862 0.126581
v -1.451478 0.195198 0.124671
v -1.449268 0.174696 0.124793
v -1.456881 0.173330 0.124373
v -1.463851 0.192979 0.123989
v -1.451478 0.195198 0.124671
v -1.456881 0.173330 0.124373
v -1.463851 0.192979 0.123989
v -1.456881 0.173330 0.124373
v -1.891144 -0.019245 0.100422
v -1.456881 0.173330 0.124373
v -1.877960 -0.036250 0.101149
v -1.891144 -0.019245 0.100422
v -1.877960 -0.036250 0.101149
v -1.886580 -0.044029 0.100674
v -1.891144 -0.019245 0.100422
v -1.886580 -0.044029 0.100674
v -1.908182 -0.036992 0.099483
v -1.891144 -0.019245 0.100422
v -1.910522 -0.078210 0.099353
v -1.908182 -0.036992 0.099483
v -1.886580 -0.044029 0.100674
v -1.887144 -0.078210 0.100643
v -1.910522 -0.078210 0.099353
v -1.886580 -0.044029 0.100674
v -1.418777 0.140766 -0.089953
v -1.409693 0.162200 -0.089452
v -1.413602 0.114782 -0.089668
v -1.409693 0.162200 -0.089452
v -1.375116 0.176105 -0.087545
v -1.413602 0.114782 -0.089668
v -1.375116 0.176105 -0.087545
v -1.325100 0.174113 -0.084787
v -1.413602 0.114782 -0.089668
v -1.325100 0.174113 -0.084787
v -1.329713 0.083242 -0.085041
v -1.413602 0.114782 -0.089668
v -1.329713 0.083242 -0.085041
v -1.384320 0.085418 -0.088053
v -1.413602 0.114782 -0.089668
v -0.875617 0.215312 0.754406
v -0.825477 0.216695 0.715597
v -0.955227 0.215312 0.619756
v -0.825477 0.216695 0.715597
v -0.908015 0.215312 0.595862
v -0.955227 0.215312 0.619756
v -0.875617 0.215312 0.754406
v -0.770594 0.216695 0.871193
v -0.825477 0.216695 0.715597
v -0.770594 0.216695 0.871193
v -0.731175 0.216695 0.835895
v -0.825477 0.216695 0.715597
v -0.621978 0.216695 0.942854
v -0.731175 0.216695 0.835895
v -0.770594 0.216695 0.871193
v -0.656452 0.216695 0.982996
v -0.621978 0.216695 0.942854
v -0.770594 0.216695 0.871193
v -0.656452 0.216695 0.982996
v -0.528693 0.216695 1.078944
v -0.621978 0.216695 0.942854
v -0.528693 0.216695 1.078944
v -0.499753 0.216695 1.034646
v -0.621978 0.216695 0.942854
v -0.395954 0.215312 1.166353
v -0.366593 0.216695 1.109698
v -0.528693 0.216695 1.078944
v -0.366593 0.216695 1.109698
v -0.499753 0.216695 1.034646
v -0.528693 0.216695 1.078944
v -0.247715 0.215312 1.225964
v -0.241294 0.215312 1.227614
v -0.238274 0.215312 1.172852
v -0.247715 0.215312 1.225964
v -0.238274 0.215312 1.172852
v -0.395954 0.215312 1.166353
v -0.238274 0.215312 1.172852
v -0.366593 0.216695 1.109698
v -0.395954 0.215312 1.166353
v -0.948777 0.228529 0.610798
v -1.240285 0.088610 0.758325
v -0.955227 0.215312 0.619756
v -1.240285 0.088610 0.758325
v -1.241532 0.076576 0.764650
v -0.955227 0.215312 0.619756
v -0.796774 0.080442 1.270883
v -0.799713 0.091104 1.275851
v -0.660520 0.195675 1.040612
v -0.799713 0.091104 1.275851
v -0.663215 0.205450 1.045167
v -0.660520 0.195675 1.040612
v -0.660520 0.195675 1.040612
v -0.663215 0.205450 1.045167
v -0.674465 0.204944 1.038192
v -0.671769 0.195165 1.033635
v -0.660520 0.195675 1.040612
v -0.674465 0.204944 1.038192
v -0.674465 0.204944 1.038192
v -0.680215 0.206748 1.028617
v -0.671769 0.195165 1.033635
v -0.680215 0.206748 1.028617
v -0.677523 0.196983 1.024067
v -0.671769 0.195165 1.033635
v -0.672327 0.201377 1.015287
v -0.677523 0.196983 1.024067
v -0.680215 0.206748 1.028617
v -0.675010 0.211108 1.019822
v -0.672327 0.201377 1.015287
v -0.680215 0.206748 1.028617
v -0.661380 0.203952 1.016078
v -0.672327 0.201377 1.015287
v -0.675010 0.211108 1.019822
v -0.664057 0.213663 1.020603
v -0.661380 0.203952 1.016078
v -0.675010 0.211108 1.019822
v -0.537726 0.209555 1.092770
v -0.661380 0.203952 1.016078
v -0.664057 0.213663 1.020603
v -0.540589 0.219214 1.097152
v -0.537726 0.209555 1.092770
v -0.664057 0.213663 1.020603
v -0.400100 0.211015 1.175123
v -0.537726 0.209555 1.092770
v -0.540589 0.219214 1.097152
v -0.400128 0.218020 1.179513
v -0.400100 0.211015 1.175123
v -0.540589 0.219214 1.097152
v -0.300458 0.204836 1.230196
v -0.400100 0.211015 1.175123
v -0.400128 0.218020 1.179513
v -0.302467 0.212125 1.233592
v -0.300458 0.204836 1.230196
v -0.400128 0.218020 1.179513
v -0.302467 0.212125 1.233592
v -0.296473 0.209436 1.242754
v -0.300458 0.204836 1.230196
v -0.296473 0.209436 1.242754
v -0.294443 0.202074 1.239324
v -0.300458 0.204836 1.230196
v -0.296473 0.209436 1.242754
v -0.301683 0.205096 1.251559
v -0.294443 0.202074 1.239324
v -0.301683 0.205096 1.251559
v -0.299620 0.197614 1.248073
v -0.294443 0.202074 1.239324
v -0.310810 0.195918 1.247692
v -0.299620 0.197614 1.248073
v -0.301683 0.205096 1.251559
v -0.312885 0.203445 1.251199
v -0.310810 0.195918 1.247692
v -0.301683 0.205096 1.251559
v -0.322398 0.196636 1.241287
v -0.310810 0.195918 1.247692
v -0.312885 0.203445 1.251199
v -0.324468 0.204144 1.244786
v -0.322398 0.196636 1.241287
v -0.312885 0.203445 1.251199
v -1.080213 0.228529 -0.007555
v -1.080212 0.216695 -0.007555
v -1.027379 0.228529 -0.004641
v -1.080212 0.216695 -0.007555
v -1.027379 0.216695 -0.004641
v -1.027379 0.228529 -0.004641
v -1.081929 0.215935 -0.007650
v -1.080212 0.216695 -0.007555
v -1.087896 0.213314 -0.007979
v -1.080212 0.216695 -0.007555
v -1.080213 0.228529 -0.007555
v -1.087896 0.213314 -0.007979
v -1.080213 0.228529 -0.007555
v -1.115685 0.213314 -0.009512
v -1.087896 0.213314 -0.007979
v -1.408673 0.162200 -0.107951
v -1.417757 0.140766 -0.108452
v -1.374095 0.176105 -0.106044
v -1.417757 0.140766 -0.108452
v -1.412582 0.114782 -0.108166
v -1.374095 0.176105 -0.106044
v -1.412582 0.114782 -0.108166
v -1.383299 0.085418 -0.106551
v -1.374095 0.176105 -0.106044
v -1.383299 0.085418 -0.106551
v -1.311013 0.082538 -0.102564
v -1.374095 0.176105 -0.106044
v -1.311013 0.082538 -0.102564
v -1.306401 0.173409 -0.102310
v -1.374095 0.176105 -0.106044
v -1.027379 0.216695 -0.004641
v -1.025831 0.216695 0.144853
v -1.027379 0.228529 -0.004641
v -1.025831 0.216695 0.144853
v -1.025832 0.228529 0.144853
v -1.027379 0.228529 -0.004641
v -1.025831 0.216695 0.144853
v -1.004169 0.216695 0.296697
v -1.025832 0.228529 0.144853
v -1.004169 0.216695 0.296697
v -1.004169 0.228529 0.296697
v -1.025832 0.228529 0.144853
v -0.746151 0.036012 0.866723
v -0.990676 -0.078721 1.085685
v -0.764564 0.036012 0.846159
v -0.990676 -0.078721 1.085685
v -1.009090 -0.078721 1.065122
v -0.764564 0.036012 0.846159
v -0.746151 0.036012 0.866723
v -0.764564 0.036012 0.846159
v -0.721233 0.036012 0.844410
v -0.764564 0.036012 0.846159
v -0.739647 0.036012 0.823846
v -0.721233 0.036012 0.844410
v 1.276950 -0.241867 -0.963244
v 1.276950 0.021691 -0.963244
v 1.400683 0.021691 -0.806528
v 1.400683 -0.241867 -0.806528
v 1.276950 -0.241867 -0.963244
v 1.400683 0.021691 -0.806528
v 1.400683 -0.241867 -0.806528
v 1.400683 0.021691 -0.806528
v 1.502390 -0.241867 -0.634504
v 1.400683 0.021691 -0.806528
v 1.502390 0.021691 -0.634504
v 1.502390 -0.241867 -0.634504
v 1.502390 -0.241867 -0.634504
v 1.502390 0.021691 -0.634504
v 1.580773 -0.241867 -0.450677
v 1.502390 0.021691 -0.634504
v 1.580773 0.021691 -0.450677
v 1.580773 -0.241867 -0.450677
v 1.580773 -0.241867 -0.450677
v 1.580773 0.021691 -0.450677
v 1.634490 -0.241867 -0.258192
v 1.580773 0.021691 -0.450677
v 1.634491 0.021691 -0.258192
v 1.634490 -0.241867 -0.258192
v 1.634490 -0.241867 -0.258192
v 1.634491 0.021691 -0.258192
v 1.662625 -0.241867 -0.060341
v 1.634491 0.021691 -0.258192
v 1.662625 0.021691 -0.060341
v 1.662625 -0.241867 -0.060341
v 1.662625 -0.241867 -0.060341
v 1.662625 0.021691 -0.060341
v 1.664694 -0.241867 0.139489
v 1.662625 0.021691 -0.060341
v 1.664694 0.021691 0.139489
v 1.664694 -0.241867 0.139489
v 1.686764 0.021691 0.140706
v 1.664694 0.021691 0.139489
v 1.662625 0.021691 -0.060341
v 1.684665 0.021691 -0.062015
v 1.686764 0.021691 0.140706
v 1.662625 0.021691 -0.060341
v 1.684665 0.021691 -0.062015
v 1.662625 0.021691 -0.060341
v 1.656124 0.021691 -0.262728
v 1.662625 0.021691 -0.060341
v 1.634491 0.021691 -0.258192
v 1.656124 0.021691 -0.262728
v 1.656124 0.021691 -0.262728
v 1.634491 0.021691 -0.258192
v 1.601629 0.021691 -0.457999
v 1.634491 0.021691 -0.258192
v 1.580773 0.021691 -0.450677
v 1.601629 0.021691 -0.457999
v 1.601629 0.021691 -0.457999
v 1.580773 0.021691 -0.450677
v 1.502390 0.021691 -0.634504
v 1.522112 0.021691 -0.644485
v 1.601629 0.021691 -0.457999
v 1.502390 0.021691 -0.634504
v 1.522112 0.021691 -0.644485
v 1.502390 0.021691 -0.634504
v 1.400683 0.021691 -0.806528
v 1.418934 0.021691 -0.818998
v 1.522112 0.021691 -0.644485
v 1.400683 0.021691 -0.806528
v 1.418934 0.021691 -0.818998
v 1.400683 0.021691 -0.806528
v 1.293417 0.021691 -0.977990
v 1.400683 0.021691 -0.806528
v 1.276950 0.021691 -0.963244
v 1.293417 0.021691 -0.977990
v 1.686764 -0.241867 0.140706
v 1.686764 0.021691 0.140706
v 1.684665 0.021691 -0.062015
v 1.684665 -0.241867 -0.062015
v 1.686764 -0.241867 0.140706
v 1.684665 0.021691 -0.062015
v 1.684665 -0.241867 -0.062015
v 1.684665 0.021691 -0.062015
v 1.656124 -0.241867 -0.262728
v 1.684665 0.021691 -0.062015
v 1.656124 0.021691 -0.262728
v 1.656124 -0.241867 -0.262728
v 1.656124 -0.241867 -0.262728
v 1.656124 0.021691 -0.262728
v 1.601628 -0.241867 -0.457999
v 1.656124 0.021691 -0.262728
v 1.601629 0.021691 -0.457999
v 1.601628 -0.241867 -0.457999
v 1.601628 -0.241867 -0.457999
v 1.601629 0.021691 -0.457999
v 1.522112 0.021691 -0.644485
v 1.522112 -0.241867 -0.644485
v 1.601628 -0.241867 -0.457999
v 1.522112 0.021691 -0.644485
v 1.522112 -0.241867 -0.644485
v 1.522112 0.021691 -0.644485
v 1.418934 0.021691 -0.818998
v 1.418934 -0.241867 -0.818998
v 1.522112 -0.241867 -0.644485
v 1.418934 0.021691 -0.818998
v 1.418934 -0.241867 -0.818998
v 1.418934 0.021691 -0.818998
v 1.293417 -0.241867 -0.977989
v 1.418934 0.021691 -0.818998
v 1.293417 0.021691 -0.977990
v 1.293417 -0.241867 -0.977989
v 0.646404 -0.241867 1.497763
v 0.646404 0.021691 1.497763
v 0.453919 0.021691 1.551481
v 0.453919 -0.241867 1.551481
v 0.646404 -0.241867 1.497763
v 0.453919 0.021691 1.551481
v 0.453919 -0.241867 1.551481
v 0.453919 0.021691 1.551481
v 0.256068 0.021691 1.579615
v 0.256068 -0.241867 1.579615
v 0.453919 -0.241867 1.551481
v 0.256068 0.021691 1.579615
v 0.256068 -0.241867 1.579615
v 0.256068 0.021691 1.579615
v 0.056238 -0.241867 1.581684
v 0.256068 0.021691 1.579615
v 0.056238 0.021691 1.581684
v 0.056238 -0.241867 1.581684
v 1.664694 -0.241867 0.139489
v 1.664694 0.021691 0.139489
v 1.640662 -0.241867 0.337879
v 1.664694 0.021691 0.139489
v 1.640662 0.021691 0.337879
v 1.640662 -0.241867 0.337879
v 1.640662 0.021691 0.337879
v 1.590940 0.021691 0.531435
v 1.640662 -0.241867 0.337879
v 1.590940 0.021691 0.531435
v 1.590940 -0.241867 0.531436
v 1.640662 -0.241867 0.337879
v 1.590940 0.021691 0.531435
v 1.516380 0.021691 0.716846
v 1.590940 -0.241867 0.531436
v 1.516380 0.021691 0.716846
v 1.516380 -0.241867 0.716846
v 1.590940 -0.241867 0.531436
v 1.516380 0.021691 0.716846
v 1.418257 0.021691 0.890938
v 1.516380 -0.241867 0.716846
v 1.418257 0.021691 0.890938
v 1.418257 -0.241867 0.890938
v 1.516380 -0.241867 0.716846
v 1.418257 -0.241867 0.890938
v 1.418257 0.021691 0.890938
v 1.298249 -0.241867 1.050734
v 1.418257 0.021691 0.890938
v 1.298249 0.021691 1.050734
v 1.298249 -0.241867 1.050734
v 1.298249 0.021691 1.050734
v 1.158971 0.021691 1.193940
v 1.298249 -0.241867 1.050734
v 1.158971 0.021691 1.193940
v 1.158971 -0.241867 1.193940
v 1.298249 -0.241867 1.050734
v 1.158971 -0.241867 1.193940
v 1.158971 0.021691 1.193940
v 1.002255 0.021691 1.317673
v 1.002255 -0.241867 1.317673
v 1.158971 -0.241867 1.193940
v 1.002255 0.021691 1.317673
v 1.002255 -0.241867 1.317673
v 1.002255 0.021691 1.317673
v 0.830231 0.021691 1.419380
v 0.830231 -0.241867 1.419380
v 1.002255 -0.241867 1.317673
v 0.830231 0.021691 1.419380
v 0.830231 -0.241867 1.419380
v 0.830231 0.021691 1.419380
v 0.646404 0.021691 1.497763
v 0.646404 -0.241867 1.497763
v 0.830231 -0.241867 1.419380
v 0.646404 0.021691 1.497763
v -1.390958 0.085418 0.032313
v -1.336352 0.083242 0.035325
v -1.420241 0.114782 0.030698
v -1.336352 0.083242 0.035325
v -1.331739 0.174113 0.035579
v -1.420241 0.114782 0.030698
v -1.331739 0.174113 0.035579
v -1.381754 0.176105 0.032821
v -1.420241 0.114782 0.030698
v -1.381754 0.176105 0.032821
v -1.416331 0.162200 0.030914
v -1.420241 0.114782 0.030698
v -1.416331 0.162200 0.030914
v -1.425415 0.140766 0.030412
v -1.420241 0.114782 0.030698
v 1.536304 0.021691 0.726416
v 1.611943 0.021691 0.538323
v 1.536304 -0.241867 0.726416
v 1.611943 0.021691 0.538323
v 1.611943 -0.241867 0.538323
v 1.536304 -0.241867 0.726416
v 1.611943 -0.241867 0.538323
v 1.611943 0.021691 0.538323
v 1.662384 -0.241867 0.341967
v 1.611943 0.021691 0.538323
v 1.662385 0.021691 0.341967
v 1.662384 -0.241867 0.341967
v 1.662385 0.021691 0.341967
v 1.686764 0.021691 0.140706
v 1.662384 -0.241867 0.341967
v 1.686764 0.021691 0.140706
v 1.686764 -0.241867 0.140706
v 1.662384 -0.241867 0.341967
v 0.055021 -0.241867 1.603754
v 0.055021 0.021691 1.603754
v 0.257742 0.021691 1.601655
v 0.257742 -0.241867 1.601655
v 0.055021 -0.241867 1.603754
v 0.257742 0.021691 1.601655
v 0.257742 -0.241867 1.601655
v 0.257742 0.021691 1.601655
v 0.458455 -0.241867 1.573114
v 0.257742 0.021691 1.601655
v 0.458455 0.021691 1.573114
v 0.458455 -0.241867 1.573114
v 0.458455 -0.241867 1.573114
v 0.458455 0.021691 1.573114
v 0.653726 -0.241867 1.518619
v 0.458455 0.021691 1.573114
v 0.653726 0.021691 1.518619
v 0.653726 -0.241867 1.518619
v 0.653726 -0.241867 1.518619
v 0.653726 0.021691 1.518619
v 0.840212 0.021691 1.439102
v 0.840212 -0.241867 1.439102
v 0.653726 -0.241867 1.518619
v 0.840212 0.021691 1.439102
v 0.840212 -0.241867 1.439102
v 0.840212 0.021691 1.439102
v 1.014725 0.021691 1.335923
v 1.014725 -0.241867 1.335924
v 0.840212 -0.241867 1.439102
v 1.014725 0.021691 1.335923
v 1.014725 -0.241867 1.335924
v 1.014725 0.021691 1.335923
v 1.173716 -0.241867 1.210407
v 1.014725 0.021691 1.335923
v 1.173716 0.021691 1.210407
v 1.173716 -0.241867 1.210407
v 1.173716 0.021691 1.210407
v 1.315018 0.021691 1.065135
v 1.173716 -0.241867 1.210407
v 1.315018 0.021691 1.065135
v 1.315018 -0.241867 1.065135
v 1.173716 -0.241867 1.210407
v 1.315018 0.021691 1.065135
v 1.436761 0.021691 0.903027
v 1.315018 -0.241867 1.065135
v 1.436761 0.021691 0.903027
v 1.436761 -0.241867 0.903027
v 1.315018 -0.241867 1.065135
v 1.436761 0.021691 0.903027
v 1.536304 0.021691 0.726416
v 1.436761 -0.241867 0.903027
v 1.536304 0.021691 0.726416
v 1.536304 -0.241867 0.726416
v 1.436761 -0.241867 0.903027
v -0.521119 0.021691 1.433370
v -0.335709 0.021691 1.507930
v -0.530690 0.021691 1.453295
v -0.335709 0.021691 1.507930
v -0.342597 0.021691 1.528934
v -0.530690 0.021691 1.453295
v -0.335709 0.021691 1.507930
v -0.142152 0.021691 1.557652
v -0.342597 0.021691 1.528934
v -0.142152 0.021691 1.557652
v -0.146240 0.021691 1.579375
v -0.342597 0.021691 1.528934
v -0.142152 0.021691 1.557652
v 0.056238 0.021691 1.581684
v -0.146240 0.021691 1.579375
v 0.056238 0.021691 1.581684
v 0.055021 0.021691 1.603754
v -0.146240 0.021691 1.579375
v -1.408027 0.021691 -0.027989
v -1.385957 0.021691 -0.026772
v -1.383888 0.021691 0.173058
v -1.405928 0.021691 0.174732
v -1.408027 0.021691 -0.027989
v -1.383888 0.021691 0.173058
v -1.405928 0.021691 0.174732
v -1.383888 0.021691 0.173058
v -1.377387 0.021691 0.375445
v -1.383888 0.021691 0.173058
v -1.355754 0.021691 0.370909
v -1.377387 0.021691 0.375445
v -1.377387 0.021691 0.375445
v -1.355754 0.021691 0.370909
v -1.322892 0.021691 0.570716
v -1.355754 0.021691 0.370909
v -1.302036 0.021691 0.563394
v -1.322892 0.021691 0.570716
v -1.322892 0.021691 0.570716
v -1.302036 0.021691 0.563394
v -1.223653 0.021691 0.747221
v -1.243375 0.021691 0.757202
v -1.322892 0.021691 0.570716
v -1.223653 0.021691 0.747221
v -1.243375 0.021691 0.757202
v -1.223653 0.021691 0.747221
v -1.121946 0.021691 0.919245
v -1.140197 0.021691 0.931715
v -1.243375 0.021691 0.757202
v -1.121946 0.021691 0.919245
v -1.140197 0.021691 0.931715
v -1.121946 0.021691 0.919245
v -1.014680 0.021691 1.090707
v -1.121946 0.021691 0.919245
v -0.998213 0.021691 1.075961
v -1.014680 0.021691 1.090707
v -1.014680 0.021691 1.090707
v -0.998213 0.021691 1.075961
v -0.869408 0.021691 1.232008
v -0.998213 0.021691 1.075961
v -0.855007 0.021691 1.215239
v -0.869408 0.021691 1.232008
v -0.855007 0.021691 1.215239
v -0.695211 0.021691 1.335247
v -0.869408 0.021691 1.232008
v -0.695211 0.021691 1.335247
v -0.707301 0.021691 1.353752
v -0.869408 0.021691 1.232008
v -0.695211 0.021691 1.335247
v -0.521119 0.021691 1.433370
v -0.707301 0.021691 1.353752
v -0.521119 0.021691 1.433370
v -0.530690 0.021691 1.453295
v -0.707301 0.021691 1.353752
v -0.530690 0.021691 1.453295
v -0.342597 0.021691 1.528934
v -0.530689 -0.241867 1.453295
v -0.342597 0.021691 1.528934
v -0.342596 -0.241867 1.528933
v -0.530689 -0.241867 1.453295
v -0.342597 0.021691 1.528934
v -0.146240 0.021691 1.579375
v -0.342596 -0.241867 1.528933
v -0.146240 0.021691 1.579375
v -0.146240 -0.241867 1.579375
v -0.342596 -0.241867 1.528933
v -0.146240 0.021691 1.579375
v 0.055021 0.021691 1.603754
v -0.146240 -0.241867 1.579375
v 0.055021 0.021691 1.603754
v 0.055021 -0.241867 1.603754
v -0.146240 -0.241867 1.579375
v -1.408027 -0.241867 -0.027989
v -1.408027 0.021691 -0.027989
v -1.405928 0.021691 0.174732
v -1.405928 -0.241867 0.174732
v -1.408027 -0.241867 -0.027989
v -1.405928 0.021691 0.174732
v -1.405928 -0.241867 0.174732
v -1.405928 0.021691 0.174732
v -1.377387 -0.241867 0.375445
v -1.405928 0.021691 0.174732
v -1.377387 0.021691 0.375445
v -1.377387 -0.241867 0.375445
v -1.377387 -0.241867 0.375445
v -1.377387 0.021691 0.375445
v -1.322892 -0.241867 0.570716
v -1.377387 0.021691 0.375445
v -1.322892 0.021691 0.570716
v -1.322892 -0.241867 0.570716
v -1.322892 -0.241867 0.570716
v -1.322892 0.021691 0.570716
v -1.243375 0.021691 0.757202
v -1.243375 -0.241867 0.757202
v -1.322892 -0.241867 0.570716
v -1.243375 0.021691 0.757202
v -1.243375 -0.241867 0.757202
v -1.243375 0.021691 0.757202
v -1.140197 0.021691 0.931715
v -1.140197 -0.241867 0.931715
v -1.243375 -0.241867 0.757202
v -1.140197 0.021691 0.931715
v -1.140197 -0.241867 0.931715
v -1.140197 0.021691 0.931715
v -1.014680 -0.241867 1.090707
v -1.140197 0.021691 0.931715
v -1.014680 0.021691 1.090707
v -1.014680 -0.241867 1.090707
v -1.014680 0.021691 1.090707
v -0.869408 0.021691 1.232008
v -1.014680 -0.241867 1.090707
v -0.869408 0.021691 1.232008
v -0.869408 -0.241867 1.232008
v -1.014680 -0.241867 1.090707
v -0.869408 0.021691 1.232008
v -0.707301 0.021691 1.353752
v -0.869408 -0.241867 1.232008
v -0.707301 0.021691 1.353752
v -0.707301 -0.241867 1.353752
v -0.869408 -0.241867 1.232008
v -0.707301 0.021691 1.353752
v -0.530690 0.021691 1.453295
v -0.707301 -0.241867 1.353752
v -0.530690 0.021691 1.453295
v -0.530689 -0.241867 1.453295
v -0.707301 -0.241867 1.353752
v 1.293417 0.021691 -0.977990
v 1.148145 0.021691 -1.119291
v 1.293417 -0.241867 -0.977989
v 1.148145 0.021691 -1.119291
v 1.148145 -0.241867 -1.119291
v 1.293417 -0.241867 -0.977989
v 1.148145 0.021691 -1.119291
v 0.986037 0.021691 -1.241035
v 1.148145 -0.241867 -1.119291
v 0.986037 0.021691 -1.241035
v 0.986037 -0.241867 -1.241035
v 1.148145 -0.241867 -1.119291
v 0.986037 0.021691 -1.241035
v 0.809426 0.021691 -1.340578
v 0.986037 -0.241867 -1.241035
v 0.809426 0.021691 -1.340578
v 0.809426 -0.241867 -1.340577
v 0.986037 -0.241867 -1.241035
v 0.809426 0.021691 -1.340578
v 0.621333 0.021691 -1.416216
v 0.809426 -0.241867 -1.340577
v 0.621333 0.021691 -1.416216
v 0.621333 -0.241867 -1.416216
v 0.809426 -0.241867 -1.340577
v 0.621333 0.021691 -1.416216
v 0.424977 0.021691 -1.466657
v 0.621333 -0.241867 -1.416216
v 0.424977 0.021691 -1.466657
v 0.424977 -0.241867 -1.466658
v 0.621333 -0.241867 -1.416216
v 0.424977 0.021691 -1.466657
v 0.223716 0.021691 -1.491037
v 0.424977 -0.241867 -1.466658
v 0.223716 0.021691 -1.491037
v 0.223716 -0.241867 -1.491037
v 0.424977 -0.241867 -1.466658
v -0.367667 -0.241867 -1.385046
v -0.367667 0.021691 -1.385046
v -0.175182 0.021691 -1.438764
v -0.175182 -0.241867 -1.438764
v -0.367667 -0.241867 -1.385046
v -0.175182 0.021691 -1.438764
v -0.175182 -0.241867 -1.438764
v -0.175182 0.021691 -1.438764
v 0.022668 0.021691 -1.466898
v 0.022668 -0.241867 -1.466898
v -0.175182 -0.241867 -1.438764
v 0.022668 0.021691 -1.466898
v 0.022668 -0.241867 -1.466898
v 0.022668 0.021691 -1.466898
v 0.222499 -0.241867 -1.468967
v 0.022668 0.021691 -1.466898
v 0.222498 0.021691 -1.468967
v 0.222499 -0.241867 -1.468967
v -1.385957 -0.241867 -0.026772
v -1.385957 0.021691 -0.026772
v -1.361925 -0.241867 -0.225162
v -1.385957 0.021691 -0.026772
v -1.361925 0.021691 -0.225162
v -1.361925 -0.241867 -0.225162
v -1.361925 0.021691 -0.225162
v -1.312204 0.021691 -0.418718
v -1.361925 -0.241867 -0.225162
v -1.312204 0.021691 -0.418718
v -1.312203 -0.241867 -0.418718
v -1.361925 -0.241867 -0.225162
v -1.312204 0.021691 -0.418718
v -1.237643 0.021691 -0.604129
v -1.312203 -0.241867 -0.418718
v -1.237643 0.021691 -0.604129
v -1.237643 -0.241867 -0.604129
v -1.312203 -0.241867 -0.418718
v -1.237643 0.021691 -0.604129
v -1.139520 0.021691 -0.778221
v -1.237643 -0.241867 -0.604129
v -1.139520 0.021691 -0.778221
v -1.139520 -0.241867 -0.778221
v -1.237643 -0.241867 -0.604129
v -1.139520 -0.241867 -0.778221
v -1.139520 0.021691 -0.778221
v -1.019512 -0.241867 -0.938016
v -1.139520 0.021691 -0.778221
v -1.019512 0.021691 -0.938017
v -1.019512 -0.241867 -0.938016
v -1.019512 0.021691 -0.938017
v -0.880234 0.021691 -1.081223
v -1.019512 -0.241867 -0.938016
v -0.880234 0.021691 -1.081223
v -0.880234 -0.241867 -1.081223
v -1.019512 -0.241867 -0.938016
v -0.880234 -0.241867 -1.081223
v -0.880234 0.021691 -1.081223
v -0.723518 0.021691 -1.204956
v -0.723518 -0.241867 -1.204956
v -0.880234 -0.241867 -1.081223
v -0.723518 0.021691 -1.204956
v -0.723518 -0.241867 -1.204956
v -0.723518 0.021691 -1.204956
v -0.551495 0.021691 -1.306663
v -0.551494 -0.241867 -1.306663
v -0.723518 -0.241867 -1.204956
v -0.551495 0.021691 -1.306663
v -0.551494 -0.241867 -1.306663
v -0.551495 0.021691 -1.306663
v -0.367667 0.021691 -1.385046
v -0.367667 -0.241867 -1.385046
v -0.551494 -0.241867 -1.306663
v -0.367667 0.021691 -1.385046
v -1.315080 0.173409 0.055052
v -1.319693 0.082538 0.054798
v -1.382774 0.176105 0.051319
v -1.319693 0.082538 0.054798
v -1.391978 0.085418 0.050811
v -1.382774 0.176105 0.051319
v -1.391978 0.085418 0.050811
v -1.421261 0.114782 0.049196
v -1.382774 0.176105 0.051319
v -1.421261 0.114782 0.049196
v -1.426436 0.140766 0.048911
v -1.382774 0.176105 0.051319
v -1.426436 0.140766 0.048911
v -1.417351 0.162200 0.049412
v -1.382774 0.176105 0.051319
v -1.257568 0.021691 -0.613699
v -1.333206 0.021691 -0.425606
v -1.257568 -0.241867 -0.613699
v -1.333206 0.021691 -0.425606
v -1.333207 -0.241867 -0.425606
v -1.257568 -0.241867 -0.613699
v -1.333207 -0.241867 -0.425606
v -1.333206 0.021691 -0.425606
v -1.383647 -0.241867 -0.229250
v -1.333206 0.021691 -0.425606
v -1.383648 0.021691 -0.229250
v -1.383647 -0.241867 -0.229250
v -1.383648 0.021691 -0.229250
v -1.408027 0.021691 -0.027989
v -1.383647 -0.241867 -0.229250
v -1.408027 0.021691 -0.027989
v -1.408027 -0.241867 -0.027989
v -1.383647 -0.241867 -0.229250
v 0.223716 -0.241867 -1.491037
v 0.223716 0.021691 -1.491037
v 0.020995 0.021691 -1.488938
v 0.020995 -0.241867 -1.488938
v 0.223716 -0.241867 -1.491037
v 0.020995 0.021691 -1.488938
v 0.020995 -0.241867 -1.488938
v 0.020995 0.021691 -1.488938
v -0.179718 -0.241867 -1.460397
v 0.020995 0.021691 -1.488938
v -0.179718 0.021691 -1.460397
v -0.179718 -0.241867 -1.460397
v -0.179718 -0.241867 -1.460397
v -0.179718 0.021691 -1.460397
v -0.374989 -0.241867 -1.405902
v -0.179718 0.021691 -1.460397
v -0.374989 0.021691 -1.405902
v -0.374989 -0.241867 -1.405902
v -0.374989 -0.241867 -1.405902
v -0.374989 0.021691 -1.405902
v -0.561475 0.021691 -1.326385
v -0.561475 -0.241867 -1.326385
v -0.374989 -0.241867 -1.405902
v -0.561475 0.021691 -1.326385
v -0.561475 -0.241867 -1.326385
v -0.561475 0.021691 -1.326385
v -0.735988 0.021691 -1.223207
v -0.735988 -0.241867 -1.223207
v -0.561475 -0.241867 -1.326385
v -0.735988 0.021691 -1.223207
v -0.735988 -0.241867 -1.223207
v -0.735988 0.021691 -1.223207
v -0.894980 -0.241867 -1.097690
v -0.735988 0.021691 -1.223207
v -0.894980 0.021691 -1.097690
v -0.894980 -0.241867 -1.097690
v -0.894980 0.021691 -1.097690
v -1.036281 0.021691 -0.952418
v -0.894980 -0.241867 -1.097690
v -1.036281 0.021691 -0.952418
v -1.036281 -0.241867 -0.952418
v -0.894980 -0.241867 -1.097690
v -1.036281 0.021691 -0.952418
v -1.158025 0.021691 -0.790310
v -1.036281 -0.241867 -0.952418
v -1.158025 0.021691 -0.790310
v -1.158025 -0.241867 -0.790310
v -1.036281 -0.241867 -0.952418
v -1.158025 0.021691 -0.790310
v -1.257568 0.021691 -0.613699
v -1.158025 -0.241867 -0.790310
v -1.257568 0.021691 -0.613699
v -1.257568 -0.241867 -0.613699
v -1.158025 -0.241867 -0.790310
v -0.036097 0.146732 1.196964
v -0.003349 0.009071 1.200931
v -0.037563 0.146731 1.223530
v -0.003349 0.009071 1.200931
v -0.004814 0.009071 1.227497
v -0.037563 0.146731 1.223530
v -0.003349 0.009071 1.200931
v 0.075541 -0.020044 1.210499
v -0.004814 0.009071 1.227497
v 0.075541 -0.020044 1.210499
v 0.074076 -0.020044 1.237065
v -0.004814 0.009071 1.227497
v -1.001237 0.146731 -0.119107
v -1.005204 0.009071 -0.086359
v -1.027803 0.146731 -0.120573
v -1.005204 0.009071 -0.086359
v -1.031770 0.009071 -0.087824
v -1.027803 0.146731 -0.120573
v -1.005204 0.009071 -0.086359
v -1.014772 -0.020044 -0.007468
v -1.031770 0.009071 -0.087824
v -1.014772 -0.020044 -0.007468
v -1.041338 -0.020044 -0.008934
v -1.031770 0.009071 -0.087824
v -0.074388 -0.145992 1.192325
v 0.075541 -0.145992 1.210499
v -0.003349 0.009071 1.200931
v 0.075541 -0.145992 1.210499
v 0.075541 -0.020044 1.210499
v -0.003349 0.009071 1.200931
v -0.036097 0.146732 1.196964
v -0.074388 0.146732 1.192325
v -0.003349 0.009071 1.200931
v -0.074388 0.146732 1.192325
v -0.074388 -0.145992 1.192325
v -0.003349 0.009071 1.200931
v -0.074388 0.146732 1.192325
v -0.220833 0.146731 1.154706
v -0.074388 -0.145992 1.192325
v -0.220833 0.146731 1.154706
v -0.220833 -0.145992 1.154706
v -0.074388 -0.145992 1.192325
v -0.220833 0.146731 1.154706
v -0.361115 0.146731 1.098294
v -0.220833 -0.145992 1.154706
v -0.361115 0.146731 1.098294
v -0.361115 -0.145992 1.098294
v -0.220833 -0.145992 1.154706
v -0.361115 -0.145992 1.098294
v -0.361115 0.146731 1.098294
v -0.492833 -0.145992 1.024054
v -0.361115 0.146731 1.098294
v -0.492833 0.146731 1.024054
v -0.492833 -0.145992 1.024054
v -0.492833 0.146731 1.024054
v -0.613734 0.146731 0.933256
v -0.492833 -0.145992 1.024054
v -0.613734 0.146731 0.933256
v -0.613734 -0.145992 0.933256
v -0.492833 -0.145992 1.024054
v -0.613734 -0.145992 0.933256
v -0.613734 0.146731 0.933256
v -0.721740 -0.145992 0.827283
v -0.613734 0.146731 0.933256
v -0.721740 0.146731 0.827282
v -0.721740 -0.145992 0.827283
v -0.721740 -0.145992 0.827283
v -0.721740 0.146731 0.827282
v -0.815012 -0.145992 0.708115
v -0.721740 0.146731 0.827282
v -0.815012 0.146731 0.708115
v -0.815012 -0.145992 0.708115
v -0.815012 -0.145992 0.708115
v -0.815012 0.146731 0.708115
v -0.891963 -0.145992 0.577962
v -0.815012 0.146731 0.708115
v -0.891963 0.146731 0.577962
v -0.891963 -0.145992 0.577962
v -0.891963 -0.145992 0.577962
v -0.891963 0.146731 0.577962
v -0.951267 -0.145992 0.438879
v -0.891963 0.146731 0.577962
v -0.951267 0.146731 0.438879
v -0.951267 -0.145992 0.438879
v -0.951267 -0.145992 0.438879
v -0.951267 0.146731 0.438879
v -0.992006 -0.145992 0.294973
v -0.951267 0.146731 0.438879
v -0.991911 0.146731 0.293244
v -0.992006 -0.145992 0.294973
v -0.992006 -0.145992 0.294973
v -0.991911 0.146731 0.293244
v -1.013292 -0.145992 0.145280
v -0.991911 0.146731 0.293244
v -1.013197 0.146731 0.143551
v -1.013292 -0.145992 0.145280
v -1.013292 -0.145992 0.145280
v -1.013197 0.146731 0.143551
v -1.013938 0.009071 0.071995
v -1.013197 0.146731 0.143551
v -1.013596 0.146731 0.104982
v -1.013938 0.009071 0.071995
v -1.014772 -0.145992 -0.007468
v -1.013292 -0.145992 0.145280
v -1.013938 0.009071 0.071995
v -1.014772 -0.020044 -0.007468
v -1.014772 -0.145992 -0.007468
v -1.013938 0.009071 0.071995
v -1.343449 0.116306 -0.025424
v -1.343450 0.152480 -0.025424
v -1.345702 0.116306 0.015412
v -1.343449 0.116306 -0.025424
v -1.345702 0.116306 0.015412
v -1.343450 0.080133 -0.025424
v -1.343449 0.116306 -0.025424
v -1.341197 0.116306 -0.066260
v -1.343450 0.152480 -0.025424
v -1.343449 0.116306 -0.025424
v -1.343450 0.080133 -0.025424
v -1.341197 0.116306 -0.066260
v -1.267911 0.080133 -0.021257
v -1.343450 0.080133 -0.025424
v -1.270163 0.116306 0.019579
v -1.343450 0.080133 -0.025424
v -1.345702 0.116306 0.015412
v -1.270163 0.116306 0.019579
v -1.270163 0.116306 0.019579
v -1.345702 0.116306 0.015412
v -1.267911 0.152480 -0.021257
v -1.345702 0.116306 0.015412
v -1.343450 0.152480 -0.025424
v -1.267911 0.152480 -0.021257
v -1.343450 0.152480 -0.025424
v -1.341197 0.116306 -0.066260
v -1.267911 0.152480 -0.021257
v -1.341197 0.116306 -0.066260
v -1.265659 0.116306 -0.062093
v -1.267911 0.152480 -0.021257
v -1.265659 0.116306 -0.062093
v -1.341197 0.116306 -0.066260
v -1.267911 0.080133 -0.021257
v -1.341197 0.116306 -0.066260
v -1.343450 0.080133 -0.025424
v -1.267911 0.080133 -0.021257
v -1.380525 0.138666 0.175157
v -1.380525 0.158063 0.175157
v -1.358628 0.138666 0.176365
v -1.380525 0.138666 0.175157
v -1.358628 0.138666 0.176365
v -1.380525 0.119269 0.175157
v -1.380525 0.138666 0.175157
v -1.402423 0.138666 0.173949
v -1.380525 0.158063 0.175157
v -1.380525 0.138666 0.175157
v -1.380525 0.119269 0.175157
v -1.402423 0.138666 0.173949
v -1.236017 0.044519 -0.186791
v -1.405825 0.055204 -0.196156
v -1.300230 0.164181 -0.190332
v -1.405825 0.055204 -0.196156
v -1.403401 0.163860 -0.196022
v -1.300230 0.164181 -0.190332
v -1.403401 0.163860 -0.196022
v -1.385500 0.183874 -0.195035
v -1.300230 0.164181 -0.190332
v -1.385500 0.183874 -0.195035
v -1.357732 0.190745 -0.193504
v -1.300230 0.164181 -0.190332
v -1.357732 0.190745 -0.193504
v -1.325633 0.183145 -0.191733
v -1.300230 0.164181 -0.190332
v -1.013596 0.146731 0.104982
v -1.013197 0.146731 0.143551
v -1.040163 0.146731 0.103516
v -1.013197 0.146731 0.143551
v -1.039727 0.146731 0.145566
v -1.040163 0.146731 0.103516
v -1.013197 0.146731 0.143551
v -0.991911 0.146731 0.293244
v -1.039727 0.146731 0.145566
v -0.991911 0.146731 0.293244
v -1.017951 0.146731 0.298705
v -1.039727 0.146731 0.145566
v -0.991911 0.146731 0.293244
v -0.951267 0.146731 0.438879
v -1.017951 0.146731 0.298705
v -0.951267 0.146731 0.438879
v -0.976372 0.146731 0.447691
v -1.017951 0.146731 0.298705
v -0.951267 0.146731 0.438879
v -0.891963 0.146731 0.577962
v -0.976372 0.146731 0.447691
v -0.891963 0.146731 0.577962
v -0.915703 0.146731 0.589977
v -0.976372 0.146731 0.447691
v -0.891963 0.146731 0.577962
v -0.815012 0.146731 0.708115
v -0.915703 0.146731 0.589977
v -0.815012 0.146731 0.708115
v -0.836980 0.146731 0.723125
v -0.915703 0.146731 0.589977
v -0.815012 0.146731 0.708115
v -0.721740 0.146731 0.827282
v -0.836980 0.146731 0.723125
v -0.721740 0.146731 0.827282
v -0.741561 0.146731 0.845032
v -0.836980 0.146731 0.723125
v -0.741561 0.146731 0.845032
v -0.721740 0.146731 0.827282
v -0.613734 0.146731 0.933256
v -0.631069 0.146731 0.953441
v -0.741561 0.146731 0.845032
v -0.613734 0.146731 0.933256
v -0.507385 0.146731 1.046329
v -0.631069 0.146731 0.953441
v -0.613734 0.146731 0.933256
v -0.492833 0.146731 1.024054
v -0.507385 0.146731 1.046329
v -0.613734 0.146731 0.933256
v -0.372635 0.146732 1.122277
v -0.507385 0.146731 1.046329
v -0.492833 0.146731 1.024054
v -0.361115 0.146731 1.098294
v -0.372635 0.146732 1.122277
v -0.492833 0.146731 1.024054
v -0.229125 0.146731 1.179988
v -0.372635 0.146732 1.122277
v -0.361115 0.146731 1.098294
v -0.220833 0.146731 1.154706
v -0.229125 0.146731 1.179988
v -0.361115 0.146731 1.098294
v -0.079309 0.146731 1.218474
v -0.229125 0.146731 1.179988
v -0.220833 0.146731 1.154706
v -0.074388 0.146732 1.192325
v -0.079309 0.146731 1.218474
v -0.220833 0.146731 1.154706
v -0.079309 0.146731 1.218474
v -0.074388 0.146732 1.192325
v -0.037563 0.146731 1.223530
v -0.074388 0.146732 1.192325
v -0.036097 0.146732 1.196964
v -0.037563 0.146731 1.223530
v -1.324257 0.183145 -0.216688
v -1.356356 0.190745 -0.218458
v -1.298853 0.164181 -0.215287
v -1.356356 0.190745 -0.218458
v -1.384123 0.183874 -0.219990
v -1.298853 0.164181 -0.215287
v -1.384123 0.183874 -0.219990
v -1.402024 0.163860 -0.220977
v -1.298853 0.164181 -0.215287
v -1.402024 0.163860 -0.220977
v -1.404449 0.055204 -0.221111
v -1.298853 0.164181 -0.215287
v -1.404449 0.055204 -0.221111
v -1.234641 0.044519 -0.211745
v -1.298853 0.164181 -0.215287
v -0.976372 0.146731 0.447691
v -0.915703 0.146731 0.589977
v -0.976372 -0.145992 0.447692
v -0.976372 0.146731 0.447691
v -0.976372 -0.145992 0.447692
v -1.017951 0.146731 0.298705
v -0.976372 -0.145992 0.447692
v -1.017951 -0.145992 0.298705
v -1.017951 0.146731 0.298705
v -1.017951 0.146731 0.298705
v -1.017951 -0.145992 0.298705
v -1.039727 -0.145992 0.145566
v -1.039727 0.146731 0.145566
v -1.017951 0.146731 0.298705
v -1.039727 -0.145992 0.145566
v -1.039727 0.146731 0.145566
v -1.039727 -0.145992 0.145566
v -1.040504 0.009071 0.070530
v -1.039727 -0.145992 0.145566
v -1.041338 -0.145992 -0.008934
v -1.040504 0.009071 0.070530
v -1.041338 -0.145992 -0.008934
v -1.041338 -0.020044 -0.008934
v -1.040504 0.009071 0.070530
v -1.040163 0.146731 0.103516
v -1.039727 0.146731 0.145566
v -1.040504 0.009071 0.070530
v 0.074076 -0.020044 1.237065
v 0.074076 -0.145992 1.237065
v -0.004814 0.009071 1.227497
v 0.074076 -0.145992 1.237065
v -0.079309 -0.145992 1.218473
v -0.004814 0.009071 1.227497
v -0.079309 -0.145992 1.218473
v -0.079309 0.146731 1.218474
v -0.004814 0.009071 1.227497
v -0.079309 -0.145992 1.218473
v -0.229125 -0.145992 1.179988
v -0.079309 0.146731 1.218474
v -0.229125 -0.145992 1.179988
v -0.229125 0.146731 1.179988
v -0.079309 0.146731 1.218474
v -0.229125 0.146731 1.179988
v -0.229125 -0.145992 1.179988
v -0.372635 0.146732 1.122277
v -0.229125 -0.145992 1.179988
v -0.372635 -0.145992 1.122277
v -0.372635 0.146732 1.122277
v -0.372635 -0.145992 1.122277
v -0.507385 -0.145992 1.046329
v -0.372635 0.146732 1.122277
v -0.507385 -0.145992 1.046329
v -0.507385 0.146731 1.046329
v -0.372635 0.146732 1.122277
v -0.507385 0.146731 1.046329
v -0.507385 -0.145992 1.046329
v -0.631069 0.146731 0.953441
v -0.507385 -0.145992 1.046329
v -0.631069 -0.145992 0.953441
v -0.631069 0.146731 0.953441
v -0.631069 0.146731 0.953441
v -0.631069 -0.145992 0.953441
v -0.741561 0.146731 0.845032
v -0.631069 -0.145992 0.953441
v -0.741562 -0.145992 0.845032
v -0.741561 0.146731 0.845032
v -0.741561 0.146731 0.845032
v -0.741562 -0.145992 0.845032
v -0.836980 0.146731 0.723125
v -0.741562 -0.145992 0.845032
v -0.836980 -0.145992 0.723125
v -0.836980 0.146731 0.723125
v -0.836980 0.146731 0.723125
v -0.836980 -0.145992 0.723125
v -0.915703 -0.145992 0.589977
v -0.915703 0.146731 0.589977
v -0.836980 0.146731 0.723125
v -0.915703 -0.145992 0.589977
v -0.915703 0.146731 0.589977
v -0.915703 -0.145992 0.589977
v -0.976372 -0.145992 0.447692
v -0.079309 0.146731 1.218474
v -0.037563 0.146731 1.223530
v -0.004814 0.009071 1.227497
v -1.405825 0.055204 -0.196156
v -1.404449 0.055204 -0.221111
v -1.403401 0.163860 -0.196022
v -1.404449 0.055204 -0.221111
v -1.402024 0.163860 -0.220977
v -1.403401 0.163860 -0.196022
v -1.403401 0.163860 -0.196022
v -1.402024 0.163860 -0.220977
v -1.384123 0.183874 -0.219990
v -1.385500 0.183874 -0.195035
v -1.403401 0.163860 -0.196022
v -1.384123 0.183874 -0.219990
v -1.385500 0.183874 -0.195035
v -1.384123 0.183874 -0.219990
v -1.357732 0.190745 -0.193504
v -1.384123 0.183874 -0.219990
v -1.356356 0.190745 -0.218458
v -1.357732 0.190745 -0.193504
v -1.357732 0.190745 -0.193504
v -1.356356 0.190745 -0.218458
v -1.325633 0.183145 -0.191733
v -1.356356 0.190745 -0.218458
v -1.324257 0.183145 -0.216688
v -1.325633 0.183145 -0.191733
v -1.325633 0.183145 -0.191733
v -1.324257 0.183145 -0.216688
v -1.298853 0.164181 -0.215287
v -1.300230 0.164181 -0.190332
v -1.325633 0.183145 -0.191733
v -1.298853 0.164181 -0.215287
v -1.300230 0.164181 -0.190332
v -1.298853 0.164181 -0.215287
v -1.234641 0.044519 -0.211745
v -1.236017 0.044519 -0.186791
v -1.300230 0.164181 -0.190332
v -1.234641 0.044519 -0.211745
v 0.187992 0.146731 1.209323
v 0.226560 0.146731 1.208923
v 0.186526 0.146731 1.235889
v 0.226560 0.146731 1.208923
v 0.228575 0.146731 1.235454
v 0.186526 0.146731 1.235889
v 0.226560 0.146731 1.208923
v 0.376254 0.146732 1.187637
v 0.228575 0.146731 1.235454
v 0.376254 0.146732 1.187637
v 0.381715 0.146732 1.213678
v 0.228575 0.146731 1.235454
v 0.376254 0.146732 1.187637
v 0.521889 0.146732 1.146995
v 0.381715 0.146732 1.213678
v 0.521889 0.146732 1.146995
v 0.530702 0.146732 1.172099
v 0.381715 0.146732 1.213678
v 0.521889 0.146732 1.146995
v 0.660972 0.146731 1.087690
v 0.530702 0.146732 1.172099
v 0.660972 0.146731 1.087690
v 0.672987 0.146732 1.111430
v 0.530702 0.146732 1.172099
v 0.660972 0.146731 1.087690
v 0.791125 0.146731 1.010739
v 0.672987 0.146732 1.111430
v 0.791125 0.146731 1.010739
v 0.806135 0.146731 1.032707
v 0.672987 0.146732 1.111430
v 0.791125 0.146731 1.010739
v 0.910292 0.146731 0.917467
v 0.806135 0.146731 1.032707
v 0.910292 0.146731 0.917467
v 0.928042 0.146731 0.937288
v 0.806135 0.146731 1.032707
v 0.928042 0.146731 0.937288
v 0.910292 0.146731 0.917467
v 1.016266 0.146731 0.809461
v 1.036451 0.146731 0.826796
v 0.928042 0.146731 0.937288
v 1.016266 0.146731 0.809461
v 1.129338 0.146731 0.703112
v 1.036451 0.146731 0.826796
v 1.016266 0.146731 0.809461
v 1.107064 0.146731 0.688560
v 1.129338 0.146731 0.703112
v 1.016266 0.146731 0.809461
v 1.205287 0.146731 0.568362
v 1.129338 0.146731 0.703112
v 1.107064 0.146731 0.688560
v 1.181304 0.146731 0.556842
v 1.205287 0.146731 0.568362
v 1.107064 0.146731 0.688560
v 1.262998 0.146731 0.424851
v 1.205287 0.146731 0.568362
v 1.181304 0.146731 0.556842
v 1.237716 0.146731 0.416560
v 1.262998 0.146731 0.424851
v 1.181304 0.146731 0.556842
v 1.301483 0.146731 0.275036
v 1.262998 0.146731 0.424851
v 1.237716 0.146731 0.416560
v 1.275335 0.146731 0.270115
v 1.301483 0.146731 0.275036
v 1.237716 0.146731 0.416560
v 1.301483 0.146731 0.275036
v 1.275335 0.146731 0.270115
v 1.306540 0.146731 0.233290
v 1.275335 0.146731 0.270115
v 1.279974 0.146731 0.231824
v 1.306540 0.146731 0.233290
v 1.320075 -0.145992 0.121651
v 1.301483 -0.145992 0.275036
v 1.310507 0.009071 0.200541
v 1.320075 -0.020044 0.121651
v 1.320075 -0.145992 0.121651
v 1.310507 0.009071 0.200541
v 1.205287 0.146731 0.568362
v 1.205287 -0.145992 0.568362
v 1.129338 0.146731 0.703112
v 1.262998 -0.145992 0.424851
v 1.205287 -0.145992 0.568362
v 1.205287 0.146731 0.568362
v 1.262998 0.146731 0.424851
v 1.262998 -0.145992 0.424851
v 1.205287 0.146731 0.568362
v 1.301483 -0.145992 0.275036
v 1.262998 -0.145992 0.424851
v 1.262998 0.146731 0.424851
v 1.301483 0.146731 0.275036
v 1.301483 -0.145992 0.275036
v 1.262998 0.146731 0.424851
v 1.301483 -0.145992 0.275036
v 1.301483 0.146731 0.275036
v 1.310507 0.009071 0.200541
v 1.301483 0.146731 0.275036
v 1.306540 0.146731 0.233290
v 1.310507 0.009071 0.200541
v 0.074076 -0.145992 1.237065
v 0.074076 -0.020044 1.237065
v 0.153540 0.009071 1.236231
v 0.228575 -0.145992 1.235454
v 0.074076 -0.145992 1.237065
v 0.153540 0.009071 1.236231
v 0.228575 0.146731 1.235454
v 0.228575 -0.145992 1.235454
v 0.153540 0.009071 1.236231
v 0.381715 -0.145992 1.213678
v 0.228575 -0.145992 1.235454
v 0.228575 0.146731 1.235454
v 0.381715 0.146732 1.213678
v 0.381715 -0.145992 1.213678
v 0.228575 0.146731 1.235454
v 0.530701 -0.145992 1.172099
v 0.381715 -0.145992 1.213678
v 0.381715 0.146732 1.213678
v 0.530702 0.146732 1.172099
v 0.530701 -0.145992 1.172099
v 0.381715 0.146732 1.213678
v 0.672986 -0.145992 1.111430
v 0.530701 -0.145992 1.172099
v 0.530702 0.146732 1.172099
v 0.672987 0.146732 1.111430
v 0.672986 -0.145992 1.111430
v 0.530702 0.146732 1.172099
v 0.806135 -0.145992 1.032707
v 0.672986 -0.145992 1.111430
v 0.672987 0.146732 1.111430
v 0.806135 0.146731 1.032707
v 0.806135 -0.145992 1.032707
v 0.672987 0.146732 1.111430
v 0.928042 -0.145992 0.937288
v 0.806135 -0.145992 1.032707
v 0.806135 0.146731 1.032707
v 0.928042 0.146731 0.937288
v 0.928042 -0.145992 0.937288
v 0.806135 0.146731 1.032707
v 0.928042 -0.145992 0.937288
v 0.928042 0.146731 0.937288
v 1.036451 0.146731 0.826796
v 1.036451 -0.145992 0.826796
v 0.928042 -0.145992 0.937288
v 1.036451 0.146731 0.826796
v 1.036451 -0.145992 0.826796
v 1.036451 0.146731 0.826796
v 1.129338 0.146731 0.703112
v 1.129339 -0.145992 0.703112
v 1.036451 -0.145992 0.826796
v 1.129338 0.146731 0.703112
v 1.205287 -0.145992 0.568362
v 1.129339 -0.145992 0.703112
v 1.129338 0.146731 0.703112
v 0.186526 0.146731 1.235889
v 0.228575 0.146731 1.235454
v 0.153540 0.009071 1.236231
v 1.279974 0.146731 0.231824
v 1.283941 0.009071 0.199076
v 1.306540 0.146731 0.233290
v 1.283941 0.009071 0.199076
v 1.310507 0.009071 0.200541
v 1.306540 0.146731 0.233290
v 1.283941 0.009071 0.199076
v 1.293508 -0.020044 0.120186
v 1.310507 0.009071 0.200541
v 1.293508 -0.020044 0.120186
v 1.320075 -0.020044 0.121651
v 1.310507 0.009071 0.200541
v -0.973988 -0.102928 -0.295299
v -0.965386 -0.102928 -0.321528
v -0.965386 -0.102928 -0.321528
v -0.973988 -0.102928 -0.295299
v -0.973988 0.036012 -0.295299
v -0.965386 -0.102928 -0.321528
v -0.973988 0.036012 -0.295299
v -0.965386 0.036012 -0.321528
v -0.965386 -0.102928 -0.321528
v -1.317660 -0.078721 -0.408006
v -1.309058 -0.078721 -0.434235
v -0.973988 0.036012 -0.295299
v -1.309058 -0.078721 -0.434235
v -0.965386 0.036012 -0.321528
v -0.973988 0.036012 -0.295299
v 0.081222 0.098635 -1.170103
v 0.023827 0.098635 -1.344199
v 0.081222 -0.095965 -1.170103
v 0.023827 0.098635 -1.344199
v 0.023827 -0.095965 -1.344199
v 0.081222 -0.095965 -1.170103
v 0.081222 0.098635 -1.170103
v 0.081222 -0.095965 -1.170103
v 0.078483 0.098635 -1.120442
v 0.081222 -0.095965 -1.170103
v 0.078483 -0.095965 -1.120442
v 0.078483 0.098635 -1.120442
v 0.053082 -0.095965 -1.171655
v 0.053082 0.098635 -1.171655
v 0.050007 -0.095965 -1.115894
v 0.053082 0.098635 -1.171655
v 0.050007 0.098635 -1.115894
v 0.050007 -0.095965 -1.115894
v 0.050007 -0.095965 -1.115894
v 0.050007 0.098635 -1.115894
v 0.078483 -0.095965 -1.120442
v 0.050007 0.098635 -1.115894
v 0.078483 0.098635 -1.120442
v 0.078483 -0.095965 -1.120442
v -0.004313 0.098635 -1.345751
v 0.053082 0.098635 -1.171655
v -0.004313 -0.095965 -1.345751
v 0.053082 0.098635 -1.171655
v 0.053082 -0.095965 -1.171655
v -0.004313 -0.095965 -1.345751
v 0.012894 -0.062237 -1.657734
v 0.012923 -0.029760 -1.658269
v 0.012003 0.001709 -1.641585
v 0.011790 -0.086643 -1.637717
v 0.012894 -0.062237 -1.657734
v 0.012003 0.001709 -1.641585
v 0.010004 -0.095965 -1.605328
v 0.011790 -0.086643 -1.637717
v 0.012003 0.001709 -1.641585
v 0.002627 -0.095965 -1.471574
v 0.010004 -0.095965 -1.605328
v 0.012003 0.001709 -1.641585
v 0.002627 0.098635 -1.471574
v 0.002627 -0.095965 -1.471574
v 0.012003 0.001709 -1.641585
v 0.002627 0.098635 -1.471574
v -0.004313 0.098635 -1.345751
v 0.002627 -0.095965 -1.471574
v -0.004313 0.098635 -1.345751
v -0.004313 -0.095965 -1.345751
v 0.002627 -0.095965 -1.471574
v 0.415230 -0.095965 -1.322612
v 0.415230 0.098635 -1.322612
v 0.339037 -0.095965 -1.155884
v 0.415230 0.098635 -1.322612
v 0.339037 0.098635 -1.155884
v 0.339037 -0.095965 -1.155884
v 0.336298 -0.095965 -1.106222
v 0.339037 -0.095965 -1.155884
v 0.336298 0.098635 -1.106222
v 0.339037 -0.095965 -1.155884
v 0.339037 0.098635 -1.155884
v 0.336298 0.098635 -1.106222
v 0.367177 -0.095965 -1.154332
v 0.364101 -0.095965 -1.098571
v 0.367177 0.098635 -1.154332
v 0.364101 -0.095965 -1.098571
v 0.364102 0.098635 -1.098571
v 0.367177 0.098635 -1.154332
v 0.429546 -0.095965 -1.582189
v 0.457686 -0.095965 -1.580637
v 0.459472 -0.086643 -1.613026
v 0.431332 -0.086643 -1.614578
v 0.429546 -0.095965 -1.582189
v 0.459472 -0.086643 -1.613026
v 0.431332 -0.086643 -1.614578
v 0.459472 -0.086643 -1.613026
v 0.460576 -0.062237 -1.633043
v 0.432437 -0.062237 -1.634595
v 0.431332 -0.086643 -1.614578
v 0.460576 -0.062237 -1.633043
v 0.432437 -0.062237 -1.634595
v 0.460576 -0.062237 -1.633043
v 0.432466 -0.029760 -1.635130
v 0.460576 -0.062237 -1.633043
v 0.460606 -0.029760 -1.633578
v 0.432466 -0.029760 -1.635130
v 0.432466 -0.029760 -1.635130
v 0.460606 -0.029760 -1.633578
v 0.431546 0.001709 -1.618446
v 0.460606 -0.029760 -1.633578
v 0.459686 0.001709 -1.616894
v 0.431546 0.001709 -1.618446
v 0.431546 0.001709 -1.618446
v 0.459686 0.001709 -1.616894
v 0.422169 0.098635 -1.448435
v 0.459686 0.001709 -1.616894
v 0.450309 0.098635 -1.446883
v 0.422169 0.098635 -1.448435
v 0.491026 -0.102928 -1.056998
v 0.491026 -0.102928 -1.056998
v 0.603733 -0.241867 -1.400670
v 0.603733 -0.241867 -1.400670
v 0.603733 -0.078721 -1.400670
v 0.491026 -0.102928 -1.056998
v 0.603733 -0.078721 -1.400670
v 0.491026 0.036012 -1.056998
v 0.491026 -0.102928 -1.056998
v 0.364101 -0.095965 -1.098571
v 0.336298 -0.095965 -1.106222
v 0.364102 0.098635 -1.098571
v 0.336298 -0.095965 -1.106222
v 0.336298 0.098635 -1.106222
v 0.364102 0.098635 -1.098571
v 0.367177 -0.095965 -1.154332
v 0.367177 0.098635 -1.154332
v 0.443370 -0.095965 -1.321060
v 0.367177 0.098635 -1.154332
v 0.443370 0.098635 -1.321060
v 0.443370 -0.095965 -1.321060
v 0.387414 0.169083 -1.207908
v 0.387414 0.157250 -1.207908
v 0.396842 0.169083 -1.378849
v 0.387414 0.157250 -1.207908
v 0.396842 0.157250 -1.378849
v 0.396842 0.169083 -1.378849
v 0.404822 0.155326 -1.523531
v 0.414330 0.070355 -1.695926
v 0.405012 0.166661 -1.526981
v 0.414330 0.070355 -1.695926
v 0.414879 0.077967 -1.705876
v 0.405012 0.166661 -1.526981
v 0.414879 0.077967 -1.705876
v 0.414330 0.070355 -1.695926
v 0.415495 0.061223 -1.717060
v 0.414330 0.070355 -1.695926
v 0.414816 0.057162 -1.704738
v 0.415495 0.061223 -1.717060
v 0.517254 0.036012 -1.048396
v 0.629961 -0.078721 -1.392068
v 0.517254 -0.102928 -1.048396
v 0.629961 -0.078721 -1.392068
v 0.629961 -0.241867 -1.392068
v 0.517254 -0.102928 -1.048396
v 0.629961 -0.241867 -1.392068
v 0.517254 -0.102928 -1.048396
v 0.517254 -0.102928 -1.048396
v 0.402896 0.157250 -1.488621
v 0.404822 0.155326 -1.523531
v 0.402896 0.169083 -1.488621
v 0.404822 0.155326 -1.523531
v 0.405012 0.166661 -1.526981
v 0.402896 0.169083 -1.488621
v 0.414968 -0.010700 -1.707488
v 0.415710 -0.010700 -1.720951
v 0.414816 0.057162 -1.704738
v 0.415710 -0.010700 -1.720951
v 0.415495 0.061223 -1.717060
v 0.414816 0.057162 -1.704738
v 0.402896 0.169083 -1.488621
v 0.405012 0.166661 -1.526981
v 0.422773 0.169083 -1.487525
v 0.405012 0.166661 -1.526981
v 0.516847 0.162786 -1.520808
v 0.422773 0.169083 -1.487525
v 0.416719 0.169083 -1.377752
v 0.422773 0.169083 -1.487525
v 0.396842 0.169083 -1.378849
v 0.422773 0.169083 -1.487525
v 0.514495 0.165463 -1.482466
v 0.396842 0.169083 -1.378849
v 0.516847 0.162786 -1.520808
v 0.514495 0.165463 -1.482466
v 0.422773 0.169083 -1.487525
v 0.525660 0.155574 -1.481850
v 0.514495 0.165463 -1.482466
v 0.516847 0.162786 -1.520808
v 0.527918 0.152465 -1.520186
v 0.525660 0.155574 -1.481850
v 0.516847 0.162786 -1.520808
v 0.516847 0.162786 -1.520808
v 0.526409 0.075526 -1.696524
v 0.527918 0.152465 -1.520186
v 0.526409 0.075526 -1.696524
v 0.537056 0.068934 -1.687293
v 0.527918 0.152465 -1.520186
v 0.516847 0.162786 -1.520808
v 0.405012 0.166661 -1.526981
v 0.414879 0.077967 -1.705876
v 0.526409 0.075526 -1.696524
v 0.516847 0.162786 -1.520808
v 0.414879 0.077967 -1.705876
v 0.526409 0.075526 -1.696524
v 0.414879 0.077967 -1.705876
v 0.415495 0.061223 -1.717060
v 0.526983 0.059921 -1.706946
v 0.526409 0.075526 -1.696524
v 0.415495 0.061223 -1.717060
v 0.526409 0.075526 -1.696524
v 0.526983 0.059921 -1.706946
v 0.537056 0.068934 -1.687293
v 0.526983 0.059921 -1.706946
v 0.537517 0.056404 -1.695662
v 0.537056 0.068934 -1.687293
v 0.537517 0.056404 -1.695662
v 0.537632 -0.010700 -1.698929
v 0.537056 0.068934 -1.687293
v 0.537632 -0.010700 -1.698929
v 0.531845 -0.010700 -1.519686
v 0.537056 0.068934 -1.687293
v 0.531845 -0.010700 -1.519686
v 0.527918 0.152465 -1.520186
v 0.537056 0.068934 -1.687293
v 0.527918 0.152465 -1.520186
v 0.531845 -0.010700 -1.519686
v 0.529746 -0.010700 -1.481625
v 0.525660 0.155574 -1.481850
v 0.527918 0.152465 -1.520186
v 0.529746 -0.010700 -1.481625
v 0.525660 0.155574 -1.481850
v 0.529746 -0.010700 -1.481625
v 0.514264 -0.010700 -1.200912
v 0.510177 0.155574 -1.201137
v 0.525660 0.155574 -1.481850
v 0.514264 -0.010700 -1.200912
v 0.525660 0.155574 -1.481850
v 0.510177 0.155574 -1.201137
v 0.514495 0.165463 -1.482466
v 0.510177 0.155574 -1.201137
v 0.499013 0.165463 -1.201753
v 0.514495 0.165463 -1.482466
v 0.514495 0.165463 -1.482466
v 0.499013 0.165463 -1.201753
v 0.396842 0.169083 -1.378849
v 0.499013 0.165463 -1.201753
v 0.387414 0.169083 -1.207908
v 0.396842 0.169083 -1.378849
v 0.537632 -0.010700 -1.698929
v 0.537517 0.056404 -1.695662
v 0.527084 -0.010700 -1.710709
v 0.537517 0.056404 -1.695662
v 0.526983 0.059921 -1.706946
v 0.527084 -0.010700 -1.710709
v 0.527084 -0.010700 -1.710709
v 0.526983 0.059921 -1.706946
v 0.415710 -0.010700 -1.720951
v 0.526983 0.059921 -1.706946
v 0.415495 0.061223 -1.717060
v 0.415710 -0.010700 -1.720951
v -0.087718 0.036012 -1.088917
v -0.161948 -0.078721 -1.442900
v -0.087718 -0.102928 -1.088917
v -0.161948 -0.078721 -1.442900
v -0.161947 -0.241867 -1.442900
v -0.087718 -0.102928 -1.088917
v -0.087718 -0.102928 -1.088917
v -0.161947 -0.241867 -1.442900
v -0.087718 -0.102928 -1.088917
v 0.038860 0.169083 -1.227132
v 0.048288 0.169083 -1.398072
v 0.038860 0.157250 -1.227132
v 0.048288 0.169083 -1.398072
v 0.048288 0.157250 -1.398072
v 0.038860 0.157250 -1.227132
v 0.054342 0.157250 -1.507845
v 0.054342 0.169083 -1.507845
v 0.056267 0.155326 -1.542755
v 0.054342 0.169083 -1.507845
v 0.056458 0.166661 -1.546205
v 0.056267 0.155326 -1.542755
v 0.066941 0.061223 -1.736284
v 0.067156 -0.010700 -1.740175
v 0.066261 0.057162 -1.723962
v 0.067156 -0.010700 -1.740175
v 0.066413 -0.010700 -1.726712
v 0.066261 0.057162 -1.723962
v -0.055378 0.162786 -1.552368
v 0.056458 0.166661 -1.546205
v 0.034465 0.169083 -1.508941
v 0.056458 0.166661 -1.546205
v 0.054342 0.169083 -1.507845
v 0.034465 0.169083 -1.508941
v -0.057156 0.068934 -1.720066
v -0.056694 0.056404 -1.728435
v -0.044983 0.059921 -1.738492
v -0.045558 0.075526 -1.728069
v -0.057156 0.068934 -1.720066
v -0.044983 0.059921 -1.738492
v -0.057156 0.068934 -1.720066
v -0.045558 0.075526 -1.728069
v -0.066450 0.152465 -1.552968
v -0.045558 0.075526 -1.728069
v -0.055378 0.162786 -1.552368
v -0.066450 0.152465 -1.552968
v -0.066450 0.152465 -1.552968
v -0.055378 0.162786 -1.552368
v -0.068421 0.155574 -1.514616
v -0.055378 0.162786 -1.552368
v -0.057257 0.165463 -1.514000
v -0.068421 0.155574 -1.514616
v -0.057257 0.165463 -1.514000
v -0.055378 0.162786 -1.552368
v 0.034465 0.169083 -1.508941
v -0.057257 0.165463 -1.514000
v 0.034465 0.169083 -1.508941
v 0.048288 0.169083 -1.398072
v 0.034465 0.169083 -1.508941
v 0.028411 0.169083 -1.399169
v 0.048288 0.169083 -1.398072
v -0.045558 0.075526 -1.728069
v -0.044983 0.059921 -1.738492
v 0.066941 0.061223 -1.736284
v 0.066324 0.077967 -1.725100
v -0.045558 0.075526 -1.728069
v 0.066941 0.061223 -1.736284
v -0.055378 0.162786 -1.552368
v -0.045558 0.075526 -1.728069
v 0.066324 0.077967 -1.725100
v 0.056458 0.166661 -1.546205
v -0.055378 0.162786 -1.552368
v 0.066324 0.077967 -1.725100
v 0.066941 0.061223 -1.736284
v -0.044983 0.059921 -1.738492
v 0.067156 -0.010700 -1.740175
v -0.044983 0.059921 -1.738492
v -0.044669 -0.010700 -1.742243
v 0.067156 -0.010700 -1.740175
v -0.044983 0.059921 -1.738492
v -0.056694 0.056404 -1.728435
v -0.044669 -0.010700 -1.742243
v -0.056694 0.056404 -1.728435
v -0.056449 -0.010700 -1.731694
v -0.044669 -0.010700 -1.742243
v -0.056449 -0.010700 -1.731694
v -0.056694 0.056404 -1.728435
v -0.057156 0.068934 -1.720066
v -0.070409 -0.010700 -1.552902
v -0.056449 -0.010700 -1.731694
v -0.057156 0.068934 -1.720066
v -0.066450 0.152465 -1.552968
v -0.070409 -0.010700 -1.552902
v -0.057156 0.068934 -1.720066
v -0.072508 -0.010700 -1.514841
v -0.070409 -0.010700 -1.552902
v -0.066450 0.152465 -1.552968
v -0.068421 0.155574 -1.514616
v -0.072508 -0.010700 -1.514841
v -0.066450 0.152465 -1.552968
v -0.087990 -0.010700 -1.234128
v -0.072508 -0.010700 -1.514841
v -0.068421 0.155574 -1.514616
v -0.083904 0.155574 -1.233903
v -0.087990 -0.010700 -1.234128
v -0.068421 0.155574 -1.514616
v -0.083904 0.155574 -1.233903
v -0.068421 0.155574 -1.514616
v -0.057257 0.165463 -1.514000
v -0.072739 0.165463 -1.233287
v -0.083904 0.155574 -1.233903
v -0.057257 0.165463 -1.514000
v -0.072739 0.165463 -1.233287
v -0.057257 0.165463 -1.514000
v 0.048288 0.169083 -1.398072
v 0.038860 0.169083 -1.227132
v -0.072739 0.165463 -1.233287
v 0.048288 0.169083 -1.398072
v 0.089862 -0.067134 -1.632538
v 0.086248 0.090726 -1.567004
v 0.381335 -0.067134 -1.616462
v 0.086248 0.090726 -1.567004
v 0.377720 0.090726 -1.550928
v 0.381335 -0.067134 -1.616462
v 0.110024 0.194545 -1.514253
v 0.348287 0.194545 -1.501112
v 0.109256 0.172288 -1.500323
v 0.348287 0.194545 -1.501112
v 0.347519 0.172287 -1.487181
v 0.109256 0.172288 -1.500323
v 0.413273 -0.078210 -1.952605
v 0.413242 -0.044029 -1.952040
v 0.414562 -0.078210 -1.975983
v 0.413242 -0.044029 -1.952040
v 0.414433 -0.036992 -1.973642
v 0.414562 -0.078210 -1.975983
v 0.413493 -0.019245 -1.956604
v 0.414433 -0.036992 -1.973642
v 0.413242 -0.044029 -1.952040
v 0.412766 -0.036250 -1.943421
v 0.413493 -0.019245 -1.956604
v 0.413242 -0.044029 -1.952040
v 0.413493 -0.019245 -1.956604
v 0.412766 -0.036250 -1.943421
v 0.389542 0.173330 -1.522342
v 0.389927 0.192978 -1.529312
v 0.413493 -0.019245 -1.956604
v 0.389542 0.173330 -1.522342
v 0.389927 0.192978 -1.529312
v 0.389542 0.173330 -1.522342
v 0.389244 0.195198 -1.516939
v 0.389542 0.173330 -1.522342
v 0.389123 0.174696 -1.514728
v 0.389244 0.195198 -1.516939
v 0.387335 0.192862 -1.482317
v 0.389244 0.195198 -1.516939
v 0.389123 0.174696 -1.514728
v 0.387482 0.172288 -1.484977
v 0.387335 0.192862 -1.482317
v 0.389123 0.174696 -1.514728
v 0.387335 0.192862 -1.482317
v 0.387482 0.172288 -1.484977
v 0.379937 0.179255 -1.348189
v 0.387482 0.172288 -1.484977
v 0.380645 0.080046 -1.361015
v 0.379937 0.179255 -1.348189
v 0.380645 0.080046 -1.361015
v 0.378994 0.160178 -1.331079
v 0.379937 0.179255 -1.348189
v 0.347519 0.172287 -1.487181
v 0.374123 0.172288 -1.485714
v 0.375269 0.174452 -1.506492
v 0.347519 0.172287 -1.487181
v 0.375269 0.174452 -1.506492
v 0.109256 0.172288 -1.500323
v 0.375269 0.174452 -1.506492
v 0.375764 0.174696 -1.515465
v 0.109256 0.172288 -1.500323
v 0.082652 0.172288 -1.501790
v 0.109256 0.172288 -1.500323
v 0.083798 0.174452 -1.522568
v 0.084293 0.174696 -1.531541
v 0.083798 0.174452 -1.522568
v 0.109256 0.172288 -1.500323
v 0.375764 0.174696 -1.515465
v 0.084293 0.174696 -1.531541
v 0.109256 0.172288 -1.500323
v 0.084293 0.174696 -1.531541
v 0.375764 0.174696 -1.515465
v 0.084713 0.173330 -1.539154
v 0.375764 0.174696 -1.515465
v 0.376184 0.173330 -1.523079
v 0.084713 0.173330 -1.539154
v 0.376184 0.173330 -1.523079
v 0.377652 0.160801 -1.549700
v 0.084713 0.173330 -1.539154
v 0.377652 0.160801 -1.549700
v 0.086181 0.160801 -1.565776
v 0.084713 0.173330 -1.539154
v 0.377652 0.160801 -1.549700
v 0.377720 0.090726 -1.550928
v 0.086181 0.160801 -1.565776
v 0.377720 0.090726 -1.550928
v 0.086248 0.090726 -1.567004
v 0.086181 0.160801 -1.565776
v 0.381335 -0.067134 -1.616462
v 0.399924 -0.050456 -1.953523
v 0.089862 -0.067134 -1.632538
v 0.399924 -0.050456 -1.953523
v 0.108453 -0.050456 -1.969598
v 0.089862 -0.067134 -1.632538
v 0.389244 0.195198 -1.516939
v 0.387335 0.192862 -1.482317
v 0.348287 0.194545 -1.501112
v 0.339974 0.179255 -1.350393
v 0.348287 0.194545 -1.501112
v 0.387335 0.192862 -1.482317
v 0.379937 0.179255 -1.348189
v 0.339974 0.179255 -1.350393
v 0.387335 0.192862 -1.482317
v 0.339974 0.179255 -1.350393
v 0.379937 0.179255 -1.348189
v 0.339031 0.160178 -1.333283
v 0.379937 0.179255 -1.348189
v 0.378994 0.160178 -1.331079
v 0.339031 0.160178 -1.333283
v 0.339031 0.160178 -1.333283
v 0.378994 0.160178 -1.331079
v 0.340682 0.080046 -1.363219
v 0.378994 0.160178 -1.331079
v 0.380645 0.080046 -1.361015
v 0.340682 0.080046 -1.363219
v 0.347519 0.172287 -1.487181
v 0.340682 0.080046 -1.363219
v 0.380645 0.080046 -1.361015
v 0.387482 0.172288 -1.484977
v 0.347519 0.172287 -1.487181
v 0.380645 0.080046 -1.361015
v 0.069293 0.172288 -1.502527
v 0.062456 0.080046 -1.378564
v 0.109256 0.172288 -1.500323
v 0.062456 0.080046 -1.378564
v 0.102419 0.080046 -1.376360
v 0.109256 0.172288 -1.500323
v 0.062456 0.080046 -1.378564
v 0.060805 0.160178 -1.348628
v 0.102419 0.080046 -1.376360
v 0.060805 0.160178 -1.348628
v 0.100768 0.160178 -1.346424
v 0.102419 0.080046 -1.376360
v 0.060805 0.160178 -1.348628
v 0.061749 0.179255 -1.365738
v 0.100768 0.160178 -1.346424
v 0.061749 0.179255 -1.365738
v 0.101712 0.179255 -1.363534
v 0.100768 0.160178 -1.346424
v 0.101712 0.179255 -1.363534
v 0.061749 0.179255 -1.365738
v 0.069146 0.192862 -1.499867
v 0.110024 0.194545 -1.514253
v 0.101712 0.179255 -1.363534
v 0.069146 0.192862 -1.499867
v 0.110024 0.194545 -1.514253
v 0.069146 0.192862 -1.499867
v 0.348287 0.194545 -1.501112
v 0.069146 0.192862 -1.499867
v 0.071056 0.195198 -1.534488
v 0.348287 0.194545 -1.501112
v 0.071056 0.195198 -1.534488
v 0.389244 0.195198 -1.516939
v 0.348287 0.194545 -1.501112
v 0.071056 0.195198 -1.534488
v 0.071738 0.192978 -1.546861
v 0.389244 0.195198 -1.516939
v 0.071738 0.192978 -1.546861
v 0.389927 0.192978 -1.529312
v 0.389244 0.195198 -1.516939
v 0.413493 -0.019245 -1.956604
v 0.389927 0.192978 -1.529312
v 0.071738 0.192978 -1.546861
v 0.095305 -0.019246 -1.974154
v 0.413493 -0.019245 -1.956604
v 0.071738 0.192978 -1.546861
v 0.414433 -0.036992 -1.973642
v 0.413493 -0.019245 -1.956604
v 0.095305 -0.019246 -1.974154
v 0.096244 -0.036992 -1.991191
v 0.414433 -0.036992 -1.973642
v 0.095305 -0.019246 -1.974154
v 0.096244 -0.036992 -1.991191
v 0.096373 -0.078210 -1.993532
v 0.414433 -0.036992 -1.973642
v 0.096373 -0.078210 -1.993532
v 0.414562 -0.078210 -1.975983
v 0.414433 -0.036992 -1.973642
v -0.114734 -0.102928 -1.083252
v -0.188963 -0.241867 -1.437234
v -0.114734 -0.102928 -1.083252
v -0.188963 -0.241867 -1.437234
v -0.188963 -0.078721 -1.437235
v -0.114734 -0.102928 -1.083252
v -0.188963 -0.078721 -1.437235
v -0.114734 0.036012 -1.083252
v -0.114734 -0.102928 -1.083252
v 0.302278 0.085417 -1.466309
v 0.303893 0.114782 -1.495592
v 0.283780 0.085417 -1.467330
v 0.303893 0.114782 -1.495592
v 0.285395 0.114782 -1.496612
v 0.283780 0.085417 -1.467330
v 0.303893 0.114782 -1.495592
v 0.304179 0.140765 -1.500767
v 0.285395 0.114782 -1.496612
v 0.304179 0.140765 -1.500767
v 0.285680 0.140765 -1.501787
v 0.285395 0.114782 -1.496612
v 0.285680 0.140765 -1.501787
v 0.304179 0.140765 -1.500767
v 0.285179 0.162200 -1.492703
v 0.304179 0.140765 -1.500767
v 0.303678 0.162200 -1.491683
v 0.285179 0.162200 -1.492703
v 0.285179 0.162200 -1.492703
v 0.303678 0.162200 -1.491683
v 0.283272 0.176105 -1.458125
v 0.303678 0.162200 -1.491683
v 0.301771 0.176105 -1.457105
v 0.283272 0.176105 -1.458125
v 0.283272 0.176105 -1.458125
v 0.301771 0.176105 -1.457105
v 0.280514 0.174113 -1.408110
v 0.301771 0.176105 -1.457105
v 0.298037 0.173409 -1.389410
v 0.280514 0.174113 -1.408110
v 0.160148 0.174113 -1.414749
v 0.280514 0.174113 -1.408110
v 0.140674 0.173409 -1.398090
v 0.280514 0.174113 -1.408110
v 0.298037 0.173409 -1.389410
v 0.140674 0.173409 -1.398090
v 0.146531 0.114782 -1.504271
v 0.144916 0.085417 -1.474988
v 0.163414 0.085417 -1.473968
v 0.165029 0.114781 -1.503251
v 0.146531 0.114782 -1.504271
v 0.163414 0.085417 -1.473968
v 0.165029 0.114781 -1.503251
v 0.165314 0.140765 -1.508425
v 0.146531 0.114782 -1.504271
v 0.165314 0.140765 -1.508425
v 0.146816 0.140765 -1.509446
v 0.146531 0.114782 -1.504271
v 0.146315 0.162200 -1.500361
v 0.146816 0.140765 -1.509446
v 0.165314 0.140765 -1.508425
v 0.164813 0.162200 -1.499341
v 0.146315 0.162200 -1.500361
v 0.165314 0.140765 -1.508425
v 0.164813 0.162200 -1.499341
v 0.162906 0.176105 -1.464764
v 0.146315 0.162200 -1.500361
v 0.162906 0.176105 -1.464764
v 0.144408 0.176105 -1.465784
v 0.146315 0.162200 -1.500361
v 0.162906 0.176105 -1.464764
v 0.160148 0.174113 -1.414749
v 0.144408 0.176105 -1.465784
v 0.160148 0.174113 -1.414749
v 0.140674 0.173409 -1.398090
v 0.144408 0.176105 -1.465784
v 0.151430 0.193894 -1.020856
v 0.198637 0.205099 -1.018252
v 0.198637 0.121463 -1.018252
v 0.116873 0.163281 -1.022762
v 0.151430 0.193894 -1.020856
v 0.198637 0.121463 -1.018252
v 0.198637 0.205099 -1.018252
v 0.245843 0.193894 -1.015649
v 0.198637 0.121463 -1.018252
v 0.104224 0.121463 -1.023459
v 0.116873 0.163281 -1.022762
v 0.198637 0.121463 -1.018252
v 0.245843 0.193894 -1.015649
v 0.280401 0.163281 -1.013742
v 0.198637 0.121463 -1.018252
v 0.116872 0.079645 -1.022762
v 0.104224 0.121463 -1.023459
v 0.198637 0.121463 -1.018252
v 0.280401 0.163281 -1.013742
v 0.293050 0.121463 -1.013045
v 0.198637 0.121463 -1.018252
v 0.151430 0.049032 -1.020856
v 0.116872 0.079645 -1.022762
v 0.198637 0.121463 -1.018252
v 0.293050 0.121463 -1.013045
v 0.280401 0.079645 -1.013743
v 0.198637 0.121463 -1.018252
v 0.198637 0.037827 -1.018252
v 0.151430 0.049032 -1.020856
v 0.198637 0.121463 -1.018252
v 0.280401 0.079645 -1.013743
v 0.245843 0.049032 -1.015649
v 0.198637 0.121463 -1.018252
v 0.245843 0.049032 -1.015649
v 0.198637 0.037827 -1.018252
v 0.198637 0.121463 -1.018252
v 0.216984 0.121463 -1.350921
v 0.216984 0.205099 -1.350921
v 0.169778 0.193894 -1.353525
v 0.216984 0.121463 -1.350921
v 0.169778 0.193894 -1.353525
v 0.135220 0.163281 -1.355431
v 0.216984 0.121463 -1.350921
v 0.264191 0.193894 -1.348318
v 0.216984 0.205099 -1.350921
v 0.216984 0.121463 -1.350921
v 0.135220 0.163281 -1.355431
v 0.122571 0.121463 -1.356128
v 0.216984 0.121463 -1.350921
v 0.298748 0.163281 -1.346411
v 0.264191 0.193894 -1.348318
v 0.216984 0.121463 -1.350921
v 0.122571 0.121463 -1.356128
v 0.135220 0.079645 -1.355431
v 0.216984 0.121463 -1.350921
v 0.311397 0.121463 -1.345714
v 0.298748 0.163281 -1.346411
v 0.216984 0.121463 -1.350921
v 0.135220 0.079645 -1.355431
v 0.169778 0.049032 -1.353525
v 0.216984 0.121463 -1.350921
v 0.298748 0.079645 -1.346412
v 0.311397 0.121463 -1.345714
v 0.216984 0.121463 -1.350921
v 0.169778 0.049032 -1.353525
v 0.216984 0.037827 -1.350921
v 0.216984 0.121463 -1.350921
v 0.264191 0.049032 -1.348318
v 0.298748 0.079645 -1.346412
v 0.216984 0.121463 -1.350921
v 0.216984 0.037827 -1.350921
v 0.264191 0.049032 -1.348318
v 0.198637 0.037827 -1.018252
v 0.216984 0.037827 -1.350921
v 0.151430 0.049032 -1.020856
v 0.216984 0.037827 -1.350921
v 0.169778 0.049032 -1.353525
v 0.151430 0.049032 -1.020856
v 0.151430 0.049032 -1.020856
v 0.169778 0.049032 -1.353525
v 0.135220 0.079645 -1.355431
v 0.116872 0.079645 -1.022762
v 0.151430 0.049032 -1.020856
v 0.135220 0.079645 -1.355431
v 0.116872 0.079645 -1.022762
v 0.135220 0.079645 -1.355431
v 0.104224 0.121463 -1.023459
v 0.135220 0.079645 -1.355431
v 0.122571 0.121463 -1.356128
v 0.104224 0.121463 -1.023459
v 0.104224 0.121463 -1.023459
v 0.122571 0.121463 -1.356128
v 0.116873 0.163281 -1.022762
v 0.122571 0.121463 -1.356128
v 0.135220 0.163281 -1.355431
v 0.116873 0.163281 -1.022762
v 0.116873 0.163281 -1.022762
v 0.135220 0.163281 -1.355431
v 0.151430 0.193894 -1.020856
v 0.135220 0.163281 -1.355431
v 0.169778 0.193894 -1.353525
v 0.151430 0.193894 -1.020856
v 0.151430 0.193894 -1.020856
v 0.169778 0.193894 -1.353525
v 0.198637 0.205099 -1.018252
v 0.169778 0.193894 -1.353525
v 0.216984 0.205099 -1.350921
v 0.198637 0.205099 -1.018252
v 0.456393 -0.022671 -1.798766
v 0.457758 -0.010014 -1.823513
v 0.457758 -0.035327 -1.823513
v 0.456393 -0.047983 -1.798766
v 0.456393 -0.022671 -1.798766
v 0.457758 -0.035327 -1.823513
v 0.457758 -0.010014 -1.823513
v 0.459123 -0.022671 -1.848260
v 0.457758 -0.035327 -1.823513
v 0.457758 -0.060640 -1.823513
v 0.456393 -0.047983 -1.798766
v 0.457758 -0.035327 -1.823513
v 0.459123 -0.022671 -1.848260
v 0.459123 -0.047983 -1.848260
v 0.457758 -0.035327 -1.823513
v 0.459123 -0.047983 -1.848260
v 0.457758 -0.060640 -1.823513
v 0.457758 -0.035327 -1.823513
v 0.431764 -0.094354 -1.931286
v 0.432368 -0.081008 -1.942230
v 0.430787 -0.099451 -1.913577
v 0.432368 -0.081008 -1.942230
v 0.432384 -0.063249 -1.942523
v 0.430787 -0.099451 -1.913577
v 0.432384 -0.063249 -1.942523
v 0.431881 -0.046040 -1.933401
v 0.430787 -0.099451 -1.913577
v 0.431881 -0.046040 -1.933401
v 0.426754 0.000774 -1.840446
v 0.430787 -0.099451 -1.913577
v 0.426754 0.000774 -1.840446
v 0.424604 0.000774 -1.801468
v 0.430787 -0.099451 -1.913577
v 0.424604 0.000774 -1.801468
v 0.423888 -0.010733 -1.788477
v 0.430787 -0.099451 -1.913577
v 0.423888 -0.010733 -1.788477
v 0.423888 -0.099451 -1.788477
v 0.430787 -0.099451 -1.913577
v 0.160402 0.083242 -1.419361
v 0.280768 0.083242 -1.412723
v 0.160148 0.174113 -1.414749
v 0.280768 0.083242 -1.412723
v 0.280514 0.174113 -1.408110
v 0.160148 0.174113 -1.414749
v 0.298037 0.173409 -1.389410
v 0.298291 0.082538 -1.394023
v 0.140674 0.173409 -1.398090
v 0.298291 0.082538 -1.394023
v 0.140929 0.082538 -1.402703
v 0.140674 0.173409 -1.398090
v 1.365830 0.098635 -0.001788
v 1.539926 0.098635 -0.059183
v 1.365830 -0.095965 -0.001788
v 1.539926 0.098635 -0.059183
v 1.539926 -0.095965 -0.059183
v 1.365830 -0.095965 -0.001788
v 1.365830 0.098635 -0.001788
v 1.365830 -0.095965 -0.001788
v 1.316169 0.098635 -0.004527
v 1.365830 -0.095965 -0.001788
v 1.316169 -0.095965 -0.004527
v 1.316169 0.098635 -0.004527
v 1.367382 -0.095965 -0.029928
v 1.367382 0.098635 -0.029928
v 1.311621 -0.095965 -0.033003
v 1.367382 0.098635 -0.029928
v 1.311621 0.098635 -0.033003
v 1.311621 -0.095965 -0.033003
v 1.311621 -0.095965 -0.033003
v 1.311621 0.098635 -0.033003
v 1.316169 -0.095965 -0.004527
v 1.311621 0.098635 -0.033003
v 1.316169 0.098635 -0.004527
v 1.316169 -0.095965 -0.004527
v 1.541478 0.098635 -0.087323
v 1.367382 0.098635 -0.029928
v 1.541478 -0.095965 -0.087323
v 1.367382 0.098635 -0.029928
v 1.367382 -0.095965 -0.029928
v 1.541478 -0.095965 -0.087323
v 1.853461 -0.062237 -0.070116
v 1.853996 -0.029760 -0.070086
v 1.837312 0.001709 -0.071007
v 1.833444 -0.086643 -0.071220
v 1.853461 -0.062237 -0.070116
v 1.837312 0.001709 -0.071007
v 1.801055 -0.095965 -0.073006
v 1.833444 -0.086643 -0.071220
v 1.837312 0.001709 -0.071007
v 1.667301 -0.095965 -0.080383
v 1.801055 -0.095965 -0.073006
v 1.837312 0.001709 -0.071007
v 1.667301 0.098635 -0.080383
v 1.667301 -0.095965 -0.080383
v 1.837312 0.001709 -0.071007
v 1.667301 0.098635 -0.080383
v 1.541478 0.098635 -0.087323
v 1.667301 -0.095965 -0.080383
v 1.541478 0.098635 -0.087323
v 1.541478 -0.095965 -0.087323
v 1.667301 -0.095965 -0.080383
v 1.518339 -0.095965 0.332220
v 1.518339 0.098635 0.332220
v 1.351611 -0.095965 0.256027
v 1.518339 0.098635 0.332220
v 1.351611 0.098635 0.256027
v 1.351611 -0.095965 0.256027
v 1.301949 -0.095965 0.253288
v 1.351611 -0.095965 0.256027
v 1.301949 0.098635 0.253288
v 1.351611 -0.095965 0.256027
v 1.351611 0.098635 0.256027
v 1.301949 0.098635 0.253288
v 1.350059 -0.095965 0.284167
v 1.294297 -0.095965 0.281092
v 1.350059 0.098635 0.284167
v 1.294297 -0.095965 0.281092
v 1.294297 0.098635 0.281092
v 1.350059 0.098635 0.284167
v 1.777916 -0.095965 0.346536
v 1.776364 -0.095965 0.374676
v 1.808753 -0.086643 0.376462
v 1.810305 -0.086643 0.348323
v 1.777916 -0.095965 0.346536
v 1.808753 -0.086643 0.376462
v 1.810305 -0.086643 0.348323
v 1.808753 -0.086643 0.376462
v 1.828770 -0.062237 0.377566
v 1.830322 -0.062237 0.349427
v 1.810305 -0.086643 0.348323
v 1.828770 -0.062237 0.377566
v 1.830322 -0.062237 0.349427
v 1.828770 -0.062237 0.377566
v 1.830857 -0.029760 0.349456
v 1.828770 -0.062237 0.377566
v 1.829305 -0.029760 0.377596
v 1.830857 -0.029760 0.349456
v 1.830857 -0.029760 0.349456
v 1.829305 -0.029760 0.377596
v 1.814173 0.001709 0.348536
v 1.829305 -0.029760 0.377596
v 1.812621 0.001709 0.376676
v 1.814173 0.001709 0.348536
v 1.814173 0.001709 0.348536
v 1.812621 0.001709 0.376676
v 1.644162 0.098635 0.339159
v 1.812621 0.001709 0.376676
v 1.642610 0.098635 0.367299
v 1.644162 0.098635 0.339159
v 0.443964 -0.099451 -1.787369
v 0.443964 -0.010733 -1.787370
v 0.450864 -0.099451 -1.912469
v 0.443964 -0.010733 -1.787370
v 0.444681 0.000774 -1.800361
v 0.450864 -0.099451 -1.912469
v 0.444681 0.000774 -1.800361
v 0.446830 0.000774 -1.839339
v 0.450864 -0.099451 -1.912469
v 0.446830 0.000774 -1.839339
v 0.451957 -0.046040 -1.932293
v 0.450864 -0.099451 -1.912469
v 0.451957 -0.046040 -1.932293
v 0.452460 -0.063249 -1.941416
v 0.450864 -0.099451 -1.912469
v 0.452460 -0.063249 -1.941416
v 0.452444 -0.081008 -1.941123
v 0.450864 -0.099451 -1.912469
v 0.452444 -0.081008 -1.941123
v 0.451840 -0.094354 -1.930179
v 0.450864 -0.099451 -1.912469
v 1.294297 -0.095965 0.281092
v 1.301949 -0.095965 0.253288
v 1.294297 0.098635 0.281092
v 1.301949 -0.095965 0.253288
v 1.301949 0.098635 0.253288
v 1.294297 0.098635 0.281092
v 1.350059 -0.095965 0.284167
v 1.350059 0.098635 0.284167
v 1.516787 -0.095965 0.360360
v 1.350059 0.098635 0.284167
v 1.516787 0.098635 0.360360
v 1.516787 -0.095965 0.360360
v 1.403635 0.169083 0.304404
v 1.403635 0.157250 0.304404
v 1.574575 0.169083 0.313832
v 1.403635 0.157250 0.304404
v 1.574576 0.157250 0.313832
v 1.574575 0.169083 0.313832
v 1.719258 0.155326 0.321812
v 1.891653 0.070355 0.331320
v 1.722708 0.166661 0.322002
v 1.891653 0.070355 0.331320
v 1.901603 0.077968 0.331869
v 1.722708 0.166661 0.322002
v 1.901603 0.077968 0.331869
v 1.891653 0.070355 0.331320
v 1.912787 0.061223 0.332486
v 1.891653 0.070355 0.331320
v 1.900465 0.057162 0.331806
v 1.912787 0.061223 0.332486
v 0.430787 -0.099451 -1.913577
v 0.450864 -0.099451 -1.912469
v 0.431764 -0.094354 -1.931286
v 0.450864 -0.099451 -1.912469
v 0.451840 -0.094354 -1.930179
v 0.431764 -0.094354 -1.931286
v 0.431764 -0.094354 -1.931286
v 0.451840 -0.094354 -1.930179
v 0.432368 -0.081008 -1.942230
v 0.451840 -0.094354 -1.930179
v 0.452444 -0.081008 -1.941123
v 0.432368 -0.081008 -1.942230
v 0.452444 -0.081008 -1.941123
v 0.452460 -0.063249 -1.941416
v 0.432368 -0.081008 -1.942230
v 0.452460 -0.063249 -1.941416
v 0.432384 -0.063249 -1.942523
v 0.432368 -0.081008 -1.942230
v 0.432384 -0.063249 -1.942523
v 0.452460 -0.063249 -1.941416
v 0.431881 -0.046040 -1.933401
v 0.452460 -0.063249 -1.941416
v 0.451957 -0.046040 -1.932293
v 0.431881 -0.046040 -1.933401
v 0.431881 -0.046040 -1.933401
v 0.451957 -0.046040 -1.932293
v 0.446830 0.000774 -1.839339
v 0.426754 0.000774 -1.840446
v 0.431881 -0.046040 -1.933401
v 0.446830 0.000774 -1.839339
v 1.684348 0.157250 0.319886
v 1.719258 0.155326 0.321812
v 1.684348 0.169083 0.319886
v 1.719258 0.155326 0.321812
v 1.722708 0.166661 0.322002
v 1.684348 0.169083 0.319886
v 1.903215 -0.010700 0.331958
v 1.916678 -0.010700 0.332700
v 1.900465 0.057162 0.331806
v 1.916678 -0.010700 0.332700
v 1.912787 0.061223 0.332486
v 1.900465 0.057162 0.331806
v 1.684348 0.169083 0.319886
v 1.722708 0.166661 0.322002
v 1.683252 0.169083 0.339763
v 1.722708 0.166661 0.322002
v 1.716535 0.162786 0.433838
v 1.683252 0.169083 0.339763
v 1.573479 0.169083 0.333709
v 1.683252 0.169083 0.339763
v 1.574575 0.169083 0.313832
v 1.683252 0.169083 0.339763
v 1.678193 0.165464 0.431485
v 1.574575 0.169083 0.313832
v 1.716535 0.162786 0.433838
v 1.678193 0.165464 0.431485
v 1.683252 0.169083 0.339763
v 1.677577 0.155574 0.442650
v 1.678193 0.165464 0.431485
v 1.716535 0.162786 0.433838
v 1.715913 0.152465 0.444908
v 1.677577 0.155574 0.442650
v 1.716535 0.162786 0.433838
v 1.716535 0.162786 0.433838
v 1.892250 0.075526 0.443399
v 1.715913 0.152465 0.444908
v 1.892250 0.075526 0.443399
v 1.883020 0.068934 0.454046
v 1.715913 0.152465 0.444908
v 1.716535 0.162786 0.433838
v 1.722708 0.166661 0.322002
v 1.901603 0.077968 0.331869
v 1.892250 0.075526 0.443399
v 1.716535 0.162786 0.433838
v 1.901603 0.077968 0.331869
v 1.892250 0.075526 0.443399
v 1.901603 0.077968 0.331869
v 1.912787 0.061223 0.332486
v 1.902673 0.059921 0.443974
v 1.892250 0.075526 0.443399
v 1.912787 0.061223 0.332486
v 1.892250 0.075526 0.443399
v 1.902673 0.059921 0.443974
v 1.883020 0.068934 0.454046
v 1.902673 0.059921 0.443974
v 1.891389 0.056404 0.454507
v 1.883020 0.068934 0.454046
v 1.891389 0.056404 0.454507
v 1.894656 -0.010700 0.454622
v 1.883020 0.068934 0.454046
v 1.894656 -0.010700 0.454622
v 1.715413 -0.010700 0.448835
v 1.883020 0.068934 0.454046
v 1.715413 -0.010700 0.448835
v 1.715913 0.152465 0.444908
v 1.883020 0.068934 0.454046
v 1.715913 0.152465 0.444908
v 1.715413 -0.010700 0.448835
v 1.677352 -0.010700 0.446736
v 1.677577 0.155574 0.442650
v 1.715913 0.152465 0.444908
v 1.677352 -0.010700 0.446736
v 1.677577 0.155574 0.442650
v 1.677352 -0.010700 0.446736
v 1.396639 -0.010700 0.431254
v 1.396864 0.155574 0.427167
v 1.677577 0.155574 0.442650
v 1.396639 -0.010700 0.431254
v 1.677577 0.155574 0.442650
v 1.396864 0.155574 0.427167
v 1.678193 0.165464 0.431485
v 1.396864 0.155574 0.427167
v 1.397480 0.165464 0.416003
v 1.678193 0.165464 0.431485
v 1.678193 0.165464 0.431485
v 1.397480 0.165464 0.416003
v 1.574575 0.169083 0.313832
v 1.397480 0.165464 0.416003
v 1.403635 0.169083 0.304404
v 1.574575 0.169083 0.313832
v 1.894656 -0.010700 0.454622
v 1.891389 0.056404 0.454507
v 1.906436 -0.010700 0.444074
v 1.891389 0.056404 0.454507
v 1.902673 0.059921 0.443974
v 1.906436 -0.010700 0.444074
v 1.906436 -0.010700 0.444074
v 1.902673 0.059921 0.443974
v 1.916678 -0.010700 0.332700
v 1.902673 0.059921 0.443974
v 1.912787 0.061223 0.332486
v 1.916678 -0.010700 0.332700
v 0.038037 -0.022671 -1.871485
v 0.036673 -0.010014 -1.846737
v 0.036673 -0.035327 -1.846737
v 0.036673 -0.010014 -1.846737
v 0.035308 -0.022671 -1.821990
v 0.036673 -0.035327 -1.846737
v 0.038037 -0.047983 -1.871484
v 0.038037 -0.022671 -1.871485
v 0.036673 -0.035327 -1.846737
v 0.035308 -0.022671 -1.821990
v 0.035308 -0.047983 -1.821990
v 0.036673 -0.035327 -1.846737
v 0.036673 -0.060640 -1.846738
v 0.038037 -0.047983 -1.871484
v 0.036673 -0.035327 -1.846737
v 0.035308 -0.047983 -1.821990
v 0.036673 -0.060640 -1.846738
v 0.036673 -0.035327 -1.846737
v 0.221151 0.116306 -1.426459
v 0.221151 0.152480 -1.426460
v 0.180315 0.116306 -1.428712
v 0.221151 0.116306 -1.426459
v 0.180315 0.116306 -1.428712
v 0.221151 0.080133 -1.426460
v 0.221151 0.116306 -1.426459
v 0.261986 0.116306 -1.424207
v 0.221151 0.152480 -1.426460
v 0.221151 0.116306 -1.426459
v 0.221151 0.080133 -1.426460
v 0.261986 0.116306 -1.424207
v 0.216984 0.080133 -1.350921
v 0.221151 0.080133 -1.426460
v 0.176148 0.116306 -1.353173
v 0.221151 0.080133 -1.426460
v 0.180315 0.116306 -1.428712
v 0.176148 0.116306 -1.353173
v 0.176148 0.116306 -1.353173
v 0.180315 0.116306 -1.428712
v 0.216984 0.152480 -1.350921
v 0.180315 0.116306 -1.428712
v 0.221151 0.152480 -1.426460
v 0.216984 0.152480 -1.350921
v 0.221151 0.152480 -1.426460
v 0.261986 0.116306 -1.424207
v 0.216984 0.152480 -1.350921
v 0.261986 0.116306 -1.424207
v 0.257820 0.116306 -1.348669
v 0.216984 0.152480 -1.350921
v 0.257820 0.116306 -1.348669
v 0.261986 0.116306 -1.424207
v 0.216984 0.080133 -1.350921
v 0.261986 0.116306 -1.424207
v 0.221151 0.080133 -1.426460
v 0.216984 0.080133 -1.350921
v 0.020570 0.138666 -1.463535
v 0.020570 0.158063 -1.463535
v 0.019362 0.138666 -1.441638
v 0.020570 0.138666 -1.463535
v 0.019362 0.138666 -1.441638
v 0.020570 0.119268 -1.463535
v 0.020570 0.138666 -1.463535
v 0.021778 0.138666 -1.485433
v 0.020570 0.158063 -1.463535
v 0.020570 0.138666 -1.463535
v 0.020570 0.119268 -1.463535
v 0.021778 0.138666 -1.485433
v 0.424592 0.119268 -1.441252
v 0.020570 0.119268 -1.463535
v 0.423384 0.138666 -1.419354
v 0.020570 0.119268 -1.463535
v 0.019362 0.138666 -1.441638
v 0.423384 0.138666 -1.419354
v 0.423384 0.138666 -1.419354
v 0.019362 0.138666 -1.441638
v 0.424592 0.158063 -1.441252
v 0.019362 0.138666 -1.441638
v 0.020570 0.158063 -1.463535
v 0.424592 0.158063 -1.441252
v 0.424592 0.158063 -1.441252
v 0.020570 0.158063 -1.463535
v 0.425800 0.138666 -1.463150
v 0.020570 0.158063 -1.463535
v 0.021778 0.138666 -1.485433
v 0.425800 0.138666 -1.463150
v 0.425800 0.138666 -1.463150
v 0.021778 0.138666 -1.485433
v 0.424592 0.119268 -1.441252
v 0.021778 0.138666 -1.485433
v 0.020570 0.119268 -1.463535
v 0.424592 0.119268 -1.441252
v 0.382517 0.044519 -1.319027
v 0.391883 0.055204 -1.488835
v 0.386059 0.164181 -1.383240
v 0.391883 0.055204 -1.488835
v 0.391749 0.163859 -1.486410
v 0.386059 0.164181 -1.383240
v 0.391749 0.163859 -1.486410
v 0.390762 0.183874 -1.468510
v 0.386059 0.164181 -1.383240
v 0.390762 0.183874 -1.468510
v 0.389230 0.190745 -1.440742
v 0.386059 0.164181 -1.383240
v 0.389230 0.190745 -1.440742
v 0.387460 0.183145 -1.408643
v 0.386059 0.164181 -1.383240
v 1.422859 0.169083 -0.044150
v 1.593799 0.169083 -0.034722
v 1.422859 0.157250 -0.044150
v 1.593799 0.169083 -0.034722
v 1.593799 0.157250 -0.034722
v 1.422859 0.157250 -0.044150
v 1.703572 0.157250 -0.028668
v 1.703572 0.169083 -0.028668
v 1.738482 0.155326 -0.026743
v 1.703572 0.169083 -0.028668
v 1.741932 0.166661 -0.026552
v 1.738482 0.155326 -0.026743
v 1.932011 0.061223 -0.016069
v 1.935902 -0.010700 -0.015854
v 1.919689 0.057162 -0.016749
v 1.935902 -0.010700 -0.015854
v 1.922439 -0.010700 -0.016597
v 1.919689 0.057162 -0.016749
v 1.748095 0.162786 -0.138388
v 1.741932 0.166661 -0.026552
v 1.704668 0.169083 -0.048545
v 1.741932 0.166661 -0.026552
v 1.703572 0.169083 -0.028668
v 1.704668 0.169083 -0.048545
v 1.915793 0.068934 -0.140166
v 1.924162 0.056404 -0.139704
v 1.934219 0.059921 -0.127993
v 1.923796 0.075526 -0.128568
v 1.915793 0.068934 -0.140166
v 1.934219 0.059921 -0.127993
v 1.915793 0.068934 -0.140166
v 1.923796 0.075526 -0.128568
v 1.748695 0.152465 -0.149460
v 1.923796 0.075526 -0.128568
v 1.748095 0.162786 -0.138388
v 1.748695 0.152465 -0.149460
v 1.748695 0.152465 -0.149460
v 1.748095 0.162786 -0.138388
v 1.710343 0.155574 -0.151431
v 1.748095 0.162786 -0.138388
v 1.709727 0.165463 -0.140267
v 1.710343 0.155574 -0.151431
v 1.709727 0.165463 -0.140267
v 1.748095 0.162786 -0.138388
v 1.704668 0.169083 -0.048545
v 1.709727 0.165463 -0.140267
v 1.704668 0.169083 -0.048545
v 1.593799 0.169083 -0.034722
v 1.704668 0.169083 -0.048545
v 1.594896 0.169083 -0.054599
v 1.593799 0.169083 -0.034722
v 1.923796 0.075526 -0.128568
v 1.934219 0.059921 -0.127993
v 1.932011 0.061223 -0.016069
v 1.920827 0.077968 -0.016686
v 1.923796 0.075526 -0.128568
v 1.932011 0.061223 -0.016069
v 1.748095 0.162786 -0.138388
v 1.923796 0.075526 -0.128568
v 1.920827 0.077968 -0.016686
v 1.741932 0.166661 -0.026552
v 1.748095 0.162786 -0.138388
v 1.920827 0.077968 -0.016686
v 1.932011 0.061223 -0.016069
v 1.934219 0.059921 -0.127993
v 1.935902 -0.010700 -0.015854
v 1.934219 0.059921 -0.127993
v 1.937970 -0.010700 -0.127679
v 1.935902 -0.010700 -0.015854
v 1.934219 0.059921 -0.127993
v 1.924162 0.056404 -0.139704
v 1.937970 -0.010700 -0.127679
v 1.924162 0.056404 -0.139704
v 1.927421 -0.010700 -0.139459
v 1.937970 -0.010700 -0.127679
v 1.927421 -0.010700 -0.139459
v 1.924162 0.056404 -0.139704
v 1.915793 0.068934 -0.140166
v 1.748629 -0.010700 -0.153419
v 1.927421 -0.010700 -0.139459
v 1.915793 0.068934 -0.140166
v 1.748695 0.152465 -0.149460
v 1.748629 -0.010700 -0.153419
v 1.915793 0.068934 -0.140166
v 1.710568 -0.010700 -0.155518
v 1.748629 -0.010700 -0.153419
v 1.748695 0.152465 -0.149460
v 1.710343 0.155574 -0.151431
v 1.710568 -0.010700 -0.155518
v 1.748695 0.152465 -0.149460
v 1.429855 -0.010700 -0.171000
v 1.710568 -0.010700 -0.155518
v 1.710343 0.155574 -0.151431
v 1.429630 0.155574 -0.166914
v 1.429855 -0.010700 -0.171000
v 1.710343 0.155574 -0.151431
v 1.429630 0.155574 -0.166914
v 1.710343 0.155574 -0.151431
v 1.709727 0.165463 -0.140267
v 1.429014 0.165463 -0.155749
v 1.429630 0.155574 -0.166914
v 1.709727 0.165463 -0.140267
v 1.429014 0.165463 -0.155749
v 1.709727 0.165463 -0.140267
v 1.593799 0.169083 -0.034722
v 1.422859 0.169083 -0.044150
v 1.429014 0.165463 -0.155749
v 1.593799 0.169083 -0.034722
v 1.828265 -0.067134 0.006852
v 1.762731 0.090726 0.003238
v 1.812189 -0.067134 0.298325
v 1.762731 0.090726 0.003238
v 1.746655 0.090726 0.294710
v 1.812189 -0.067134 0.298325
v 1.709980 0.194545 0.027014
v 1.696839 0.194545 0.265277
v 1.696049 0.172288 0.026246
v 1.696839 0.194545 0.265277
v 1.682908 0.172288 0.264509
v 1.696049 0.172288 0.026246
v 2.148332 -0.078210 0.330263
v 2.147767 -0.044029 0.330232
v 2.171710 -0.078210 0.331552
v 2.147767 -0.044029 0.330232
v 2.169369 -0.036992 0.331423
v 2.171710 -0.078210 0.331552
v 2.152331 -0.019245 0.330483
v 2.169369 -0.036992 0.331423
v 2.147767 -0.044029 0.330232
v 2.139148 -0.036250 0.329756
v 2.152331 -0.019245 0.330483
v 2.147767 -0.044029 0.330232
v 2.152331 -0.019245 0.330483
v 2.139148 -0.036250 0.329756
v 1.718069 0.173330 0.306533
v 1.725039 0.192979 0.306917
v 2.152331 -0.019245 0.330483
v 1.718069 0.173330 0.306533
v 1.725039 0.192979 0.306917
v 1.718069 0.173330 0.306533
v 1.712666 0.195199 0.306235
v 1.718069 0.173330 0.306533
v 1.710455 0.174696 0.306113
v 1.712666 0.195199 0.306235
v 1.678044 0.192862 0.304325
v 1.712666 0.195199 0.306235
v 1.710455 0.174696 0.306113
v 1.680704 0.172288 0.304472
v 1.678044 0.192862 0.304325
v 1.710455 0.174696 0.306113
v 1.678044 0.192862 0.304325
v 1.680704 0.172288 0.304472
v 1.543916 0.179255 0.296928
v 1.680704 0.172288 0.304472
v 1.556742 0.080046 0.297635
v 1.543916 0.179255 0.296928
v 1.556742 0.080046 0.297635
v 1.526806 0.160178 0.295984
v 1.543916 0.179255 0.296928
v 1.682908 0.172288 0.264509
v 1.681441 0.172288 0.291113
v 1.702219 0.174452 0.292259
v 1.682908 0.172288 0.264509
v 1.702219 0.174452 0.292259
v 1.696049 0.172288 0.026246
v 1.702219 0.174452 0.292259
v 1.711192 0.174696 0.292754
v 1.696049 0.172288 0.026246
v 1.697517 0.172288 -0.000358
v 1.696049 0.172288 0.026246
v 1.718295 0.174452 0.000788
v 1.727268 0.174696 0.001283
v 1.718295 0.174452 0.000788
v 1.696049 0.172288 0.026246
v 1.711192 0.174696 0.292754
v 1.727268 0.174696 0.001283
v 1.696049 0.172288 0.026246
v 1.727268 0.174696 0.001283
v 1.711192 0.174696 0.292754
v 1.734881 0.173330 0.001703
v 1.711192 0.174696 0.292754
v 1.718806 0.173330 0.293174
v 1.734881 0.173330 0.001703
v 1.718806 0.173330 0.293174
v 1.745427 0.160802 0.294642
v 1.734881 0.173330 0.001703
v 1.745427 0.160802 0.294642
v 1.761503 0.160801 0.003171
v 1.734881 0.173330 0.001703
v 1.745427 0.160802 0.294642
v 1.746655 0.090726 0.294710
v 1.761503 0.160801 0.003171
v 1.746655 0.090726 0.294710
v 1.762731 0.090726 0.003238
v 1.761503 0.160801 0.003171
v 1.812189 -0.067134 0.298325
v 2.149250 -0.050455 0.316914
v 1.828265 -0.067134 0.006852
v 2.149250 -0.050455 0.316914
v 2.165325 -0.050455 0.025443
v 1.828265 -0.067134 0.006852
v 1.339726 -0.010700 1.087257
v 1.197243 -0.010700 1.232722
v 1.197243 0.038096 1.232721
v 1.339726 0.038148 1.087257
v 1.339726 -0.010700 1.087257
v 1.197243 0.038096 1.232721
v 1.339726 0.038148 1.087257
v 1.197243 0.038096 1.232721
v 1.194179 0.071460 1.229299
v 1.336241 0.071460 1.084264
v 1.339726 0.038148 1.087257
v 1.194179 0.071460 1.229299
v 1.336241 0.071460 1.084264
v 1.194179 0.071460 1.229299
v 1.313858 0.088610 1.065041
v 1.194179 0.071460 1.229299
v 1.174496 0.088610 1.207319
v 1.313858 0.088610 1.065041
v 1.464016 -0.010700 0.921760
v 1.339726 -0.010700 1.087257
v 1.339726 0.038148 1.087257
v 0.956548 0.228529 0.963926
v 1.066006 0.228529 0.852179
v 1.110925 0.136217 1.113697
v 1.174496 0.088610 1.207319
v 0.956548 0.228529 0.963926
v 1.110925 0.136217 1.113697
v 1.147178 0.112943 1.154183
v 1.174496 0.088610 1.207319
v 1.110925 0.136217 1.113697
v 1.174496 0.088610 1.207319
v 1.147178 0.112943 1.154183
v 1.313858 0.088610 1.065041
v 1.147178 0.112943 1.154183
v 1.270753 0.112943 1.028022
v 1.313858 0.088610 1.065041
v 1.270753 0.112943 1.028022
v 1.387902 0.112944 0.872034
v 1.313858 0.088610 1.065041
v 1.387902 0.112944 0.872034
v 1.435470 0.088610 0.903110
v 1.313858 0.088610 1.065041
v 1.336241 0.071460 1.084264
v 1.313858 0.088610 1.065041
v 1.435470 0.088610 0.903110
v 1.460170 0.071460 0.919247
v 1.336241 0.071460 1.084264
v 1.435470 0.088610 0.903110
v 1.336241 0.071460 1.084264
v 1.460170 0.071460 0.919247
v 1.339726 0.038148 1.087257
v 1.460170 0.071460 0.919247
v 1.464016 0.038148 0.921760
v 1.339726 0.038148 1.087257
v 1.464016 0.038148 0.921760
v 1.464016 -0.010700 0.921760
v 1.339726 0.038148 1.087257
v 1.565641 -0.010700 0.741455
v 1.464016 -0.010700 0.921760
v 1.464016 0.038148 0.921760
v 1.565641 0.038148 0.741455
v 1.565641 -0.010700 0.741455
v 1.464016 0.038148 0.921760
v 1.642862 -0.010700 0.549428
v 1.565641 -0.010700 0.741455
v 1.565641 0.038148 0.741455
v 1.642862 0.038148 0.549428
v 1.642862 -0.010700 0.549428
v 1.565641 0.038148 0.741455
v 1.642862 -0.010700 0.549428
v 1.642862 0.038148 0.549428
v 1.668202 -0.010700 0.450786
v 1.642862 0.038148 0.549428
v 1.668202 0.038148 0.450786
v 1.668202 -0.010700 0.450786
v 1.460170 0.071460 0.919247
v 1.435470 0.088610 0.903110
v 1.534904 0.088610 0.726691
v 1.561500 0.071460 0.739466
v 1.460170 0.071460 0.919247
v 1.534904 0.088610 0.726691
v 1.460170 0.071460 0.919247
v 1.561500 0.071460 0.739466
v 1.464016 0.038148 0.921760
v 1.561500 0.071460 0.739466
v 1.565641 0.038148 0.741455
v 1.464016 0.038148 0.921760
v 1.642862 0.038148 0.549428
v 1.565641 0.038148 0.741455
v 1.561500 0.071460 0.739466
v 1.638495 0.071461 0.547996
v 1.642862 0.038148 0.549428
v 1.561500 0.071460 0.739466
v 1.561500 0.071460 0.739466
v 1.534904 0.088610 0.726691
v 1.638495 0.071461 0.547996
v 1.534904 0.088610 0.726691
v 1.610458 0.088611 0.538801
v 1.638495 0.071461 0.547996
v 1.663595 0.071430 0.450532
v 1.668202 0.038148 0.450786
v 1.642862 0.038148 0.549428
v 1.638495 0.071461 0.547996
v 1.663595 0.071430 0.450532
v 1.642862 0.038148 0.549428
v 1.663595 0.071430 0.450532
v 1.638495 0.071461 0.547996
v 1.633694 0.088554 0.448883
v 1.638495 0.071461 0.547996
v 1.610458 0.088611 0.538801
v 1.633694 0.088554 0.448883
v 1.633694 0.088554 0.448883
v 1.610458 0.088611 0.538801
v 1.301666 0.228529 0.430571
v 1.610458 0.088611 0.538801
v 1.300017 0.228529 0.436992
v 1.301666 0.228529 0.430571
v 1.534904 0.088610 0.726691
v 1.435470 0.088610 0.903110
v 1.387902 0.112944 0.872034
v 1.483687 0.112943 0.702089
v 1.534904 0.088610 0.726691
v 1.387902 0.112944 0.872034
v 1.534904 0.088610 0.726691
v 1.483687 0.112943 0.702089
v 1.539440 0.112943 0.563448
v 1.610458 0.088611 0.538801
v 1.534904 0.088610 0.726691
v 1.539440 0.112943 0.563448
v 1.610458 0.088611 0.538801
v 1.539440 0.112943 0.563448
v 1.540940 0.114528 0.549823
v 1.610458 0.088611 0.538801
v 1.540940 0.114528 0.549823
v 1.535154 0.118822 0.537396
v 1.610458 0.088611 0.538801
v 1.535154 0.118822 0.537396
v 1.523758 0.124580 0.529774
v 1.300017 0.228529 0.436992
v 1.610458 0.088611 0.538801
v 1.523758 0.124580 0.529774
v 1.509383 0.130456 0.528823
v 1.300017 0.228529 0.436992
v 1.523758 0.124580 0.529774
v 1.509383 0.130456 0.528823
v 1.496326 0.134682 0.534903
v 1.300017 0.228529 0.436992
v 1.496326 0.134682 0.534903
v 1.487802 0.136217 0.546513
v 1.300017 0.228529 0.436992
v 1.300017 0.228529 0.436992
v 1.487802 0.136217 0.546513
v 1.240405 0.228529 0.585231
v 1.487802 0.136217 0.546513
v 1.434700 0.136218 0.678559
v 1.240405 0.228529 0.585231
v 1.161954 0.228529 0.724420
v 1.240405 0.228529 0.585231
v 1.434700 0.136218 0.678559
v 1.342407 0.136217 0.842311
v 1.161954 0.228529 0.724420
v 1.434700 0.136218 0.678559
v 1.342407 0.136217 0.842311
v 1.229527 0.136217 0.992615
v 1.161954 0.228529 0.724420
v 1.229527 0.136217 0.992615
v 1.066006 0.228529 0.852179
v 1.161954 0.228529 0.724420
v 1.066006 0.228529 0.852179
v 1.229527 0.136217 0.992615
v 1.110925 0.136217 1.113697
v 0.412415 0.183145 -1.407267
v 0.414185 0.190745 -1.439366
v 0.411014 0.164181 -1.381863
v 0.414185 0.190745 -1.439366
v 0.415717 0.183874 -1.467133
v 0.411014 0.164181 -1.381863
v 0.415717 0.183874 -1.467133
v 0.416704 0.163859 -1.485034
v 0.411014 0.164181 -1.381863
v 0.416704 0.163859 -1.485034
v 0.416838 0.055204 -1.487459
v 0.411014 0.164181 -1.381863
v 0.416838 0.055204 -1.487459
v 0.407472 0.044519 -1.317651
v 0.411014 0.164181 -1.381863
v 1.549446 -0.010700 -0.661005
v 1.445816 -0.010700 -0.836282
v 1.537534 -0.010700 -0.654977
v 1.445816 -0.010700 -0.836282
v 1.434792 -0.010700 -0.828750
v 1.537534 -0.010700 -0.654977
v 1.434792 -0.010700 -0.828750
v 1.445816 -0.010700 -0.836282
v 1.318126 -0.010700 -0.999171
v 1.308373 -0.010700 -0.990438
v 1.434792 -0.010700 -0.828750
v 1.318126 -0.010700 -0.999171
v 1.161569 -0.010700 -1.133871
v 1.308373 -0.010700 -0.990438
v 1.318126 -0.010700 -0.999171
v 1.170267 -0.010700 -1.143999
v 1.161569 -0.010700 -1.133871
v 1.318126 -0.010700 -0.999171
v 1.170267 -0.010700 -1.143999
v 1.004770 -0.010700 -1.268290
v 1.161569 -0.010700 -1.133871
v 1.004770 -0.010700 -1.268290
v 0.997468 -0.010700 -1.257113
v 1.161569 -0.010700 -1.133871
v 1.004770 -0.010700 -1.268290
v 0.824465 -0.010700 -1.369914
v 0.997468 -0.010700 -1.257113
v 0.824465 -0.010700 -1.369914
v 0.818684 -0.010700 -1.357880
v 0.997468 -0.010700 -1.257113
v 0.824465 -0.010700 -1.369914
v 0.632438 -0.010700 -1.447135
v 0.818684 -0.010700 -1.357880
v 0.632438 -0.010700 -1.447135
v 0.628277 -0.010700 -1.434450
v 0.818684 -0.010700 -1.357880
v 0.628277 -0.010700 -1.434450
v 0.632438 -0.010700 -1.447135
v 0.533045 -0.010700 -1.458856
v 0.632438 -0.010700 -1.447135
v 0.533796 -0.010700 -1.472475
v 0.533045 -0.010700 -1.458856
v 0.391883 0.055204 -1.488835
v 0.416838 0.055204 -1.487459
v 0.391749 0.163859 -1.486410
v 0.416838 0.055204 -1.487459
v 0.416704 0.163859 -1.485034
v 0.391749 0.163859 -1.486410
v 0.391749 0.163859 -1.486410
v 0.416704 0.163859 -1.485034
v 0.415717 0.183874 -1.467133
v 0.390762 0.183874 -1.468510
v 0.391749 0.163859 -1.486410
v 0.415717 0.183874 -1.467133
v 0.390762 0.183874 -1.468510
v 0.415717 0.183874 -1.467133
v 0.389230 0.190745 -1.440742
v 0.415717 0.183874 -1.467133
v 0.414185 0.190745 -1.439366
v 0.389230 0.190745 -1.440742
v 0.389230 0.190745 -1.440742
v 0.414185 0.190745 -1.439366
v 0.387460 0.183145 -1.408643
v 0.414185 0.190745 -1.439366
v 0.412415 0.183145 -1.407267
v 0.387460 0.183145 -1.408643
v 0.387460 0.183145 -1.408643
v 0.412415 0.183145 -1.407267
v 0.411014 0.164181 -1.381863
v 0.386059 0.164181 -1.383240
v 0.387460 0.183145 -1.408643
v 0.411014 0.164181 -1.381863
v 0.386059 0.164181 -1.383240
v 0.411014 0.164181 -1.381863
v 0.407472 0.044519 -1.317651
v 0.382517 0.044519 -1.319027
v 0.386059 0.164181 -1.383240
v 0.407472 0.044519 -1.317651
v 0.533796 -0.010700 -1.472475
v 0.533796 0.038148 -1.472475
v 0.533045 -0.010700 -1.458856
v 0.533796 0.038148 -1.472475
v 0.533045 0.038148 -1.458855
v 0.533045 -0.010700 -1.458856
v 0.533045 0.038148 -1.458855
v 0.533796 0.038148 -1.472475
v 0.532929 0.065408 -1.456748
v 0.533796 0.038148 -1.472475
v 0.533542 0.071430 -1.467868
v 0.532929 0.065408 -1.456748
v 0.533542 0.071430 -1.467868
v 0.531893 0.088554 -1.437967
v 0.532929 0.065408 -1.456748
v 0.531893 0.088554 -1.437967
v 0.531565 0.077909 -1.432019
v 0.532929 0.065408 -1.456748
v 0.510560 0.228529 -1.051177
v 0.517010 0.215312 -1.060135
v 0.513581 0.228529 -1.105939
v 0.517010 0.215312 -1.060135
v 0.520031 0.215312 -1.114897
v 0.513581 0.228529 -1.105939
v 0.513581 0.228529 -1.105939
v 0.520031 0.215312 -1.114897
v 0.531893 0.088554 -1.437967
v 0.520031 0.215312 -1.114897
v 0.531565 0.077909 -1.432019
v 0.531893 0.088554 -1.437967
v 1.233964 0.215312 -0.507039
v 1.186752 0.215312 -0.483145
v 1.227514 0.228529 -0.498081
v 1.186752 0.215312 -0.483145
v 1.180302 0.228529 -0.474188
v 1.227514 0.228529 -0.498081
v 1.519021 0.088610 -0.645608
v 1.545347 0.071459 -0.658931
v 1.520269 0.076576 -0.651933
v 1.545347 0.071459 -0.658931
v 1.535195 0.065235 -0.653793
v 1.520269 0.076576 -0.651933
v 1.412847 0.077959 -0.813756
v 1.154353 0.215312 -0.641689
v 1.233964 0.215312 -0.507039
v 1.520269 0.076576 -0.651933
v 1.412847 0.077959 -0.813756
v 1.233964 0.215312 -0.507039
v 1.432628 0.065235 -0.827271
v 1.412847 0.077959 -0.813756
v 1.520269 0.076576 -0.651933
v 1.535195 0.065235 -0.653793
v 1.432628 0.065235 -0.827271
v 1.520269 0.076576 -0.651933
v 1.434769 0.038148 -0.828734
v 1.432628 0.065235 -0.827271
v 1.535195 0.065235 -0.653793
v 1.537508 0.038148 -0.654964
v 1.434769 0.038148 -0.828734
v 1.535195 0.065235 -0.653793
v 1.434769 0.038148 -0.828734
v 1.537508 0.038148 -0.654964
v 1.537534 -0.010700 -0.654977
v 1.434792 -0.010700 -0.828750
v 1.434769 0.038148 -0.828734
v 1.537534 -0.010700 -0.654977
v 1.434792 -0.010700 -0.828750
v 1.308373 -0.010700 -0.990438
v 1.434769 0.038148 -0.828734
v 1.308373 -0.010700 -0.990438
v 1.308373 0.038148 -0.990438
v 1.434769 0.038148 -0.828734
v 1.434769 0.038148 -0.828734
v 1.308373 0.038148 -0.990438
v 1.432628 0.065235 -0.827271
v 1.308373 0.038148 -0.990438
v 1.306600 0.065427 -0.988850
v 1.432628 0.065235 -0.827271
v 1.432628 0.065235 -0.827271
v 1.306600 0.065427 -0.988850
v 1.288381 0.077964 -0.972536
v 1.412847 0.077959 -0.813756
v 1.432628 0.065235 -0.827271
v 1.288381 0.077964 -0.972536
v 1.412847 0.077959 -0.813756
v 1.288381 0.077964 -0.972536
v 1.154353 0.215312 -0.641689
v 1.288381 0.077964 -0.972536
v 1.049331 0.216695 -0.758476
v 1.154353 0.215312 -0.641689
v 0.661759 -0.167464 0.852400
v 0.661759 -0.039087 0.852400
v 0.661759 -0.039087 0.852400
v -1.087896 0.213314 -0.007979
v -1.093822 0.210560 0.015377
v -1.081929 0.215935 -0.007650
v -1.081929 0.215935 -0.007650
v -1.093822 0.210560 0.015377
v -1.080212 0.216695 -0.007555
v -1.093822 0.210560 0.015377
v -1.078593 0.216695 0.148860
v -1.080212 0.216695 -0.007555
v -1.114372 0.201346 0.039434
v -1.078593 0.216695 0.148860
v -1.093822 0.210560 0.015377
v -1.147402 0.186687 0.059244
v -1.078593 0.216695 0.148860
v -1.114372 0.201346 0.039434
v -1.147402 0.186687 0.059244
v -1.202651 0.162286 0.075280
v -1.078593 0.216695 0.148860
v -1.202651 0.162286 0.075280
v -1.199993 0.162838 0.164834
v -1.078593 0.216695 0.148860
v -1.078593 0.216695 0.148860
v -1.199993 0.162838 0.164834
v -1.057993 0.216695 0.293728
v -1.199993 0.162838 0.164834
v -1.184126 0.162842 0.276172
v -1.057993 0.216695 0.293728
v -1.057993 0.216695 0.293728
v -1.184126 0.162842 0.276172
v -1.191805 0.158964 0.286348
v -1.191805 0.158964 0.286348
v -1.184126 0.162842 0.276172
v -1.196761 0.170028 0.286075
v -1.184126 0.162842 0.276172
v -1.189908 0.173488 0.276994
v -1.196761 0.170028 0.286075
v -1.184126 0.162842 0.276172
v -1.199993 0.162838 0.164834
v -1.189908 0.173488 0.276994
v -1.199993 0.162838 0.164834
v -1.205795 0.173488 0.165275
v -1.189908 0.173488 0.276994
v -1.205795 0.173488 0.165275
v -1.199993 0.162838 0.164834
v -1.202651 0.162286 0.075280
v -1.208688 0.172880 0.067860
v -1.205795 0.173488 0.165275
v -1.202651 0.162286 0.075280
v -1.004169 0.216695 0.296697
v -1.025831 0.216695 0.144853
v -1.057993 0.216695 0.293728
v -1.025831 0.216695 0.144853
v -1.078593 0.216695 0.148860
v -1.057993 0.216695 0.293728
v -1.078593 0.216695 0.148860
v -1.025831 0.216695 0.144853
v -1.027379 0.216695 -0.004641
v -1.080212 0.216695 -0.007555
v -1.078593 0.216695 0.148860
v -1.027379 0.216695 -0.004641
v 1.018149 -0.102928 -0.713135
v 0.999735 -0.102928 -0.733699
v 0.999735 -0.102928 -0.733699
v 0.999735 0.036012 -0.733699
v 1.018149 0.036012 -0.713135
v 0.999735 -0.102928 -0.733699
v 1.018149 0.036012 -0.713135
v 1.018149 -0.102928 -0.713135
v 0.999735 -0.102928 -0.733699
v 1.024653 0.036012 -0.756012
v 1.269178 -0.078721 -0.974974
v 1.043067 0.036012 -0.735448
v 1.269178 -0.078721 -0.974974
v 1.287592 -0.078721 -0.954411
v 1.043067 0.036012 -0.735448
v 1.043067 0.036012 -0.735448
v 1.018149 0.036012 -0.713135
v 1.024653 0.036012 -0.756012
v 1.018149 0.036012 -0.713135
v 0.999735 0.036012 -0.733699
v 1.024653 0.036012 -0.756012
v -0.739647 -0.102928 0.823847
v -0.721233 -0.102928 0.844410
v -0.721233 -0.102928 0.844410
v -0.721233 -0.102928 0.844410
v -0.721233 0.036012 0.844410
v -0.739647 -0.102928 0.823847
v -0.721233 0.036012 0.844410
v -0.739647 0.036012 0.823846
v -0.739647 -0.102928 0.823847
v -0.965386 0.036012 -0.321528
v -1.309058 -0.078721 -0.434235
v -0.965386 -0.102928 -0.321528
v -1.309058 -0.078721 -0.434235
v -1.309058 -0.241867 -0.434234
v -0.965386 -0.102928 -0.321528
v -1.309058 -0.241867 -0.434234
v -0.965386 -0.102928 -0.321528
v -0.965386 -0.102928 -0.321528
v 0.140674 0.173409 -1.398090
v 0.140929 0.082538 -1.402703
v 0.144408 0.176105 -1.465784
v 0.140929 0.082538 -1.402703
v 0.144916 0.085417 -1.474988
v 0.144408 0.176105 -1.465784
v 0.144916 0.085417 -1.474988
v 0.146531 0.114782 -1.504271
v 0.144408 0.176105 -1.465784
v 0.146531 0.114782 -1.504271
v 0.146816 0.140765 -1.509446
v 0.144408 0.176105 -1.465784
v 0.146816 0.140765 -1.509446
v 0.146315 0.162200 -1.500361
v 0.144408 0.176105 -1.465784
v -0.549722 0.228529 -0.952177
v -0.672828 0.228529 -0.855672
v -0.804713 0.136217 -1.025583
v -0.672828 0.228529 -0.855672
v -0.890776 0.088610 -1.099064
v -0.804713 0.136217 -1.025583
v -0.890776 0.088610 -1.099064
v -0.840967 0.112943 -1.066068
v -0.804713 0.136217 -1.025583
v -0.890776 0.088610 -1.099064
v -0.734035 0.088610 -1.221934
v -0.840967 0.112943 -1.066068
v -0.734035 0.088610 -1.221934
v -0.701981 0.112943 -1.175020
v -0.840967 0.112943 -1.066068
v -0.701981 0.112943 -1.175020
v -0.734035 0.088610 -1.221934
v -0.534056 0.112943 -1.274303
v -0.734035 0.088610 -1.221934
v -0.559713 0.088610 -1.325000
v -0.534056 0.112943 -1.274303
v -0.559713 0.088610 -1.325000
v -0.373428 0.088610 -1.404430
v -0.534056 0.112943 -1.274303
v -0.373428 0.088610 -1.404430
v -0.559713 0.088610 -1.325000
v -0.573035 0.071459 -1.351326
v -0.383201 0.071459 -1.432270
v -0.373428 0.088610 -1.404430
v -0.573035 0.071459 -1.351326
v -0.383201 0.071459 -1.432270
v -0.573035 0.071459 -1.351326
v -0.575110 0.038148 -1.355425
v -0.384723 0.038148 -1.436605
v -0.383201 0.071459 -1.432270
v -0.575110 0.038148 -1.355425
v -0.384723 0.038148 -1.436605
v -0.575110 0.038148 -1.355425
v -0.384723 -0.010700 -1.436604
v -0.384723 0.038148 -1.436605
v -0.384723 -0.010700 -1.436604
v -0.185368 -0.010700 -1.492240
v -0.185368 0.038148 -1.492240
v -0.384723 0.038148 -1.436605
v -0.185368 -0.010700 -1.492240
v -0.185368 0.038148 -1.492240
v -0.185368 -0.010700 -1.492240
v -0.084538 -0.010700 -1.506578
v -0.084538 0.038148 -1.506578
v -0.185368 0.038148 -1.492240
v -0.084538 -0.010700 -1.506578
v -0.185368 0.038148 -1.492240
v -0.084538 0.038148 -1.506578
v -0.084792 0.071430 -1.501971
v -0.384723 0.038148 -1.436605
v -0.185368 0.038148 -1.492240
v -0.383201 0.071459 -1.432270
v -0.734035 0.088610 -1.221934
v -0.890776 0.088610 -1.099064
v -0.910458 0.071460 -1.121044
v -0.750680 0.071460 -1.246295
v -0.734035 0.088610 -1.221934
v -0.910458 0.071460 -1.121044
v -0.559713 0.088610 -1.325000
v -0.734035 0.088610 -1.221934
v -0.750680 0.071460 -1.246295
v -0.573035 0.071459 -1.351326
v -0.559713 0.088610 -1.325000
v -0.750680 0.071460 -1.246295
v -0.573035 0.071459 -1.351326
v -0.750680 0.071460 -1.246295
v -0.753272 0.038148 -1.250089
v -0.575110 0.038148 -1.355425
v -0.573035 0.071459 -1.351326
v -0.753272 0.038148 -1.250089
v -0.575110 0.038148 -1.355425
v -0.753272 0.038148 -1.250089
v -0.575110 -0.010700 -1.355425
v -0.575110 0.038148 -1.355425
v -0.575110 -0.010700 -1.355425
v -0.384723 -0.010700 -1.436604
v -0.753272 0.038148 -1.250089
v -0.753272 -0.010700 -1.250089
v -0.575110 -0.010700 -1.355425
v -0.913523 -0.010700 -1.124467
v -0.753272 -0.010700 -1.250089
v -0.913523 0.038095 -1.124467
v -0.753272 -0.010700 -1.250089
v -0.753272 0.038148 -1.250089
v -0.913523 0.038095 -1.124467
v -0.913523 0.038095 -1.124467
v -0.753272 0.038148 -1.250089
v -0.910458 0.071460 -1.121044
v -0.753272 0.038148 -1.250089
v -0.750680 0.071460 -1.246295
v -0.910458 0.071460 -1.121044
v -0.373428 0.088610 -1.404430
v -0.354608 0.112943 -1.350819
v -0.534056 0.112943 -1.274303
v -0.354608 0.112943 -1.350819
v -0.373428 0.088610 -1.404430
v -0.210677 0.112943 -1.390987
v -0.184425 0.071461 -1.487742
v -0.185368 0.038148 -1.492240
v -0.084792 0.071430 -1.501971
v -0.084792 0.071430 -1.501971
v -0.086442 0.088554 -1.472070
v -0.184425 0.071461 -1.487742
v -0.086442 0.088554 -1.472070
v -0.178369 0.088611 -1.458863
v -0.184425 0.071461 -1.487742
v -0.178369 0.088611 -1.458863
v -0.086442 0.088554 -1.472070
v -0.104754 0.228528 -1.140042
v -0.111318 0.228529 -1.139109
v -0.178369 0.088611 -1.458863
v -0.104754 0.228528 -1.140042
v -0.185368 0.038148 -1.492240
v -0.184425 0.071461 -1.487742
v -0.383201 0.071459 -1.432270
v -0.373428 0.088610 -1.404430
v -0.383201 0.071459 -1.432270
v -0.184425 0.071461 -1.487742
v -0.178369 0.088611 -1.458863
v -0.373428 0.088610 -1.404430
v -0.184425 0.071461 -1.487742
v -0.373428 0.088610 -1.404430
v -0.178369 0.088611 -1.458863
v -0.210677 0.112943 -1.390987
v -0.210677 0.112943 -1.390987
v -0.178369 0.088611 -1.458863
v -0.196970 0.114528 -1.390979
v -0.196970 0.114528 -1.390979
v -0.178369 0.088611 -1.458863
v -0.185255 0.118822 -1.383861
v -0.185255 0.118822 -1.383861
v -0.178369 0.088611 -1.458863
v -0.178931 0.124580 -1.371696
v -0.178369 0.088611 -1.458863
v -0.111318 0.228529 -1.139109
v -0.178931 0.124580 -1.371696
v -0.111318 0.228529 -1.139109
v -0.179567 0.130456 -1.357304
v -0.178931 0.124580 -1.371696
v -0.187046 0.134682 -1.344995
v -0.179567 0.130456 -1.357304
v -0.111318 0.228529 -1.139109
v -0.199524 0.136217 -1.337800
v -0.187046 0.134682 -1.344995
v -0.111318 0.228529 -1.139109
v -0.111318 0.228529 -1.139109
v -0.265213 0.228529 -1.096161
v -0.199524 0.136217 -1.337800
v -0.265213 0.228529 -1.096161
v -0.336608 0.136217 -1.299541
v -0.199524 0.136217 -1.337800
v -0.265213 0.228529 -1.096161
v -0.412186 0.228529 -1.033492
v -0.336608 0.136217 -1.299541
v -0.412186 0.228529 -1.033492
v -0.509517 0.136217 -1.225816
v -0.336608 0.136217 -1.299541
v -0.509517 0.136217 -1.225816
v -0.412186 0.228529 -1.033492
v -0.671323 0.136217 -1.130150
v -0.412186 0.228529 -1.033492
v -0.549722 0.228529 -0.952177
v -0.671323 0.136217 -1.130150
v -0.671323 0.136217 -1.130150
v -0.549722 0.228529 -0.952177
v -0.804713 0.136217 -1.025583
v 0.663443 -0.029427 0.994443
v 0.526439 -0.029427 1.050680
v 0.692681 -0.029427 0.924488
v 0.526439 -0.029427 1.050680
v 0.456484 -0.029427 1.021442
v 0.692681 -0.029427 0.924488
v 0.456484 -0.029427 1.021442
v 0.692681 -0.029427 0.924488
v 0.692681 -0.029427 0.924488
v -0.374989 0.021691 -1.405902
v -0.179718 0.021691 -1.460397
v -0.367667 0.021691 -1.385046
v -0.179718 0.021691 -1.460397
v -0.175182 0.021691 -1.438764
v -0.367667 0.021691 -1.385046
v 0.022668 0.021691 -1.466898
v -0.175182 0.021691 -1.438764
v -0.179718 0.021691 -1.460397
v 0.020995 0.021691 -1.488938
v 0.022668 0.021691 -1.466898
v -0.179718 0.021691 -1.460397
v 0.222498 0.021691 -1.468967
v 0.022668 0.021691 -1.466898
v 0.020995 0.021691 -1.488938
v 0.223716 0.021691 -1.491037
v 0.222498 0.021691 -1.468967
v 0.020995 0.021691 -1.488938
v -1.361925 0.021691 -0.225162
v -1.385957 0.021691 -0.026772
v -1.408027 0.021691 -0.027989
v -1.383648 0.021691 -0.229250
v -1.361925 0.021691 -0.225162
v -1.408027 0.021691 -0.027989
v -1.361925 0.021691 -0.225162
v -1.383648 0.021691 -0.229250
v -1.333206 0.021691 -0.425606
v -1.312204 0.021691 -0.418718
v -1.361925 0.021691 -0.225162
v -1.333206 0.021691 -0.425606
v -1.237643 0.021691 -0.604129
v -1.312204 0.021691 -0.418718
v -1.333206 0.021691 -0.425606
v -1.257568 0.021691 -0.613699
v -1.237643 0.021691 -0.604129
v -1.333206 0.021691 -0.425606
v -1.139520 0.021691 -0.778221
v -1.237643 0.021691 -0.604129
v -1.257568 0.021691 -0.613699
v -1.158025 0.021691 -0.790310
v -1.139520 0.021691 -0.778221
v -1.257568 0.021691 -0.613699
v -1.019512 0.021691 -0.938017
v -1.139520 0.021691 -0.778221
v -1.158025 0.021691 -0.790310
v -1.036281 0.021691 -0.952418
v -1.019512 0.021691 -0.938017
v -1.158025 0.021691 -0.790310
v -0.880234 0.021691 -1.081223
v -1.019512 0.021691 -0.938017
v -1.036281 0.021691 -0.952418
v -0.894980 0.021691 -1.097690
v -0.880234 0.021691 -1.081223
v -1.036281 0.021691 -0.952418
v -0.723518 0.021691 -1.204956
v -0.880234 0.021691 -1.081223
v -0.894980 0.021691 -1.097690
v -0.735988 0.021691 -1.223207
v -0.723518 0.021691 -1.204956
v -0.894980 0.021691 -1.097690
v -0.735988 0.021691 -1.223207
v -0.561475 0.021691 -1.326385
v -0.723518 0.021691 -1.204956
v -0.561475 0.021691 -1.326385
v -0.551495 0.021691 -1.306663
v -0.723518 0.021691 -1.204956
v -0.561475 0.021691 -1.326385
v -0.374989 0.021691 -1.405902
v -0.551495 0.021691 -1.306663
v -0.374989 0.021691 -1.405902
v -0.367667 0.021691 -1.385046
v -0.551495 0.021691 -1.306663
v 2.165145 -0.078210 0.025433
v 2.165881 -0.078210 0.012074
v 2.165325 -0.050455 0.025443
v 2.165881 -0.078210 0.012074
v 2.165317 -0.044029 0.012043
v 2.165325 -0.050455 0.025443
v 2.165317 -0.044029 0.012043
v 2.164579 -0.044029 0.025402
v 2.165325 -0.050455 0.025443
v 2.164579 -0.044029 0.025402
v 2.165317 -0.044029 0.012043
v 2.156697 -0.036250 0.011568
v 2.155960 -0.036250 0.024926
v 2.164579 -0.044029 0.025402
v 2.156697 -0.036250 0.011568
v 2.155960 -0.036250 0.024926
v 2.156697 -0.036250 0.011568
v 1.761503 0.160801 0.003171
v 2.156697 -0.036250 0.011568
v 1.735618 0.173330 -0.011656
v 1.761503 0.160801 0.003171
v 1.735618 0.173330 -0.011656
v 1.734881 0.173330 0.001703
v 1.761503 0.160801 0.003171
v 1.735618 0.173330 -0.011656
v 1.728004 0.174696 -0.012076
v 1.734881 0.173330 0.001703
v 1.728004 0.174696 -0.012076
v 1.727268 0.174696 0.001283
v 1.734881 0.173330 0.001703
v 1.727268 0.174696 0.001283
v 1.728004 0.174696 -0.012076
v 1.718295 0.174452 0.000788
v 1.728004 0.174696 -0.012076
v 1.698254 0.172288 -0.013717
v 1.718295 0.174452 0.000788
v 1.698254 0.172288 -0.013717
v 1.697517 0.172288 -0.000358
v 1.718295 0.174452 0.000788
v -0.716135 -0.167464 -0.254523
v -0.711056 -0.167464 -0.371838
v -0.711056 -0.039087 -0.371838
v -0.716135 -0.039087 -0.254523
v -0.716135 -0.167464 -0.254523
v -0.711056 -0.039087 -0.371838
v -0.716135 -0.039087 -0.254523
v -0.716135 -0.167464 -0.254523
v -0.716135 -0.167464 -0.254523
v -1.358242 0.119269 -0.228865
v -1.380525 0.119269 0.175157
v -1.336345 0.138666 -0.227657
v -1.380525 0.119269 0.175157
v -1.358628 0.138666 0.176365
v -1.336345 0.138666 -0.227657
v -1.336345 0.138666 -0.227657
v -1.358628 0.138666 0.176365
v -1.358242 0.158063 -0.228865
v -1.358628 0.138666 0.176365
v -1.380525 0.158063 0.175157
v -1.358242 0.158063 -0.228865
v -1.358242 0.158063 -0.228865
v -1.380525 0.158063 0.175157
v -1.380140 0.138666 -0.230073
v -1.380525 0.158063 0.175157
v -1.402423 0.138666 0.173949
v -1.380140 0.138666 -0.230073
v -1.380140 0.138666 -0.230073
v -1.402423 0.138666 0.173949
v -1.358242 0.119269 -0.228865
v -1.402423 0.138666 0.173949
v -1.380525 0.119269 0.175157
v -1.358242 0.119269 -0.228865
v 0.163414 0.085417 -1.473968
v 0.160402 0.083242 -1.419361
v 0.165029 0.114781 -1.503251
v 0.160402 0.083242 -1.419361
v 0.160148 0.174113 -1.414749
v 0.165029 0.114781 -1.503251
v 0.160148 0.174113 -1.414749
v 0.162906 0.176105 -1.464764
v 0.165029 0.114781 -1.503251
v 0.162906 0.176105 -1.464764
v 0.164813 0.162200 -1.499341
v 0.165029 0.114781 -1.503251
v 0.164813 0.162200 -1.499341
v 0.165314 0.140765 -1.508425
v 0.165029 0.114781 -1.503251
v -0.783535 -0.029427 -0.494009
v -0.693005 -0.029427 -0.611214
v -0.773879 -0.029427 -0.418807
v -0.693005 -0.029427 -0.611214
v -0.773879 -0.029427 -0.418807
v -0.773879 -0.029427 -0.418807
v -0.773879 -0.029427 -0.418807
v 2.155960 -0.036250 0.024926
v 2.165325 -0.050455 0.025443
v 2.164579 -0.044029 0.025402
v 2.165325 -0.050455 0.025443
v 2.155960 -0.036250 0.024926
v 1.828265 -0.067134 0.006852
v 2.155960 -0.036250 0.024926
v 1.761503 0.160801 0.003171
v 1.828265 -0.067134 0.006852
v 1.761503 0.160801 0.003171
v 1.762731 0.090726 0.003238
v 1.828265 -0.067134 0.006852
v 1.252725 -0.102928 0.408016
v 1.252725 -0.102928 0.408016
v 1.596397 -0.241867 0.520723
v 1.596397 -0.241867 0.520723
v 1.596397 -0.078721 0.520723
v 1.252725 -0.102928 0.408016
v 1.596397 -0.078721 0.520723
v 1.252725 0.036012 0.408016
v 1.252725 -0.102928 0.408016
v 1.709980 0.194545 0.027014
v 1.696049 0.172288 0.026246
v 1.559261 0.179255 0.018702
v 1.696049 0.172288 0.026246
v 1.572087 0.080046 0.019409
v 1.559261 0.179255 0.018702
v 1.572087 0.080046 0.019409
v 1.542151 0.160178 0.017758
v 1.559261 0.179255 0.018702
v 1.244123 0.036012 0.434245
v 1.587795 -0.078721 0.546952
v 1.244123 -0.102928 0.434245
v 1.587795 -0.078721 0.546952
v 1.587795 -0.241867 0.546952
v 1.244123 -0.102928 0.434245
v 1.587795 -0.241867 0.546952
v 1.244123 -0.102928 0.434245
v 1.244123 -0.102928 0.434245
v 2.165145 -0.078210 0.025433
v 2.165325 -0.050455 0.025443
v 2.157107 -0.078210 0.171169
v 2.165325 -0.050455 0.025443
v 2.149250 -0.050455 0.316914
v 2.157107 -0.078210 0.171169
v 2.149250 -0.050455 0.316914
v 2.149069 -0.078210 0.316904
v 2.157107 -0.078210 0.171169
v 1.284644 0.036012 -0.170728
v 1.638627 -0.078721 -0.244957
v 1.284644 -0.102928 -0.170728
v 1.638627 -0.078721 -0.244957
v 1.638627 -0.241867 -0.244957
v 1.284644 -0.102928 -0.170728
v 1.284644 -0.102928 -0.170728
v 1.638627 -0.241867 -0.244957
v 1.284644 -0.102928 -0.170728
v 1.318900 0.146731 0.009201
v 1.292333 0.146731 0.007735
v 1.318464 0.146731 -0.032849
v 1.292333 0.146731 0.007735
v 1.291934 0.146731 -0.030834
v 1.318464 0.146731 -0.032849
v 1.291934 0.146731 -0.030834
v 1.270647 0.146731 -0.180527
v 1.318464 0.146731 -0.032849
v 1.270647 0.146731 -0.180527
v 1.296688 0.146731 -0.185988
v 1.318464 0.146731 -0.032849
v 1.270647 0.146731 -0.180527
v 1.230004 0.146731 -0.326162
v 1.296688 0.146731 -0.185988
v 1.230004 0.146731 -0.326162
v 1.255109 0.146731 -0.334975
v 1.296688 0.146731 -0.185988
v 1.230004 0.146731 -0.326162
v 1.170700 0.146731 -0.465245
v 1.255109 0.146731 -0.334975
v 1.170700 0.146731 -0.465245
v 1.194440 0.146731 -0.477260
v 1.255109 0.146731 -0.334975
v 1.170700 0.146731 -0.465245
v 1.093749 0.146731 -0.595398
v 1.194440 0.146731 -0.477260
v 1.093749 0.146731 -0.595398
v 1.115717 0.146731 -0.610408
v 1.194440 0.146731 -0.477260
v 1.093749 0.146731 -0.595398
v 1.000477 0.146731 -0.714565
v 1.115717 0.146731 -0.610408
v 1.000477 0.146731 -0.714565
v 1.020298 0.146731 -0.732315
v 1.115717 0.146731 -0.610408
v 1.020298 0.146731 -0.732315
v 1.000477 0.146731 -0.714565
v 0.892471 0.146731 -0.820539
v 0.909806 0.146731 -0.840724
v 1.020298 0.146731 -0.732315
v 0.892471 0.146731 -0.820539
v 0.786122 0.146731 -0.933612
v 0.909806 0.146731 -0.840724
v 0.892471 0.146731 -0.820539
v 0.771570 0.146731 -0.911337
v 0.786122 0.146731 -0.933612
v 0.892471 0.146731 -0.820539
v 0.651372 0.146731 -1.009560
v 0.786122 0.146731 -0.933612
v 0.771570 0.146731 -0.911337
v 0.639852 0.146731 -0.985577
v 0.651372 0.146731 -1.009560
v 0.771570 0.146731 -0.911337
v 0.507861 0.146731 -1.067271
v 0.651372 0.146731 -1.009560
v 0.639852 0.146731 -0.985577
v 0.499570 0.146731 -1.041989
v 0.507861 0.146731 -1.067271
v 0.639852 0.146731 -0.985577
v 0.358046 0.146731 -1.105757
v 0.507861 0.146731 -1.067271
v 0.499570 0.146731 -1.041989
v 0.353125 0.146731 -1.079608
v 0.358046 0.146731 -1.105757
v 0.499570 0.146731 -1.041989
v 0.358046 0.146731 -1.105757
v 0.353125 0.146731 -1.079608
v 0.316299 0.146731 -1.110813
v 0.353125 0.146731 -1.079608
v 0.314834 0.146731 -1.084247
v 0.316299 0.146731 -1.110813
v 1.278979 -0.102928 -0.197744
v 1.632961 -0.241867 -0.271973
v 1.278979 -0.102928 -0.197744
v 1.632961 -0.241867 -0.271973
v 1.632962 -0.078721 -0.271973
v 1.278979 -0.102928 -0.197744
v 1.632962 -0.078721 -0.271973
v 1.278979 0.036012 -0.197744
v 1.278979 -0.102928 -0.197744
v 1.293508 -0.020044 0.120186
v 1.293508 -0.145992 0.120186
v 1.292674 0.009071 0.040722
v 1.293508 -0.145992 0.120186
v 1.291934 -0.145992 -0.030834
v 1.292674 0.009071 0.040722
v 1.291934 -0.145992 -0.030834
v 1.291934 0.146731 -0.030834
v 1.292674 0.009071 0.040722
v 1.291934 -0.145992 -0.030834
v 1.270647 -0.145992 -0.180527
v 1.291934 0.146731 -0.030834
v 1.270647 -0.145992 -0.180527
v 1.270647 0.146731 -0.180527
v 1.291934 0.146731 -0.030834
v 1.230004 0.146731 -0.326162
v 1.270647 0.146731 -0.180527
v 1.270647 -0.145992 -0.180527
v 1.230004 -0.145992 -0.326162
v 1.230004 0.146731 -0.326162
v 1.270647 -0.145992 -0.180527
v 1.170700 0.146731 -0.465245
v 1.230004 0.146731 -0.326162
v 1.230004 -0.145992 -0.326162
v 1.170700 -0.145992 -0.465245
v 1.170700 0.146731 -0.465245
v 1.230004 -0.145992 -0.326162
v 1.093749 0.146731 -0.595398
v 1.170700 0.146731 -0.465245
v 1.170700 -0.145992 -0.465245
v 1.093749 -0.145992 -0.595398
v 1.093749 0.146731 -0.595398
v 1.170700 -0.145992 -0.465245
v 1.000477 0.146731 -0.714565
v 1.093749 0.146731 -0.595398
v 1.093749 -0.145992 -0.595398
v 1.000477 -0.145992 -0.714566
v 1.000477 0.146731 -0.714565
v 1.093749 -0.145992 -0.595398
v 1.000477 0.146731 -0.714565
v 1.000477 -0.145992 -0.714566
v 0.892471 -0.145992 -0.820539
v 0.892471 0.146731 -0.820539
v 1.000477 0.146731 -0.714565
v 0.892471 -0.145992 -0.820539
v 0.892471 0.146731 -0.820539
v 0.892471 -0.145992 -0.820539
v 0.771570 -0.145992 -0.911337
v 0.771570 0.146731 -0.911337
v 0.892471 0.146731 -0.820539
v 0.771570 -0.145992 -0.911337
v 0.639852 0.146731 -0.985577
v 0.771570 0.146731 -0.911337
v 0.771570 -0.145992 -0.911337
v 1.291934 0.146731 -0.030834
v 1.292333 0.146731 0.007735
v 1.292674 0.009071 0.040722
v 0.639851 -0.145992 -0.985577
v 0.639852 0.146731 -0.985577
v 0.771570 -0.145992 -0.911337
v 0.639852 0.146731 -0.985577
v 0.639851 -0.145992 -0.985577
v 0.499570 -0.145992 -1.041989
v 0.499570 0.146731 -1.041989
v 0.639852 0.146731 -0.985577
v 0.499570 -0.145992 -1.041989
v 0.499570 0.146731 -1.041989
v 0.499570 -0.145992 -1.041989
v 0.353125 -0.145992 -1.079608
v 0.353125 0.146731 -1.079608
v 0.499570 0.146731 -1.041989
v 0.353125 -0.145992 -1.079608
v 0.353125 0.146731 -1.079608
v 0.353125 -0.145992 -1.079608
v 0.282086 0.009071 -1.088214
v 0.353125 -0.145992 -1.079608
v 0.203195 -0.145992 -1.097781
v 0.282086 0.009071 -1.088214
v 0.203195 -0.145992 -1.097781
v 0.203195 -0.020044 -1.097781
v 0.282086 0.009071 -1.088214
v 0.314834 0.146731 -1.084247
v 0.353125 0.146731 -1.079608
v 0.282086 0.009071 -1.088214
v 1.216583 0.193894 0.068420
v 1.213979 0.205100 0.115627
v 1.213979 0.121463 0.115627
v 1.218489 0.163281 0.033863
v 1.216583 0.193894 0.068420
v 1.213979 0.121463 0.115627
v 1.213979 0.205100 0.115627
v 1.211375 0.193894 0.162833
v 1.213979 0.121463 0.115627
v 1.219186 0.121463 0.021214
v 1.218489 0.163281 0.033863
v 1.213979 0.121463 0.115627
v 1.211375 0.193894 0.162833
v 1.209469 0.163281 0.197391
v 1.213979 0.121463 0.115627
v 1.218489 0.079645 0.033863
v 1.219186 0.121463 0.021214
v 1.213979 0.121463 0.115627
v 1.209469 0.163281 0.197391
v 1.208772 0.121463 0.210040
v 1.213979 0.121463 0.115627
v 1.216583 0.049032 0.068420
v 1.218489 0.079645 0.033863
v 1.213979 0.121463 0.115627
v 1.208772 0.121463 0.210040
v 1.209470 0.079645 0.197391
v 1.213979 0.121463 0.115627
v 1.213979 0.037827 0.115627
v 1.216583 0.049032 0.068420
v 1.213979 0.121463 0.115627
v 1.209470 0.079645 0.197391
v 1.211375 0.049032 0.162833
v 1.213979 0.121463 0.115627
v 1.211375 0.049032 0.162833
v 1.213979 0.037827 0.115627
v 1.213979 0.121463 0.115627
v 1.546648 0.121463 0.133974
v 1.546648 0.205100 0.133974
v 1.549252 0.193894 0.086768
v 1.546648 0.121463 0.133974
v 1.549252 0.193894 0.086768
v 1.551158 0.163281 0.052210
v 1.546648 0.121463 0.133974
v 1.544044 0.193894 0.181181
v 1.546648 0.205100 0.133974
v 1.546648 0.121463 0.133974
v 1.551158 0.163281 0.052210
v 1.551855 0.121463 0.039561
v 1.546648 0.121463 0.133974
v 1.542138 0.163281 0.215739
v 1.544044 0.193894 0.181181
v 1.546648 0.121463 0.133974
v 1.551855 0.121463 0.039561
v 1.551157 0.079645 0.052210
v 1.546648 0.121463 0.133974
v 1.541441 0.121463 0.228387
v 1.542138 0.163281 0.215739
v 1.546648 0.121463 0.133974
v 1.551157 0.079645 0.052210
v 1.549252 0.049032 0.086768
v 1.546648 0.121463 0.133974
v 1.542139 0.079645 0.215739
v 1.541441 0.121463 0.228387
v 1.546648 0.121463 0.133974
v 1.549252 0.049032 0.086768
v 1.546648 0.037827 0.133974
v 1.546648 0.121463 0.133974
v 1.544045 0.049032 0.181181
v 1.542139 0.079645 0.215739
v 1.546648 0.121463 0.133974
v 1.546648 0.037827 0.133974
v 1.544045 0.049032 0.181181
v 1.213979 0.037827 0.115627
v 1.546648 0.037827 0.133974
v 1.216583 0.049032 0.068420
v 1.546648 0.037827 0.133974
v 1.549252 0.049032 0.086768
v 1.216583 0.049032 0.068420
v 1.216583 0.049032 0.068420
v 1.549252 0.049032 0.086768
v 1.551157 0.079645 0.052210
v 1.218489 0.079645 0.033863
v 1.216583 0.049032 0.068420
v 1.551157 0.079645 0.052210
v 1.218489 0.079645 0.033863
v 1.551157 0.079645 0.052210
v 1.219186 0.121463 0.021214
v 1.551157 0.079645 0.052210
v 1.551855 0.121463 0.039561
v 1.219186 0.121463 0.021214
v 1.219186 0.121463 0.021214
v 1.551855 0.121463 0.039561
v 1.218489 0.163281 0.033863
v 1.551855 0.121463 0.039561
v 1.551158 0.163281 0.052210
v 1.218489 0.163281 0.033863
v 1.218489 0.163281 0.033863
v 1.551158 0.163281 0.052210
v 1.216583 0.193894 0.068420
v 1.551158 0.163281 0.052210
v 1.549252 0.193894 0.086768
v 1.216583 0.193894 0.068420
v 1.216583 0.193894 0.068420
v 1.549252 0.193894 0.086768
v 1.213979 0.205100 0.115627
v 1.549252 0.193894 0.086768
v 1.546648 0.205100 0.133974
v 1.213979 0.205100 0.115627
v 1.994493 -0.022670 0.373383
v 2.019240 -0.010014 0.374748
v 2.019240 -0.035327 0.374748
v 1.994493 -0.047983 0.373383
v 1.994493 -0.022670 0.373383
v 2.019240 -0.035327 0.374748
v 2.019240 -0.010014 0.374748
v 2.043987 -0.022670 0.376113
v 2.019240 -0.035327 0.374748
v 2.019240 -0.060640 0.374748
v 1.994493 -0.047983 0.373383
v 2.019240 -0.035327 0.374748
v 2.043987 -0.022670 0.376113
v 2.043987 -0.047983 0.376113
v 2.019240 -0.035327 0.374748
v 2.043987 -0.047983 0.376113
v 2.019240 -0.060640 0.374748
v 2.019240 -0.035327 0.374748
v 2.127013 -0.094353 0.348754
v 2.137957 -0.081008 0.349358
v 2.109303 -0.099451 0.347777
v 2.137957 -0.081008 0.349358
v 2.138250 -0.063248 0.349374
v 2.109303 -0.099451 0.347777
v 2.138250 -0.063248 0.349374
v 2.129128 -0.046040 0.348871
v 2.109303 -0.099451 0.347777
v 2.129128 -0.046040 0.348871
v 2.036173 0.000775 0.343744
v 2.109303 -0.099451 0.347777
v 2.036173 0.000775 0.343744
v 1.997195 0.000775 0.341594
v 2.109303 -0.099451 0.347777
v 1.997195 0.000775 0.341594
v 1.984204 -0.010733 0.340878
v 2.109303 -0.099451 0.347777
v 1.984204 -0.010733 0.340878
v 1.984204 -0.099451 0.340878
v 2.109303 -0.099451 0.347777
v 0.999735 -0.102928 -0.733699
v 1.269178 -0.241867 -0.974974
v 0.999735 -0.102928 -0.733699
v 0.999735 -0.102928 -0.733699
v 1.269178 -0.241867 -0.974974
v 1.269178 -0.078721 -0.974974
v 1.024653 0.036012 -0.756012
v 0.999735 -0.102928 -0.733699
v 1.269178 -0.078721 -0.974974
v 0.999735 0.036012 -0.733699
v 0.999735 -0.102928 -0.733699
v 1.024653 0.036012 -0.756012
v 1.983096 -0.099451 0.360954
v 1.983096 -0.010733 0.360954
v 2.108196 -0.099451 0.367854
v 1.983096 -0.010733 0.360954
v 1.996088 0.000775 0.361671
v 2.108196 -0.099451 0.367854
v 1.996088 0.000775 0.361671
v 2.035066 0.000775 0.363821
v 2.108196 -0.099451 0.367854
v 2.035066 0.000775 0.363821
v 2.128020 -0.046040 0.368947
v 2.108196 -0.099451 0.367854
v 2.128020 -0.046040 0.368947
v 2.137143 -0.063248 0.369450
v 2.108196 -0.099451 0.367854
v 2.137143 -0.063248 0.369450
v 2.136850 -0.081008 0.369434
v 2.108196 -0.099451 0.367854
v 2.136850 -0.081008 0.369434
v 2.125906 -0.094353 0.368831
v 2.108196 -0.099451 0.367854
v 1.018149 -0.102928 -0.713135
v 1.018149 0.036012 -0.713135
v 1.043067 0.036012 -0.735448
v 1.043067 0.036012 -0.735448
v 1.287592 -0.078721 -0.954411
v 1.018149 -0.102928 -0.713135
v 1.287592 -0.078721 -0.954411
v 1.287592 -0.241867 -0.954411
v 1.018149 -0.102928 -0.713135
v 1.018149 -0.102928 -0.713135
v 1.287592 -0.241867 -0.954411
v 1.018149 -0.102928 -0.713135
v 2.109303 -0.099451 0.347777
v 2.108196 -0.099451 0.367854
v 2.127013 -0.094353 0.348754
v 2.108196 -0.099451 0.367854
v 2.125906 -0.094353 0.368831
v 2.127013 -0.094353 0.348754
v 2.127013 -0.094353 0.348754
v 2.125906 -0.094353 0.368831
v 2.137957 -0.081008 0.349358
v 2.125906 -0.094353 0.368831
v 2.136850 -0.081008 0.369434
v 2.137957 -0.081008 0.349358
v 2.136850 -0.081008 0.369434
v 2.137143 -0.063248 0.369450
v 2.137957 -0.081008 0.349358
v 2.137143 -0.063248 0.369450
v 2.138250 -0.063248 0.349374
v 2.137957 -0.081008 0.349358
v 2.138250 -0.063248 0.349374
v 2.137143 -0.063248 0.369450
v 2.129128 -0.046040 0.348871
v 2.137143 -0.063248 0.369450
v 2.128020 -0.046040 0.368947
v 2.129128 -0.046040 0.348871
v 2.129128 -0.046040 0.348871
v 2.128020 -0.046040 0.368947
v 2.035066 0.000775 0.363821
v 2.036173 0.000775 0.343744
v 2.129128 -0.046040 0.348871
v 2.035066 0.000775 0.363821
v -1.057992 0.228529 0.293728
v -1.004169 0.228529 0.296697
v -1.004169 0.216695 0.296697
v -1.057993 0.216695 0.293728
v -1.057992 0.228529 0.293728
v -1.004169 0.216695 0.296697
v -1.057992 0.228529 0.293728
v -1.057993 0.216695 0.293728
v -1.196761 0.170028 0.286075
v -1.057993 0.216695 0.293728
v -1.191805 0.158964 0.286348
v -1.196761 0.170028 0.286075
v 2.067212 -0.022671 -0.044972
v 2.042464 -0.010014 -0.046337
v 2.042464 -0.035327 -0.046337
v 2.042464 -0.010014 -0.046337
v 2.017717 -0.022671 -0.047702
v 2.042464 -0.035327 -0.046337
v 2.067211 -0.047983 -0.044972
v 2.067212 -0.022671 -0.044972
v 2.042464 -0.035327 -0.046337
v 2.017717 -0.022671 -0.047702
v 2.017717 -0.047983 -0.047702
v 2.042464 -0.035327 -0.046337
v 2.042464 -0.060640 -0.046337
v 2.067211 -0.047983 -0.044972
v 2.042464 -0.035327 -0.046337
v 2.017717 -0.047983 -0.047702
v 2.042464 -0.060640 -0.046337
v 2.042464 -0.035327 -0.046337
v 1.544355 0.160178 -0.022205
v 1.574291 0.080046 -0.020554
v 1.561465 0.179255 -0.021261
v 1.574291 0.080046 -0.020554
v 1.698254 0.172288 -0.013717
v 1.561465 0.179255 -0.021261
v 1.698254 0.172288 -0.013717
v 1.695594 0.192862 -0.013864
v 1.561465 0.179255 -0.021261
v 1.698254 0.172288 -0.013717
v 1.728004 0.174696 -0.012076
v 1.695594 0.192862 -0.013864
v 1.728004 0.174696 -0.012076
v 1.730215 0.195198 -0.011954
v 1.695594 0.192862 -0.013864
v 1.730215 0.195198 -0.011954
v 1.728004 0.174696 -0.012076
v 1.735618 0.173330 -0.011656
v 1.742588 0.192979 -0.011272
v 1.730215 0.195198 -0.011954
v 1.735618 0.173330 -0.011656
v 1.742588 0.192979 -0.011272
v 1.735618 0.173330 -0.011656
v 2.169881 -0.019245 0.012295
v 1.735618 0.173330 -0.011656
v 2.156697 -0.036250 0.011568
v 2.169881 -0.019245 0.012295
v 2.156697 -0.036250 0.011568
v 2.165317 -0.044029 0.012043
v 2.169881 -0.019245 0.012295
v 2.165317 -0.044029 0.012043
v 2.186918 -0.036992 0.013234
v 2.169881 -0.019245 0.012295
v 2.189259 -0.078210 0.013364
v 2.186918 -0.036992 0.013234
v 2.165317 -0.044029 0.012043
v 2.165881 -0.078210 0.012074
v 2.189259 -0.078210 0.013364
v 2.165317 -0.044029 0.012043
v 1.697514 0.140766 0.202670
v 1.688430 0.162200 0.202169
v 1.692339 0.114782 0.202385
v 1.688430 0.162200 0.202169
v 1.653852 0.176105 0.200262
v 1.692339 0.114782 0.202385
v 1.653852 0.176105 0.200262
v 1.603837 0.174113 0.197504
v 1.692339 0.114782 0.202385
v 1.603837 0.174113 0.197504
v 1.608450 0.083242 0.197758
v 1.692339 0.114782 0.202385
v 1.608450 0.083242 0.197758
v 1.663056 0.085418 0.200770
v 1.692339 0.114782 0.202385
v -1.004169 0.228529 0.296697
v -1.057992 0.228529 0.293728
v -1.025832 0.228529 0.144853
v -1.057992 0.228529 0.293728
v -1.078594 0.228529 0.148860
v -1.025832 0.228529 0.144853
v -1.025832 0.228529 0.144853
v -1.078594 0.228529 0.148860
v -1.080213 0.228529 -0.007555
v -1.027379 0.228529 -0.004641
v -1.025832 0.228529 0.144853
v -1.080213 0.228529 -0.007555
v 1.687409 0.162200 0.220668
v 1.696494 0.140766 0.221169
v 1.652832 0.176105 0.218761
v 1.696494 0.140766 0.221169
v 1.691319 0.114782 0.220883
v 1.652832 0.176105 0.218761
v 1.691319 0.114782 0.220883
v 1.662036 0.085418 0.219268
v 1.652832 0.176105 0.218761
v 1.662036 0.085418 0.219268
v 1.589750 0.082538 0.215281
v 1.652832 0.176105 0.218761
v 1.589750 0.082538 0.215281
v 1.585137 0.173409 0.215027
v 1.652832 0.176105 0.218761
v -1.189908 0.173488 0.276994
v -1.205795 0.173488 0.165275
v -1.078594 0.228529 0.148860
v -1.078594 0.228529 0.148860
v -1.205795 0.173488 0.165275
v -1.176873 0.186687 0.057618
v -1.176873 0.186687 0.057618
v -1.143083 0.201346 0.037850
v -1.078594 0.228529 0.148860
v -1.080213 0.228529 -0.007555
v -1.078594 0.228529 0.148860
v -1.143083 0.201346 0.037850
v -1.121860 0.210560 0.013830
v -1.080213 0.228529 -0.007555
v -1.143083 0.201346 0.037850
v -1.080213 0.228529 -0.007555
v -1.121860 0.210560 0.013830
v -1.115685 0.213314 -0.009512
v -1.205795 0.173488 0.165275
v -1.208688 0.172880 0.067860
v -1.176873 0.186687 0.057618
v -1.057992 0.228529 0.293728
v -1.189908 0.173488 0.276994
v -1.078594 0.228529 0.148860
v -1.196761 0.170028 0.286075
v -1.189908 0.173488 0.276994
v -1.057992 0.228529 0.293728
v 1.549446 -0.010700 -0.661005
v 1.537534 -0.010700 -0.654977
v 1.549446 0.038148 -0.661005
v 1.537534 -0.010700 -0.654977
v 1.537508 0.038148 -0.654964
v 1.549446 0.038148 -0.661005
v 1.537508 0.038148 -0.654964
v 1.535195 0.065235 -0.653793
v 1.549446 0.038148 -0.661005
v 1.535195 0.065235 -0.653793
v 1.545347 0.071459 -0.658931
v 1.549446 0.038148 -0.661005
v 1.669695 0.085418 0.080404
v 1.615088 0.083242 0.077392
v 1.698978 0.114782 0.082019
v 1.615088 0.083242 0.077392
v 1.610476 0.174113 0.077138
v 1.698978 0.114782 0.082019
v 1.610476 0.174113 0.077138
v 1.660491 0.176105 0.079896
v 1.698978 0.114782 0.082019
v 1.660491 0.176105 0.079896
v 1.695068 0.162200 0.081803
v 1.698978 0.114782 0.082019
v 1.695068 0.162200 0.081803
v 1.704152 0.140766 0.082305
v 1.698978 0.114782 0.082019
v 0.520002 0.228529 -1.104290
v 0.510560 0.228529 -1.051177
v 0.513581 0.228529 -1.105939
v 0.520002 0.228529 -1.104290
v 0.668241 0.228529 -1.044678
v 0.510560 0.228529 -1.051177
v 0.668241 0.228529 -1.044678
v 0.645330 0.228529 -0.996981
v 0.510560 0.228529 -1.051177
v 0.778490 0.228529 -0.921929
v 0.645330 0.228529 -0.996981
v 0.668241 0.228529 -1.044678
v 0.807430 0.228529 -0.966227
v 0.778490 0.228529 -0.921929
v 0.668241 0.228529 -1.044678
v 0.900715 0.228529 -0.830137
v 0.778490 0.228529 -0.921929
v 0.807430 0.228529 -0.966227
v 0.935189 0.228529 -0.870279
v 0.900715 0.228529 -0.830137
v 0.807430 0.228529 -0.966227
v 0.900715 0.228529 -0.830137
v 0.935189 0.228529 -0.870279
v 1.049331 0.228529 -0.758476
v 1.009912 0.228529 -0.723178
v 0.900715 0.228529 -0.830137
v 1.049331 0.228529 -0.758476
v 1.104214 0.228529 -0.602880
v 1.009912 0.228529 -0.723178
v 1.049331 0.228529 -0.758476
v 1.147903 0.228529 -0.632731
v 1.104214 0.228529 -0.602880
v 1.049331 0.228529 -0.758476
v 1.104214 0.228529 -0.602880
v 1.147903 0.228529 -0.632731
v 1.180302 0.228529 -0.474188
v 1.147903 0.228529 -0.632731
v 1.227514 0.228529 -0.498081
v 1.180302 0.228529 -0.474188
v 1.681441 0.172288 0.291113
v 1.680704 0.172288 0.304472
v 1.702219 0.174452 0.292259
v 1.680704 0.172288 0.304472
v 1.710455 0.174696 0.306113
v 1.702219 0.174452 0.292259
v 1.710455 0.174696 0.306113
v 1.711192 0.174696 0.292754
v 1.702219 0.174452 0.292259
v 1.711192 0.174696 0.292754
v 1.710455 0.174696 0.306113
v 1.718069 0.173330 0.306533
v 1.718806 0.173330 0.293174
v 1.711192 0.174696 0.292754
v 1.718069 0.173330 0.306533
v 1.718806 0.173330 0.293174
v 1.718069 0.173330 0.306533
v 1.745427 0.160802 0.294642
v 1.718069 0.173330 0.306533
v 2.139148 -0.036250 0.329756
v 1.745427 0.160802 0.294642
v 2.139148 -0.036250 0.329756
v 2.139885 -0.036250 0.316398
v 1.745427 0.160802 0.294642
v 2.139885 -0.036250 0.316398
v 2.139148 -0.036250 0.329756
v 2.148504 -0.044029 0.316873
v 2.139148 -0.036250 0.329756
v 2.147767 -0.044029 0.330232
v 2.148504 -0.044029 0.316873
v 2.148504 -0.044029 0.316873
v 2.147767 -0.044029 0.330232
v 2.149250 -0.050455 0.316914
v 2.147767 -0.044029 0.330232
v 2.148332 -0.078210 0.330263
v 2.149250 -0.050455 0.316914
v 2.148332 -0.078210 0.330263
v 2.149069 -0.078210 0.316904
v 2.149250 -0.050455 0.316914
v 1.593817 0.173409 0.057665
v 1.598429 0.082538 0.057919
v 1.661511 0.176105 0.061398
v 1.598429 0.082538 0.057919
v 1.670715 0.085418 0.061906
v 1.661511 0.176105 0.061398
v 1.670715 0.085418 0.061906
v 1.699998 0.114782 0.063521
v 1.661511 0.176105 0.061398
v 1.699998 0.114782 0.063521
v 1.705173 0.140766 0.063806
v 1.661511 0.176105 0.061398
v 1.705173 0.140766 0.063806
v 1.696088 0.162200 0.063305
v 1.661511 0.176105 0.061398
v 1.746655 0.090726 0.294710
v 1.745427 0.160802 0.294642
v 1.812189 -0.067134 0.298325
v 1.745427 0.160802 0.294642
v 2.139885 -0.036250 0.316398
v 1.812189 -0.067134 0.298325
v 2.139885 -0.036250 0.316398
v 2.149250 -0.050455 0.316914
v 1.812189 -0.067134 0.298325
v 2.149250 -0.050455 0.316914
v 2.139885 -0.036250 0.316398
v 2.148504 -0.044029 0.316873
v 1.529010 0.160178 0.256021
v 1.558946 0.080046 0.257672
v 1.546120 0.179255 0.256964
v 1.558946 0.080046 0.257672
v 1.682908 0.172288 0.264509
v 1.546120 0.179255 0.256964
v 1.682908 0.172288 0.264509
v 1.696839 0.194545 0.265277
v 1.546120 0.179255 0.256964
v 1.622186 0.116306 0.138141
v 1.622187 0.152480 0.138141
v 1.624439 0.116306 0.097305
v 1.622186 0.116306 0.138141
v 1.624439 0.116306 0.097305
v 1.622186 0.080133 0.138141
v 1.622186 0.116306 0.138141
v 1.619934 0.116306 0.178977
v 1.622187 0.152480 0.138141
v 1.622186 0.116306 0.138141
v 1.622186 0.080133 0.138141
v 1.619934 0.116306 0.178977
v 1.546648 0.080133 0.133974
v 1.622186 0.080133 0.138141
v 1.548900 0.116306 0.093138
v 1.622186 0.080133 0.138141
v 1.624439 0.116306 0.097305
v 1.548900 0.116306 0.093138
v 1.548900 0.116306 0.093138
v 1.624439 0.116306 0.097305
v 1.546648 0.152480 0.133974
v 1.624439 0.116306 0.097305
v 1.622187 0.152480 0.138141
v 1.546648 0.152480 0.133974
v 1.622187 0.152480 0.138141
v 1.619934 0.116306 0.178977
v 1.546648 0.152480 0.133974
v 1.619934 0.116306 0.178977
v 1.544396 0.116306 0.174810
v 1.546648 0.152480 0.133974
v 1.544396 0.116306 0.174810
v 1.619934 0.116306 0.178977
v 1.546648 0.080133 0.133974
v 1.619934 0.116306 0.178977
v 1.622186 0.080133 0.138141
v 1.546648 0.080133 0.133974
v 1.659262 0.138666 -0.062440
v 1.659262 0.158063 -0.062440
v 1.637365 0.138666 -0.063648
v 1.659262 0.138666 -0.062440
v 1.637365 0.138666 -0.063648
v 1.659262 0.119269 -0.062440
v 1.659262 0.138666 -0.062440
v 1.681159 0.138666 -0.061232
v 1.659262 0.158063 -0.062440
v 1.659262 0.138666 -0.062440
v 1.659262 0.119269 -0.062440
v 1.681159 0.138666 -0.061232
v 1.636979 0.119269 0.341582
v 1.659262 0.119269 -0.062440
v 1.615081 0.138666 0.340374
v 1.659262 0.119269 -0.062440
v 1.637365 0.138666 -0.063648
v 1.615081 0.138666 0.340374
v 1.615081 0.138666 0.340374
v 1.637365 0.138666 -0.063648
v 1.636979 0.158063 0.341582
v 1.637365 0.138666 -0.063648
v 1.659262 0.158063 -0.062440
v 1.636979 0.158063 0.341582
v 1.636979 0.158063 0.341582
v 1.659262 0.158063 -0.062440
v 1.658876 0.138666 0.342790
v 1.659262 0.158063 -0.062440
v 1.681159 0.138666 -0.061232
v 1.658876 0.138666 0.342790
v 1.658876 0.138666 0.342790
v 1.681159 0.138666 -0.061232
v 1.636979 0.119269 0.341582
v 1.681159 0.138666 -0.061232
v 1.659262 0.119269 -0.062440
v 1.636979 0.119269 0.341582
v 1.514754 0.044519 0.299508
v 1.684562 0.055204 0.308873
v 1.578966 0.164181 0.303049
v 1.684562 0.055204 0.308873
v 1.682137 0.163860 0.308739
v 1.578966 0.164181 0.303049
v 1.682137 0.163860 0.308739
v 1.664237 0.183874 0.307752
v 1.578966 0.164181 0.303049
v 1.664237 0.183874 0.307752
v 1.636469 0.190745 0.306221
v 1.578966 0.164181 0.303049
v 1.636469 0.190745 0.306221
v 1.604370 0.183145 0.304450
v 1.578966 0.164181 0.303049
v 1.532765 0.044519 -0.027063
v 1.534142 0.044519 -0.052018
v 1.596978 0.164181 -0.023522
v 1.534142 0.044519 -0.052018
v 1.598354 0.164181 -0.048477
v 1.596978 0.164181 -0.023522
v 1.596978 0.164181 -0.023522
v 1.598354 0.164181 -0.048477
v 1.622381 0.183145 -0.022121
v 1.598354 0.164181 -0.048477
v 1.623758 0.183145 -0.047076
v 1.622381 0.183145 -0.022121
v 1.623758 0.183145 -0.047076
v 1.655857 0.190745 -0.045305
v 1.622381 0.183145 -0.022121
v 1.655857 0.190745 -0.045305
v 1.654480 0.190745 -0.020351
v 1.622381 0.183145 -0.022121
v 1.655857 0.190745 -0.045305
v 1.683624 0.183874 -0.043774
v 1.654480 0.190745 -0.020351
v 1.683624 0.183874 -0.043774
v 1.682248 0.183874 -0.018819
v 1.654480 0.190745 -0.020351
v 1.682248 0.183874 -0.018819
v 1.683624 0.183874 -0.043774
v 1.700149 0.163860 -0.017832
v 1.683624 0.183874 -0.043774
v 1.701525 0.163860 -0.042787
v 1.700149 0.163860 -0.017832
v 1.701525 0.163860 -0.042787
v 1.703950 0.055204 -0.042653
v 1.700149 0.163860 -0.017832
v 1.703950 0.055204 -0.042653
v 1.702573 0.055204 -0.017698
v 1.700149 0.163860 -0.017832
v 1.602994 0.183145 0.329405
v 1.635092 0.190745 0.331176
v 1.577590 0.164181 0.328004
v 1.635092 0.190745 0.331176
v 1.662860 0.183874 0.332707
v 1.577590 0.164181 0.328004
v 1.662860 0.183874 0.332707
v 1.680761 0.163860 0.333694
v 1.577590 0.164181 0.328004
v 1.680761 0.163860 0.333694
v 1.683186 0.055204 0.333828
v 1.577590 0.164181 0.328004
v 1.683186 0.055204 0.333828
v 1.513377 0.044519 0.324463
v 1.577590 0.164181 0.328004
v 1.534142 0.044519 -0.052018
v 1.703950 0.055204 -0.042653
v 1.598354 0.164181 -0.048477
v 1.703950 0.055204 -0.042653
v 1.701525 0.163860 -0.042787
v 1.598354 0.164181 -0.048477
v 1.701525 0.163860 -0.042787
v 1.683624 0.183874 -0.043774
v 1.598354 0.164181 -0.048477
v 1.683624 0.183874 -0.043774
v 1.655857 0.190745 -0.045305
v 1.598354 0.164181 -0.048477
v 1.655857 0.190745 -0.045305
v 1.623758 0.183145 -0.047076
v 1.598354 0.164181 -0.048477
v 1.684562 0.055204 0.308873
v 1.683186 0.055204 0.333828
v 1.682137 0.163860 0.308739
v 1.683186 0.055204 0.333828
v 1.680761 0.163860 0.333694
v 1.682137 0.163860 0.308739
v 1.682137 0.163860 0.308739
v 1.680761 0.163860 0.333694
v 1.662860 0.183874 0.332707
v 1.664237 0.183874 0.307752
v 1.682137 0.163860 0.308739
v 1.662860 0.183874 0.332707
v 1.664237 0.183874 0.307752
v 1.662860 0.183874 0.332707
v 1.636469 0.190745 0.306221
v 1.662860 0.183874 0.332707
v 1.635092 0.190745 0.331176
v 1.636469 0.190745 0.306221
v 1.636469 0.190745 0.306221
v 1.635092 0.190745 0.331176
v 1.604370 0.183145 0.304450
v 1.635092 0.190745 0.331176
v 1.602994 0.183145 0.329405
v 1.604370 0.183145 0.304450
v 1.604370 0.183145 0.304450
v 1.602994 0.183145 0.329405
v 1.577590 0.164181 0.328004
v 1.578966 0.164181 0.303049
v 1.604370 0.183145 0.304450
v 1.577590 0.164181 0.328004
v 1.578966 0.164181 0.303049
v 1.577590 0.164181 0.328004
v 1.513377 0.044519 0.324463
v 1.514754 0.044519 0.299508
v 1.578966 0.164181 0.303049
v 1.513377 0.044519 0.324463
v 1.622381 0.183145 -0.022121
v 1.654480 0.190745 -0.020351
v 1.596978 0.164181 -0.023522
v 1.654480 0.190745 -0.020351
v 1.682248 0.183874 -0.018819
v 1.596978 0.164181 -0.023522
v 1.682248 0.183874 -0.018819
v 1.700149 0.163860 -0.017832
v 1.596978 0.164181 -0.023522
v 1.700149 0.163860 -0.017832
v 1.702573 0.055204 -0.017698
v 1.596978 0.164181 -0.023522
v 1.702573 0.055204 -0.017698
v 1.532765 0.044519 -0.027063
v 1.596978 0.164181 -0.023522
v 1.492728 0.129906 0.525726
v 1.503544 0.130666 0.494081
v 1.558481 0.105906 0.512097
v 1.547665 0.105145 0.543743
v 1.492728 0.129906 0.525726
v 1.558481 0.105906 0.512097
v 1.547665 0.105145 0.543743
v 1.488351 0.105145 0.691240
v 1.492728 0.129906 0.525726
v 1.488351 0.105145 0.691240
v 1.436235 0.129906 0.666206
v 1.492728 0.129906 0.525726
v 1.436235 0.129906 0.666206
v 1.488351 0.105145 0.691240
v 1.338045 0.129906 0.840419
v 1.488351 0.105145 0.691240
v 1.386447 0.105146 0.872040
v 1.338045 0.129906 0.840419
v 1.386447 0.105146 0.872040
v 1.261815 0.105146 1.037992
v 1.338045 0.129906 0.840419
v 1.261815 0.105146 1.037992
v 1.217955 0.129906 1.000324
v 1.338045 0.129906 0.840419
v 1.261815 0.105146 1.037992
v 1.145615 0.105145 1.156624
v 1.217955 0.129906 1.000324
v 1.145615 0.105145 1.156624
v 1.107046 0.129906 1.113552
v 1.217955 0.129906 1.000324
v 1.738482 0.155326 -0.026743
v 1.741932 0.166661 -0.026552
v 1.910877 0.070355 -0.017235
v 1.741932 0.166661 -0.026552
v 1.920827 0.077968 -0.016686
v 1.910877 0.070355 -0.017235
v 1.920827 0.077968 -0.016686
v 1.932011 0.061223 -0.016069
v 1.910877 0.070355 -0.017235
v 1.932011 0.061223 -0.016069
v 1.919689 0.057162 -0.016749
v 1.910877 0.070355 -0.017235
v -1.213992 0.129905 -0.413009
v -1.224807 0.130666 -0.381364
v -1.279744 0.105906 -0.399380
v -1.268928 0.105145 -0.431025
v -1.213992 0.129905 -0.413009
v -1.279744 0.105906 -0.399380
v -1.268928 0.105145 -0.431025
v -1.209614 0.105145 -0.578523
v -1.213992 0.129905 -0.413009
v -1.209614 0.105145 -0.578523
v -1.157498 0.129906 -0.553489
v -1.213992 0.129905 -0.413009
v -1.157498 0.129906 -0.553489
v -1.209614 0.105145 -0.578523
v -1.059309 0.129906 -0.727702
v -1.209614 0.105145 -0.578523
v -1.107710 0.105145 -0.759323
v -1.059309 0.129906 -0.727702
v -1.107710 0.105145 -0.759323
v -0.983078 0.105145 -0.925275
v -1.059309 0.129906 -0.727702
v -0.983078 0.105145 -0.925275
v -0.939218 0.129906 -0.887607
v -1.059309 0.129906 -0.727702
v -0.983078 0.105145 -0.925275
v -0.866878 0.105145 -1.043907
v -0.939218 0.129906 -0.887607
v -0.866878 0.105145 -1.043907
v -0.828309 0.129906 -1.000835
v -0.939218 0.129906 -0.887607
v 1.594896 0.157250 -0.054599
v 1.593799 0.157250 -0.034722
v 1.593799 0.169083 -0.034722
v 1.594896 0.169083 -0.054599
v 1.594896 0.157250 -0.054599
v 1.593799 0.169083 -0.034722
v 1.594896 0.169083 -0.054599
v 1.704668 0.169083 -0.048545
v 1.594896 0.157250 -0.054599
v 1.704668 0.169083 -0.048545
v 1.704668 0.157250 -0.048545
v 1.594896 0.157250 -0.054599
v 1.704668 0.169083 -0.048545
v 1.703572 0.169083 -0.028668
v 1.704668 0.157250 -0.048545
v 1.703572 0.169083 -0.028668
v 1.703572 0.157250 -0.028668
v 1.704668 0.157250 -0.048545
v -0.225269 0.228529 1.166530
v -0.225269 0.216695 1.166530
v -0.076729 0.228529 1.204759
v -0.225269 0.216695 1.166530
v -0.076729 0.216695 1.204759
v -0.076729 0.228529 1.204759
v -0.076729 0.228529 1.204759
v -0.076729 0.216695 1.204759
v 0.071689 0.228529 1.222738
v -0.076729 0.216695 1.204759
v 0.071689 0.216695 1.222738
v 0.071689 0.228529 1.222738
v -0.224658 0.162842 1.347652
v -0.228238 0.216695 1.220353
v -0.235618 0.158964 1.354165
v -0.224658 0.162842 1.347652
v -0.115741 0.162838 1.375667
v -0.228238 0.216695 1.220353
v -0.115741 0.162838 1.375667
v -0.086514 0.216695 1.256760
v -0.228238 0.216695 1.220353
v -0.115741 0.162838 1.375667
v -0.027022 0.162286 1.388157
v -0.086514 0.216695 1.256760
v -0.027022 0.162286 1.388157
v -0.005008 0.186687 1.335006
v -0.086514 0.216695 1.256760
v -0.086514 0.216695 1.256760
v -0.005008 0.186687 1.335006
v 0.018314 0.201346 1.304356
v -0.086514 0.216695 1.256760
v 0.018314 0.201346 1.304356
v 0.044485 0.210561 1.286576
v -0.086514 0.216695 1.256760
v 0.044485 0.210561 1.286576
v 0.068775 0.216695 1.275571
v 0.044485 0.210561 1.286576
v 0.068680 0.215935 1.277288
v 0.068775 0.216695 1.275571
v 0.044485 0.210561 1.286576
v 0.068351 0.213314 1.283255
v 0.068680 0.215935 1.277288
v -0.224658 0.162842 1.347652
v -0.235618 0.158964 1.354165
v -0.235891 0.170028 1.359121
v -0.226112 0.173488 1.353309
v -0.224658 0.162842 1.347652
v -0.235891 0.170028 1.359121
v -0.224658 0.162842 1.347652
v -0.226112 0.173488 1.353309
v -0.115741 0.162838 1.375667
v -0.226112 0.173488 1.353309
v -0.116817 0.173488 1.381385
v -0.115741 0.162838 1.375667
v -0.115741 0.162838 1.375667
v -0.116817 0.173488 1.381385
v -0.027022 0.162286 1.388157
v -0.116817 0.173488 1.381385
v -0.020312 0.172880 1.394974
v -0.027022 0.162286 1.388157
v 0.075031 0.213314 1.283623
v 0.073498 0.213314 1.311412
v 0.098387 0.210561 1.289549
v 0.073498 0.213314 1.311412
v 0.096840 0.210561 1.317587
v 0.098387 0.210561 1.289549
v 0.122444 0.201346 1.310099
v 0.098387 0.210561 1.289549
v 0.096840 0.210561 1.317587
v 0.120860 0.201346 1.338810
v 0.122444 0.201346 1.310099
v 0.096840 0.210561 1.317587
v 0.142254 0.186687 1.343128
v 0.122444 0.201346 1.310099
v 0.120860 0.201346 1.338810
v 0.140628 0.186687 1.372600
v 0.142254 0.186687 1.343128
v 0.120860 0.201346 1.338810
v 0.142254 0.186687 1.343128
v 0.140628 0.186687 1.372600
v 0.158290 0.162286 1.398377
v 0.140628 0.186687 1.372600
v 0.150870 0.172880 1.404415
v 0.158290 0.162286 1.398377
v 1.429121 -0.010700 -0.157685
v 1.429855 -0.010700 -0.171000
v 1.429112 0.126352 -0.157538
v 1.429855 -0.010700 -0.171000
v 1.429630 0.155574 -0.166914
v 1.429112 0.126352 -0.157538
v 1.429630 0.155574 -0.166914
v 1.429014 0.165463 -0.155749
v 1.429112 0.126352 -0.157538
v 1.429014 0.165463 -0.155749
v 1.427088 0.157158 -0.120833
v 1.429112 0.126352 -0.157538
v 1.429014 0.165463 -0.155749
v 1.422859 0.169083 -0.044150
v 1.427088 0.157158 -0.120833
v 1.422859 0.169083 -0.044150
v 1.422859 0.157250 -0.044150
v 1.427088 0.157158 -0.120833
v 0.248285 0.173488 1.401522
v 0.150870 0.172880 1.404415
v 0.140628 0.186687 1.372600
v 0.360004 0.173488 1.385635
v 0.248285 0.173488 1.401522
v 0.231870 0.228529 1.274320
v 0.231870 0.228529 1.274320
v 0.248285 0.173488 1.401522
v 0.140628 0.186687 1.372600
v 0.140628 0.186687 1.372600
v 0.120860 0.201346 1.338810
v 0.231870 0.228529 1.274320
v 0.075454 0.228529 1.275940
v 0.231870 0.228529 1.274320
v 0.120860 0.201346 1.338810
v 0.096840 0.210561 1.317587
v 0.075454 0.228529 1.275940
v 0.120860 0.201346 1.338810
v 0.075454 0.228529 1.275940
v 0.096840 0.210561 1.317587
v 0.073498 0.213314 1.311412
v 0.376738 0.228529 1.253720
v 0.360004 0.173488 1.385635
v 0.231870 0.228529 1.274320
v 0.369085 0.170028 1.392487
v 0.360004 0.173488 1.385635
v 0.376738 0.228529 1.253720
v 0.379707 0.228529 1.199896
v 0.376738 0.228529 1.253720
v 0.227863 0.228529 1.221559
v 0.376738 0.228529 1.253720
v 0.231870 0.228529 1.274320
v 0.227863 0.228529 1.221559
v 0.227863 0.228529 1.221559
v 0.231870 0.228529 1.274320
v 0.075454 0.228529 1.275940
v 0.078368 0.228529 1.223106
v 0.227863 0.228529 1.221559
v 0.075454 0.228529 1.275940
v 1.684348 0.157250 0.319886
v 1.684348 0.169083 0.319886
v 1.683252 0.157250 0.339763
v 1.684348 0.169083 0.319886
v 1.683252 0.169083 0.339763
v 1.683252 0.157250 0.339763
v 1.683252 0.157250 0.339763
v 1.683252 0.169083 0.339763
v 1.573479 0.157250 0.333709
v 1.683252 0.169083 0.339763
v 1.573479 0.169083 0.333709
v 1.573479 0.157250 0.333709
v 1.573479 0.157250 0.333709
v 1.573479 0.169083 0.333709
v 1.574575 0.169083 0.313832
v 1.574576 0.157250 0.313832
v 1.573479 0.157250 0.333709
v 1.574575 0.169083 0.313832
v 0.376738 0.228529 1.253720
v 0.379707 0.228529 1.199896
v 0.379707 0.216695 1.199896
v 0.376738 0.216695 1.253720
v 0.376738 0.228529 1.253720
v 0.379707 0.216695 1.199896
v 0.376738 0.228529 1.253720
v 0.376738 0.216695 1.253720
v 0.369085 0.170028 1.392487
v 0.376738 0.216695 1.253720
v 0.369358 0.158964 1.387532
v 0.369085 0.170028 1.392487
v 1.403635 0.157250 0.304404
v 1.403635 0.169083 0.304404
v 1.399406 0.157158 0.381087
v 1.403635 0.169083 0.304404
v 1.397480 0.165464 0.416003
v 1.399406 0.157158 0.381087
v 1.397381 0.126352 0.417791
v 1.399406 0.157158 0.381087
v 1.397480 0.165464 0.416003
v 1.396864 0.155574 0.427167
v 1.397381 0.126352 0.417791
v 1.397480 0.165464 0.416003
v 1.396864 0.155574 0.427167
v 1.396639 -0.010700 0.431254
v 1.397381 0.126352 0.417791
v 1.396639 -0.010700 0.431254
v 1.397373 -0.010700 0.417939
v 1.397381 0.126352 0.417791
v 1.192708 0.216695 0.562320
v 1.246904 0.216695 0.427550
v 1.246904 0.228529 0.427550
v 1.192708 0.228529 0.562320
v 1.192708 0.216695 0.562320
v 1.246904 0.228529 0.427550
v 1.192708 0.228529 0.562320
v 1.117656 0.228529 0.695480
v 1.192708 0.216695 0.562320
v 1.117656 0.228529 0.695480
v 1.117656 0.216695 0.695480
v 1.192708 0.216695 0.562320
v 1.025864 0.216695 0.817704
v 1.117656 0.216695 0.695480
v 1.117656 0.228529 0.695480
v 1.025864 0.228529 0.817705
v 1.025864 0.216695 0.817704
v 1.117656 0.228529 0.695480
v 1.025864 0.216695 0.817704
v 1.025864 0.228529 0.817705
v 0.921250 0.216695 0.924507
v 1.025864 0.228529 0.817705
v 0.921250 0.228529 0.924507
v 0.921250 0.216695 0.924507
v 1.516787 -0.095965 0.360360
v 1.516787 0.098635 0.360360
v 1.642610 -0.095965 0.367299
v 1.516787 0.098635 0.360360
v 1.642610 0.098635 0.367299
v 1.642610 -0.095965 0.367299
v 1.642610 -0.095965 0.367299
v 1.642610 0.098635 0.367299
v 1.812621 0.001709 0.376676
v 1.776364 -0.095965 0.374676
v 1.642610 -0.095965 0.367299
v 1.812621 0.001709 0.376676
v 1.808753 -0.086643 0.376462
v 1.776364 -0.095965 0.374676
v 1.812621 0.001709 0.376676
v 1.828770 -0.062237 0.377566
v 1.808753 -0.086643 0.376462
v 1.812621 0.001709 0.376676
v 1.829305 -0.029760 0.377596
v 1.828770 -0.062237 0.377566
v 1.812621 0.001709 0.376676
v 1.294297 0.098635 0.281092
v 1.301949 0.098635 0.253288
v 1.350059 0.098635 0.284167
v 1.301949 0.098635 0.253288
v 1.351611 0.098635 0.256027
v 1.350059 0.098635 0.284167
v 1.351611 0.098635 0.256027
v 1.518339 0.098635 0.332220
v 1.350059 0.098635 0.284167
v 1.518339 0.098635 0.332220
v 1.516787 0.098635 0.360360
v 1.350059 0.098635 0.284167
v 1.518339 0.098635 0.332220
v 1.644162 0.098635 0.339159
v 1.516787 0.098635 0.360360
v 1.644162 0.098635 0.339159
v 1.642610 0.098635 0.367299
v 1.516787 0.098635 0.360360
v 1.642862 -0.010700 0.549428
v 1.668202 -0.010700 0.450786
v 1.654583 -0.010700 0.450035
v 1.630177 -0.010700 0.545267
v 1.642862 -0.010700 0.549428
v 1.654583 -0.010700 0.450035
v 1.642862 -0.010700 0.549428
v 1.630177 -0.010700 0.545267
v 1.553607 -0.010700 0.735674
v 1.565641 -0.010700 0.741455
v 1.642862 -0.010700 0.549428
v 1.553607 -0.010700 0.735674
v 1.565641 -0.010700 0.741455
v 1.553607 -0.010700 0.735674
v 1.452840 -0.010700 0.914458
v 1.464016 -0.010700 0.921760
v 1.565641 -0.010700 0.741455
v 1.452840 -0.010700 0.914458
v 1.464016 -0.010700 0.921760
v 1.452840 -0.010700 0.914458
v 1.339726 -0.010700 1.087257
v 1.452840 -0.010700 0.914458
v 1.329598 -0.010700 1.078559
v 1.339726 -0.010700 1.087257
v 1.339726 -0.010700 1.087257
v 1.329598 -0.010700 1.078559
v 1.197243 -0.010700 1.232722
v 1.329598 -0.010700 1.078559
v 1.188507 -0.010700 1.222966
v 1.197243 -0.010700 1.232722
v 1.644162 0.098635 0.339159
v 1.518339 0.098635 0.332220
v 1.518339 -0.095965 0.332220
v 1.644162 -0.095965 0.339159
v 1.644162 0.098635 0.339159
v 1.518339 -0.095965 0.332220
v 1.644162 0.098635 0.339159
v 1.644162 -0.095965 0.339159
v 1.814173 0.001709 0.348536
v 1.644162 -0.095965 0.339159
v 1.777916 -0.095965 0.346536
v 1.814173 0.001709 0.348536
v 1.777916 -0.095965 0.346536
v 1.810305 -0.086643 0.348323
v 1.814173 0.001709 0.348536
v 1.810305 -0.086643 0.348323
v 1.830322 -0.062237 0.349427
v 1.814173 0.001709 0.348536
v 1.830322 -0.062237 0.349427
v 1.830857 -0.029760 0.349456
v 1.814173 0.001709 0.348536
v 1.197243 -0.010700 1.232722
v 1.188507 -0.010700 1.222966
v 1.197243 0.038096 1.232721
v 1.188507 -0.010700 1.222966
v 1.188507 0.038149 1.222965
v 1.197243 0.038096 1.232721
v 1.197243 0.038096 1.232721
v 1.188507 0.038149 1.222965
v 1.186917 0.065424 1.221189
v 1.194179 0.071460 1.229299
v 1.197243 0.038096 1.232721
v 1.186917 0.065424 1.221189
v 1.194179 0.071460 1.229299
v 1.186917 0.065424 1.221189
v 1.174496 0.088610 1.207319
v 1.186917 0.065424 1.221189
v 1.170608 0.077964 1.202977
v 1.174496 0.088610 1.207319
v 1.170608 0.077964 1.202977
v 0.956548 0.216695 0.963926
v 1.174496 0.088610 1.207319
v 0.956548 0.216695 0.963926
v 0.956548 0.228529 0.963926
v 1.174496 0.088610 1.207319
v 0.921250 0.228529 0.924507
v 0.956548 0.228529 0.963926
v 0.956548 0.216695 0.963926
v 0.921250 0.216695 0.924507
v 0.921250 0.228529 0.924507
v 0.956548 0.216695 0.963926
v 0.916267 0.228529 0.928970
v 0.951565 0.228529 0.968389
v 0.798607 0.228529 1.021204
v 0.951565 0.228529 0.968389
v 0.828458 0.228529 1.064893
v 0.798607 0.228529 1.021204
v 0.828458 0.228529 1.064893
v 0.690923 0.228529 1.146209
v 0.798607 0.228529 1.021204
v 0.690923 0.228529 1.146209
v 0.667030 0.228529 1.098998
v 0.798607 0.228529 1.021204
v 0.690923 0.228529 1.146209
v 0.543950 0.228529 1.208878
v 0.667030 0.228529 1.098998
v 0.543950 0.228529 1.208878
v 0.526424 0.228529 1.158951
v 0.667030 0.228529 1.098998
v 0.526424 0.228529 1.158951
v 0.543950 0.228529 1.208878
v 0.386511 0.228529 1.197997
v 0.543950 0.228529 1.208878
v 0.390055 0.228529 1.251826
v 0.386511 0.228529 1.197997
v 0.386511 0.228529 1.197997
v 0.390055 0.228529 1.251826
v 0.383491 0.228529 1.252759
v 1.667301 0.098635 -0.080383
v 1.665749 0.098635 -0.052243
v 1.541478 0.098635 -0.087323
v 1.665749 0.098635 -0.052243
v 1.539926 0.098635 -0.059183
v 1.541478 0.098635 -0.087323
v 1.541478 0.098635 -0.087323
v 1.539926 0.098635 -0.059183
v 1.367382 0.098635 -0.029928
v 1.539926 0.098635 -0.059183
v 1.365830 0.098635 -0.001788
v 1.367382 0.098635 -0.029928
v 1.367382 0.098635 -0.029928
v 1.365830 0.098635 -0.001788
v 1.316169 0.098635 -0.004527
v 1.311621 0.098635 -0.033003
v 1.367382 0.098635 -0.029928
v 1.316169 0.098635 -0.004527
v 1.366633 0.213314 0.120696
v 1.394422 0.213314 0.122229
v 1.372559 0.210560 0.097340
v 1.394422 0.213314 0.122229
v 1.400597 0.210560 0.098887
v 1.372559 0.210560 0.097340
v 1.393109 0.201346 0.073283
v 1.372559 0.210560 0.097340
v 1.400597 0.210560 0.098887
v 1.421820 0.201346 0.074867
v 1.393109 0.201346 0.073283
v 1.400597 0.210560 0.098887
v 1.426138 0.186687 0.053473
v 1.393109 0.201346 0.073283
v 1.421820 0.201346 0.074867
v 1.455610 0.186687 0.055099
v 1.426138 0.186687 0.053473
v 1.421820 0.201346 0.074867
v 1.426138 0.186687 0.053473
v 1.455610 0.186687 0.055099
v 1.481387 0.162286 0.037437
v 1.455610 0.186687 0.055099
v 1.487425 0.172880 0.044857
v 1.481387 0.162286 0.037437
v 1.833444 -0.086643 -0.071220
v 1.801055 -0.095965 -0.073006
v 1.799503 -0.095965 -0.044866
v 1.831892 -0.086643 -0.043080
v 1.833444 -0.086643 -0.071220
v 1.799503 -0.095965 -0.044866
v 1.853461 -0.062237 -0.070116
v 1.833444 -0.086643 -0.071220
v 1.831892 -0.086643 -0.043080
v 1.851909 -0.062237 -0.041976
v 1.853461 -0.062237 -0.070116
v 1.831892 -0.086643 -0.043080
v 1.851909 -0.062237 -0.041976
v 1.852444 -0.029760 -0.041947
v 1.853461 -0.062237 -0.070116
v 1.852444 -0.029760 -0.041947
v 1.853996 -0.029760 -0.070086
v 1.853461 -0.062237 -0.070116
v 1.853996 -0.029760 -0.070086
v 1.852444 -0.029760 -0.041947
v 1.835760 0.001709 -0.042867
v 1.837312 0.001709 -0.071007
v 1.853996 -0.029760 -0.070086
v 1.835760 0.001709 -0.042867
v 1.837312 0.001709 -0.071007
v 1.835760 0.001709 -0.042867
v 1.665749 0.098635 -0.052243
v 1.667301 0.098635 -0.080383
v 1.837312 0.001709 -0.071007
v 1.665749 0.098635 -0.052243
v 1.484532 0.173488 -0.052558
v 1.487425 0.172880 0.044857
v 1.455610 0.186687 0.055099
v 1.468645 0.173488 -0.164277
v 1.484532 0.173488 -0.052558
v 1.357330 0.228529 -0.036143
v 1.357330 0.228529 -0.036143
v 1.484532 0.173488 -0.052558
v 1.455610 0.186687 0.055099
v 1.455610 0.186687 0.055099
v 1.421820 0.201346 0.074867
v 1.357330 0.228529 -0.036143
v 1.358950 0.228529 0.120272
v 1.357330 0.228529 -0.036143
v 1.421820 0.201346 0.074867
v 1.400597 0.210560 0.098887
v 1.358950 0.228529 0.120272
v 1.421820 0.201346 0.074867
v 1.358950 0.228529 0.120272
v 1.400597 0.210560 0.098887
v 1.394422 0.213314 0.122229
v 1.336729 0.228529 -0.181011
v 1.468645 0.173488 -0.164277
v 1.357330 0.228529 -0.036143
v 1.475497 0.170028 -0.173358
v 1.468645 0.173488 -0.164277
v 1.336729 0.228529 -0.181011
v 1.282906 0.228529 -0.183980
v 1.336729 0.228529 -0.181011
v 1.304569 0.228529 -0.032136
v 1.336729 0.228529 -0.181011
v 1.357330 0.228529 -0.036143
v 1.304569 0.228529 -0.032136
v 1.304569 0.228529 -0.032136
v 1.357330 0.228529 -0.036143
v 1.358950 0.228529 0.120272
v 1.306116 0.228529 0.117358
v 1.304569 0.228529 -0.032136
v 1.358950 0.228529 0.120272
v 1.852444 -0.029760 -0.041947
v 1.851909 -0.062237 -0.041976
v 1.835760 0.001709 -0.042867
v 1.851909 -0.062237 -0.041976
v 1.831892 -0.086643 -0.043080
v 1.835760 0.001709 -0.042867
v 1.831892 -0.086643 -0.043080
v 1.799503 -0.095965 -0.044866
v 1.835760 0.001709 -0.042867
v 1.799503 -0.095965 -0.044866
v 1.665749 -0.095965 -0.052243
v 1.835760 0.001709 -0.042867
v 1.665749 -0.095965 -0.052243
v 1.665749 0.098635 -0.052243
v 1.835760 0.001709 -0.042867
v 1.665749 0.098635 -0.052243
v 1.665749 -0.095965 -0.052243
v 1.539926 -0.095965 -0.059183
v 1.539926 0.098635 -0.059183
v 1.665749 0.098635 -0.052243
v 1.539926 -0.095965 -0.059183
v 1.336729 0.228529 -0.181011
v 1.282906 0.228529 -0.183980
v 1.282906 0.216695 -0.183980
v 1.336730 0.216695 -0.181011
v 1.336729 0.228529 -0.181011
v 1.282906 0.216695 -0.183980
v 1.336729 0.228529 -0.181011
v 1.336730 0.216695 -0.181011
v 1.475497 0.170028 -0.173358
v 1.336730 0.216695 -0.181011
v 1.470541 0.158964 -0.173631
v 1.475497 0.170028 -0.173358
v 2.055887 0.000774 -0.013690
v 2.056994 0.000774 -0.033767
v 2.148841 -0.046040 -0.008563
v 2.056994 0.000774 -0.033767
v 2.149949 -0.046040 -0.028640
v 2.148841 -0.046040 -0.008563
v 2.149949 -0.046040 -0.028640
v 2.159070 -0.063248 -0.028137
v 2.148841 -0.046040 -0.008563
v 2.159070 -0.063248 -0.028137
v 2.157963 -0.063248 -0.008060
v 2.148841 -0.046040 -0.008563
v 2.157963 -0.063248 -0.008060
v 2.159070 -0.063248 -0.028137
v 2.157671 -0.081008 -0.008077
v 2.159070 -0.063248 -0.028137
v 2.158778 -0.081008 -0.028153
v 2.157671 -0.081008 -0.008077
v 2.158778 -0.081008 -0.028153
v 2.147834 -0.094353 -0.028757
v 2.157671 -0.081008 -0.008077
v 2.147834 -0.094353 -0.028757
v 2.146727 -0.094353 -0.008680
v 2.157671 -0.081008 -0.008077
v 2.147834 -0.094353 -0.028757
v 2.130125 -0.099451 -0.029733
v 2.146727 -0.094353 -0.008680
v 2.130125 -0.099451 -0.029733
v 2.129017 -0.099451 -0.009657
v 2.146727 -0.094353 -0.008680
v 1.249539 0.228529 0.420996
v 1.249539 0.216695 0.420996
v 1.287769 0.228529 0.272456
v 1.249539 0.216695 0.420996
v 1.287769 0.216695 0.272456
v 1.287769 0.228529 0.272456
v 1.287769 0.228529 0.272456
v 1.287769 0.216695 0.272456
v 1.305748 0.228529 0.124038
v 1.287769 0.216695 0.272456
v 1.305748 0.216695 0.124038
v 1.305748 0.228529 0.124038
v 1.430662 0.162842 0.420385
v 1.303363 0.216695 0.423964
v 1.437175 0.158964 0.431345
v 1.430662 0.162842 0.420385
v 1.458676 0.162838 0.311468
v 1.303363 0.216695 0.423964
v 1.458676 0.162838 0.311468
v 1.339770 0.216695 0.282241
v 1.303363 0.216695 0.423964
v 1.458676 0.162838 0.311468
v 1.471167 0.162286 0.222749
v 1.339770 0.216695 0.282241
v 1.471167 0.162286 0.222749
v 1.418016 0.186687 0.200735
v 1.339770 0.216695 0.282241
v 1.339770 0.216695 0.282241
v 1.418016 0.186687 0.200735
v 1.387366 0.201346 0.177413
v 1.339770 0.216695 0.282241
v 1.387366 0.201346 0.177413
v 1.369586 0.210560 0.151242
v 1.339770 0.216695 0.282241
v 1.369586 0.210560 0.151242
v 1.358581 0.216695 0.126952
v 1.369586 0.210560 0.151242
v 1.360298 0.215935 0.127046
v 1.358581 0.216695 0.126952
v 1.369586 0.210560 0.151242
v 1.366264 0.213314 0.127376
v 1.360298 0.215935 0.127046
v 1.430662 0.162842 0.420385
v 1.437175 0.158964 0.431345
v 1.442131 0.170028 0.431618
v 1.436319 0.173488 0.421839
v 1.430662 0.162842 0.420385
v 1.442131 0.170028 0.431618
v 1.430662 0.162842 0.420385
v 1.436319 0.173488 0.421839
v 1.458676 0.162838 0.311468
v 1.436319 0.173488 0.421839
v 1.464395 0.173488 0.312544
v 1.458676 0.162838 0.311468
v 1.458676 0.162838 0.311468
v 1.464395 0.173488 0.312544
v 1.471167 0.162286 0.222749
v 1.464395 0.173488 0.312544
v 1.477984 0.172880 0.216039
v 1.471167 0.162286 0.222749
v 1.339770 0.216695 0.282241
v 1.358581 0.216695 0.126952
v 1.305748 0.216695 0.124038
v 1.287769 0.216695 0.272456
v 1.339770 0.216695 0.282241
v 1.305748 0.216695 0.124038
v 1.339770 0.216695 0.282241
v 1.287769 0.216695 0.272456
v 1.303363 0.216695 0.423964
v 1.287769 0.216695 0.272456
v 1.249539 0.216695 0.420996
v 1.303363 0.216695 0.423964
v 2.056994 0.000774 -0.033767
v 2.055887 0.000774 -0.013690
v 2.018016 0.000774 -0.035916
v 2.055887 0.000774 -0.013690
v 2.016909 0.000774 -0.015840
v 2.018016 0.000774 -0.035916
v 2.005025 -0.010733 -0.036633
v 2.018016 0.000774 -0.035916
v 2.016909 0.000774 -0.015840
v 2.003918 -0.010733 -0.016557
v 2.005025 -0.010733 -0.036633
v 2.016909 0.000774 -0.015840
v 2.005025 -0.010733 -0.036633
v 2.003918 -0.010733 -0.016557
v 2.005025 -0.099451 -0.036633
v 2.003918 -0.010733 -0.016557
v 2.003917 -0.099451 -0.016556
v 2.005025 -0.099451 -0.036633
v 2.147834 -0.094353 -0.028757
v 2.158778 -0.081008 -0.028153
v 2.130125 -0.099451 -0.029733
v 2.158778 -0.081008 -0.028153
v 2.159070 -0.063248 -0.028137
v 2.130125 -0.099451 -0.029733
v 2.159070 -0.063248 -0.028137
v 2.149949 -0.046040 -0.028640
v 2.130125 -0.099451 -0.029733
v 2.149949 -0.046040 -0.028640
v 2.056994 0.000774 -0.033767
v 2.130125 -0.099451 -0.029733
v 2.056994 0.000774 -0.033767
v 2.018016 0.000774 -0.035916
v 2.130125 -0.099451 -0.029733
v 2.018016 0.000774 -0.035916
v 2.005025 -0.010733 -0.036633
v 2.130125 -0.099451 -0.029733
v 2.005025 -0.010733 -0.036633
v 2.005025 -0.099451 -0.036633
v 2.130125 -0.099451 -0.029733
v 0.578357 0.197614 -1.135356
v 0.589547 0.195918 -1.134975
v 0.626444 0.076578 -1.418148
v 2.003917 -0.099451 -0.016556
v 2.003918 -0.010733 -0.016557
v 2.129017 -0.099451 -0.009657
v 2.003918 -0.010733 -0.016557
v 2.016909 0.000774 -0.015840
v 2.129017 -0.099451 -0.009657
v 2.016909 0.000774 -0.015840
v 2.055887 0.000774 -0.013690
v 2.129017 -0.099451 -0.009657
v 2.055887 0.000774 -0.013690
v 2.148841 -0.046040 -0.008563
v 2.129017 -0.099451 -0.009657
v 2.148841 -0.046040 -0.008563
v 2.157963 -0.063248 -0.008060
v 2.129017 -0.099451 -0.009657
v 2.157963 -0.063248 -0.008060
v 2.157671 -0.081008 -0.008077
v 2.129017 -0.099451 -0.009657
v 2.157671 -0.081008 -0.008077
v 2.146727 -0.094353 -0.008680
v 2.129017 -0.099451 -0.009657
v 1.180302 0.228529 -0.474188
v 1.186752 0.215312 -0.483145
v 1.104214 0.228529 -0.602880
v 1.186752 0.215312 -0.483145
v 1.104214 0.216695 -0.602880
v 1.104214 0.228529 -0.602880
v 1.104214 0.216695 -0.602880
v 1.009912 0.216695 -0.723178
v 1.104214 0.228529 -0.602880
v 1.009912 0.216695 -0.723178
v 1.009912 0.228529 -0.723178
v 1.104214 0.228529 -0.602880
v 1.009912 0.228529 -0.723178
v 1.009912 0.216695 -0.723178
v 0.900715 0.228529 -0.830137
v 1.009912 0.216695 -0.723178
v 0.900714 0.216695 -0.830137
v 0.900715 0.228529 -0.830137
v 0.900715 0.228529 -0.830137
v 0.900714 0.216695 -0.830137
v 0.778490 0.228529 -0.921929
v 0.900714 0.216695 -0.830137
v 0.778490 0.216695 -0.921929
v 0.778490 0.228529 -0.921929
v 0.778490 0.228529 -0.921929
v 0.778490 0.216695 -0.921929
v 0.645330 0.216695 -0.996981
v 0.645330 0.228529 -0.996981
v 0.778490 0.228529 -0.921929
v 0.645330 0.216695 -0.996981
v 0.645330 0.216695 -0.996981
v 0.517010 0.215312 -1.060135
v 0.645330 0.228529 -0.996981
v 0.517010 0.215312 -1.060135
v 0.510560 0.228529 -1.051177
v 0.645330 0.228529 -0.996981
v 0.303678 0.162200 -1.491683
v 0.304179 0.140765 -1.500767
v 0.301771 0.176105 -1.457105
v 0.304179 0.140765 -1.500767
v 0.303893 0.114782 -1.495592
v 0.301771 0.176105 -1.457105
v 0.303893 0.114782 -1.495592
v 0.302278 0.085417 -1.466309
v 0.301771 0.176105 -1.457105
v 0.302278 0.085417 -1.466309
v 0.298291 0.082538 -1.394023
v 0.301771 0.176105 -1.457105
v 0.298291 0.082538 -1.394023
v 0.298037 0.173409 -1.389410
v 0.301771 0.176105 -1.457105
v 0.737174 0.080625 -1.358479
v 0.626444 0.076578 -1.418148
v 0.649130 0.155288 -1.209683
v 0.626444 0.076578 -1.418148
v 0.589547 0.195918 -1.134975
v 0.649130 0.155288 -1.209683
v 0.589547 0.195918 -1.134975
v 0.601134 0.196636 -1.128570
v 0.649130 0.155288 -1.209683
v 0.285680 0.140765 -1.501787
v 0.285179 0.162200 -1.492703
v 0.285395 0.114782 -1.496612
v 0.285179 0.162200 -1.492703
v 0.283272 0.176105 -1.458125
v 0.285395 0.114782 -1.496612
v 0.283272 0.176105 -1.458125
v 0.280514 0.174113 -1.408110
v 0.285395 0.114782 -1.496612
v 0.280514 0.174113 -1.408110
v 0.280768 0.083242 -1.412723
v 0.285395 0.114782 -1.496612
v 0.280768 0.083242 -1.412723
v 0.283780 0.085417 -1.467330
v 0.285395 0.114782 -1.496612
v 0.801657 0.083681 -1.322246
v 0.737174 0.080625 -1.358479
v 0.739845 0.090313 -1.362993
v 0.804060 0.094189 -1.327434
v 0.801657 0.083681 -1.322246
v 0.739845 0.090313 -1.362993
v 0.804060 0.094189 -1.327434
v 0.977116 0.095660 -1.225961
v 0.801657 0.083681 -1.322246
v 0.977116 0.095660 -1.225961
v 0.973969 0.085043 -1.221144
v 0.801657 0.083681 -1.322246
v 0.977116 0.095660 -1.225961
v 1.078450 0.091104 -1.163134
v 0.973969 0.085043 -1.221144
v 1.078450 0.091104 -1.163134
v 1.075511 0.080442 -1.158166
v 0.973969 0.085043 -1.221144
v 0.060805 0.160178 -1.348628
v 0.062456 0.080046 -1.378564
v 0.061749 0.179255 -1.365738
v 0.062456 0.080046 -1.378564
v 0.069293 0.172288 -1.502527
v 0.061749 0.179255 -1.365738
v 0.069293 0.172288 -1.502527
v 0.069146 0.192862 -1.499867
v 0.061749 0.179255 -1.365738
v 0.069293 0.172288 -1.502527
v 0.070934 0.174696 -1.532278
v 0.069146 0.192862 -1.499867
v 0.070934 0.174696 -1.532278
v 0.071056 0.195198 -1.534488
v 0.069146 0.192862 -1.499867
v 0.071056 0.195198 -1.534488
v 0.070934 0.174696 -1.532278
v 0.071354 0.173330 -1.539891
v 0.071738 0.192978 -1.546861
v 0.071056 0.195198 -1.534488
v 0.071354 0.173330 -1.539891
v 0.071738 0.192978 -1.546861
v 0.071354 0.173330 -1.539891
v 0.095305 -0.019246 -1.974154
v 0.071354 0.173330 -1.539891
v 0.094578 -0.036250 -1.960970
v 0.095305 -0.019246 -1.974154
v 0.094578 -0.036250 -1.960970
v 0.095053 -0.044029 -1.969589
v 0.095305 -0.019246 -1.974154
v 0.095053 -0.044029 -1.969589
v 0.096244 -0.036992 -1.991191
v 0.095305 -0.019246 -1.974154
v 0.096373 -0.078210 -1.993532
v 0.096244 -0.036992 -1.991191
v 0.095053 -0.044029 -1.969589
v 0.095084 -0.078210 -1.970154
v 0.096373 -0.078210 -1.993532
v 0.095053 -0.044029 -1.969589
v 0.108443 -0.078210 -1.969418
v 0.095084 -0.078210 -1.970154
v 0.108453 -0.050456 -1.969598
v 0.095084 -0.078210 -1.970154
v 0.095053 -0.044029 -1.969589
v 0.108453 -0.050456 -1.969598
v 0.095053 -0.044029 -1.969589
v 0.108412 -0.044029 -1.968853
v 0.108453 -0.050456 -1.969598
v 0.108412 -0.044029 -1.968853
v 0.095053 -0.044029 -1.969589
v 0.094578 -0.036250 -1.960970
v 0.107936 -0.036250 -1.960233
v 0.108412 -0.044029 -1.968853
v 0.094578 -0.036250 -1.960970
v 0.107936 -0.036250 -1.960233
v 0.094578 -0.036250 -1.960970
v 0.086181 0.160801 -1.565776
v 0.094578 -0.036250 -1.960970
v 0.071354 0.173330 -1.539891
v 0.086181 0.160801 -1.565776
v 0.071354 0.173330 -1.539891
v 0.084713 0.173330 -1.539154
v 0.086181 0.160801 -1.565776
v 0.071354 0.173330 -1.539891
v 0.070934 0.174696 -1.532278
v 0.084713 0.173330 -1.539154
v 0.070934 0.174696 -1.532278
v 0.084293 0.174696 -1.531541
v 0.084713 0.173330 -1.539154
v 0.084293 0.174696 -1.531541
v 0.070934 0.174696 -1.532278
v 0.083798 0.174452 -1.522568
v 0.070934 0.174696 -1.532278
v 0.069293 0.172288 -1.502527
v 0.083798 0.174452 -1.522568
v 0.069293 0.172288 -1.502527
v 0.082652 0.172288 -1.501790
v 0.083798 0.174452 -1.522568
v 0.601134 0.196636 -1.128570
v 0.603205 0.204144 -1.132069
v 0.649130 0.155288 -1.209683
v 0.603205 0.204144 -1.132069
v 0.739845 0.090313 -1.362993
v 0.649130 0.155288 -1.209683
v 0.739845 0.090313 -1.362993
v 0.737174 0.080625 -1.358479
v 0.649130 0.155288 -1.209683
v 0.107936 -0.036250 -1.960233
v 0.108453 -0.050456 -1.969598
v 0.108412 -0.044029 -1.968853
v 0.108453 -0.050456 -1.969598
v 0.107936 -0.036250 -1.960233
v 0.089862 -0.067134 -1.632538
v 0.107936 -0.036250 -1.960233
v 0.086181 0.160801 -1.565776
v 0.089862 -0.067134 -1.632538
v 0.086181 0.160801 -1.565776
v 0.086248 0.090726 -1.567004
v 0.089862 -0.067134 -1.632538
v 0.504006 0.228529 -1.053813
v 0.504006 0.216695 -1.053813
v 0.355466 0.228529 -1.092042
v 0.504006 0.216695 -1.053813
v 0.355466 0.216695 -1.092042
v 0.355466 0.228529 -1.092042
v 0.355466 0.228529 -1.092042
v 0.355466 0.216695 -1.092042
v 0.207048 0.228529 -1.110021
v 0.355466 0.216695 -1.092042
v 0.207048 0.216695 -1.110021
v 0.207048 0.228529 -1.110021
v 0.503395 0.162841 -1.234935
v 0.506974 0.216695 -1.107636
v 0.514355 0.158964 -1.241448
v 0.503395 0.162841 -1.234935
v 0.394478 0.162838 -1.262949
v 0.506974 0.216695 -1.107636
v 0.394478 0.162838 -1.262949
v 0.365251 0.216695 -1.144043
v 0.506974 0.216695 -1.107636
v 0.394478 0.162838 -1.262949
v 0.305759 0.162285 -1.275440
v 0.365251 0.216695 -1.144043
v 0.305759 0.162285 -1.275440
v 0.283745 0.186687 -1.222290
v 0.365251 0.216695 -1.144043
v 0.365251 0.216695 -1.144043
v 0.283745 0.186687 -1.222290
v 0.260423 0.201346 -1.191639
v 0.365251 0.216695 -1.144043
v 0.260423 0.201346 -1.191639
v 0.234252 0.210560 -1.173859
v 0.365251 0.216695 -1.144043
v 0.234252 0.210560 -1.173859
v 0.209962 0.216695 -1.162854
v 0.234252 0.210560 -1.173859
v 0.210056 0.215935 -1.164571
v 0.209962 0.216695 -1.162854
v 0.234252 0.210560 -1.173859
v 0.210385 0.213314 -1.170537
v 0.210056 0.215935 -1.164571
v 0.503395 0.162841 -1.234935
v 0.514355 0.158964 -1.241448
v 0.514628 0.170028 -1.246404
v 0.504848 0.173488 -1.240592
v 0.503395 0.162841 -1.234935
v 0.514628 0.170028 -1.246404
v 0.503395 0.162841 -1.234935
v 0.504848 0.173488 -1.240592
v 0.394478 0.162838 -1.262949
v 0.504848 0.173488 -1.240592
v 0.395554 0.173488 -1.268668
v 0.394478 0.162838 -1.262949
v 0.394478 0.162838 -1.262949
v 0.395554 0.173488 -1.268668
v 0.305759 0.162285 -1.275440
v 0.395554 0.173488 -1.268668
v 0.299049 0.172880 -1.282257
v 0.305759 0.162285 -1.275440
v 0.203706 0.213314 -1.170906
v 0.205239 0.213314 -1.198695
v 0.180350 0.210560 -1.176832
v 0.205239 0.213314 -1.198695
v 0.181896 0.210560 -1.204870
v 0.180350 0.210560 -1.176832
v 0.156293 0.201346 -1.197382
v 0.180350 0.210560 -1.176832
v 0.181896 0.210560 -1.204870
v 0.157877 0.201346 -1.226093
v 0.156293 0.201346 -1.197382
v 0.181896 0.210560 -1.204870
v 0.136483 0.186687 -1.230412
v 0.156293 0.201346 -1.197382
v 0.157877 0.201346 -1.226093
v 0.138109 0.186687 -1.259883
v 0.136483 0.186687 -1.230412
v 0.157877 0.201346 -1.226093
v 0.136483 0.186687 -1.230412
v 0.138109 0.186687 -1.259883
v 0.120447 0.162285 -1.285661
v 0.138109 0.186687 -1.259883
v 0.127867 0.172880 -1.291698
v 0.120447 0.162285 -1.285661
v 0.110024 0.194545 -1.514253
v 0.109256 0.172288 -1.500323
v 0.101712 0.179255 -1.363534
v 0.109256 0.172288 -1.500323
v 0.102419 0.080046 -1.376360
v 0.101712 0.179255 -1.363534
v 0.102419 0.080046 -1.376360
v 0.100768 0.160178 -1.346424
v 0.101712 0.179255 -1.363534
v 0.030452 0.173488 -1.288805
v 0.127867 0.172880 -1.291698
v 0.138109 0.186687 -1.259883
v -0.081267 0.173488 -1.272918
v 0.030452 0.173488 -1.288805
v 0.046867 0.228529 -1.161603
v 0.046867 0.228529 -1.161603
v 0.030452 0.173488 -1.288805
v 0.138109 0.186687 -1.259883
v 0.138109 0.186687 -1.259883
v 0.157877 0.201346 -1.226093
v 0.046867 0.228529 -1.161603
v 0.203282 0.228529 -1.163223
v 0.046867 0.228529 -1.161603
v 0.157877 0.201346 -1.226093
v 0.181896 0.210560 -1.204870
v 0.203282 0.228529 -1.163223
v 0.157877 0.201346 -1.226093
v 0.203282 0.228529 -1.163223
v 0.181896 0.210560 -1.204870
v 0.205239 0.213314 -1.198695
v -0.098001 0.228529 -1.141003
v -0.081267 0.173488 -1.272918
v 0.046867 0.228529 -1.161603
v -0.090348 0.170028 -1.279770
v -0.081267 0.173488 -1.272918
v -0.098001 0.228529 -1.141003
v -0.100970 0.228529 -1.087179
v -0.098001 0.228529 -1.141003
v 0.050874 0.228529 -1.108842
v -0.098001 0.228529 -1.141003
v 0.046867 0.228529 -1.161603
v 0.050874 0.228529 -1.108842
v 0.050874 0.228529 -1.108842
v 0.046867 0.228529 -1.161603
v 0.203282 0.228529 -1.163223
v 0.200368 0.228529 -1.110389
v 0.050874 0.228529 -1.108842
v 0.203282 0.228529 -1.163223
v 0.108443 -0.078210 -1.969418
v 0.108453 -0.050456 -1.969598
v 0.254178 -0.078210 -1.961380
v 0.108453 -0.050456 -1.969598
v 0.399924 -0.050456 -1.953523
v 0.254178 -0.078210 -1.961380
v 0.399924 -0.050456 -1.953523
v 0.399914 -0.078210 -1.953342
v 0.254178 -0.078210 -1.961380
v -0.098001 0.228529 -1.141003
v -0.100970 0.228529 -1.087179
v -0.100970 0.216695 -1.087179
v -0.098001 0.216695 -1.141003
v -0.098001 0.228529 -1.141003
v -0.100970 0.216695 -1.087179
v -0.098001 0.228529 -1.141003
v -0.098001 0.216695 -1.141003
v -0.090348 0.170028 -1.279770
v -0.098001 0.216695 -1.141003
v -0.090621 0.158964 -1.274815
v -0.090348 0.170028 -1.279770
v 0.374123 0.172288 -1.485714
v 0.387482 0.172288 -1.484977
v 0.375269 0.174452 -1.506492
v 0.387482 0.172288 -1.484977
v 0.389123 0.174696 -1.514728
v 0.375269 0.174452 -1.506492
v 0.389123 0.174696 -1.514728
v 0.375764 0.174696 -1.515465
v 0.375269 0.174452 -1.506492
v 0.375764 0.174696 -1.515465
v 0.389123 0.174696 -1.514728
v 0.389542 0.173330 -1.522342
v 0.376184 0.173330 -1.523079
v 0.375764 0.174696 -1.515465
v 0.389542 0.173330 -1.522342
v 0.376184 0.173330 -1.523079
v 0.389542 0.173330 -1.522342
v 0.377652 0.160801 -1.549700
v 0.389542 0.173330 -1.522342
v 0.412766 -0.036250 -1.943421
v 0.377652 0.160801 -1.549700
v 0.412766 -0.036250 -1.943421
v 0.399408 -0.036250 -1.944158
v 0.377652 0.160801 -1.549700
v 0.399408 -0.036250 -1.944158
v 0.412766 -0.036250 -1.943421
v 0.399883 -0.044029 -1.952777
v 0.412766 -0.036250 -1.943421
v 0.413242 -0.044029 -1.952040
v 0.399883 -0.044029 -1.952777
v 0.399883 -0.044029 -1.952777
v 0.413242 -0.044029 -1.952040
v 0.399924 -0.050456 -1.953523
v 0.413242 -0.044029 -1.952040
v 0.413273 -0.078210 -1.952605
v 0.399924 -0.050456 -1.953523
v 0.413273 -0.078210 -1.952605
v 0.399914 -0.078210 -1.953342
v 0.399924 -0.050456 -1.953523
v -0.913971 0.216695 -0.449603
v -0.968167 0.216695 -0.314833
v -0.968167 0.228529 -0.314833
v -0.913972 0.228529 -0.449603
v -0.913971 0.216695 -0.449603
v -0.968167 0.228529 -0.314833
v -0.913972 0.228529 -0.449603
v -0.838919 0.228529 -0.582763
v -0.913971 0.216695 -0.449603
v -0.838919 0.228529 -0.582763
v -0.838919 0.216695 -0.582763
v -0.913971 0.216695 -0.449603
v -0.747127 0.216695 -0.704987
v -0.838919 0.216695 -0.582763
v -0.838919 0.228529 -0.582763
v -0.747127 0.228529 -0.704988
v -0.747127 0.216695 -0.704987
v -0.838919 0.228529 -0.582763
v -0.747127 0.216695 -0.704987
v -0.747127 0.228529 -0.704988
v -0.642513 0.216695 -0.811790
v -0.747127 0.228529 -0.704988
v -0.642513 0.228529 -0.811790
v -0.642513 0.216695 -0.811790
v 0.377720 0.090726 -1.550928
v 0.377652 0.160801 -1.549700
v 0.381335 -0.067134 -1.616462
v 0.377652 0.160801 -1.549700
v 0.399408 -0.036250 -1.944158
v 0.381335 -0.067134 -1.616462
v 0.399408 -0.036250 -1.944158
v 0.399924 -0.050456 -1.953523
v 0.381335 -0.067134 -1.616462
v 0.399924 -0.050456 -1.953523
v 0.399408 -0.036250 -1.944158
v 0.399883 -0.044029 -1.952777
v 0.339031 0.160178 -1.333283
v 0.340682 0.080046 -1.363219
v 0.339974 0.179255 -1.350393
v 0.340682 0.080046 -1.363219
v 0.347519 0.172287 -1.487181
v 0.339974 0.179255 -1.350393
v 0.347519 0.172287 -1.487181
v 0.348287 0.194545 -1.501112
v 0.339974 0.179255 -1.350393
v -1.364125 -0.010700 -0.436711
v -1.389465 -0.010700 -0.338069
v -1.375846 -0.010700 -0.337318
v -1.351440 -0.010700 -0.432550
v -1.364125 -0.010700 -0.436711
v -1.375846 -0.010700 -0.337318
v -1.364125 -0.010700 -0.436711
v -1.351440 -0.010700 -0.432550
v -1.274870 -0.010700 -0.622957
v -1.286904 -0.010700 -0.628738
v -1.364125 -0.010700 -0.436711
v -1.274870 -0.010700 -0.622957
v -1.286904 -0.010700 -0.628738
v -1.274870 -0.010700 -0.622957
v -1.174103 -0.010700 -0.801741
v -1.185280 -0.010700 -0.809043
v -1.286904 -0.010700 -0.628738
v -1.174103 -0.010700 -0.801741
v -1.185280 -0.010700 -0.809043
v -1.174103 -0.010700 -0.801741
v -1.060989 -0.010700 -0.974540
v -1.174103 -0.010700 -0.801741
v -1.050861 -0.010700 -0.965842
v -1.060989 -0.010700 -0.974540
v -1.060989 -0.010700 -0.974540
v -1.050861 -0.010700 -0.965842
v -0.918506 -0.010700 -1.120004
v -1.050861 -0.010700 -0.965842
v -0.909770 -0.010700 -1.110249
v -0.918506 -0.010700 -1.120004
v 0.055946 0.044519 -1.337038
v 0.030992 0.044519 -1.338415
v 0.059488 0.164181 -1.401251
v 0.030992 0.044519 -1.338415
v 0.034533 0.164181 -1.402627
v 0.059488 0.164181 -1.401251
v 0.059488 0.164181 -1.401251
v 0.034533 0.164181 -1.402627
v 0.060889 0.183145 -1.426655
v 0.034533 0.164181 -1.402627
v 0.035934 0.183145 -1.428031
v 0.060889 0.183145 -1.426655
v 0.035934 0.183145 -1.428031
v 0.037704 0.190745 -1.460130
v 0.060889 0.183145 -1.426655
v 0.037704 0.190745 -1.460130
v 0.062659 0.190745 -1.458753
v 0.060889 0.183145 -1.426655
v 0.037704 0.190745 -1.460130
v 0.039236 0.183874 -1.487897
v 0.062659 0.190745 -1.458753
v 0.039236 0.183874 -1.487897
v 0.064191 0.183874 -1.486521
v 0.062659 0.190745 -1.458753
v 0.064191 0.183874 -1.486521
v 0.039236 0.183874 -1.487897
v 0.065178 0.163859 -1.504422
v 0.039236 0.183874 -1.487897
v 0.040223 0.163859 -1.505798
v 0.065178 0.163859 -1.504422
v 0.040223 0.163859 -1.505798
v 0.040357 0.055204 -1.508223
v 0.065178 0.163859 -1.504422
v 0.040357 0.055204 -1.508223
v 0.065312 0.055204 -1.506846
v 0.065178 0.163859 -1.504422
v -0.918506 -0.010700 -1.120004
v -0.909770 -0.010700 -1.110249
v -0.918506 0.038095 -1.120004
v -0.909770 -0.010700 -1.110249
v -0.909770 0.038148 -1.110248
v -0.918506 0.038095 -1.120004
v -0.918506 0.038095 -1.120004
v -0.909770 0.038148 -1.110248
v -0.908180 0.065423 -1.108473
v -0.915442 0.071460 -1.116582
v -0.918506 0.038095 -1.120004
v -0.908180 0.065423 -1.108473
v -0.915442 0.071460 -1.116582
v -0.908180 0.065423 -1.108473
v -0.895759 0.088610 -1.094601
v -0.908180 0.065423 -1.108473
v -0.891871 0.077963 -1.090260
v -0.895759 0.088610 -1.094601
v -0.891871 0.077963 -1.090260
v -0.677812 0.216695 -0.851209
v -0.895759 0.088610 -1.094601
v -0.677812 0.216695 -0.851209
v -0.677812 0.228529 -0.851210
v -0.895759 0.088610 -1.094601
v -0.642513 0.228529 -0.811790
v -0.677812 0.228529 -0.851210
v -0.677812 0.216695 -0.851209
v -0.642513 0.216695 -0.811790
v -0.642513 0.228529 -0.811790
v -0.677812 0.216695 -0.851209
v -0.637530 0.228529 -0.816253
v -0.672828 0.228529 -0.855672
v -0.519870 0.228529 -0.908487
v -0.672828 0.228529 -0.855672
v -0.549722 0.228529 -0.952177
v -0.519870 0.228529 -0.908487
v -0.549722 0.228529 -0.952177
v -0.412186 0.228529 -1.033492
v -0.519870 0.228529 -0.908487
v -0.412186 0.228529 -1.033492
v -0.388293 0.228529 -0.986281
v -0.519870 0.228529 -0.908487
v -0.412186 0.228529 -1.033492
v -0.265213 0.228529 -1.096161
v -0.388293 0.228529 -0.986281
v -0.265213 0.228529 -1.096161
v -0.247687 0.228529 -1.046234
v -0.388293 0.228529 -0.986281
v -0.247687 0.228529 -1.046234
v -0.265213 0.228529 -1.096161
v -0.107774 0.228529 -1.085280
v -0.265213 0.228529 -1.096161
v -0.111318 0.228529 -1.139109
v -0.107774 0.228529 -1.085280
v -0.107774 0.228529 -1.085280
v -0.111318 0.228529 -1.139109
v -0.104754 0.228528 -1.140042
v 0.030992 0.044519 -1.338415
v 0.040357 0.055204 -1.508223
v 0.034533 0.164181 -1.402627
v 0.040357 0.055204 -1.508223
v 0.040223 0.163859 -1.505798
v 0.034533 0.164181 -1.402627
v 0.040223 0.163859 -1.505798
v 0.039236 0.183874 -1.487897
v 0.034533 0.164181 -1.402627
v 0.039236 0.183874 -1.487897
v 0.037704 0.190745 -1.460130
v 0.034533 0.164181 -1.402627
v 0.037704 0.190745 -1.460130
v 0.035934 0.183145 -1.428031
v 0.034533 0.164181 -1.402627
v -0.970803 0.228529 -0.308279
v -0.970803 0.216695 -0.308279
v -1.009032 0.228529 -0.159739
v -0.970803 0.216695 -0.308279
v -1.009032 0.216695 -0.159739
v -1.009032 0.228529 -0.159739
v -1.009032 0.228529 -0.159739
v -1.009032 0.216695 -0.159739
v -1.027011 0.228529 -0.011321
v -1.009032 0.216695 -0.159739
v -1.027011 0.216695 -0.011321
v -1.027011 0.228529 -0.011321
v -1.151925 0.162841 -0.307668
v -1.024626 0.216695 -0.311247
v -1.158438 0.158964 -0.318628
v -1.151925 0.162841 -0.307668
v -1.179940 0.162838 -0.198751
v -1.024626 0.216695 -0.311247
v -1.179940 0.162838 -0.198751
v -1.061033 0.216695 -0.169524
v -1.024626 0.216695 -0.311247
v -1.179940 0.162838 -0.198751
v -1.192430 0.162286 -0.110032
v -1.061033 0.216695 -0.169524
v -1.192430 0.162286 -0.110032
v -1.139280 0.186687 -0.088018
v -1.061033 0.216695 -0.169524
v -1.061033 0.216695 -0.169524
v -1.139280 0.186687 -0.088018
v -1.108629 0.201346 -0.064696
v -1.061033 0.216695 -0.169524
v -1.108629 0.201346 -0.064696
v -1.090849 0.210560 -0.038525
v -1.061033 0.216695 -0.169524
v -1.090849 0.210560 -0.038525
v -1.079844 0.216695 -0.014235
v -1.090849 0.210560 -0.038525
v -1.081561 0.215935 -0.014329
v -1.079844 0.216695 -0.014235
v -1.090849 0.210560 -0.038525
v -1.087528 0.213314 -0.014659
v -1.081561 0.215935 -0.014329
v -1.151925 0.162841 -0.307668
v -1.158438 0.158964 -0.318628
v -1.163394 0.170028 -0.318901
v -1.157582 0.173488 -0.309122
v -1.151925 0.162841 -0.307668
v -1.163394 0.170028 -0.318901
v -1.151925 0.162841 -0.307668
v -1.157582 0.173488 -0.309122
v -1.179940 0.162838 -0.198751
v -1.157582 0.173488 -0.309122
v -1.185658 0.173488 -0.199827
v -1.179940 0.162838 -0.198751
v -1.179940 0.162838 -0.198751
v -1.185658 0.173488 -0.199827
v -1.192430 0.162286 -0.110032
v -1.185658 0.173488 -0.199827
v -1.199247 0.172880 -0.103322
v -1.192430 0.162286 -0.110032
v -1.061033 0.216695 -0.169524
v -1.079844 0.216695 -0.014235
v -1.027011 0.216695 -0.011321
v -1.009032 0.216695 -0.159739
v -1.061033 0.216695 -0.169524
v -1.027011 0.216695 -0.011321
v -1.061033 0.216695 -0.169524
v -1.009032 0.216695 -0.159739
v -1.024626 0.216695 -0.311247
v -1.009032 0.216695 -0.159739
v -0.970803 0.216695 -0.308279
v -1.024626 0.216695 -0.311247
v 0.060889 0.183145 -1.426655
v 0.062659 0.190745 -1.458753
v 0.059488 0.164181 -1.401251
v 0.062659 0.190745 -1.458753
v 0.064191 0.183874 -1.486521
v 0.059488 0.164181 -1.401251
v 0.064191 0.183874 -1.486521
v 0.065178 0.163859 -1.504422
v 0.059488 0.164181 -1.401251
v 0.065178 0.163859 -1.504422
v 0.065312 0.055204 -1.506846
v 0.059488 0.164181 -1.401251
v 0.065312 0.055204 -1.506846
v 0.055946 0.044519 -1.337038
v 0.059488 0.164181 -1.401251
v -0.241265 0.228529 1.217007
v -0.231823 0.228529 1.163894
v -0.234844 0.228529 1.218656
v -0.241265 0.228529 1.217007
v -0.389504 0.228529 1.157395
v -0.231823 0.228529 1.163894
v -0.389504 0.228529 1.157395
v -0.366593 0.228529 1.109699
v -0.231823 0.228529 1.163894
v -0.499753 0.228529 1.034646
v -0.366593 0.228529 1.109699
v -0.389504 0.228529 1.157395
v -0.528694 0.228529 1.078944
v -0.499753 0.228529 1.034646
v -0.389504 0.228529 1.157395
v -0.621978 0.228529 0.942854
v -0.499753 0.228529 1.034646
v -0.528694 0.228529 1.078944
v -0.656452 0.228529 0.982996
v -0.621978 0.228529 0.942854
v -0.528694 0.228529 1.078944
v -0.621978 0.228529 0.942854
v -0.656452 0.228529 0.982996
v -0.770594 0.228529 0.871193
v -0.731175 0.228529 0.835895
v -0.621978 0.228529 0.942854
v -0.770594 0.228529 0.871193
v -0.825477 0.228529 0.715597
v -0.731175 0.228529 0.835895
v -0.770594 0.228529 0.871193
v -0.869167 0.228529 0.745448
v -0.825477 0.228529 0.715597
v -0.770594 0.228529 0.871193
v -0.825477 0.228529 0.715597
v -0.869167 0.228529 0.745448
v -0.901565 0.228529 0.586905
v -0.869167 0.228529 0.745448
v -0.948777 0.228529 0.610798
v -0.901565 0.228529 0.586905
v -1.270709 -0.010700 0.773722
v -1.258797 -0.010700 0.767694
v -1.270709 0.038148 0.773722
v -1.258797 -0.010700 0.767694
v -1.258772 0.038148 0.767681
v -1.270709 0.038148 0.773722
v -1.258772 0.038148 0.767681
v -1.256458 0.065235 0.766510
v -1.270709 0.038148 0.773722
v -1.256458 0.065235 0.766510
v -1.266610 0.071460 0.771648
v -1.270709 0.038148 0.773722
v 0.056267 0.155326 -1.542755
v 0.056458 0.166661 -1.546205
v 0.065775 0.070355 -1.715150
v 0.056458 0.166661 -1.546205
v 0.066324 0.077967 -1.725100
v 0.065775 0.070355 -1.715150
v 0.066324 0.077967 -1.725100
v 0.066941 0.061223 -1.736284
v 0.065775 0.070355 -1.715150
v 0.066941 0.061223 -1.736284
v 0.066261 0.057162 -1.723962
v 0.065775 0.070355 -1.715150
v -0.543739 0.071460 1.478490
v -0.530964 0.088610 1.451894
v -0.352269 0.071461 1.555485
v -0.530964 0.088610 1.451894
v -0.543739 0.071460 1.478490
v -0.707383 0.088610 1.352460
v -0.543739 0.071460 1.478490
v -0.723520 0.071460 1.377160
v -0.707383 0.088610 1.352460
v -0.723520 0.071460 1.377160
v -0.888537 0.071460 1.253231
v -0.707383 0.088610 1.352460
v -0.888537 0.071460 1.253231
v -0.723520 0.071460 1.377160
v -0.891531 0.038148 1.256716
v -0.723520 0.071460 1.377160
v -0.726033 0.038148 1.381006
v -0.891531 0.038148 1.256716
v -0.726033 0.038148 1.381006
v -0.726033 -0.010700 1.381006
v -0.891531 0.038148 1.256716
v -0.545728 -0.010700 1.482631
v -0.726033 -0.010700 1.381006
v -0.726033 0.038148 1.381006
v -0.545728 0.038149 1.482631
v -0.545728 -0.010700 1.482631
v -0.726033 0.038148 1.381006
v -0.353701 -0.010700 1.559852
v -0.545728 -0.010700 1.482631
v -0.545728 0.038149 1.482631
v -0.353701 0.038149 1.559852
v -0.353701 -0.010700 1.559852
v -0.545728 0.038149 1.482631
v -0.353701 -0.010700 1.559852
v -0.353701 0.038149 1.559852
v -0.255059 -0.010700 1.585192
v -0.353701 0.038149 1.559852
v -0.255059 0.038149 1.585192
v -0.255059 -0.010700 1.585192
v -0.255059 0.038149 1.585192
v -0.353701 0.038149 1.559852
v -0.254805 0.071430 1.580585
v -0.353701 0.038149 1.559852
v -0.352269 0.071461 1.555485
v -0.254805 0.071430 1.580585
v -0.543739 0.071460 1.478490
v -0.352269 0.071461 1.555485
v -0.353701 0.038149 1.559852
v -0.545728 0.038149 1.482631
v -0.543739 0.071460 1.478490
v -0.353701 0.038149 1.559852
v -0.543739 0.071460 1.478490
v -0.545728 0.038149 1.482631
v -0.726033 0.038148 1.381006
v -0.723520 0.071460 1.377160
v -0.543739 0.071460 1.478490
v -0.726033 0.038148 1.381006
v 0.028411 0.157250 -1.399169
v 0.048288 0.157250 -1.398072
v 0.048288 0.169083 -1.398072
v 0.028411 0.169083 -1.399169
v 0.028411 0.157250 -1.399169
v 0.048288 0.169083 -1.398072
v 0.028411 0.169083 -1.399169
v 0.034465 0.169083 -1.508941
v 0.028411 0.157250 -1.399169
v 0.034465 0.169083 -1.508941
v 0.034465 0.157250 -1.508941
v 0.028411 0.157250 -1.399169
v 0.034465 0.169083 -1.508941
v 0.054342 0.169083 -1.507845
v 0.034465 0.157250 -1.508941
v 0.054342 0.169083 -1.507845
v 0.054342 0.157250 -1.507845
v 0.034465 0.157250 -1.508941
v -0.901565 0.228529 0.586905
v -0.908015 0.215312 0.595862
v -0.825477 0.228529 0.715597
v -0.908015 0.215312 0.595862
v -0.825477 0.216695 0.715597
v -0.825477 0.228529 0.715597
v -0.825477 0.216695 0.715597
v -0.731175 0.216695 0.835895
v -0.825477 0.228529 0.715597
v -0.731175 0.216695 0.835895
v -0.731175 0.228529 0.835895
v -0.825477 0.228529 0.715597
v -0.731175 0.228529 0.835895
v -0.731175 0.216695 0.835895
v -0.621978 0.228529 0.942854
v -0.731175 0.216695 0.835895
v -0.621978 0.216695 0.942854
v -0.621978 0.228529 0.942854
v -0.621978 0.228529 0.942854
v -0.621978 0.216695 0.942854
v -0.499753 0.228529 1.034646
v -0.621978 0.216695 0.942854
v -0.499753 0.216695 1.034646
v -0.499753 0.228529 1.034646
v -0.499753 0.228529 1.034646
v -0.499753 0.216695 1.034646
v -0.366593 0.216695 1.109698
v -0.366593 0.228529 1.109699
v -0.499753 0.228529 1.034646
v -0.366593 0.216695 1.109698
v -0.366593 0.216695 1.109698
v -0.238274 0.215312 1.172852
v -0.366593 0.228529 1.109699
v -0.238274 0.215312 1.172852
v -0.231823 0.228529 1.163894
v -0.366593 0.228529 1.109699
v -0.074675 -0.010700 -1.233394
v -0.087990 -0.010700 -1.234128
v -0.074528 0.126352 -1.233386
v -0.087990 -0.010700 -1.234128
v -0.083904 0.155574 -1.233903
v -0.074528 0.126352 -1.233386
v -0.083904 0.155574 -1.233903
v -0.072739 0.165463 -1.233287
v -0.074528 0.126352 -1.233386
v -0.072739 0.165463 -1.233287
v -0.037823 0.157158 -1.231361
v -0.074528 0.126352 -1.233386
v -0.072739 0.165463 -1.233287
v 0.038860 0.169083 -1.227132
v -0.037823 0.157158 -1.231361
v 0.038860 0.169083 -1.227132
v 0.038860 0.157250 -1.227132
v -0.037823 0.157158 -1.231361
v -0.458437 0.080625 1.471196
v -0.347707 0.076578 1.530865
v -0.370393 0.155289 1.322400
v -0.347707 0.076578 1.530865
v -0.310810 0.195918 1.247692
v -0.370393 0.155289 1.322400
v -0.310810 0.195918 1.247692
v -0.322398 0.196636 1.241287
v -0.370393 0.155289 1.322400
v 0.402896 0.157250 -1.488621
v 0.402896 0.169083 -1.488621
v 0.422773 0.157250 -1.487525
v 0.402896 0.169083 -1.488621
v 0.422773 0.169083 -1.487525
v 0.422773 0.157250 -1.487525
v 0.422773 0.157250 -1.487525
v 0.422773 0.169083 -1.487525
v 0.416719 0.157250 -1.377752
v 0.422773 0.169083 -1.487525
v 0.416719 0.169083 -1.377752
v 0.416719 0.157250 -1.377752
v 0.416719 0.157250 -1.377752
v 0.416719 0.169083 -1.377752
v 0.396842 0.169083 -1.378849
v 0.396842 0.157250 -1.378849
v 0.416719 0.157250 -1.377752
v 0.396842 0.169083 -1.378849
v -0.522920 0.083681 1.434963
v -0.458437 0.080625 1.471196
v -0.461108 0.090313 1.475710
v -0.525323 0.094189 1.440151
v -0.522920 0.083681 1.434963
v -0.461108 0.090313 1.475710
v -0.525323 0.094189 1.440151
v -0.698379 0.095660 1.338678
v -0.522920 0.083681 1.434963
v -0.698379 0.095660 1.338678
v -0.695232 0.085044 1.333861
v -0.522920 0.083681 1.434963
v -0.698379 0.095660 1.338678
v -0.799713 0.091104 1.275851
v -0.695232 0.085044 1.333861
v -0.799713 0.091104 1.275851
v -0.796774 0.080442 1.270883
v -0.695232 0.085044 1.333861
v 0.387414 0.157250 -1.207908
v 0.387414 0.169083 -1.207908
v 0.464097 0.157158 -1.203679
v 0.387414 0.169083 -1.207908
v 0.499013 0.165463 -1.201753
v 0.464097 0.157158 -1.203679
v 0.500801 0.126352 -1.201654
v 0.464097 0.157158 -1.203679
v 0.499013 0.165463 -1.201753
v 0.510177 0.155574 -1.201137
v 0.500801 0.126352 -1.201654
v 0.499013 0.165463 -1.201753
v 0.510177 0.155574 -1.201137
v 0.514264 -0.010700 -1.200912
v 0.500801 0.126352 -1.201654
v 0.514264 -0.010700 -1.200912
v 0.500949 -0.010700 -1.201646
v 0.500801 0.126352 -1.201654
v -0.322398 0.196636 1.241287
v -0.324468 0.204144 1.244786
v -0.370393 0.155289 1.322400
v -0.324468 0.204144 1.244786
v -0.461108 0.090313 1.475710
v -0.370393 0.155289 1.322400
v -0.461108 0.090313 1.475710
v -0.458437 0.080625 1.471196
v -0.370393 0.155289 1.322400
v 0.443370 -0.095965 -1.321060
v 0.443370 0.098635 -1.321060
v 0.450309 -0.095965 -1.446883
v 0.443370 0.098635 -1.321060
v 0.450309 0.098635 -1.446883
v 0.450309 -0.095965 -1.446883
v 0.450309 -0.095965 -1.446883
v 0.450309 0.098635 -1.446883
v 0.459686 0.001709 -1.616894
v 0.457686 -0.095965 -1.580637
v 0.450309 -0.095965 -1.446883
v 0.459686 0.001709 -1.616894
v 0.459472 -0.086643 -1.613026
v 0.457686 -0.095965 -1.580637
v 0.459686 0.001709 -1.616894
v 0.460576 -0.062237 -1.633043
v 0.459472 -0.086643 -1.613026
v 0.459686 0.001709 -1.616894
v 0.460606 -0.029760 -1.633578
v 0.460576 -0.062237 -1.633043
v 0.459686 0.001709 -1.616894
v 0.364102 0.098635 -1.098571
v 0.336298 0.098635 -1.106222
v 0.367177 0.098635 -1.154332
v 0.336298 0.098635 -1.106222
v 0.339037 0.098635 -1.155884
v 0.367177 0.098635 -1.154332
v 0.339037 0.098635 -1.155884
v 0.415230 0.098635 -1.322612
v 0.367177 0.098635 -1.154332
v 0.415230 0.098635 -1.322612
v 0.443370 0.098635 -1.321060
v 0.367177 0.098635 -1.154332
v 0.415230 0.098635 -1.322612
v 0.422169 0.098635 -1.448435
v 0.443370 0.098635 -1.321060
v 0.422169 0.098635 -1.448435
v 0.450309 0.098635 -1.446883
v 0.443370 0.098635 -1.321060
v -1.087896 0.213314 -0.007979
v -1.115685 0.213314 -0.009512
v -1.093822 0.210560 0.015377
v -1.115685 0.213314 -0.009512
v -1.121860 0.210560 0.013830
v -1.093822 0.210560 0.015377
v -1.114372 0.201346 0.039434
v -1.093822 0.210560 0.015377
v -1.121860 0.210560 0.013830
v -1.143083 0.201346 0.037850
v -1.114372 0.201346 0.039434
v -1.121860 0.210560 0.013830
v -1.147402 0.186687 0.059244
v -1.114372 0.201346 0.039434
v -1.143083 0.201346 0.037850
v -1.176873 0.186687 0.057618
v -1.147402 0.186687 0.059244
v -1.143083 0.201346 0.037850
v -1.147402 0.186687 0.059244
v -1.176873 0.186687 0.057618
v -1.202651 0.162286 0.075280
v -1.176873 0.186687 0.057618
v -1.208688 0.172880 0.067860
v -1.202651 0.162286 0.075280
v 0.422169 0.098635 -1.448435
v 0.415230 0.098635 -1.322612
v 0.415230 -0.095965 -1.322612
v 0.422169 -0.095965 -1.448435
v 0.422169 0.098635 -1.448435
v 0.415230 -0.095965 -1.322612
v 0.422169 0.098635 -1.448435
v 0.422169 -0.095965 -1.448435
v 0.431546 0.001709 -1.618446
v 0.422169 -0.095965 -1.448435
v 0.429546 -0.095965 -1.582189
v 0.431546 0.001709 -1.618446
v 0.429546 -0.095965 -1.582189
v 0.431332 -0.086643 -1.614578
v 0.431546 0.001709 -1.618446
v 0.431332 -0.086643 -1.614578
v 0.432437 -0.062237 -1.634595
v 0.431546 0.001709 -1.618446
v 0.432437 -0.062237 -1.634595
v 0.432466 -0.029760 -1.635130
v 0.431546 0.001709 -1.618446
v -0.739647 -0.102928 0.823847
v -0.739647 0.036012 0.823846
v -0.764564 0.036012 0.846159
v -0.764564 0.036012 0.846159
v -1.009090 -0.078721 1.065122
v -0.739647 -0.102928 0.823847
v -1.009090 -0.078721 1.065122
v -1.009090 -0.241867 1.065122
v -0.739647 -0.102928 0.823847
v -0.739647 -0.102928 0.823847
v -1.009090 -0.241867 1.065122
v -0.739647 -0.102928 0.823847
v 0.002627 0.098635 -1.471574
v 0.030767 0.098635 -1.470022
v -0.004313 0.098635 -1.345751
v 0.030767 0.098635 -1.470022
v 0.023827 0.098635 -1.344199
v -0.004313 0.098635 -1.345751
v -0.004313 0.098635 -1.345751
v 0.023827 0.098635 -1.344199
v 0.053082 0.098635 -1.171655
v 0.023827 0.098635 -1.344199
v 0.081222 0.098635 -1.170103
v 0.053082 0.098635 -1.171655
v 0.053082 0.098635 -1.171655
v 0.081222 0.098635 -1.170103
v 0.078483 0.098635 -1.120442
v 0.050007 0.098635 -1.115894
v 0.053082 0.098635 -1.171655
v 0.078483 0.098635 -1.120442
v -0.721233 -0.102928 0.844410
v -0.990676 -0.241867 1.085685
v -0.721233 -0.102928 0.844410
v -0.721233 -0.102928 0.844410
v -0.990676 -0.241867 1.085685
v -0.990676 -0.078721 1.085685
v -0.746151 0.036012 0.866723
v -0.721233 -0.102928 0.844410
v -0.990676 -0.078721 1.085685
v -0.721233 0.036012 0.844410
v -0.721233 -0.102928 0.844410
v -0.746151 0.036012 0.866723
v 0.011790 -0.086643 -1.637717
v 0.010004 -0.095965 -1.605328
v 0.038144 -0.095965 -1.603776
v 0.039930 -0.086643 -1.636165
v 0.011790 -0.086643 -1.637717
v 0.038144 -0.095965 -1.603776
v 0.012894 -0.062237 -1.657734
v 0.011790 -0.086643 -1.637717
v 0.039930 -0.086643 -1.636165
v 0.041034 -0.062237 -1.656183
v 0.012894 -0.062237 -1.657734
v 0.039930 -0.086643 -1.636165
v 0.041034 -0.062237 -1.656183
v 0.041063 -0.029760 -1.656717
v 0.012894 -0.062237 -1.657734
v 0.041063 -0.029760 -1.656717
v 0.012923 -0.029760 -1.658269
v 0.012894 -0.062237 -1.657734
v 0.012923 -0.029760 -1.658269
v 0.041063 -0.029760 -1.656717
v 0.040143 0.001709 -1.640033
v 0.012003 0.001709 -1.641585
v 0.012923 -0.029760 -1.658269
v 0.040143 0.001709 -1.640033
v 0.012003 0.001709 -1.641585
v 0.040143 0.001709 -1.640033
v 0.030767 0.098635 -1.470022
v 0.002627 0.098635 -1.471574
v 0.012003 0.001709 -1.641585
v 0.030767 0.098635 -1.470022
v 1.536304 0.021691 0.726416
v 1.516380 0.021691 0.716846
v 1.611943 0.021691 0.538323
v 1.516380 0.021691 0.716846
v 1.590940 0.021691 0.531435
v 1.611943 0.021691 0.538323
v 1.590940 0.021691 0.531435
v 1.640662 0.021691 0.337879
v 1.611943 0.021691 0.538323
v 1.640662 0.021691 0.337879
v 1.662385 0.021691 0.341967
v 1.611943 0.021691 0.538323
v 1.662385 0.021691 0.341967
v 1.640662 0.021691 0.337879
v 1.686764 0.021691 0.140706
v 1.640662 0.021691 0.337879
v 1.664694 0.021691 0.139489
v 1.686764 0.021691 0.140706
v 0.055021 0.021691 1.603754
v 0.056238 0.021691 1.581684
v 0.257742 0.021691 1.601655
v 0.056238 0.021691 1.581684
v 0.256068 0.021691 1.579615
v 0.257742 0.021691 1.601655
v 0.257742 0.021691 1.601655
v 0.256068 0.021691 1.579615
v 0.458455 0.021691 1.573114
v 0.256068 0.021691 1.579615
v 0.453919 0.021691 1.551481
v 0.458455 0.021691 1.573114
v 0.458455 0.021691 1.573114
v 0.453919 0.021691 1.551481
v 0.646404 0.021691 1.497763
v 0.653726 0.021691 1.518619
v 0.458455 0.021691 1.573114
v 0.646404 0.021691 1.497763
v 0.653726 0.021691 1.518619
v 0.646404 0.021691 1.497763
v 0.830231 0.021691 1.419380
v 0.840212 0.021691 1.439102
v 0.653726 0.021691 1.518619
v 0.830231 0.021691 1.419380
v 0.840212 0.021691 1.439102
v 0.830231 0.021691 1.419380
v 1.002255 0.021691 1.317673
v 1.014725 0.021691 1.335923
v 0.840212 0.021691 1.439102
v 1.002255 0.021691 1.317673
v 1.014725 0.021691 1.335923
v 1.002255 0.021691 1.317673
v 1.173716 0.021691 1.210407
v 1.002255 0.021691 1.317673
v 1.158971 0.021691 1.193940
v 1.173716 0.021691 1.210407
v 1.173716 0.021691 1.210407
v 1.158971 0.021691 1.193940
v 1.315018 0.021691 1.065135
v 1.158971 0.021691 1.193940
v 1.298249 0.021691 1.050734
v 1.315018 0.021691 1.065135
v 1.315018 0.021691 1.065135
v 1.298249 0.021691 1.050734
v 1.436761 0.021691 0.903027
v 1.298249 0.021691 1.050734
v 1.418257 0.021691 0.890938
v 1.436761 0.021691 0.903027
v 1.436761 0.021691 0.903027
v 1.418257 0.021691 0.890938
v 1.536304 0.021691 0.726416
v 1.418257 0.021691 0.890938
v 1.516380 0.021691 0.716846
v 1.536304 0.021691 0.726416
v -1.302036 -0.241867 0.563394
v -1.302036 0.021691 0.563394
v -1.355754 -0.241867 0.370909
v -1.302036 0.021691 0.563394
v -1.355754 0.021691 0.370909
v -1.355754 -0.241867 0.370909
v -1.355754 -0.241867 0.370909
v -1.355754 0.021691 0.370909
v -1.383888 -0.241867 0.173058
v -1.355754 0.021691 0.370909
v -1.383888 0.021691 0.173058
v -1.383888 -0.241867 0.173058
v -1.383888 -0.241867 0.173058
v -1.383888 0.021691 0.173058
v -1.385957 -0.241867 -0.026772
v -1.383888 0.021691 0.173058
v -1.385957 0.021691 -0.026772
v -1.385957 -0.241867 -0.026772
v 0.056238 -0.241867 1.581684
v 0.056238 0.021691 1.581684
v -0.142152 -0.241867 1.557652
v 0.056238 0.021691 1.581684
v -0.142152 0.021691 1.557652
v -0.142152 -0.241867 1.557652
v -0.142152 0.021691 1.557652
v -0.335709 0.021691 1.507930
v -0.142152 -0.241867 1.557652
v -0.335709 0.021691 1.507930
v -0.335709 -0.241867 1.507930
v -0.142152 -0.241867 1.557652
v -0.335709 -0.241867 1.507930
v -0.335709 0.021691 1.507930
v -0.521119 -0.241867 1.433370
v -0.335709 0.021691 1.507930
v -0.521119 0.021691 1.433370
v -0.521119 -0.241867 1.433370
v -0.521119 -0.241867 1.433370
v -0.521119 0.021691 1.433370
v -0.695211 -0.241867 1.335247
v -0.521119 0.021691 1.433370
v -0.695211 0.021691 1.335247
v -0.695211 -0.241867 1.335247
v -0.695211 -0.241867 1.335247
v -0.695211 0.021691 1.335247
v -0.855007 -0.241867 1.215239
v -0.695211 0.021691 1.335247
v -0.855007 0.021691 1.215239
v -0.855007 -0.241867 1.215239
v -0.855007 0.021691 1.215239
v -0.998213 0.021691 1.075961
v -0.855007 -0.241867 1.215239
v -0.998213 0.021691 1.075961
v -0.998213 -0.241867 1.075961
v -0.855007 -0.241867 1.215239
v -0.998213 -0.241867 1.075961
v -0.998213 0.021691 1.075961
v -1.121946 0.021691 0.919245
v -1.121946 -0.241867 0.919245
v -0.998213 -0.241867 1.075961
v -1.121946 0.021691 0.919245
v -1.121946 -0.241867 0.919245
v -1.121946 0.021691 0.919245
v -1.223653 -0.241867 0.747221
v -1.121946 0.021691 0.919245
v -1.223653 0.021691 0.747221
v -1.223653 -0.241867 0.747221
v -1.223653 -0.241867 0.747221
v -1.223653 0.021691 0.747221
v -1.302036 -0.241867 0.563394
v -1.223653 0.021691 0.747221
v -1.302036 0.021691 0.563394
v -1.302036 -0.241867 0.563394
v 0.041063 -0.029760 -1.656717
v 0.041034 -0.062237 -1.656183
v 0.040143 0.001709 -1.640033
v 0.041034 -0.062237 -1.656183
v 0.039930 -0.086643 -1.636165
v 0.040143 0.001709 -1.640033
v 0.039930 -0.086643 -1.636165
v 0.038144 -0.095965 -1.603776
v 0.040143 0.001709 -1.640033
v 0.038144 -0.095965 -1.603776
v 0.030767 -0.095965 -1.470022
v 0.040143 0.001709 -1.640033
v 0.030767 -0.095965 -1.470022
v 0.030767 0.098635 -1.470022
v 0.040143 0.001709 -1.640033
v 0.030767 0.098635 -1.470022
v 0.030767 -0.095965 -1.470022
v 0.023827 -0.095965 -1.344199
v 0.023827 0.098635 -1.344199
v 0.030767 0.098635 -1.470022
v 0.023827 -0.095965 -1.344199
v 0.222499 -0.241867 -1.468967
v 0.222498 0.021691 -1.468967
v 0.420889 -0.241867 -1.444935
v 0.222498 0.021691 -1.468967
v 0.420889 0.021691 -1.444935
v 0.420889 -0.241867 -1.444935
v 0.420889 0.021691 -1.444935
v 0.614445 0.021691 -1.395213
v 0.420889 -0.241867 -1.444935
v 0.614445 0.021691 -1.395213
v 0.614445 -0.241867 -1.395213
v 0.420889 -0.241867 -1.444935
v 0.614445 -0.241867 -1.395213
v 0.614445 0.021691 -1.395213
v 0.799856 -0.241867 -1.320653
v 0.614445 0.021691 -1.395213
v 0.799856 0.021691 -1.320653
v 0.799856 -0.241867 -1.320653
v 0.799856 -0.241867 -1.320653
v 0.799856 0.021691 -1.320653
v 0.973948 -0.241867 -1.222530
v 0.799856 0.021691 -1.320653
v 0.973948 0.021691 -1.222530
v 0.973948 -0.241867 -1.222530
v 0.973948 -0.241867 -1.222530
v 0.973948 0.021691 -1.222530
v 1.133743 -0.241867 -1.102522
v 0.973948 0.021691 -1.222530
v 1.133743 0.021691 -1.102522
v 1.133743 -0.241867 -1.102522
v 1.133743 0.021691 -1.102522
v 1.276950 0.021691 -0.963244
v 1.133743 -0.241867 -1.102522
v 1.276950 0.021691 -0.963244
v 1.276950 -0.241867 -0.963244
v 1.133743 -0.241867 -1.102522
v 0.069320 0.000774 -1.860160
v 0.049243 0.000774 -1.861267
v 0.074446 -0.046040 -1.953114
v 0.049243 0.000774 -1.861267
v 0.054370 -0.046040 -1.954221
v 0.074446 -0.046040 -1.953114
v 0.054370 -0.046040 -1.954221
v 0.054873 -0.063249 -1.963344
v 0.074446 -0.046040 -1.953114
v 0.054873 -0.063249 -1.963344
v 0.074950 -0.063249 -1.962236
v 0.074446 -0.046040 -1.953114
v 0.074950 -0.063249 -1.962236
v 0.054873 -0.063249 -1.963344
v 0.074933 -0.081008 -1.961944
v 0.054873 -0.063249 -1.963344
v 0.054857 -0.081008 -1.963051
v 0.074933 -0.081008 -1.961944
v 0.054857 -0.081008 -1.963051
v 0.054253 -0.094354 -1.952107
v 0.074933 -0.081008 -1.961944
v 0.054253 -0.094354 -1.952107
v 0.074330 -0.094354 -1.950999
v 0.074933 -0.081008 -1.961944
v 0.054253 -0.094354 -1.952107
v 0.053277 -0.099451 -1.934398
v 0.074330 -0.094354 -1.950999
v 0.053277 -0.099451 -1.934398
v 0.073353 -0.099451 -1.933290
v 0.074330 -0.094354 -1.950999
v 1.293417 0.021691 -0.977990
v 1.276950 0.021691 -0.963244
v 1.148145 0.021691 -1.119291
v 1.276950 0.021691 -0.963244
v 1.133743 0.021691 -1.102522
v 1.148145 0.021691 -1.119291
v 1.133743 0.021691 -1.102522
v 0.973948 0.021691 -1.222530
v 1.148145 0.021691 -1.119291
v 0.973948 0.021691 -1.222530
v 0.986037 0.021691 -1.241035
v 1.148145 0.021691 -1.119291
v 0.973948 0.021691 -1.222530
v 0.799856 0.021691 -1.320653
v 0.986037 0.021691 -1.241035
v 0.799856 0.021691 -1.320653
v 0.809426 0.021691 -1.340578
v 0.986037 0.021691 -1.241035
v 0.799856 0.021691 -1.320653
v 0.614445 0.021691 -1.395213
v 0.809426 0.021691 -1.340578
v 0.614445 0.021691 -1.395213
v 0.621333 0.021691 -1.416216
v 0.809426 0.021691 -1.340578
v 0.614445 0.021691 -1.395213
v 0.420889 0.021691 -1.444935
v 0.621333 0.021691 -1.416216
v 0.420889 0.021691 -1.444935
v 0.424977 0.021691 -1.466657
v 0.621333 0.021691 -1.416216
v 0.420889 0.021691 -1.444935
v 0.222498 0.021691 -1.468967
v 0.424977 0.021691 -1.466657
v 0.222498 0.021691 -1.468967
v 0.223716 0.021691 -1.491037
v 0.424977 0.021691 -1.466657
v 0.049243 0.000774 -1.861267
v 0.069320 0.000774 -1.860160
v 0.047093 0.000774 -1.822289
v 0.069320 0.000774 -1.860160
v 0.067170 0.000774 -1.821182
v 0.047093 0.000774 -1.822289
v 0.046377 -0.010733 -1.809298
v 0.047093 0.000774 -1.822289
v 0.067170 0.000774 -1.821182
v 0.066453 -0.010733 -1.808191
v 0.046377 -0.010733 -1.809298
v 0.067170 0.000774 -1.821182
v 0.046377 -0.010733 -1.809298
v 0.066453 -0.010733 -1.808191
v 0.046377 -0.099451 -1.809298
v 0.066453 -0.010733 -1.808191
v 0.066453 -0.099451 -1.808191
v 0.046377 -0.099451 -1.809298
v 0.054253 -0.094354 -1.952107
v 0.054857 -0.081008 -1.963051
v 0.053277 -0.099451 -1.934398
v 0.054857 -0.081008 -1.963051
v 0.054873 -0.063249 -1.963344
v 0.053277 -0.099451 -1.934398
v 0.054873 -0.063249 -1.963344
v 0.054370 -0.046040 -1.954221
v 0.053277 -0.099451 -1.934398
v 0.054370 -0.046040 -1.954221
v 0.049243 0.000774 -1.861267
v 0.053277 -0.099451 -1.934398
v 0.049243 0.000774 -1.861267
v 0.047093 0.000774 -1.822289
v 0.053277 -0.099451 -1.934398
v 0.047093 0.000774 -1.822289
v 0.046377 -0.010733 -1.809298
v 0.053277 -0.099451 -1.934398
v 0.046377 -0.010733 -1.809298
v 0.046377 -0.099451 -1.809298
v 0.053277 -0.099451 -1.934398
v 0.187992 0.146731 1.209323
v 0.186526 0.146731 1.235889
v 0.155005 0.009071 1.209665
v 0.186526 0.146731 1.235889
v 0.153540 0.009071 1.236231
v 0.155005 0.009071 1.209665
v 0.155005 0.009071 1.209665
v 0.153540 0.009071 1.236231
v 0.075541 -0.020044 1.210499
v 0.153540 0.009071 1.236231
v 0.074076 -0.020044 1.237065
v 0.075541 -0.020044 1.210499
v -1.013596 0.146731 0.104982
v -1.040163 0.146731 0.103516
v -1.013938 0.009071 0.071995
v -1.040163 0.146731 0.103516
v -1.040504 0.009071 0.070530
v -1.013938 0.009071 0.071995
v -1.013938 0.009071 0.071995
v -1.040504 0.009071 0.070530
v -1.014772 -0.020044 -0.007468
v -1.040504 0.009071 0.070530
v -1.041338 -0.020044 -0.008934
v -1.014772 -0.020044 -0.007468
v 0.226560 0.146731 1.208923
v 0.187992 0.146731 1.209323
v 0.155005 0.009071 1.209665
v 0.075541 -0.020044 1.210499
v 0.075541 -0.145992 1.210499
v 0.155005 0.009071 1.209665
v 0.075541 -0.145992 1.210499
v 0.226560 -0.145992 1.208924
v 0.155005 0.009071 1.209665
v 0.226560 -0.145992 1.208924
v 0.226560 0.146731 1.208923
v 0.155005 0.009071 1.209665
v 0.226560 -0.145992 1.208924
v 0.376254 -0.145992 1.187637
v 0.226560 0.146731 1.208923
v 0.376254 -0.145992 1.187637
v 0.376254 0.146732 1.187637
v 0.226560 0.146731 1.208923
v 0.521889 0.146732 1.146995
v 0.376254 0.146732 1.187637
v 0.376254 -0.145992 1.187637
v 0.521889 -0.145992 1.146995
v 0.521889 0.146732 1.146995
v 0.376254 -0.145992 1.187637
v 0.521889 -0.145992 1.146995
v 0.660972 -0.145992 1.087690
v 0.521889 0.146732 1.146995
v 0.660972 -0.145992 1.087690
v 0.660972 0.146731 1.087690
v 0.521889 0.146732 1.146995
v 0.660972 -0.145992 1.087690
v 0.791125 -0.145992 1.010739
v 0.660972 0.146731 1.087690
v 0.791125 -0.145992 1.010739
v 0.791125 0.146731 1.010739
v 0.660972 0.146731 1.087690
v 0.791125 -0.145992 1.010739
v 0.910292 -0.145992 0.917467
v 0.791125 0.146731 1.010739
v 0.910292 -0.145992 0.917467
v 0.910292 0.146731 0.917467
v 0.791125 0.146731 1.010739
v 0.910292 0.146731 0.917467
v 0.910292 -0.145992 0.917467
v 1.016266 -0.145992 0.809461
v 1.016266 0.146731 0.809461
v 0.910292 0.146731 0.917467
v 1.016266 -0.145992 0.809461
v 1.016266 0.146731 0.809461
v 1.016266 -0.145992 0.809461
v 1.107064 -0.145992 0.688560
v 1.107064 0.146731 0.688560
v 1.016266 0.146731 0.809461
v 1.107064 -0.145992 0.688560
v 1.107064 0.146731 0.688560
v 1.107064 -0.145992 0.688560
v 1.181304 -0.145992 0.556842
v 1.181304 0.146731 0.556842
v 1.107064 0.146731 0.688560
v 1.181304 -0.145992 0.556842
v 1.181304 0.146731 0.556842
v 1.181304 -0.145992 0.556842
v 1.237716 -0.145992 0.416560
v 1.237716 0.146731 0.416560
v 1.181304 0.146731 0.556842
v 1.237716 -0.145992 0.416560
v 1.275335 0.146731 0.270115
v 1.237716 0.146731 0.416560
v 1.237716 -0.145992 0.416560
v 1.275335 -0.145992 0.270115
v 1.275335 0.146731 0.270115
v 1.237716 -0.145992 0.416560
v 1.275335 0.146731 0.270115
v 1.275335 -0.145992 0.270115
v 1.283941 0.009071 0.199076
v 1.275335 -0.145992 0.270115
v 1.293508 -0.145992 0.120186
v 1.283941 0.009071 0.199076
v 1.293508 -0.145992 0.120186
v 1.293508 -0.020044 0.120186
v 1.283941 0.009071 0.199076
v 1.279974 0.146731 0.231824
v 1.275335 0.146731 0.270115
v 1.283941 0.009071 0.199076
v 0.066453 -0.099451 -1.808191
v 0.066453 -0.010733 -1.808191
v 0.073353 -0.099451 -1.933290
v 0.066453 -0.010733 -1.808191
v 0.067170 0.000774 -1.821182
v 0.073353 -0.099451 -1.933290
v 0.067170 0.000774 -1.821182
v 0.069320 0.000774 -1.860160
v 0.073353 -0.099451 -1.933290
v 0.069320 0.000774 -1.860160
v 0.074446 -0.046040 -1.953114
v 0.073353 -0.099451 -1.933290
v 0.074446 -0.046040 -1.953114
v 0.074950 -0.063249 -1.962236
v 0.073353 -0.099451 -1.933290
v 0.074950 -0.063249 -1.962236
v 0.074933 -0.081008 -1.961944
v 0.073353 -0.099451 -1.933290
v 0.074933 -0.081008 -1.961944
v 0.074330 -0.094354 -1.950999
v 0.073353 -0.099451 -1.933290
v 1.292333 0.146731 0.007735
v 1.318900 0.146731 0.009201
v 1.292674 0.009071 0.040722
v 1.318900 0.146731 0.009201
v 1.319241 0.009071 0.042187
v 1.292674 0.009071 0.040722
v 1.292674 0.009071 0.040722
v 1.319241 0.009071 0.042187
v 1.293508 -0.020044 0.120186
v 1.319241 0.009071 0.042187
v 1.320075 -0.020044 0.121651
v 1.293508 -0.020044 0.120186
v -0.145855 0.119269 1.553969
v 0.258167 0.119269 1.576252
v -0.144647 0.138666 1.532072
v 0.258167 0.119269 1.576252
v 0.259375 0.138666 1.554355
v -0.144647 0.138666 1.532072
v -0.144647 0.138666 1.532072
v 0.259375 0.138666 1.554355
v -0.145855 0.158063 1.553969
v 0.259375 0.138666 1.554355
v 0.258167 0.158063 1.576252
v -0.145855 0.158063 1.553969
v -0.145855 0.158063 1.553969
v 0.258167 0.158063 1.576252
v -0.147063 0.138666 1.575866
v 0.258167 0.158063 1.576252
v 0.256959 0.138666 1.598150
v -0.147063 0.138666 1.575866
v -0.147063 0.138666 1.575866
v 0.256959 0.138666 1.598150
v -0.145855 0.119269 1.553969
v 0.256959 0.138666 1.598150
v 0.258167 0.119269 1.576252
v -0.145855 0.119269 1.553969
v -0.103781 0.044519 1.431744
v -0.113146 0.055205 1.601552
v -0.107322 0.164181 1.495956
v -0.113146 0.055205 1.601552
v -0.113012 0.163860 1.599127
v -0.107322 0.164181 1.495956
v -0.113012 0.163860 1.599127
v -0.112025 0.183874 1.581227
v -0.107322 0.164181 1.495956
v -0.112025 0.183874 1.581227
v -0.110494 0.190745 1.553459
v -0.107322 0.164181 1.495956
v -0.110494 0.190745 1.553459
v -0.108723 0.183145 1.521360
v -0.107322 0.164181 1.495956
v -0.973988 -0.102928 -0.295299
v -0.973988 -0.102928 -0.295299
v -1.317660 -0.241867 -0.408006
v -1.317660 -0.241867 -0.408006
v -1.317660 -0.078721 -0.408006
v -0.973988 -0.102928 -0.295299
v -1.317660 -0.078721 -0.408006
v -0.973988 0.036012 -0.295299
v -0.973988 -0.102928 -0.295299
v -0.133678 0.183145 1.519984
v -0.135449 0.190745 1.552083
v -0.132277 0.164181 1.494580
v -0.135449 0.190745 1.552083
v -0.136980 0.183874 1.579850
v -0.132277 0.164181 1.494580
v -0.136980 0.183874 1.579850
v -0.137967 0.163860 1.597751
v -0.132277 0.164181 1.494580
v -0.137967 0.163860 1.597751
v -0.138101 0.055205 1.600176
v -0.132277 0.164181 1.494580
v -0.138101 0.055205 1.600176
v -0.128736 0.044519 1.430367
v -0.132277 0.164181 1.494580
v -0.113146 0.055205 1.601552
v -0.138101 0.055205 1.600176
v -0.113012 0.163860 1.599127
v -0.138101 0.055205 1.600176
v -0.137967 0.163860 1.597751
v -0.113012 0.163860 1.599127
v -0.113012 0.163860 1.599127
v -0.137967 0.163860 1.597751
v -0.136980 0.183874 1.579850
v -0.112025 0.183874 1.581227
v -0.113012 0.163860 1.599127
v -0.136980 0.183874 1.579850
v -0.112025 0.183874 1.581227
v -0.136980 0.183874 1.579850
v -0.110494 0.190745 1.553459
v -0.136980 0.183874 1.579850
v -0.135449 0.190745 1.552083
v -0.110494 0.190745 1.553459
v -0.110494 0.190745 1.553459
v -0.135449 0.190745 1.552083
v -0.108723 0.183145 1.521360
v -0.135449 0.190745 1.552083
v -0.133678 0.183145 1.519984
v -0.108723 0.183145 1.521360
v -0.108723 0.183145 1.521360
v -0.133678 0.183145 1.519984
v -0.132277 0.164181 1.494580
v -0.107322 0.164181 1.495956
v -0.108723 0.183145 1.521360
v -0.132277 0.164181 1.494580
v -0.107322 0.164181 1.495956
v -0.132277 0.164181 1.494580
v -0.128736 0.044519 1.430367
v -0.103781 0.044519 1.431744
v -0.107322 0.164181 1.495956
v -0.128736 0.044519 1.430367
vn 0.1513 -0.9140 -0.3764
vn -0.9711 0.2326 -0.0536
vn -0.7284 0.6843 -0.0342
vn -0.7280 0.6844 -0.0402
vn -0.7280 0.6844 -0.0401
vn -0.0001 1.0000 -0.0000
vn 0.0104 -0.0000 0.9999
vn 0.1038 -0.0000 0.9946
vn -0.0551 -0.0000 0.9985
vn 0.0105 -0.0000 0.9999
vn 0.3312 -0.0000 0.9435
vn 0.4515 -0.0000 0.8923
vn 0.2052 -0.0000 0.9787
vn 0.3312 -0.0000 0.9436
vn 0.1039 -0.0000 0.9946
vn 0.9927 -0.0000 0.1204
vn 0.9985 -0.0000 0.0551
vn 0.9927 -0.0000 0.1203
vn 0.9786 -0.0000 0.2059
vn 0.9786 -0.0000 0.2058
vn 0.9502 -0.0000 0.3116
vn 0.9014 -0.0000 0.4329
vn 0.9014 -0.0000 0.4330
vn 0.8372 -0.0000 0.5469
vn 0.7775 -0.0000 0.6289
vn 0.6671 -0.0000 0.7450
vn 0.7774 -0.0000 0.6290
vn 0.5451 -0.0000 0.8384
vn 0.4516 -0.0000 0.8922
vn -0.0000 1.0000 -0.0000
vn 0.1202 -0.0000 -0.9927
vn 0.2042 -0.0000 -0.9789
vn 0.1204 -0.0000 -0.9927
vn 0.0551 -0.0000 -0.9985
vn 0.1203 -0.0000 -0.9927
vn 0.3116 -0.0000 -0.9502
vn 0.4329 -0.0000 -0.9014
vn 0.4330 -0.0000 -0.9014
vn 0.5469 -0.0000 -0.8372
vn 0.6289 -0.0000 -0.7775
vn 0.7449 -0.0000 -0.6671
vn 0.6290 -0.0000 -0.7774
vn 0.7450 -0.0000 -0.6671
vn 0.8384 -0.0000 -0.5451
vn 0.8922 -0.0000 -0.4516
vn 0.9435 -0.0000 -0.3312
vn 0.8923 -0.0000 -0.4515
vn 0.9787 -0.0000 -0.2052
vn 0.9436 -0.0000 -0.3312
vn 0.9946 -0.0000 -0.1035
vn 0.9999 -0.0000 -0.0104
vn 0.9946 -0.0000 -0.1034
vn 0.9985 -0.0000 0.0550
vn 0.9999 -0.0000 -0.0105
vn -0.0103 -0.0000 -0.9999
vn -0.1018 -0.0000 -0.9948
vn -0.2052 -0.0000 -0.9787
vn -0.3312 -0.0000 -0.9436
vn -0.1017 -0.0000 -0.9948
vn -0.0104 -0.0000 -0.9999
vn 0.0550 -0.0000 -0.9985
vn -0.0105 -0.0000 -0.9999
vn -0.9927 -0.0000 -0.1203
vn -0.9785 -0.0000 -0.2063
vn -0.9502 -0.0000 -0.3116
vn -0.9785 -0.0000 -0.2064
vn -0.9014 -0.0000 -0.4329
vn -0.8372 -0.0000 -0.5469
vn -0.9014 -0.0000 -0.4330
vn -0.7775 -0.0000 -0.6289
vn -0.7774 -0.0000 -0.6290
vn -0.6671 -0.0000 -0.7449
vn -0.6671 -0.0000 -0.7450
vn -0.5451 -0.0000 -0.8384
vn -0.4516 -0.0000 -0.8922
vn -0.3312 -0.0000 -0.9435
vn -0.4515 -0.0000 -0.8923
vn -0.9927 -0.0000 -0.1204
vn -0.9985 -0.0000 -0.0551
vn 0.7280 0.6844 0.0401
vn 0.9711 0.2326 0.0536
vn 0.7280 0.6844 0.0402
vn 0.7277 0.6843 0.0461
vn 0.0001 1.0000 -0.0000
vn -0.5452 -0.0000 -0.8383
vn -0.3313 -0.0000 -0.9435
vn -0.5450 -0.0000 -0.8384
vn -0.1019 -0.0000 -0.9948
vn -0.3311 -0.0000 -0.9436
vn -0.1019 -0.0001 -0.9948
vn 0.2041 -0.0000 -0.9789
vn 0.4329 -0.0000 -0.9015
vn 0.2043 -0.0000 -0.9789
vn 0.8383 -0.0000 -0.5452
vn 0.6290 0.0001 -0.7774
vn -0.2062 -0.0000 0.9785
vn -0.4329 -0.0000 0.9015
vn -0.2063 -0.0000 0.9785
vn -0.6289 -0.0000 0.7775
vn -0.4330 -0.0000 0.9014
vn -0.8383 -0.0000 0.5452
vn -0.6290 -0.0000 0.7774
vn -0.6290 0.0001 0.7774
vn -0.9435 -0.0000 0.3313
vn -0.8384 -0.0000 0.5450
vn -0.9946 -0.0000 0.1041
vn -0.9436 -0.0000 0.3311
vn -0.9946 -0.0000 0.1039
vn -0.9015 -0.0000 -0.4329
vn -0.5452 -0.0001 -0.8383
vn 0.9435 -0.0000 -0.3313
vn 0.8384 -0.0000 -0.5450
vn 0.9436 -0.0000 -0.3311
vn 0.9015 -0.0000 0.4329
vn 0.5452 -0.0001 0.8383
vn 0.5452 -0.0000 0.8383
vn 0.3313 -0.0000 0.9435
vn 0.5450 -0.0000 0.8384
vn 0.1040 -0.0000 0.9946
vn 0.3311 -0.0000 0.9436
vn -0.7450 -0.0000 0.6671
vn 0.2201 0.9440 0.2458
vn -0.2201 0.9440 -0.2458
vn 0.4072 -0.0000 0.9133
vn 0.3579 -0.0000 -0.9338
vn -0.8384 -0.0000 0.5451
vn 0.8922 -0.0000 -0.4517
vn 0.8922 -0.0001 -0.4517
vn 0.4515 0.0001 0.8923
vn -0.8923 -0.0001 0.4515
vn 0.4517 0.0001 0.8922
vn 0.4517 -0.0000 0.8922
vn -0.8923 -0.0000 0.4515
vn 0.9133 -0.0000 -0.4072
vn -0.7551 0.5626 0.3367
vn 0.7551 0.5626 -0.3367
vn -0.3366 0.5626 -0.7551
vn 0.3366 0.5626 0.7551
vn -0.8371 -0.0000 -0.5470
vn -0.5469 -0.0000 0.8372
vn -0.5469 -0.0001 0.8372
vn -0.8371 0.0001 -0.5470
vn -0.4515 -0.0000 -0.8922
vn -0.5451 -0.0000 -0.8383
vn -0.8383 -0.0000 0.5451
vn 0.5073 0.5580 -0.6567
vn -0.5073 0.5580 0.6567
vn 0.6461 0.5775 0.4991
vn -0.6461 0.5775 -0.4991
vn 0.4515 -0.0000 0.8922
vn 0.5451 -0.0000 0.8383
vn 0.8383 -0.0000 -0.5451
vn -0.0942 0.9532 0.2873
vn 0.0621 0.9532 0.2959
vn -0.4540 0.8906 -0.0250
vn -0.4540 0.8906 -0.0251
vn -0.8316 0.5502 -0.0757
vn -0.4542 0.8905 -0.0251
vn -0.4542 0.8905 -0.0250
vn -0.9985 0.0001 -0.0551
vn -0.8317 0.5500 -0.0757
vn -0.9985 0.0001 -0.0552
vn -0.8362 -0.5466 -0.0461
vn -0.9985 -0.0001 -0.0551
vn -0.8361 -0.5466 -0.0462
vn -0.0001 -1.0000 -0.0000
vn -0.4540 -0.8906 -0.0250
vn -0.4540 -0.8906 -0.0251
vn -0.4542 -0.8905 -0.0250
vn -0.4542 -0.8905 -0.0251
vn -0.8361 -0.5467 -0.0461
vn -0.0000 -1.0000 -0.0000
vn 0.0461 -0.5466 -0.8361
vn 0.0757 0.5501 -0.8316
vn 0.0758 0.5501 -0.8316
vn -0.0432 0.5545 0.8311
vn -0.0431 0.5545 0.8311
vn -0.0461 -0.5466 0.8361
vn -0.9787 -0.0000 0.2052
vn 0.0192 0.9327 -0.3603
vn 0.0192 0.9327 -0.3602
vn 0.0641 0.4314 -0.8999
vn 0.0192 0.9326 -0.3604
vn 0.0641 0.4315 -0.8998
vn 0.0641 0.4313 -0.8999
vn 0.0758 0.5501 -0.8317
vn 0.0757 0.5501 -0.8317
vn 0.0463 -0.5466 -0.8361
vn -0.9436 -0.0000 0.3312
vn -0.1408 -0.0000 -0.9900
vn -0.0185 -0.8280 0.5604
vn -0.0152 -0.9611 0.2758
vn -0.0508 -0.3840 0.9219
vn -0.0185 -0.8280 0.5605
vn -0.0509 -0.3840 0.9219
vn -0.0536 0.2325 0.9711
vn -0.0508 -0.3838 0.9220
vn -0.0509 -0.3838 0.9220
vn -0.0535 0.2325 0.9711
vn -0.0402 0.6843 0.7281
vn -0.0536 0.2327 0.9711
vn -0.0535 0.2327 0.9711
vn -0.0279 0.8621 0.5060
vn -0.0402 0.6845 0.7279
vn 0.2484 -0.0003 -0.9687
vn 0.4540 -0.8906 0.0250
vn 0.0001 -1.0000 -0.0000
vn 0.4540 -0.8906 0.0251
vn 0.8361 -0.5467 0.0461
vn 0.4542 -0.8906 0.0250
vn 0.4542 -0.8906 0.0251
vn 0.9985 -0.0001 0.0551
vn 0.8362 -0.5466 0.0461
vn 0.8311 0.5544 0.0432
vn 0.9985 0.0001 0.0551
vn 0.9985 0.0001 0.0552
vn 0.8311 0.5544 0.0431
vn 0.4487 0.8934 0.0248
vn 0.8310 0.5546 0.0431
vn 0.4487 0.8934 0.0247
vn 0.4485 0.8935 0.0247
vn -0.0214 0.9994 0.0265
vn -0.0474 0.9647 0.2592
vn -0.0374 0.9967 0.0724
vn -0.3704 0.8937 0.2531
vn -0.0475 0.9647 0.2592
vn -0.0340 0.9994 -0.0018
vn -0.0214 0.9994 0.0264
vn -0.3645 0.9311 0.0135
vn -0.3704 0.8937 0.2530
vn -0.3646 0.9311 0.0135
vn -0.8999 0.4315 -0.0641
vn -0.3704 0.8938 0.2530
vn -0.9092 0.4114 0.0639
vn -0.4152 0.7001 0.5810
vn -0.8647 0.4033 0.2993
vn -0.0707 0.7564 0.6503
vn -0.0475 0.9646 0.2594
vn -0.3703 0.8938 0.2531
vn -0.4151 0.7001 0.5810
vn -0.0894 0.3205 0.9430
vn -0.0707 0.7563 0.6504
vn -0.4151 0.7000 0.5811
vn -0.4523 0.2919 0.8427
vn -0.8647 0.4032 0.2994
vn -0.4524 0.2919 0.8427
vn -0.4152 0.7000 0.5810
vn -0.8648 0.4032 0.2994
vn -0.8883 0.1638 0.4291
vn -0.8648 0.4032 0.2993
vn -0.8883 0.1638 0.4290
vn -0.8648 0.4031 0.2994
vn -0.9093 0.4113 0.0639
vn -0.8999 0.4313 -0.0641
vn -0.3435 0.9390 -0.0189
vn -0.8998 0.4315 -0.0641
vn -0.3434 0.9390 -0.0190
vn -0.3644 0.9311 0.0134
vn -0.3434 0.9390 -0.0189
vn -0.4320 0.0685 0.8993
vn -0.4524 0.2918 0.8427
vn -0.0914 0.0531 0.9944
vn -0.4523 0.2919 0.8428
vn -0.4319 0.0685 0.8993
vn -0.0910 0.0537 0.9944
vn -0.0894 0.3203 0.9431
vn -0.4523 0.2918 0.8428
vn 0.0318 0.9994 0.0122
vn 0.0187 0.9647 0.2629
vn 0.3755 0.8938 0.2453
vn 0.0292 0.9967 0.0761
vn 0.3570 0.2919 0.8873
vn 0.8357 0.1638 0.5242
vn 0.8266 0.4032 0.3927
vn 0.3488 0.7000 0.6231
vn 0.8967 0.4114 0.1635
vn 0.3488 0.7001 0.6231
vn 0.8266 0.4033 0.3926
vn 0.3756 0.8937 0.2454
vn 0.9014 0.4315 0.0353
vn 0.3756 0.8937 0.2453
vn 0.3609 0.9311 0.0535
vn 0.3608 0.9311 0.0535
vn 0.0285 0.9994 -0.0186
vn 0.3608 0.9311 0.0534
vn 0.0285 0.9994 -0.0185
vn -0.0148 0.3205 0.9471
vn 0.3569 0.2919 0.8874
vn 0.3487 0.7000 0.6232
vn 0.3487 0.7001 0.6232
vn -0.0012 0.7563 0.6543
vn -0.0012 0.7564 0.6542
vn 0.0186 0.9646 0.2630
vn -0.0189 0.0537 0.9984
vn -0.0148 0.3203 0.9472
vn -0.0185 0.0531 0.9984
vn 0.3304 0.0685 0.9414
vn 0.3305 0.0685 0.9413
vn 0.8357 0.1637 0.5241
vn 0.3570 0.2919 0.8874
vn 0.8266 0.4032 0.3926
vn 0.8358 0.1638 0.5241
vn 0.8967 0.4113 0.1635
vn 0.8967 0.4113 0.1634
vn 0.9015 0.4313 0.0352
vn 0.9015 0.4313 0.0353
vn 0.3603 0.9326 0.0205
vn 0.3602 0.9326 0.0205
vn 0.0515 -0.3524 -0.9344
vn 0.0467 0.5311 -0.8460
vn -0.0108 -0.9961 0.0872
vn -0.0019 -0.9988 -0.0486
vn -0.0108 -0.9961 0.0873
vn -0.0107 -0.9961 0.0872
vn -0.0018 -0.9988 -0.0486
vn -0.0019 -0.9988 -0.0485
vn 0.0109 -0.9516 -0.3070
vn -0.0019 -0.9988 -0.0487
vn 0.0109 -0.9516 -0.3071
vn 0.0277 -0.7270 -0.6861
vn 0.0276 -0.7270 -0.6861
vn 0.0018 -0.9988 0.0486
vn 0.0019 -0.9988 0.0486
vn 0.0037 0.9978 -0.0668
vn -0.0040 0.9974 0.0717
vn 0.0250 0.8906 -0.4540
vn 0.0251 0.8906 -0.4540
vn 0.0536 0.2326 -0.9711
vn 0.0251 0.8906 -0.4542
vn 0.0250 0.8906 -0.4542
vn 0.0127 -0.9730 -0.2303
vn 0.0536 0.2325 -0.9711
vn 0.0535 0.2325 -0.9711
vn -0.0328 -0.8027 0.5955
vn 0.0535 0.2326 -0.9711
vn 0.0037 0.9978 -0.0669
vn -0.0039 0.9974 0.0717
vn -0.0040 0.9974 0.0718
vn -0.0172 0.9501 0.3114
vn -0.0172 0.9501 0.3115
vn -0.0324 0.8086 0.5875
vn -0.0324 0.8085 0.5877
vn -0.0352 0.4315 0.9014
vn -0.0353 0.4315 0.9014
vn -0.0352 0.4313 0.9015
vn -0.0516 0.0886 0.9947
vn -0.0353 0.4313 0.9015
vn -0.0186 -0.8279 0.5605
vn -0.0185 -0.8279 0.5605
vn -0.0378 0.7265 0.6862
vn -0.0379 0.7265 0.6862
vn -0.0250 0.8906 0.4541
vn -0.0378 0.7266 0.6860
vn -0.0377 0.7266 0.6861
vn -0.0479 -0.7269 0.6851
vn -0.0484 -0.4785 0.8767
vn -0.0484 -0.4784 0.8768
vn -0.0516 0.0885 0.9947
vn -0.0483 -0.4784 0.8768
vn -0.0516 0.0887 0.9947
vn -0.0093 0.9857 0.1681
vn -0.0379 0.7266 0.6861
vn -0.0185 0.9994 -0.0285
vn -0.0093 0.9858 0.1679
vn -0.0483 -0.4785 0.8767
vn -0.0484 -0.4783 0.8768
vn -0.0483 -0.4783 0.8768
vn -0.0482 -0.4784 0.8768
vn -0.0378 0.7266 0.6861
vn -0.0092 0.9858 0.1679
vn 0.0516 -0.0886 -0.9947
vn -0.2959 0.9532 0.0621
vn -0.0000 1.0000 -0.0001
vn 0.0757 0.5502 -0.8316
vn 0.0251 0.8905 -0.4542
vn 0.0250 0.8905 -0.4542
vn 0.0551 0.0001 -0.9985
vn 0.0757 0.5500 -0.8317
vn 0.0552 0.0001 -0.9985
vn 0.0461 -0.5465 -0.8362
vn 0.0551 -0.0001 -0.9985
vn -0.0000 -1.0000 -0.0001
vn 0.0250 -0.8906 -0.4540
vn 0.0251 -0.8906 -0.4540
vn 0.0250 -0.8905 -0.4542
vn 0.0251 -0.8905 -0.4542
vn 0.0461 -0.5467 -0.8361
vn 0.8361 -0.5466 0.0461
vn 0.8311 0.5545 0.0432
vn 0.8311 0.5545 0.0431
vn -0.8316 0.5501 -0.0758
vn -0.8316 0.5501 -0.0757
vn -0.8361 -0.5466 -0.0461
vn -0.8317 0.5501 -0.0757
vn 0.0193 0.9326 -0.3604
vn -0.0251 0.8906 0.4541
vn 0.9014 0.4314 0.0353
vn 0.9015 0.4314 0.0353
vn 0.3604 0.9326 0.0205
vn -0.8317 0.5501 -0.0758
vn 0.8361 -0.5466 0.0460
vn 0.9900 -0.0000 -0.1413
vn -0.5604 -0.8280 -0.0186
vn -0.2758 -0.9611 -0.0152
vn -0.5604 -0.8280 -0.0185
vn -0.9344 -0.3524 -0.0515
vn -0.5605 -0.8279 -0.0186
vn -0.9344 -0.3525 -0.0515
vn -0.5605 -0.8280 -0.0186
vn -0.9711 0.2325 -0.0536
vn -0.9345 -0.3523 -0.0515
vn -0.9345 -0.3523 -0.0516
vn -0.9711 0.2325 -0.0537
vn -0.7281 0.6843 -0.0402
vn -0.7281 0.6843 -0.0401
vn -0.9711 0.2327 -0.0535
vn -0.5060 0.8621 -0.0279
vn -0.7279 0.6845 -0.0402
vn 0.9684 -0.0000 0.2493
vn -0.0186 -0.8280 0.5604
vn -0.0186 -0.8280 0.5605
vn -0.0401 0.6843 0.7281
vn -0.0401 0.6845 0.7279
vn -0.0186 0.9994 -0.0285
vn -0.2592 0.9647 -0.0474
vn -0.0724 0.9967 -0.0374
vn -0.2025 0.8938 -0.4002
vn -0.2592 0.9647 -0.0475
vn -0.0135 0.9311 -0.3645
vn -0.0185 0.9994 -0.0286
vn -0.2025 0.8937 -0.4003
vn -0.0135 0.9311 -0.3646
vn 0.0641 0.4315 -0.8999
vn -0.0639 0.4114 -0.9092
vn -0.5810 0.7001 -0.4152
vn -0.2026 0.8937 -0.4003
vn -0.2993 0.4033 -0.8647
vn -0.6503 0.7564 -0.0707
vn -0.2594 0.9646 -0.0475
vn -0.2026 0.8937 -0.4002
vn -0.5810 0.7001 -0.4151
vn -0.9430 0.3204 -0.0894
vn -0.6505 0.7562 -0.0707
vn -0.5811 0.7000 -0.4151
vn -0.8428 0.2919 -0.4523
vn -0.2994 0.4032 -0.8648
vn -0.8427 0.2919 -0.4524
vn -0.4291 0.1639 -0.8883
vn -0.8427 0.2918 -0.4524
vn -0.2993 0.4032 -0.8648
vn -0.4290 0.1638 -0.8883
vn -0.2994 0.4031 -0.8648
vn -0.0639 0.4113 -0.9093
vn -0.0134 0.9311 -0.3646
vn 0.0286 0.9994 -0.0185
vn -0.0134 0.9311 -0.3644
vn -0.8993 0.0685 -0.4320
vn -0.4291 0.1637 -0.8883
vn -0.8992 0.0685 -0.4320
vn -0.4291 0.1638 -0.8883
vn -0.9944 0.0531 -0.0914
vn -0.8993 0.0685 -0.4319
vn -0.9944 0.0541 -0.0908
vn -0.9431 0.3203 -0.0894
vn -0.8428 0.2918 -0.4523
vn -0.2629 0.9647 0.0187
vn -0.2453 0.8938 0.3755
vn -0.0761 0.9967 0.0292
vn -0.2629 0.9647 0.0186
vn -0.8873 0.2919 0.3570
vn -0.5242 0.1638 0.8357
vn -0.3927 0.4032 0.8266
vn -0.8874 0.2919 0.3570
vn -0.6231 0.7000 0.3488
vn -0.1635 0.4114 0.8966
vn -0.6231 0.7001 0.3488
vn -0.3926 0.4033 0.8266
vn -0.1635 0.4114 0.8967
vn -0.2454 0.8937 0.3756
vn -0.2453 0.8937 0.3756
vn -0.0535 0.9311 0.3609
vn -0.0535 0.9311 0.3608
vn 0.0088 0.9994 0.0329
vn -0.0534 0.9311 0.3608
vn 0.0088 0.9994 0.0328
vn -0.9471 0.3205 -0.0148
vn -0.8874 0.2919 0.3569
vn -0.6232 0.7000 0.3487
vn -0.9472 0.3204 -0.0148
vn -0.6232 0.7001 0.3487
vn -0.6543 0.7562 -0.0012
vn -0.6542 0.7564 -0.0012
vn -0.2630 0.9646 0.0186
vn -0.9984 0.0541 -0.0191
vn -0.9472 0.3203 -0.0148
vn -0.9984 0.0531 -0.0185
vn -0.9414 0.0685 0.3304
vn -0.9413 0.0685 0.3305
vn -0.5242 0.1637 0.8357
vn -0.8874 0.2918 0.3570
vn -0.5241 0.1637 0.8357
vn -0.3926 0.4032 0.8266
vn -0.5241 0.1638 0.8358
vn -0.4329 -0.0000 0.9014
vn -0.1635 0.4113 0.8967
vn -0.1634 0.4113 0.8967
vn -0.0205 0.9326 0.3603
vn -0.0205 0.9327 0.3602
vn 0.9106 -0.4103 0.0502
vn -0.0872 -0.9961 -0.0108
vn 0.0486 -0.9988 -0.0019
vn -0.0872 -0.9961 -0.0107
vn 0.0486 -0.9988 -0.0018
vn 0.0485 -0.9988 -0.0019
vn 0.3070 -0.9516 0.0109
vn 0.0487 -0.9988 -0.0019
vn 0.3071 -0.9516 0.0109
vn 0.6861 -0.7270 0.0277
vn 0.6861 -0.7270 0.0276
vn -0.0486 -0.9988 0.0018
vn -0.0486 -0.9988 0.0019
vn 0.0668 0.9978 0.0037
vn -0.0717 0.9974 -0.0040
vn 0.4485 0.8935 0.0248
vn 0.4486 0.8934 0.0247
vn 0.2303 -0.9730 0.0127
vn 0.9711 0.2326 0.0535
vn 0.9711 0.2325 0.0536
vn -0.5955 -0.8027 -0.0328
vn 0.9711 0.2325 0.0535
vn 0.4486 0.8934 0.0248
vn 0.0669 0.9978 0.0037
vn 0.0668 0.9978 0.0038
vn -0.0717 0.9974 -0.0039
vn -0.0718 0.9974 -0.0040
vn -0.3114 0.9501 -0.0172
vn -0.3115 0.9501 -0.0172
vn -0.5875 0.8086 -0.0324
vn -0.5876 0.8085 -0.0324
vn -0.5877 0.8085 -0.0324
vn -0.9947 0.0886 -0.0516
vn -0.6851 -0.7269 -0.0479
vn -0.8767 -0.4785 -0.0484
vn -0.8768 -0.4784 -0.0484
vn -0.9947 0.0885 -0.0516
vn -0.6862 0.7265 -0.0379
vn -0.9947 0.0887 -0.0516
vn -0.6862 0.7264 -0.0379
vn -0.6862 0.7264 -0.0378
vn -0.1681 0.9857 -0.0093
vn -0.6861 0.7266 -0.0379
vn -0.1679 0.9858 -0.0093
vn -0.8767 -0.4785 -0.0483
vn -0.8768 -0.4783 -0.0484
vn -0.8768 -0.4783 -0.0483
vn -0.8768 -0.4784 -0.0482
vn -0.6862 0.7265 -0.0378
vn -0.6861 0.7266 -0.0378
vn -0.1679 0.9858 -0.0092
vn 0.9947 -0.0886 0.0516
vn -0.3116 -0.0000 0.9502
vn 0.0942 0.9532 -0.2873
vn -0.0621 0.9532 -0.2959
vn 0.8361 -0.5466 0.0462
vn 0.7450 -0.0000 -0.6670
vn 0.7450 -0.0001 -0.6670
vn 0.6670 0.0001 0.7450
vn 0.6670 -0.0000 0.7450
vn 0.6672 -0.0000 0.7449
vn 0.6672 -0.0001 0.7449
vn 0.6671 -0.0000 0.7449
vn -0.0353 0.4314 0.9015
vn -0.0463 -0.5466 0.8361
vn 0.9338 -0.0000 0.3579
vn -0.3579 -0.0000 0.9338
vn -0.9946 -0.0000 0.1040
vn 0.2873 0.9532 0.0942
vn 0.2959 0.9532 -0.0621
vn -0.0250 0.8906 0.4540
vn -0.0000 1.0000 0.0001
vn -0.0251 0.8906 0.4540
vn -0.0431 0.5546 0.8310
vn -0.0251 0.8905 0.4542
vn -0.0250 0.8905 0.4542
vn -0.0551 0.0001 0.9985
vn -0.0431 0.5544 0.8311
vn -0.0552 0.0001 0.9985
vn -0.0432 0.5544 0.8311
vn -0.0461 -0.5465 0.8362
vn -0.0551 -0.0001 0.9985
vn -0.0000 -1.0000 0.0001
vn -0.0250 -0.8906 0.4540
vn -0.0251 -0.8906 0.4540
vn -0.0250 -0.8905 0.4542
vn -0.0251 -0.8905 0.4542
vn -0.0461 -0.5467 0.8361
vn -0.7450 -0.0000 0.6670
vn -0.7450 -0.0001 0.6670
vn -0.7449 -0.0000 0.6671
vn -0.6670 -0.0000 -0.7450
vn -0.6672 -0.0001 -0.7449
vn -0.6672 -0.0000 -0.7449
vn -0.8999 0.4314 -0.0641
vn -0.3435 0.9390 -0.0190
vn -0.3435 0.9389 -0.0190
vn -0.8361 -0.5466 -0.0460
vn 0.0667 0.9978 0.0037
vn -0.4181 0.9081 -0.0231
vn -0.4181 0.9081 -0.0232
vn -0.4183 0.9080 -0.0231
vn -0.2303 -0.9730 -0.0127
vn -0.9711 0.2326 -0.0535
vn 0.5955 -0.8027 0.0328
vn -0.9711 0.2325 -0.0535
vn -0.4181 0.9081 -0.0230
vn 0.3114 0.9501 0.0172
vn 0.3115 0.9501 0.0172
vn 0.5875 0.8086 0.0324
vn 0.5876 0.8085 0.0324
vn 0.9014 0.4315 0.0352
vn 0.5877 0.8085 0.0324
vn 0.9947 0.0886 0.0516
vn 0.6862 -0.7269 0.0277
vn 0.8767 -0.4785 0.0484
vn 0.8768 -0.4784 0.0484
vn 0.9947 0.0885 0.0516
vn 0.6610 0.7496 0.0343
vn 0.9947 0.0887 0.0516
vn 0.1681 0.9857 0.0093
vn 0.6609 0.7497 0.0343
vn 0.1679 0.9858 0.0093
vn 0.8767 -0.4785 0.0483
vn 0.8768 -0.4783 0.0484
vn 0.8768 -0.4783 0.0483
vn 0.8768 -0.4784 0.0482
vn 0.1679 0.9858 0.0092
vn -0.0341 0.9994 -0.0018
vn -0.9947 -0.0886 -0.0516
vn -0.8663 -0.0000 -0.4996
vn 0.8663 -0.0000 0.4996
vn 0.1825 -0.9157 -0.3581
vn 0.4478 0.4761 -0.7568
vn -0.4478 -0.4761 0.7568
vn -0.2153 0.9193 0.3296
vn 0.1304 0.9192 0.3715
vn 0.1777 0.9193 0.3513
vn 0.2221 0.9193 0.3250
vn 0.0415 0.6573 -0.7525
vn 0.0485 0.4734 -0.8795
vn 0.0231 0.9080 -0.4183
vn 0.0415 0.6574 -0.7524
vn 0.0231 0.9081 -0.4181
vn 0.0230 0.9081 -0.4181
vn -0.0279 0.8621 0.5059
vn -0.0510 0.3764 0.9251
vn -0.0279 0.8620 0.5061
vn -0.0510 0.3762 0.9251
vn -0.1304 0.9192 -0.3715
vn -0.1777 0.9193 -0.3513
vn -0.2221 0.9193 -0.3250
vn -0.1825 -0.9157 0.3581
vn -0.4478 0.4761 0.7568
vn 0.4478 -0.4761 -0.7568
vn 0.2153 0.9193 -0.3296
vn -0.9985 -0.0000 -0.0550
vn -0.0018 -0.9988 -0.0485
vn -0.0018 -0.9988 -0.0487
vn 0.0298 -0.8413 -0.5397
vn 0.0110 -0.9516 -0.3071
vn 0.0372 -0.4268 -0.9036
vn 0.0298 -0.8412 -0.5398
vn 0.0298 -0.8412 -0.5399
vn 0.0372 -0.4267 -0.9036
vn 0.0372 -0.4266 -0.9037
vn 0.7956 -0.6023 0.0643
vn 0.6862 -0.7268 0.0277
vn 0.7956 -0.6024 0.0643
vn 0.6863 -0.7268 0.0277
vn 0.0872 -0.9961 0.0106
vn 0.2302 -0.9731 0.0127
vn 0.0872 -0.9961 0.0108
vn -0.0981 0.9189 0.3820
vn -0.0609 0.9188 0.3900
vn -0.0609 0.9189 0.3899
vn -0.1407 -0.0000 -0.9901
vn -0.1412 -0.0000 -0.9900
vn -0.0130 -0.9149 -0.4035
vn -0.0559 -0.9176 -0.3936
vn -0.0616 -0.9024 -0.4264
vn -0.0131 -0.9149 -0.4035
vn -0.6454 -0.3255 0.6910
vn -0.2821 -0.4410 0.8520
vn -0.2820 -0.4403 0.8524
vn -0.2820 -0.4404 0.8524
vn -0.2819 -0.4404 0.8524
vn 0.0764 -0.4801 0.8739
vn -0.2818 -0.4389 0.8532
vn 0.0290 -0.4792 0.8773
vn 0.0290 -0.4795 0.8771
vn 0.7154 -0.0003 0.6987
vn 0.7153 -0.0003 0.6988
vn -0.9685 -0.0000 -0.2489
vn -0.9686 -0.0000 -0.2487
vn -0.9901 -0.0000 0.1407
vn -0.9900 -0.0000 0.1409
vn -0.7449 -0.0000 0.6672
vn -0.3117 -0.0000 0.9502
vn -0.3115 -0.0000 0.9502
vn 0.2053 -0.0000 0.9787
vn 0.6158 -0.0003 0.7879
vn 0.6160 -0.0003 0.7878
vn 0.8663 -0.0000 0.4994
vn -0.6990 -0.0000 -0.7151
vn -0.6990 -0.0000 -0.7152
vn 0.0297 -0.8413 -0.5397
vn -0.3011 -0.9179 -0.2585
vn -0.3322 -0.9179 -0.2171
vn -0.3322 -0.9179 -0.2170
vn -0.3577 -0.9179 -0.1718
vn -0.3010 -0.9179 -0.2585
vn -0.3276 -0.9021 -0.2809
vn -0.3626 -0.9013 -0.2369
vn -0.3904 -0.9013 -0.1875
vn -0.3894 -0.9101 -0.1417
vn -0.3895 -0.9101 -0.1417
vn -0.3900 -0.9156 -0.0976
vn -0.3901 -0.9156 -0.0976
vn -0.7763 -0.5760 -0.2560
vn -0.7367 -0.5763 -0.3538
vn -0.6842 -0.5763 -0.4470
vn -0.7366 -0.5763 -0.3539
vn -0.6202 -0.5771 -0.5313
vn -0.6201 -0.5771 -0.5314
vn -0.5845 -0.5772 -0.5703
vn -0.7148 -0.0457 -0.6979
vn -0.5846 -0.5772 -0.5702
vn -0.6202 -0.5771 -0.5314
vn -0.7918 -0.5749 -0.2060
vn -0.9491 -0.0455 -0.3117
vn -0.9491 -0.0455 -0.3118
vn -0.9004 -0.0480 -0.4325
vn -0.9004 -0.0481 -0.4325
vn -0.6842 -0.5762 -0.4470
vn -0.8362 -0.0480 -0.5463
vn -0.7583 -0.0469 -0.6502
vn -0.7774 -0.0006 -0.6290
vn -0.8372 -0.0006 -0.5469
vn -0.7583 -0.0468 -0.6502
vn -0.9014 -0.0006 -0.4330
vn -0.9004 -0.0480 -0.4324
vn -0.9502 -0.0006 -0.3116
vn -0.9686 -0.0000 -0.2488
vn -0.9685 -0.0000 -0.2490
vn -0.9674 -0.0429 -0.2495
vn -0.7910 -0.5749 -0.2092
vn 0.6159 -0.0003 0.7878
vn 0.4072 -0.0000 0.9134
vn 0.4071 -0.0000 0.9134
vn 0.7152 -0.0003 0.6989
vn 0.4073 -0.0000 0.9133
vn 0.9502 -0.0000 0.3117
vn 0.9502 -0.0000 0.3115
vn 0.9787 -0.0000 -0.2053
vn 0.2485 -0.0003 -0.9686
vn 0.7449 -0.0000 -0.6672
vn 0.2483 -0.0003 -0.9687
vn -0.6169 -0.0000 -0.7870
vn -0.2593 -0.0000 -0.9658
vn -0.2239 -0.9179 -0.3277
vn -0.1792 -0.9179 -0.3541
vn -0.1314 -0.9179 -0.3745
vn -0.2431 -0.9021 -0.3565
vn -0.2432 -0.9021 -0.3565
vn -0.2238 -0.9179 -0.3277
vn -0.4599 -0.5771 -0.6749
vn -0.5628 -0.0469 -0.8252
vn -0.4510 -0.0480 -0.8912
vn -0.5628 -0.0469 -0.8253
vn -0.5451 -0.0006 -0.8384
vn -0.6170 -0.0000 -0.7870
vn -0.5629 -0.0468 -0.8252
vn -0.6152 -0.0457 -0.7870
vn -0.6150 -0.0457 -0.7872
vn -0.4599 -0.5771 -0.6748
vn -0.5003 -0.5772 -0.6454
vn -0.5025 -0.5772 -0.6437
vn -0.4515 -0.0006 -0.8923
vn -0.1956 -0.9013 -0.3865
vn -0.3690 -0.5763 -0.7292
vn -0.4600 -0.5771 -0.6748
vn -0.0981 -0.9101 -0.4027
vn -0.1314 -0.9179 -0.3744
vn -0.0980 -0.9101 -0.4027
vn -0.0560 -0.9176 -0.3936
vn -0.1691 -0.5760 -0.7997
vn -0.1691 -0.5760 -0.7998
vn -0.1177 -0.5749 -0.8097
vn -0.1690 -0.5760 -0.7998
vn -0.2055 -0.0455 -0.9776
vn -0.1176 -0.5749 -0.8097
vn -0.2055 -0.0456 -0.9776
vn -0.1417 -0.0429 -0.9890
vn -0.1405 -0.0000 -0.9901
vn -0.2052 -0.0006 -0.9787
vn -0.1406 -0.0002 -0.9901
vn -0.3312 -0.0006 -0.9436
vn -0.3308 -0.0480 -0.9425
vn -0.3690 -0.5762 -0.7292
vn -0.3308 -0.0481 -0.9425
vn -0.3691 -0.5762 -0.7292
vn -0.1435 -0.9013 -0.4087
vn -0.3691 -0.5763 -0.7292
vn -0.2707 -0.5763 -0.7711
vn -0.1434 -0.9013 -0.4087
vn -0.0981 -0.9101 -0.4026
vn 0.1681 0.5744 0.8011
vn 0.1486 0.8937 0.4233
vn 0.0982 0.9050 0.4138
vn 0.2711 0.5746 0.7722
vn 0.2049 0.0684 0.9764
vn 0.2048 0.0684 0.9764
vn 0.3304 0.0686 0.9413
vn 0.1681 0.5745 0.8011
vn 0.0633 0.8933 0.4450
vn 0.0869 0.5626 0.8222
vn 0.0981 0.9051 0.4138
vn 0.0555 0.9189 0.3905
vn 0.0633 0.8933 0.4449
vn 0.0976 0.9191 0.3817
vn 0.2659 0.9023 0.3393
vn 0.2660 0.9023 0.3393
vn 0.2531 0.8938 0.3703
vn 0.2530 0.8938 0.3704
vn 0.2221 0.9193 0.3251
vn 0.2025 0.8937 0.4002
vn 0.2530 0.8938 0.3703
vn 0.1486 0.8938 0.4233
vn 0.2025 0.8938 0.4002
vn 0.3695 0.5746 0.7302
vn 0.2025 0.8937 0.4003
vn 0.3696 0.5746 0.7302
vn 0.4504 0.0686 0.8902
vn 0.3696 0.5746 0.7303
vn 0.3305 0.0686 0.9413
vn 0.4505 0.0685 0.8902
vn 0.3304 0.0685 0.9413
vn 0.2048 0.0683 0.9764
vn 0.1405 -0.0002 0.9901
vn 0.1406 0.0679 0.9877
vn 0.0869 0.5625 0.8222
vn 0.1406 0.0680 0.9877
vn 0.0868 0.5625 0.8222
vn 0.5053 0.5738 0.6446
vn 0.2531 0.8937 0.3704
vn 0.5052 0.5738 0.6446
vn 0.4617 0.5746 0.6757
vn 0.2026 0.8937 0.4002
vn 0.5628 0.0685 0.8237
vn 0.4617 0.5746 0.6758
vn 0.4505 0.0686 0.8901
vn 0.5628 0.0685 0.8238
vn 0.4505 0.0685 0.8901
vn 0.6155 0.0683 0.7852
vn 0.6159 -0.0003 0.7879
vn 0.5053 0.5737 0.6446
vn 0.6155 0.0684 0.7852
vn 0.5629 0.0686 0.8237
vn 0.1485 0.8938 0.4232
vn 0.1304 0.9193 0.3715
vn -0.9999 -0.0000 0.0104
vn -0.9999 0.0001 0.0104
vn -0.9900 -0.0000 0.1408
vn -0.9901 -0.0000 0.1406
vn -0.4035 -0.9149 0.0130
vn -0.4035 -0.9149 0.0131
vn -0.3936 -0.9176 0.0559
vn 0.6910 -0.3255 0.6454
vn 0.8520 -0.4410 0.2821
vn 0.8524 -0.4404 0.2820
vn 0.8524 -0.4404 0.2819
vn 0.8739 -0.4801 -0.0764
vn 0.8532 -0.4389 0.2818
vn 0.8773 -0.4791 -0.0290
vn 0.8771 -0.4795 -0.0290
vn 0.0644 -0.6023 -0.7956
vn 0.0277 -0.7268 -0.6862
vn 0.0643 -0.6024 -0.7956
vn 0.0277 -0.7268 -0.6863
vn 0.0250 -0.8906 -0.4542
vn 0.0251 -0.8906 -0.4542
vn 0.0106 -0.9961 -0.0872
vn 0.0127 -0.9731 -0.2302
vn 0.0108 -0.9961 -0.0872
vn -0.0001 -1.0000 -0.0001
vn 0.9985 0.0001 0.0550
vn 0.9985 -0.0001 0.0550
vn -0.9985 -0.0001 -0.0550
vn -0.9985 0.0001 -0.0550
vn 0.0001 -1.0000 0.0001
vn 0.3820 0.9189 0.0981
vn 0.3900 0.9188 0.0609
vn 0.3899 0.9189 0.0609
vn -0.9658 -0.0000 0.2593
vn -0.9133 -0.0000 0.4072
vn -0.9435 -0.0000 0.3312
vn -0.0549 0.0001 0.9985
vn -0.5603 -0.8280 -0.0186
vn -0.9345 -0.3522 -0.0516
vn -0.9345 -0.3522 -0.0515
vn -0.9345 -0.3522 -0.0514
vn -0.9711 0.2327 -0.0536
vn -0.4541 0.8906 -0.0250
vn -0.6860 0.7266 -0.0378
vn -0.6861 0.7266 -0.0377
vn 0.8011 0.5745 -0.1681
vn 0.4391 0.8937 -0.0921
vn 0.8222 0.5626 -0.0869
vn 0.8011 0.5744 -0.1681
vn 0.3905 0.9189 -0.0555
vn 0.3715 0.9192 -0.1304
vn 0.4232 0.8938 -0.1485
vn 0.4233 0.8938 -0.1486
vn 0.4233 0.8937 -0.1486
vn 0.7722 0.5746 -0.2711
vn 0.7551 0.5626 -0.3366
vn 0.9177 0.0684 -0.3913
vn 0.7552 0.5625 -0.3367
vn 0.9413 0.0685 -0.3305
vn 0.9764 0.0683 -0.2048
vn 0.9413 0.0685 -0.3304
vn 0.9877 0.0679 -0.1406
vn 0.9900 -0.0000 -0.1408
vn 0.9764 0.0684 -0.2049
vn 0.8222 0.5625 -0.0868
vn 0.9764 0.0684 -0.2048
vn 0.8222 0.5625 -0.0869
vn 0.9877 0.0680 -0.1406
vn -0.7523 -0.5755 0.3207
vn -0.4087 -0.9013 0.1435
vn -0.7523 -0.5754 0.3208
vn -0.7711 -0.5763 0.2707
vn -0.7998 -0.5760 0.1691
vn -0.4223 -0.9021 0.0892
vn -0.7711 -0.5763 0.2706
vn -0.9776 -0.0455 0.2055
vn -0.9776 -0.0456 0.2055
vn -0.9425 -0.0480 0.3308
vn -0.9425 -0.0481 0.3309
vn -0.9425 -0.0481 0.3308
vn -0.7533 -0.5754 0.3186
vn -0.9188 -0.0479 0.3918
vn -0.3745 -0.9179 0.1314
vn -0.3744 -0.9179 0.1314
vn -0.4087 -0.9013 0.1434
vn -0.4223 -0.9021 0.0891
vn -0.3936 -0.9176 0.0560
vn -0.7997 -0.5760 0.1691
vn -0.8097 -0.5750 0.1177
vn -0.8097 -0.5749 0.1177
vn -0.7998 -0.5760 0.1690
vn -0.9890 -0.0429 0.1417
vn -0.8097 -0.5749 0.1176
vn -0.9787 -0.0006 0.2052
vn -0.9901 -0.0001 0.1406
vn -0.9436 -0.0006 0.3312
vn 0.2565 0.9193 -0.2986
vn 0.2812 0.8991 -0.3354
vn 0.5456 0.0685 -0.8352
vn 0.3544 0.5746 -0.7377
vn 0.4476 0.5746 -0.6852
vn 0.6500 0.0685 -0.7569
vn 0.5456 0.0686 -0.8352
vn 0.4477 0.5746 -0.6851
vn 0.5332 0.5746 -0.6209
vn 0.6500 0.0685 -0.7568
vn 0.6097 0.5746 -0.5460
vn 0.5332 0.5746 -0.6208
vn 0.3342 0.8937 -0.2993
vn 0.3342 0.8937 -0.2992
vn 0.2933 0.9192 -0.2626
vn 0.3395 0.9189 -0.2007
vn 0.3704 0.8937 -0.2531
vn 0.6757 0.5746 -0.4617
vn 0.7050 0.5738 -0.4168
vn 0.8237 0.0685 -0.5628
vn 0.6758 0.5746 -0.4617
vn 0.8588 0.0684 -0.5077
vn 0.8238 0.0686 -0.5628
vn 0.8608 -0.0007 -0.5089
vn 0.8238 0.0685 -0.5628
vn 0.8608 -0.0008 -0.5089
vn 0.7432 0.0685 -0.6655
vn 0.4320 0.0686 -0.8993
vn 0.3110 0.0683 -0.9480
vn 0.4319 0.0686 -0.8993
vn 0.2552 0.5744 -0.7778
vn 0.8237 0.0685 -0.5629
vn 0.7432 0.0684 -0.6655
vn 0.5457 0.0685 -0.8352
vn 0.4320 0.0685 -0.8993
vn 0.4319 0.0685 -0.8993
vn 0.3109 0.0683 -0.9480
vn 0.2483 0.0679 -0.9663
vn 0.2040 0.5734 -0.7935
vn 0.2483 0.0680 -0.9663
vn 0.2041 0.5734 -0.7935
vn 0.3109 0.0684 -0.9480
vn 0.2552 0.5745 -0.7778
vn 0.2040 0.5734 -0.7934
vn 0.1119 0.8933 -0.4353
vn 0.2552 0.5744 -0.7777
vn 0.1413 0.8991 -0.4143
vn 0.0981 0.9189 -0.3820
vn 0.1704 0.9192 -0.3549
vn 0.1414 0.8991 -0.4143
vn 0.0982 0.9189 -0.3820
vn 0.2453 0.8937 -0.3756
vn 0.2454 0.8937 -0.3756
vn 0.3543 0.5747 -0.7377
vn 0.1942 0.8937 -0.4044
vn 0.1942 0.8938 -0.4043
vn 0.1704 0.9193 -0.3549
vn 0.2453 0.8937 -0.3755
vn 0.1942 0.8937 -0.4043
vn -0.2261 -0.9170 0.3287
vn -0.2374 -0.9009 0.3633
vn -0.2724 -0.9054 0.3257
vn -0.2375 -0.9009 0.3634
vn -0.5314 -0.5771 0.6201
vn -0.2725 -0.9053 0.3257
vn -0.4470 -0.5763 0.6841
vn -0.2017 -0.8908 0.4072
vn -0.4470 -0.5763 0.6842
vn -0.2374 -0.9009 0.3634
vn -0.3617 -0.5561 0.7483
vn -0.1442 -0.8911 0.4302
vn -0.1443 -0.8911 0.4303
vn -0.2611 -0.5387 0.8010
vn -0.3617 -0.5562 0.7483
vn -0.3617 -0.5560 0.7483
vn -0.5463 -0.0480 0.8362
vn -0.6502 -0.0469 0.7583
vn -0.5314 -0.5771 0.6202
vn -0.1824 -0.9157 0.3581
vn -0.0976 -0.9156 0.3901
vn -0.0924 -0.8849 0.4565
vn -0.1442 -0.8912 0.4302
vn -0.2610 -0.5387 0.8010
vn -0.1442 -0.8911 0.4303
vn -0.0925 -0.8849 0.4566
vn -0.2611 -0.5386 0.8011
vn -0.0925 -0.8849 0.4565
vn -0.1994 -0.5398 0.8178
vn -0.3117 -0.0455 0.9491
vn -0.1994 -0.5398 0.8179
vn -0.3118 -0.0455 0.9491
vn -0.4325 -0.0480 0.9004
vn -0.4325 -0.0481 0.9004
vn -0.6502 -0.0469 0.7584
vn -0.5469 -0.0006 0.8372
vn -0.6502 -0.0468 0.7583
vn -0.6289 -0.0006 0.7775
vn -0.6988 -0.0006 0.7153
vn -0.6987 -0.0000 0.7154
vn -0.6979 -0.0456 0.7148
vn -0.5702 -0.5772 0.5845
vn -0.5313 -0.5771 0.6202
vn -0.3010 -0.9025 0.3080
vn -0.2725 -0.9054 0.3257
vn -0.2782 -0.9176 0.2840
vn -0.4330 -0.0006 0.9014
vn -0.4324 -0.0480 0.9004
vn -0.3116 -0.0006 0.9502
vn -0.2487 -0.0001 0.9686
vn -0.2485 -0.0000 0.9686
vn -0.2496 -0.0429 0.9674
vn -0.2495 -0.0429 0.9674
vn -0.2260 -0.9170 0.3287
vn -0.1514 -0.9140 0.3764
vn 0.2167 -0.4563 0.8630
vn -0.6507 0.4607 0.6036
vn -0.6509 0.4606 0.6035
vn -0.6509 0.4606 0.6034
vn -0.5123 -0.2426 -0.8238
vn -0.5124 -0.2426 -0.8238
vn -0.5126 -0.2440 -0.8232
vn 0.2156 -0.4606 -0.8610
vn -0.5123 -0.2425 -0.8238
vn 0.2158 -0.4607 -0.8609
vn 0.2158 -0.4606 -0.8610
vn 0.6508 -0.4606 -0.6036
vn 0.6507 -0.4607 -0.6036
vn 0.6509 -0.4606 -0.6034
vn 0.9687 -0.2426 0.0526
vn 0.6509 -0.4606 -0.6035
vn 0.5124 0.2429 0.8237
vn 0.9668 -0.2495 0.0552
vn 0.5124 0.2426 0.8238
vn -0.2156 0.4606 0.8610
vn -0.2157 0.4606 0.8610
vn -0.2156 0.4607 0.8610
vn -0.2158 0.4607 0.8609
vn -0.7956 -0.6023 -0.0643
vn -0.6851 -0.7268 -0.0480
vn -0.7956 -0.6024 -0.0643
vn -0.6851 -0.7268 -0.0479
vn -0.4542 -0.8906 -0.0250
vn -0.6850 -0.7270 -0.0479
vn -0.4542 -0.8906 -0.0251
vn -0.0872 -0.9961 -0.0106
vn -0.2302 -0.9731 -0.0127
vn 0.9014 0.4314 0.0352
vn -0.9711 0.2327 -0.0534
vn -0.9711 0.2324 -0.0536
vn -0.9344 -0.3524 -0.0516
vn -0.5603 -0.8280 -0.0185
vn 0.0609 0.9188 -0.3900
vn 0.0609 0.9189 -0.3899
vn -0.9344 -0.3525 -0.0516
vn -0.9344 -0.3525 -0.0514
vn -0.7279 0.6845 -0.0401
vn 0.1404 -0.0003 0.9901
vn 0.0130 -0.9149 0.4035
vn 0.0559 -0.9176 0.3936
vn 0.0616 -0.9024 0.4264
vn 0.0131 -0.9149 0.4035
vn 0.6454 -0.3255 -0.6910
vn 0.2821 -0.4410 -0.8520
vn 0.2820 -0.4403 -0.8524
vn 0.2820 -0.4404 -0.8524
vn 0.2819 -0.4404 -0.8524
vn -0.0764 -0.4801 -0.8739
vn 0.2818 -0.4389 -0.8532
vn -0.0290 -0.4792 -0.8773
vn -0.0290 -0.4795 -0.8771
vn 0.9685 -0.0000 0.2492
vn 0.9900 -0.0000 -0.1411
vn 0.3117 -0.0000 -0.9502
vn 0.3115 -0.0000 -0.9502
vn -0.2053 -0.0000 -0.9787
vn -0.6169 -0.0000 -0.7871
vn -0.6170 -0.0000 -0.7869
vn -0.8663 -0.0000 -0.4994
vn 0.3011 -0.9179 0.2585
vn 0.3322 -0.9179 0.2171
vn 0.3322 -0.9179 0.2170
vn 0.3577 -0.9179 0.1718
vn 0.3010 -0.9179 0.2585
vn 0.3276 -0.9021 0.2809
vn 0.8372 -0.0006 0.5469
vn 0.7583 -0.0468 0.6502
vn 0.7153 -0.0000 0.6988
vn 0.7583 -0.0469 0.6502
vn 0.7774 -0.0006 0.6290
vn 0.7154 -0.0000 0.6987
vn 0.7148 -0.0457 0.6979
vn 0.6201 -0.5771 0.5314
vn 0.5846 -0.5772 0.5702
vn 0.6202 -0.5771 0.5314
vn 0.5845 -0.5772 0.5703
vn 0.6202 -0.5771 0.5313
vn 0.3626 -0.9013 0.2369
vn 0.6842 -0.5763 0.4470
vn 0.8362 -0.0480 0.5463
vn 0.6842 -0.5762 0.4470
vn 0.9004 -0.0481 0.4325
vn 0.7366 -0.5763 0.3539
vn 0.3904 -0.9013 0.1875
vn 0.3894 -0.9101 0.1417
vn 0.3895 -0.9101 0.1417
vn 0.7763 -0.5760 0.2560
vn 0.7367 -0.5763 0.3538
vn 0.9491 -0.0455 0.3118
vn 0.9004 -0.0480 0.4325
vn 0.9004 -0.0480 0.4324
vn 0.9014 -0.0006 0.4330
vn 0.9502 -0.0006 0.3116
vn 0.9491 -0.0455 0.3117
vn 0.9685 -0.0000 0.2491
vn 0.9674 -0.0429 0.2495
vn 0.7910 -0.5749 0.2092
vn 0.7918 -0.5749 0.2060
vn 0.3901 -0.9156 0.0976
vn 0.3900 -0.9156 0.0976
vn -0.7127 0.0683 -0.6981
vn -0.7568 0.0685 -0.6500
vn -0.5851 0.5737 -0.5731
vn -0.7127 0.0684 -0.6981
vn -0.7568 0.0686 -0.6500
vn -0.6209 0.5746 -0.5332
vn -0.3403 0.8937 -0.2923
vn -0.5851 0.5738 -0.5731
vn -0.6208 0.5746 -0.5332
vn -0.3080 0.9023 -0.3017
vn -0.7569 0.0685 -0.6500
vn -0.2986 0.9193 -0.2565
vn -0.3080 0.9023 -0.3016
vn -0.3403 0.8938 -0.2923
vn -0.3403 0.8938 -0.2922
vn -0.3296 0.9193 -0.2153
vn -0.3755 0.8937 -0.2453
vn -0.3755 0.8937 -0.2454
vn -0.6851 0.5746 -0.4476
vn -0.6851 0.5746 -0.4477
vn -0.7569 0.0686 -0.6500
vn -0.8352 0.0685 -0.5457
vn -0.6852 0.5746 -0.4476
vn -0.8352 0.0685 -0.5456
vn -0.9480 0.0683 -0.3110
vn -0.9480 0.0683 -0.3109
vn -0.9663 0.0679 -0.2483
vn -0.4044 0.8937 -0.1942
vn -0.3756 0.8937 -0.2453
vn -0.7377 0.5746 -0.3544
vn -0.8993 0.0686 -0.4320
vn -0.7378 0.5746 -0.3544
vn -0.8993 0.0686 -0.4319
vn -0.9480 0.0684 -0.3110
vn -0.7778 0.5744 -0.2552
vn -0.4005 0.9050 -0.1431
vn -0.9663 0.0680 -0.2483
vn -0.7935 0.5734 -0.2040
vn -0.9480 0.0684 -0.3109
vn -0.7935 0.5734 -0.2041
vn -0.4353 0.8933 -0.1119
vn -0.7777 0.5745 -0.2552
vn -0.7934 0.5734 -0.2040
vn -0.4005 0.9051 -0.1430
vn -0.7777 0.5744 -0.2552
vn -0.3820 0.9189 -0.0981
vn -0.3687 0.9191 -0.1390
vn -0.3755 0.8938 -0.2453
vn -0.4043 0.8937 -0.1942
vn -0.3549 0.9192 -0.1704
vn -0.4043 0.8938 -0.1942
vn -0.3549 0.9193 -0.1704
vn 0.6670 -0.0001 0.7450
vn -0.7449 -0.0001 0.6672
vn -0.4072 -0.0000 -0.9134
vn -0.4071 -0.0000 -0.9134
vn -0.6989 -0.0000 -0.7152
vn -0.4073 -0.0000 -0.9133
vn -0.9502 -0.0000 -0.3117
vn -0.6991 -0.0000 -0.7151
vn -0.9502 -0.0000 -0.3115
vn -0.9787 -0.0000 0.2053
vn -0.2489 -0.0000 0.9685
vn -0.2487 -0.0000 0.9686
vn 0.2593 -0.0000 0.9658
vn 0.2239 -0.9179 0.3277
vn 0.1792 -0.9179 0.3541
vn 0.1314 -0.9179 0.3745
vn 0.2431 -0.9021 0.3565
vn 0.2432 -0.9021 0.3565
vn 0.2238 -0.9179 0.3277
vn 0.4599 -0.5771 0.6749
vn 0.5628 -0.0469 0.8252
vn 0.4510 -0.0480 0.8912
vn 0.5628 -0.0469 0.8253
vn 0.5451 -0.0006 0.8384
vn 0.6159 -0.0006 0.7878
vn 0.5629 -0.0468 0.8252
vn 0.6159 -0.0004 0.7878
vn 0.6152 -0.0457 0.7870
vn 0.6150 -0.0457 0.7872
vn 0.4599 -0.5771 0.6748
vn 0.5003 -0.5772 0.6454
vn 0.5025 -0.5772 0.6437
vn 0.4515 -0.0006 0.8923
vn 0.1956 -0.9013 0.3865
vn 0.3690 -0.5763 0.7292
vn 0.4600 -0.5771 0.6748
vn 0.0981 -0.9101 0.4027
vn 0.1314 -0.9179 0.3744
vn 0.0980 -0.9101 0.4027
vn 0.0560 -0.9176 0.3936
vn 0.1691 -0.5760 0.7997
vn 0.1691 -0.5760 0.7998
vn 0.1177 -0.5749 0.8097
vn 0.1690 -0.5760 0.7998
vn 0.2055 -0.0455 0.9776
vn 0.1176 -0.5749 0.8097
vn 0.2055 -0.0456 0.9776
vn 0.1417 -0.0429 0.9890
vn 0.1405 -0.0000 0.9901
vn 0.2052 -0.0006 0.9787
vn 0.1402 -0.0006 0.9901
vn 0.3312 -0.0006 0.9436
vn 0.3308 -0.0480 0.9425
vn 0.3690 -0.5762 0.7292
vn 0.3308 -0.0481 0.9425
vn 0.3691 -0.5762 0.7292
vn 0.1435 -0.9013 0.4087
vn 0.3691 -0.5763 0.7292
vn 0.2707 -0.5763 0.7711
vn 0.1434 -0.9013 0.4087
vn 0.0981 -0.9101 0.4026
vn -0.0644 -0.6023 0.7956
vn -0.0480 -0.7268 0.6851
vn -0.0643 -0.6024 0.7956
vn -0.0479 -0.7268 0.6851
vn -0.0250 -0.8906 0.4542
vn -0.0479 -0.7270 0.6850
vn -0.0251 -0.8906 0.4542
vn -0.0127 -0.9730 0.2303
vn -0.0106 -0.9961 0.0872
vn -0.0127 -0.9731 0.2302
vn -0.6670 -0.0001 -0.7450
vn -0.3900 0.9188 -0.0609
vn -0.3899 0.9189 -0.0609
vn 0.9658 -0.0000 -0.2593
vn 0.7525 0.6573 0.0415
vn 0.8795 0.4734 0.0485
vn 0.4183 0.9080 0.0231
vn 0.7524 0.6574 0.0415
vn 0.4181 0.9081 0.0231
vn -0.5059 0.8621 -0.0279
vn -0.9250 0.3764 -0.0510
vn -0.5061 0.8621 -0.0279
vn -0.5061 0.8620 -0.0279
vn -0.9251 0.3762 -0.0510
vn -0.8011 0.5745 0.1681
vn -0.4391 0.8937 0.0921
vn -0.8222 0.5626 0.0869
vn -0.8011 0.5744 0.1681
vn -0.3905 0.9189 0.0555
vn -0.3715 0.9192 0.1304
vn -0.4232 0.8938 0.1485
vn -0.4233 0.8938 0.1486
vn -0.4233 0.8937 0.1486
vn -0.7722 0.5746 0.2711
vn -0.7551 0.5626 0.3366
vn -0.9177 0.0684 0.3913
vn -0.7552 0.5625 0.3367
vn -0.9764 0.0683 0.2048
vn -0.9413 0.0685 0.3304
vn -0.9877 0.0679 0.1406
vn -0.9764 0.0684 0.2049
vn -0.8222 0.5625 0.0868
vn -0.9764 0.0684 0.2048
vn -0.8222 0.5625 0.0869
vn -0.9877 0.0680 0.1406
vn -0.0873 -0.9961 -0.0108
vn 0.0485 -0.9988 -0.0018
vn 0.0487 -0.9988 -0.0018
vn 0.5397 -0.8413 0.0298
vn 0.3071 -0.9516 0.0110
vn 0.9105 -0.4104 0.0502
vn 0.5399 -0.8412 0.0298
vn 0.9106 -0.4102 0.0502
vn 0.7523 -0.5755 -0.3207
vn 0.4087 -0.9013 -0.1435
vn 0.7523 -0.5754 -0.3208
vn 0.7711 -0.5763 -0.2707
vn 0.7998 -0.5760 -0.1691
vn 0.4223 -0.9021 -0.0892
vn 0.7711 -0.5763 -0.2706
vn 0.9776 -0.0455 -0.2055
vn 0.9776 -0.0456 -0.2055
vn 0.9425 -0.0480 -0.3308
vn 0.9425 -0.0481 -0.3309
vn 0.9425 -0.0481 -0.3308
vn 0.7533 -0.5754 -0.3186
vn 0.9188 -0.0479 -0.3918
vn 0.3745 -0.9179 -0.1314
vn 0.3744 -0.9179 -0.1314
vn 0.4087 -0.9013 -0.1434
vn 0.4223 -0.9021 -0.0891
vn 0.3984 -0.9156 -0.0541
vn 0.7997 -0.5760 -0.1691
vn 0.8097 -0.5750 -0.1177
vn 0.8097 -0.5749 -0.1177
vn 0.7998 -0.5760 -0.1690
vn 0.9890 -0.0429 -0.1417
vn 0.8097 -0.5749 -0.1176
vn 0.9900 -0.0000 -0.1412
vn 0.9787 -0.0006 -0.2052
vn 0.9900 -0.0001 -0.1411
vn 0.9436 -0.0006 -0.3312
vn -0.2552 0.5745 0.7778
vn -0.2040 0.5734 0.7934
vn -0.1119 0.8933 0.4353
vn -0.2552 0.5744 0.7777
vn -0.1413 0.8991 0.4143
vn -0.2552 0.5744 0.7778
vn -0.1414 0.8991 0.4143
vn -0.1942 0.8937 0.4044
vn -0.1704 0.9192 0.3549
vn -0.1942 0.8938 0.4043
vn -0.1704 0.9193 0.3549
vn -0.2453 0.8937 0.3755
vn -0.1942 0.8937 0.4043
vn -0.2812 0.8991 0.3354
vn -0.5332 0.5746 0.6209
vn -0.6097 0.5746 0.5460
vn -0.5332 0.5746 0.6208
vn -0.6500 0.0685 0.7568
vn -0.7432 0.0685 0.6655
vn -0.7432 0.0684 0.6655
vn -0.8237 0.0685 0.5629
vn -0.8608 -0.0000 0.5089
vn -0.8237 0.0685 0.5628
vn -0.6500 0.0685 0.7569
vn -0.6758 0.5746 0.4617
vn -0.6757 0.5746 0.4617
vn -0.3342 0.8937 0.2992
vn -0.3342 0.8937 0.2993
vn -0.8238 0.0685 0.5628
vn -0.8588 0.0684 0.5077
vn -0.7050 0.5738 0.4168
vn -0.8238 0.0686 0.5628
vn -0.3395 0.9189 0.2007
vn -0.2933 0.9192 0.2626
vn -0.2565 0.9193 0.2986
vn -0.0982 0.9189 0.3820
vn 0.2261 -0.9170 -0.3287
vn 0.2374 -0.9009 -0.3633
vn 0.2724 -0.9054 -0.3257
vn 0.2375 -0.9009 -0.3634
vn 0.5314 -0.5771 -0.6201
vn 0.2725 -0.9053 -0.3257
vn 0.4470 -0.5763 -0.6841
vn 0.2017 -0.8908 -0.4072
vn 0.4470 -0.5763 -0.6842
vn 0.2374 -0.9009 -0.3634
vn 0.3617 -0.5561 -0.7483
vn 0.1442 -0.8911 -0.4302
vn 0.1443 -0.8911 -0.4303
vn 0.2611 -0.5387 -0.8010
vn 0.3617 -0.5562 -0.7483
vn 0.3617 -0.5560 -0.7483
vn 0.5463 -0.0480 -0.8362
vn 0.6502 -0.0469 -0.7583
vn 0.5314 -0.5771 -0.6202
vn 0.1824 -0.9157 -0.3581
vn 0.1147 -0.9177 -0.3804
vn 0.0924 -0.8849 -0.4565
vn 0.1442 -0.8912 -0.4302
vn 0.2610 -0.5387 -0.8010
vn 0.1442 -0.8911 -0.4303
vn 0.0925 -0.8849 -0.4566
vn 0.2611 -0.5386 -0.8011
vn 0.0925 -0.8849 -0.4565
vn 0.1994 -0.5398 -0.8178
vn 0.3117 -0.0455 -0.9491
vn 0.1994 -0.5398 -0.8179
vn 0.3118 -0.0455 -0.9491
vn 0.4325 -0.0480 -0.9004
vn 0.4325 -0.0481 -0.9004
vn 0.6502 -0.0469 -0.7584
vn 0.5469 -0.0006 -0.8372
vn 0.6502 -0.0468 -0.7583
vn 0.6289 -0.0006 -0.7775
vn 0.6988 -0.0006 -0.7153
vn 0.6987 -0.0000 -0.7154
vn 0.6979 -0.0456 -0.7148
vn 0.5702 -0.5772 -0.5845
vn 0.5313 -0.5771 -0.6202
vn 0.3010 -0.9025 -0.3080
vn 0.2725 -0.9054 -0.3257
vn 0.0724 -0.9163 -0.3938
vn 0.2782 -0.9176 -0.2840
vn 0.4330 -0.0006 -0.9014
vn 0.4324 -0.0480 -0.9004
vn 0.3116 -0.0006 -0.9502
vn 0.2483 -0.0006 -0.9687
vn 0.2485 -0.0000 -0.9686
vn 0.2496 -0.0429 -0.9674
vn 0.2495 -0.0429 -0.9674
vn 0.2260 -0.9170 -0.3287
vn 0.1514 -0.9140 -0.3764
vn 0.9916 -0.1295 -0.0052
vn 0.9916 -0.1295 -0.0051
vn 0.9421 -0.3352 -0.0070
vn 0.9916 -0.1296 -0.0052
vn 0.9421 -0.3352 -0.0071
vn 0.9422 -0.3350 -0.0070
vn 0.5397 -0.8413 0.0297
vn -0.4215 -0.3588 -0.8328
vn -0.2313 -0.1751 -0.9570
vn -0.2313 -0.1749 -0.9570
vn -0.2314 -0.1749 -0.9570
vn 0.3414 -0.9159 -0.2111
vn 0.3695 -0.8924 -0.2590
vn 0.3413 -0.9159 -0.2111
vn 0.4005 -0.8821 -0.2480
vn 0.4006 -0.8821 -0.2478
vn 0.6844 -0.5585 -0.4688
vn 0.4007 -0.8821 -0.2478
vn 0.6843 -0.5586 -0.4688
vn 0.7221 -0.5385 -0.4342
vn 0.7222 -0.5384 -0.4343
vn 0.6844 -0.5585 -0.4687
vn 0.8252 -0.0469 -0.5628
vn 0.7222 -0.5384 -0.4342
vn 0.8599 -0.0479 -0.5082
vn 0.8608 -0.0006 -0.5089
vn 0.8598 -0.0479 -0.5084
vn 0.8384 -0.0006 -0.5451
vn 0.8252 -0.0468 -0.5629
vn 0.7878 -0.0006 -0.6159
vn 0.7871 -0.0456 -0.6152
vn 0.7879 -0.0000 -0.6158
vn 0.6844 -0.5584 -0.4688
vn 0.7872 -0.0456 -0.6150
vn 0.6454 -0.5772 -0.5003
vn 0.3382 -0.9016 -0.2698
vn 0.6437 -0.5772 -0.5025
vn 0.6843 -0.5585 -0.4688
vn 0.3109 -0.9158 -0.2543
vn -0.2167 -0.4563 -0.8630
vn 0.6507 0.4607 -0.6036
vn 0.6509 0.4606 -0.6035
vn 0.6509 0.4606 -0.6034
vn 0.5123 -0.2426 0.8238
vn 0.5124 -0.2426 0.8238
vn 0.5126 -0.2440 0.8232
vn -0.2156 -0.4606 0.8610
vn 0.5123 -0.2425 0.8238
vn -0.2158 -0.4607 0.8609
vn -0.2158 -0.4606 0.8610
vn -0.6508 -0.4606 0.6036
vn -0.6507 -0.4607 0.6036
vn -0.6509 -0.4606 0.6034
vn -0.9687 -0.2426 -0.0526
vn -0.6509 -0.4606 0.6035
vn -0.5124 0.2429 -0.8237
vn -0.9668 -0.2495 -0.0552
vn -0.5124 0.2426 -0.8238
vn 0.2156 0.4606 -0.8610
vn 0.2157 0.4606 -0.8610
vn 0.2156 0.4607 -0.8610
vn 0.2158 0.4607 -0.8609
vn 0.9999 0.0001 -0.0104
vn -0.2458 0.9440 0.2201
vn -0.8922 -0.0000 0.4516
vn 0.7284 0.6843 0.0342
vn -0.0536 0.2326 0.9711
vn -0.0342 0.6843 0.7284
vn -0.0402 0.6844 0.7280
vn -0.0401 0.6844 0.7280
vn 0.9999 -0.0001 -0.0102
vn 0.9999 -0.0000 -0.0103
vn 0.9946 -0.0004 -0.1034
vn 0.0001 -1.0000 -0.0001
vn -0.0003 -1.0000 -0.0001
vn -0.0550 0.0001 0.9985
vn -0.0550 -0.0001 0.9985
vn 0.0002 1.0000 0.0001
vn 0.0550 -0.0001 -0.9985
vn 0.0550 0.0001 -0.9985
vn -0.0001 -1.0000 0.0001
vn -0.9999 -0.0000 0.0105
vn -0.1204 -0.0000 0.9927
vn -0.1203 -0.0000 0.9927
vn -0.1202 -0.0000 0.9927
vn -0.9250 0.3764 -0.0511
vn -0.0550 -0.0000 0.9985
vn 0.0103 -0.0000 0.9999
vn 0.0342 0.6843 -0.7284
vn 0.0402 0.6844 -0.7280
vn 0.0401 0.6844 -0.7280
vn -0.2873 0.9532 -0.0942
vn 0.0152 -0.9611 -0.2758
vn 0.0515 -0.3525 -0.9344
vn 0.0515 -0.3523 -0.9345
vn 0.0516 -0.3523 -0.9345
vn 0.0402 0.6843 -0.7281
vn 0.0536 0.2327 -0.9711
vn 0.0535 0.2327 -0.9711
vn 0.0279 0.8621 -0.5060
vn 0.0402 0.6845 -0.7279
vn -0.2488 -0.0000 0.9686
vn 0.0474 0.9647 -0.2592
vn 0.0374 0.9967 -0.0724
vn 0.0475 0.9647 -0.2592
vn 0.3645 0.9311 -0.0135
vn 0.3704 0.8937 -0.2530
vn 0.3646 0.9311 -0.0135
vn 0.3704 0.8938 -0.2530
vn 0.9092 0.4114 -0.0639
vn 0.4152 0.7001 -0.5810
vn 0.8647 0.4033 -0.2993
vn 0.0707 0.7564 -0.6503
vn 0.0475 0.9646 -0.2594
vn 0.3703 0.8938 -0.2531
vn 0.4151 0.7001 -0.5810
vn 0.0894 0.3205 -0.9430
vn 0.0707 0.7563 -0.6504
vn 0.4151 0.7000 -0.5811
vn 0.4523 0.2919 -0.8427
vn 0.8647 0.4032 -0.2994
vn 0.4524 0.2919 -0.8427
vn 0.4152 0.7000 -0.5810
vn 0.8648 0.4032 -0.2994
vn 0.8883 0.1638 -0.4291
vn 0.8648 0.4032 -0.2993
vn 0.8883 0.1638 -0.4290
vn 0.8648 0.4031 -0.2994
vn 0.9093 0.4113 -0.0639
vn 0.3644 0.9311 -0.0134
vn 0.4524 0.2918 -0.8427
vn 0.0914 0.0531 -0.9944
vn 0.4523 0.2919 -0.8428
vn 0.0910 0.0537 -0.9944
vn 0.0894 0.3203 -0.9431
vn 0.4523 0.2918 -0.8428
vn -0.0186 0.9994 -0.0286
vn -0.0187 0.9647 -0.2629
vn -0.0292 0.9967 -0.0761
vn -0.3570 0.2919 -0.8873
vn -0.8357 0.1638 -0.5242
vn -0.8266 0.4032 -0.3927
vn -0.3488 0.7000 -0.6231
vn -0.8967 0.4114 -0.1635
vn -0.3488 0.7001 -0.6231
vn -0.8266 0.4033 -0.3926
vn -0.3756 0.8937 -0.2454
vn -0.3609 0.9311 -0.0535
vn -0.3608 0.9311 -0.0535
vn -0.3608 0.9311 -0.0534
vn 0.0148 0.3205 -0.9471
vn -0.3569 0.2919 -0.8874
vn -0.3487 0.7000 -0.6232
vn -0.3487 0.7001 -0.6232
vn 0.0012 0.7563 -0.6543
vn 0.0012 0.7564 -0.6542
vn -0.0186 0.9646 -0.2630
vn 0.0189 0.0537 -0.9984
vn 0.0148 0.3203 -0.9472
vn 0.0185 0.0531 -0.9984
vn -0.3304 0.0685 -0.9414
vn -0.3305 0.0685 -0.9413
vn -0.8357 0.1637 -0.5241
vn -0.3570 0.2919 -0.8874
vn -0.8266 0.4032 -0.3926
vn -0.8358 0.1638 -0.5241
vn -0.8967 0.4113 -0.1635
vn -0.8967 0.4113 -0.1634
vn -0.3434 0.9390 -0.0191
vn -0.0509 -0.3839 0.9220
vn -0.0508 -0.3839 0.9220
vn 0.0108 -0.9961 -0.0873
vn 0.0107 -0.9961 -0.0872
vn 0.0019 -0.9988 0.0485
vn -0.0109 -0.9516 0.3070
vn 0.0019 -0.9988 0.0487
vn -0.0109 -0.9516 0.3071
vn -0.0480 -0.7270 0.6850
vn 0.0037 0.9978 -0.0667
vn -0.0251 0.8906 0.4542
vn -0.0250 0.8906 0.4542
vn -0.0535 0.2326 0.9711
vn 0.0328 -0.8027 -0.5955
vn 0.0172 0.9501 -0.3114
vn 0.0172 0.9501 -0.3115
vn 0.0324 0.8086 -0.5875
vn 0.0324 0.8085 -0.5877
vn 0.0516 0.0886 -0.9947
vn 0.0277 -0.7269 -0.6862
vn 0.0484 -0.4785 -0.8767
vn 0.0484 -0.4784 -0.8768
vn 0.0516 0.0885 -0.9947
vn 0.0483 -0.4784 -0.8768
vn 0.0344 0.7478 -0.6630
vn 0.0516 0.0887 -0.9947
vn 0.0093 0.9857 -0.1681
vn 0.0344 0.7479 -0.6629
vn 0.0093 0.9858 -0.1679
vn 0.0483 -0.4785 -0.8767
vn 0.0484 -0.4783 -0.8768
vn 0.0483 -0.4783 -0.8768
vn 0.0482 -0.4784 -0.8768
vn 0.0345 0.7478 -0.6630
vn 0.0092 0.9858 -0.1679
vn -0.4542 -0.8905 -0.0252
vn -0.0516 -0.0886 0.9947
vn 0.2758 -0.9611 0.0152
vn 0.9344 -0.3524 0.0515
vn 0.9344 -0.3525 0.0515
vn 0.9345 -0.3523 0.0515
vn 0.9345 -0.3523 0.0516
vn 0.9711 0.2325 0.0537
vn 0.7281 0.6843 0.0402
vn 0.7281 0.6843 0.0401
vn 0.9711 0.2327 0.0535
vn 0.5060 0.8621 0.0279
vn 0.7279 0.6845 0.0402
vn 0.0516 -0.3522 -0.9345
vn 0.0515 -0.3522 -0.9345
vn 0.0381 0.7227 -0.6901
vn 0.0380 0.7227 -0.6901
vn 0.0250 0.8906 -0.4541
vn 0.0380 0.7228 -0.6900
vn 0.2592 0.9647 0.0474
vn 0.0724 0.9967 0.0374
vn 0.2592 0.9647 0.0475
vn 0.0135 0.9311 0.3645
vn 0.0135 0.9311 0.3646
vn 0.0639 0.4114 0.9092
vn 0.5810 0.7001 0.4152
vn 0.2026 0.8937 0.4003
vn 0.2993 0.4033 0.8647
vn 0.6503 0.7564 0.0707
vn 0.2594 0.9646 0.0475
vn 0.5810 0.7001 0.4151
vn 0.9430 0.3204 0.0894
vn 0.6505 0.7562 0.0707
vn 0.5811 0.7000 0.4151
vn 0.8428 0.2919 0.4523
vn 0.2994 0.4032 0.8648
vn 0.8427 0.2919 0.4524
vn 0.4291 0.1639 0.8883
vn 0.8427 0.2918 0.4524
vn 0.2993 0.4032 0.8648
vn 0.4290 0.1638 0.8883
vn 0.2994 0.4031 0.8648
vn 0.0639 0.4113 0.9093
vn 0.0134 0.9311 0.3646
vn 0.0134 0.9311 0.3644
vn 0.8993 0.0685 0.4320
vn 0.4291 0.1637 0.8883
vn 0.8992 0.0685 0.4320
vn 0.4291 0.1638 0.8883
vn 0.9944 0.0531 0.0914
vn 0.8993 0.0685 0.4319
vn 0.9944 0.0541 0.0908
vn 0.9431 0.3203 0.0894
vn 0.8428 0.2918 0.4523
vn 0.0286 0.9994 -0.0186
vn 0.2629 0.9647 -0.0187
vn 0.2453 0.8938 -0.3755
vn 0.0761 0.9967 -0.0292
vn 0.2629 0.9647 -0.0186
vn 0.8873 0.2919 -0.3570
vn 0.5242 0.1638 -0.8357
vn 0.3927 0.4032 -0.8266
vn 0.8874 0.2919 -0.3570
vn 0.6231 0.7000 -0.3488
vn 0.1635 0.4114 -0.8966
vn 0.6231 0.7001 -0.3488
vn 0.3926 0.4033 -0.8266
vn 0.1635 0.4114 -0.8967
vn 0.0535 0.9311 -0.3609
vn 0.0535 0.9311 -0.3608
vn 0.0534 0.9311 -0.3608
vn 0.9471 0.3205 0.0148
vn 0.8874 0.2919 -0.3569
vn 0.6232 0.7000 -0.3487
vn 0.9472 0.3204 0.0148
vn 0.6232 0.7001 -0.3487
vn 0.6543 0.7562 0.0012
vn 0.6542 0.7564 0.0012
vn 0.2630 0.9646 -0.0186
vn 0.9984 0.0541 0.0191
vn 0.9472 0.3203 0.0148
vn 0.9984 0.0531 0.0185
vn 0.9414 0.0685 -0.3304
vn 0.5242 0.1637 -0.8357
vn 0.8874 0.2918 -0.3570
vn 0.5241 0.1637 -0.8357
vn 0.3926 0.4032 -0.8266
vn 0.5241 0.1638 -0.8358
vn 0.1635 0.4113 -0.8967
vn 0.1634 0.4113 -0.8967
vn 0.0193 0.9327 -0.3602
vn -0.9106 -0.4103 -0.0502
vn -0.8460 0.5311 -0.0467
vn 0.0872 -0.9961 0.0107
vn -0.0485 -0.9988 0.0019
vn -0.3070 -0.9516 -0.0109
vn -0.0487 -0.9988 0.0019
vn -0.3071 -0.9516 -0.0109
vn -0.6850 -0.7270 -0.0480
vn 0.7127 0.0683 0.6981
vn 0.7568 0.0685 0.6500
vn 0.5851 0.5737 0.5731
vn 0.7127 0.0684 0.6981
vn 0.7568 0.0686 0.6500
vn 0.6209 0.5746 0.5332
vn 0.3403 0.8937 0.2923
vn 0.5851 0.5738 0.5731
vn 0.6208 0.5746 0.5332
vn 0.3080 0.9023 0.3017
vn 0.7569 0.0685 0.6500
vn 0.2986 0.9193 0.2565
vn 0.3080 0.9023 0.3016
vn 0.3403 0.8938 0.2923
vn 0.3403 0.8938 0.2922
vn 0.3296 0.9193 0.2153
vn 0.3755 0.8937 0.2453
vn 0.3755 0.8937 0.2454
vn 0.6851 0.5746 0.4476
vn 0.6851 0.5746 0.4477
vn 0.7569 0.0686 0.6500
vn 0.8352 0.0685 0.5457
vn 0.6852 0.5746 0.4476
vn 0.8352 0.0685 0.5456
vn 0.9480 0.0683 0.3110
vn 0.9686 -0.0000 0.2488
vn 0.9480 0.0683 0.3109
vn 0.9663 0.0679 0.2483
vn 0.4044 0.8937 0.1942
vn 0.7377 0.5746 0.3544
vn 0.8993 0.0686 0.4320
vn 0.7378 0.5746 0.3544
vn 0.8993 0.0686 0.4319
vn 0.9480 0.0684 0.3110
vn 0.7778 0.5744 0.2552
vn 0.4005 0.9050 0.1431
vn 0.9663 0.0680 0.2483
vn 0.7935 0.5734 0.2040
vn 0.9480 0.0684 0.3109
vn 0.7935 0.5734 0.2041
vn 0.4353 0.8933 0.1119
vn 0.7777 0.5745 0.2552
vn 0.7934 0.5734 0.2040
vn 0.4005 0.9051 0.1430
vn 0.7777 0.5744 0.2552
vn 0.3687 0.9191 0.1390
vn 0.4043 0.8937 0.1942
vn 0.3549 0.9192 0.1704
vn 0.4043 0.8938 0.1942
vn 0.3549 0.9193 0.1704
vn 0.0510 0.3762 -0.9251
vn 0.0279 0.8620 -0.5061
vn 0.0510 0.3764 -0.9251
vn 0.0279 0.8621 -0.5059
vn -0.0231 0.9081 0.4181
vn -0.0415 0.6574 0.7524
vn -0.0231 0.9080 0.4183
vn -0.0485 0.4734 0.8795
vn -0.0415 0.6573 0.7525
vn -0.9916 -0.1295 0.0052
vn -0.9916 -0.1295 0.0051
vn -0.9421 -0.3352 0.0070
vn -0.9105 -0.4104 -0.0502
vn -0.9916 -0.1296 0.0052
vn -0.9421 -0.3352 0.0071
vn -0.9422 -0.3350 0.0070
vn 0.4215 -0.3588 0.8328
vn 0.2313 -0.1751 0.9570
vn 0.2313 -0.1749 0.9570
vn 0.2314 -0.1749 0.9570
vn -0.3414 -0.9159 0.2111
vn -0.3695 -0.8924 0.2590
vn -0.3413 -0.9159 0.2111
vn -0.4005 -0.8821 0.2480
vn -0.4006 -0.8821 0.2478
vn -0.6844 -0.5585 0.4688
vn -0.4007 -0.8821 0.2478
vn -0.6843 -0.5586 0.4688
vn -0.7221 -0.5385 0.4342
vn -0.7222 -0.5384 0.4343
vn -0.6844 -0.5585 0.4687
vn -0.8252 -0.0469 0.5628
vn -0.7222 -0.5384 0.4342
vn -0.8599 -0.0479 0.5082
vn -0.8598 -0.0479 0.5084
vn -0.8608 -0.0006 0.5089
vn -0.8384 -0.0006 0.5451
vn -0.8252 -0.0468 0.5629
vn -0.7878 -0.0006 0.6159
vn -0.7871 -0.0456 0.6152
vn -0.7879 -0.0000 0.6158
vn -0.6844 -0.5584 0.4688
vn -0.7872 -0.0456 0.6150
vn -0.6454 -0.5772 0.5003
vn -0.3382 -0.9016 0.2698
vn -0.6437 -0.5772 0.5025
vn -0.6843 -0.5585 0.4688
vn -0.3109 -0.9158 0.2543
vn 0.4035 -0.9149 -0.0130
vn 0.4035 -0.9149 -0.0131
vn -0.6910 -0.3255 -0.6454
vn -0.8520 -0.4410 -0.2821
vn -0.8524 -0.4404 -0.2820
vn -0.8524 -0.4404 -0.2819
vn -0.8739 -0.4801 0.0764
vn -0.8532 -0.4389 -0.2818
vn -0.8773 -0.4791 0.0290
vn -0.8771 -0.4795 0.0290
vn 0.2458 0.9440 -0.2201
vn -0.2659 0.9023 -0.3393
vn -0.2660 0.9023 -0.3393
vn -0.2531 0.8938 -0.3703
vn -0.2530 0.8938 -0.3704
vn -0.2221 0.9193 -0.3251
vn -0.2025 0.8937 -0.4002
vn -0.2530 0.8938 -0.3703
vn -0.1486 0.8938 -0.4233
vn -0.3695 0.5746 -0.7302
vn -0.1486 0.8937 -0.4233
vn -0.3696 0.5746 -0.7302
vn -0.2711 0.5746 -0.7722
vn -0.4504 0.0686 -0.8902
vn -0.3696 0.5746 -0.7303
vn -0.3305 0.0686 -0.9413
vn -0.4505 0.0685 -0.8902
vn -0.3304 0.0685 -0.9413
vn -0.2048 0.0683 -0.9764
vn -0.1406 0.0679 -0.9877
vn -0.0869 0.5625 -0.8222
vn -0.1406 0.0680 -0.9877
vn -0.3304 0.0686 -0.9413
vn -0.5053 0.5738 -0.6446
vn -0.2531 0.8937 -0.3704
vn -0.5052 0.5738 -0.6446
vn -0.4617 0.5746 -0.6757
vn -0.5628 0.0685 -0.8237
vn -0.4617 0.5746 -0.6758
vn -0.4505 0.0686 -0.8901
vn -0.5628 0.0685 -0.8238
vn -0.4505 0.0685 -0.8901
vn -0.6155 0.0683 -0.7852
vn -0.5053 0.5737 -0.6446
vn -0.6155 0.0684 -0.7852
vn -0.5629 0.0686 -0.8237
vn -0.1485 0.8938 -0.4232
vn -0.0868 0.5625 -0.8222
vn -0.2048 0.0684 -0.9764
vn -0.1681 0.5744 -0.8011
vn -0.1681 0.5745 -0.8011
vn -0.0633 0.8933 -0.4450
vn -0.0869 0.5626 -0.8222
vn -0.0981 0.9051 -0.4138
vn -0.0555 0.9189 -0.3905
vn -0.0633 0.8933 -0.4449
vn -0.0976 0.9191 -0.3817
vn -0.2049 0.0684 -0.9764
vn -0.0982 0.9050 -0.4138
vn -0.1304 0.9193 -0.3715
vn -0.5836 -0.0000 0.8120
vn -0.5836 0.0001 0.8120
vn 0.0549 0.0001 -0.9985
vn 0.9345 -0.3522 0.0516
vn 0.9345 -0.3522 0.0515
vn 0.9345 -0.3522 0.0514
vn 0.6901 0.7227 0.0381
vn 0.9711 0.2327 0.0536
vn 0.6901 0.7227 0.0380
vn 0.6900 0.7228 0.0380
vn -0.3943 0.9188 0.0177
vn -0.3943 0.9188 0.0176
vn 0.0873 -0.9961 0.0108
vn -0.0485 -0.9988 0.0018
vn -0.0487 -0.9988 0.0018
vn -0.3071 -0.9516 -0.0110
vn -0.5605 -0.8280 -0.0185
vn -0.9106 -0.4102 -0.0502
vn 0.0003 -1.0000 0.0001
vn -0.0002 1.0000 -0.0001
vn -0.7525 0.6573 -0.0415
vn -0.8795 0.4734 -0.0485
vn -0.7524 0.6574 -0.0415
vn 0.5059 0.8621 0.0279
vn 0.9250 0.3764 0.0510
vn 0.5061 0.8621 0.0279
vn 0.5061 0.8620 0.0279
vn 0.9251 0.3762 0.0510
vn 0.9250 0.3764 0.0511
vn 0.2987 0.9193 0.2565
vn -0.2987 0.9193 -0.2565
vn 0.2484 -0.0003 -0.9686
vn 0.2482 -0.0003 -0.9687
vn 0.0723 -0.9163 -0.3938
vn 0.5655 -0.3255 0.7578
vn 0.1866 -0.4404 0.8782
vn 0.1866 -0.4403 0.8782
vn 0.1866 -0.4410 0.8779
vn -0.1721 -0.4801 0.8602
vn 0.1864 -0.4404 0.8782
vn 0.1865 -0.4410 0.8779
vn -0.1253 -0.4791 0.8687
vn -0.1720 -0.4801 0.8602
vn -0.1253 -0.4795 0.8685
vn -0.7979 -0.6024 -0.0236
vn -0.7979 -0.6023 -0.0235
vn 0.0177 0.9188 0.3943
vn 0.0176 0.9188 0.3943
vn 0.7449 -0.0001 -0.6672
vn -0.9338 -0.0000 -0.3579
vn -0.0236 -0.6024 0.7979
vn -0.0235 -0.6023 0.7979
vn 0.9344 -0.3525 0.0516
vn 0.5399 -0.8412 0.0297
vn 0.9344 -0.3525 0.0514
vn 0.7279 0.6845 0.0401
vn 0.3943 0.9188 -0.0177
vn 0.3943 0.9188 -0.0176
vn 0.6900 0.7228 0.0381
vn 0.9711 0.2327 0.0534
vn 0.9711 0.2324 0.0536
vn 0.9344 -0.3524 0.0516
vn -0.9684 -0.0000 -0.2492
vn -0.3901 -0.9156 -0.0975
vn -0.3996 -0.9149 -0.0573
vn 0.7578 -0.3255 -0.5655
vn 0.8782 -0.4404 -0.1866
vn 0.8782 -0.4403 -0.1866
vn 0.8779 -0.4410 -0.1866
vn 0.8602 -0.4801 0.1721
vn 0.8782 -0.4404 -0.1864
vn 0.8779 -0.4410 -0.1865
vn 0.8688 -0.4791 0.1253
vn 0.8602 -0.4801 0.1720
vn 0.8685 -0.4795 0.1253
vn -0.3435 0.9389 -0.0189
vn -0.1513 -0.9140 0.3764
vn -0.8000 -0.1948 0.5676
vn -0.7810 -0.3788 0.4966
vn -0.8000 -0.1946 0.5676
vn -0.7811 -0.3786 0.4966
vn -0.7999 -0.1946 0.5676
vn -0.4407 -0.2040 0.8741
vn -0.4408 -0.2040 0.8741
vn -0.4407 -0.2040 0.8742
vn -0.3723 -0.3960 0.8394
vn -0.4407 -0.2041 0.8741
vn -0.3723 -0.3961 0.8393
vn -0.0372 -0.4266 0.9037
vn -0.0372 -0.4268 0.9036
vn 0.8663 -0.0000 0.4995
vn -0.0975 -0.9156 0.3901
vn -0.0977 -0.9156 0.3901
vn -0.0573 -0.9149 0.3996
vn -0.5655 -0.3255 -0.7578
vn -0.1866 -0.4404 -0.8782
vn -0.1866 -0.4403 -0.8782
vn -0.1866 -0.4410 -0.8779
vn 0.1721 -0.4801 -0.8602
vn -0.1864 -0.4404 -0.8782
vn -0.1865 -0.4410 -0.8779
vn 0.1253 -0.4791 -0.8687
vn 0.1720 -0.4801 -0.8602
vn 0.1253 -0.4795 -0.8685
vn 0.7979 -0.6024 0.0236
vn 0.7979 -0.6023 0.0235
vn -0.0177 0.9188 -0.3943
vn -0.0176 0.9188 -0.3943
vn 0.0018 -0.9988 0.0485
vn 0.0018 -0.9988 0.0487
vn -0.0110 -0.9516 0.3071
vn -0.0372 -0.4267 0.9036
vn -0.0230 0.9081 0.4181
vn 0.9684 -0.0000 0.2492
vn 0.3901 -0.9156 0.0975
vn 0.3996 -0.9149 0.0573
vn -0.7578 -0.3255 0.5655
vn -0.8782 -0.4404 0.1866
vn -0.8782 -0.4403 0.1866
vn -0.8779 -0.4410 0.1866
vn -0.8602 -0.4801 -0.1721
vn -0.8782 -0.4404 0.1864
vn -0.8779 -0.4410 0.1865
vn -0.8688 -0.4791 -0.1253
vn -0.8602 -0.4801 -0.1720
vn -0.8685 -0.4795 -0.1253
vn -0.3544 0.5746 0.7377
vn -0.4476 0.5746 0.6852
vn -0.3543 0.5747 0.7377
vn -0.4477 0.5746 0.6851
vn -0.5456 0.0686 0.8352
vn -0.5457 0.0685 0.8352
vn -0.5456 0.0685 0.8352
vn -0.3110 0.0683 0.9480
vn -0.3109 0.0683 0.9480
vn -0.2483 0.0679 0.9663
vn -0.2040 0.5734 0.7935
vn -0.2483 0.0680 0.9663
vn -0.2041 0.5734 0.7935
vn -0.3109 0.0684 0.9480
vn -0.4319 0.0686 0.8993
vn -0.4320 0.0686 0.8993
vn 0.7999 -0.1948 -0.5676
vn 0.7810 -0.3788 -0.4966
vn 0.8000 -0.1946 -0.5676
vn 0.7811 -0.3786 -0.4966
vn 0.7999 -0.1946 -0.5676
vn 0.4407 -0.2040 -0.8741
vn 0.4408 -0.2040 -0.8741
vn 0.4407 -0.2040 -0.8742
vn 0.3723 -0.3960 -0.8394
vn 0.4407 -0.2041 -0.8741
vn 0.3723 -0.3961 -0.8393
vn -0.6670 0.0001 -0.7450
vn -0.8663 -0.0000 -0.4995
vn 0.0236 -0.6024 -0.7979
vn 0.0235 -0.6023 -0.7979
vn 0.0516 -0.3525 -0.9344
vn 0.0297 -0.8412 -0.5399
vn 0.0514 -0.3525 -0.9344
vn 0.0401 0.6843 -0.7281
vn 0.0401 0.6845 -0.7279
vn 0.0381 0.7228 -0.6900
vn 0.0251 0.8906 -0.4541
vn 0.0516 -0.3524 -0.9344
vn -0.0352 0.4314 0.9015
vn -0.7277 0.6843 -0.0461
vn 0.0461 0.6843 -0.7277
vn -0.0461 0.6843 0.7277
vt 0.235856 0.243196
vt 0.233475 0.272700
vt 0.232381 0.272551
vt 0.742842 0.438802
vt 0.774019 0.450358
vt 0.742842 0.444908
vt 0.778382 0.446313
vt 0.779923 0.465277
vt 0.785894 0.464470
vt 0.961403 0.446202
vt 0.921375 0.429695
vt 0.921376 0.464399
vt 0.953888 0.464518
vt 0.996939 0.365124
vt 0.921375 0.331595
vt 0.921375 0.365135
vt 0.921375 0.397109
vt 0.996939 0.397099
vt 0.996939 0.429685
vt 0.996939 0.438614
vt 0.996939 0.331585
vt 0.996939 0.303002
vt 0.921375 0.303013
vt 0.996939 0.276809
vt 0.921376 0.276820
vt 0.839802 0.439008
vt 0.833740 0.429706
vt 0.833740 0.438636
vt 0.839802 0.429706
vt 0.833740 0.397120
vt 0.839802 0.397120
vt 0.833740 0.365146
vt 0.839802 0.365146
vt 0.833740 0.331606
vt 0.839802 0.331606
vt 0.833740 0.303024
vt 0.839802 0.303024
vt 0.833740 0.276830
vt 0.839802 0.276830
vt 0.742842 0.429501
vt 0.818406 0.464470
vt 0.818406 0.429501
vt 0.818406 0.396915
vt 0.742842 0.396915
vt 0.742842 0.364940
vt 0.818406 0.364940
vt 0.818406 0.331401
vt 0.742842 0.331401
vt 0.742842 0.302818
vt 0.818406 0.302818
vt 0.742842 0.276625
vt 0.818407 0.276625
vt 0.875341 0.446518
vt 0.915365 0.365146
vt 0.915365 0.397120
vt 0.915365 0.429706
vt 0.915365 0.464676
vt 0.882853 0.464676
vt 0.915365 0.331606
vt 0.915365 0.303024
vt 0.915366 0.276830
vt 0.870979 0.450563
vt 0.839802 0.445113
vt 0.876882 0.465483
vt 0.829415 0.545668
vt 0.828179 0.540854
vt 0.772041 0.552615
vt 0.772093 0.547644
vt 0.716162 0.539686
vt 0.714826 0.544474
vt 0.714484 0.691900
vt 0.711040 0.708915
vt 0.710991 0.675751
vt 0.756511 0.689342
vt 0.782971 0.641024
vt 0.782407 0.676793
vt 0.684812 0.437037
vt 0.678156 0.434908
vt 0.688495 0.420961
vt 0.727635 0.436479
vt 0.784297 0.681899
vt 0.758758 0.694311
vt 0.685721 0.442524
vt 0.688636 0.458484
vt 0.679565 0.445055
vt 0.727562 0.441933
vt 0.706235 0.676708
vt 0.706281 0.707971
vt 0.676775 0.441175
vt 0.683313 0.442425
vt 0.756563 0.588719
vt 0.782971 0.599155
vt 0.782971 0.635865
vt 0.710990 0.604602
vt 0.714268 0.589209
vt 0.710990 0.573339
vt 0.665546 0.084559
vt 0.663983 0.011949
vt 0.667908 0.011949
vt 0.661621 0.084559
vt 0.626311 0.100949
vt 0.625026 0.097240
vt 0.662907 0.088268
vt 0.625026 -0.000732
vt 0.665268 0.008241
vt 0.626311 -0.000417
vt 0.667813 0.011860
vt 0.661621 0.084539
vt 0.663888 0.011860
vt 0.665546 0.084539
vt 0.626311 -0.000320
vt 0.665174 0.008151
vt 0.625026 -0.000821
vt 0.662906 0.088247
vt 0.625026 0.097220
vt 0.626311 0.100870
vt 0.125269 0.003734
vt 0.136305 0.003734
vt 0.136305 0.056825
vt 0.125269 0.056825
vt 0.114232 0.056825
vt 0.114232 0.003734
vt 0.945292 0.597291
vt 0.992629 0.634521
vt 0.945292 0.634520
vt 0.992629 0.597291
vt 0.992629 0.716262
vt 0.945292 0.716262
vt 0.937434 0.746089
vt 0.985335 0.738834
vt 0.985336 0.746089
vt 0.937432 0.738834
vt 0.932116 0.735977
vt 0.932119 0.748948
vt 0.990650 0.735976
vt 0.990651 0.748946
vt 0.988053 0.751477
vt 0.934716 0.751477
vt 0.988052 0.733445
vt 0.934715 0.733445
vt 0.513464 0.024862
vt 0.380458 0.196300
vt 0.379809 0.200801
vt 0.511733 0.020657
vt 0.414934 0.198984
vt 0.414879 0.203530
vt 0.346626 0.189139
vt 0.345395 0.193516
vt 0.446224 0.121351
vt 0.513115 0.100819
vt 0.514736 0.105067
vt 0.445763 0.116827
vt 0.376778 0.114795
vt 0.376052 0.119284
vt 0.449467 0.197147
vt 0.450005 0.201661
vt 0.371671 0.257260
vt 0.535184 0.077609
vt 0.414180 0.260569
vt 0.329952 0.248433
vt 0.535066 0.158364
vt 0.452001 0.178101
vt 0.366947 0.175597
vt 0.456757 0.258303
vt 0.712449 0.715176
vt 0.183256 0.182808
vt 0.194266 0.182773
vt 0.194503 0.257077
vt 0.183493 0.257112
vt 0.172482 0.257147
vt 0.172245 0.182843
vt 0.161472 0.257182
vt 0.161235 0.182878
vt 0.150461 0.257217
vt 0.150224 0.182913
vt 0.003958 0.160773
vt 0.015205 0.235042
vt 0.004195 0.235077
vt 0.014968 0.160738
vt 0.025979 0.160703
vt 0.026216 0.235007
vt 0.889601 0.915410
vt 0.792135 0.995078
vt 0.792135 0.915410
vt 0.889601 0.995078
vt 0.154366 0.091081
vt 0.149253 0.077502
vt 0.154366 0.077502
vt 0.149253 0.091082
vt 0.144139 0.077502
vt 0.144139 0.091081
vt 0.139026 0.091081
vt 0.139026 0.077502
vt 0.133913 0.091081
vt 0.133913 0.077502
vt 0.128799 0.077502
vt 0.128799 0.091082
vt 0.123686 0.091082
vt 0.123686 0.077502
vt 0.850626 0.722962
vt 0.846170 0.731614
vt 0.846170 0.722962
vt 0.850550 0.732190
vt 0.843287 0.734497
vt 0.843864 0.738877
vt 0.821056 0.734497
vt 0.821056 0.738953
vt 0.061592 0.016193
vt 0.066706 0.002613
vt 0.061592 0.002613
vt 0.066706 0.016193
vt 0.071819 0.002613
vt 0.071819 0.016192
vt 0.076933 0.016192
vt 0.076933 0.002613
vt 0.082046 0.016192
vt 0.082046 0.002613
vt 0.087159 0.016193
vt 0.087159 0.002613
vt 0.092272 0.002613
vt 0.092272 0.016192
vt 0.865151 0.670461
vt 0.803104 0.628163
vt 0.803104 0.671917
vt 0.865151 0.629620
vt 0.807869 0.683789
vt 0.860385 0.683789
vt 0.871646 0.678193
vt 0.924161 0.666806
vt 0.871646 0.666806
vt 0.924161 0.678193
vt 0.871646 0.685076
vt 0.924161 0.685076
vt 0.871646 0.630820
vt 0.924161 0.630820
vt 0.898005 0.562043
vt 0.889512 0.558055
vt 0.880748 0.558183
vt 0.874162 0.562968
vt 0.871646 0.570711
vt 0.871646 0.602684
vt 0.924161 0.602684
vt 0.864960 0.570184
vt 0.868786 0.559063
vt 0.878695 0.551864
vt 0.890968 0.551529
vt 0.902096 0.556755
vt 0.930404 0.600947
vt 0.682128 0.988683
vt 0.644659 0.991611
vt 0.644661 0.988683
vt 0.682131 0.991611
vt 0.726933 0.985429
vt 0.766965 0.966690
vt 0.728854 0.987734
vt 0.765873 0.964009
vt 0.769500 0.961843
vt 0.770557 0.964367
vt 0.073076 0.255766
vt 0.070257 0.234866
vt 0.081267 0.234832
vt 0.084086 0.255731
vt 0.092277 0.234796
vt 0.062062 0.255801
vt 0.059247 0.234902
vt 0.095090 0.255695
vt 0.103288 0.234761
vt 0.051057 0.255836
vt 0.048236 0.234937
vt 0.106101 0.255660
vt 0.114298 0.234726
vt 0.040047 0.255870
vt 0.037226 0.234972
vt 0.117118 0.255625
vt 0.125309 0.234691
vt 0.029031 0.255906
vt 0.128125 0.255591
vt 0.136319 0.234656
vt 0.018025 0.255941
vt 0.007012 0.255977
vt 0.081030 0.160528
vt 0.070020 0.160563
vt 0.078212 0.139628
vt 0.092041 0.160492
vt 0.089223 0.139593
vt 0.059010 0.160598
vt 0.067201 0.139663
vt 0.103051 0.160457
vt 0.100230 0.139559
vt 0.048000 0.160633
vt 0.056190 0.139698
vt 0.114061 0.160422
vt 0.111244 0.139523
vt 0.036989 0.160668
vt 0.045179 0.139734
vt 0.125072 0.160387
vt 0.122252 0.139488
vt 0.034171 0.139769
vt 0.136082 0.160352
vt 0.133263 0.139453
vt 0.023160 0.139804
vt 0.012151 0.139839
vt 0.140304 0.095853
vt 0.145417 0.095853
vt 0.135191 0.095853
vt 0.150532 0.095853
vt 0.130078 0.095853
vt 0.124965 0.095853
vt 0.816600 0.706729
vt 0.811979 0.700370
vt 0.815323 0.702799
vt 0.807528 0.700305
vt 0.803217 0.702329
vt 0.791486 0.722962
vt 0.791486 0.731614
vt 0.794370 0.734497
vt 0.816600 0.734497
vt 0.765380 0.975639
vt 0.763611 0.976308
vt 0.765380 0.976312
vt 0.763523 0.975645
vt 0.784150 0.937249
vt 0.781426 0.919390
vt 0.784389 0.919390
vt 0.781446 0.937249
vt 0.706200 0.984307
vt 0.714660 0.988649
vt 0.706201 0.988661
vt 0.715012 0.963546
vt 0.682126 0.984292
vt 0.706188 0.964102
vt 0.706193 0.960641
vt 0.714635 0.959921
vt 0.753863 0.942025
vt 0.751309 0.939212
vt 0.757080 0.938949
vt 0.753389 0.936294
vt 0.753856 0.919389
vt 0.714532 0.919389
vt 0.706192 0.919372
vt 0.644649 0.919376
vt 0.644655 0.960645
vt 0.644654 0.964107
vt 0.757314 0.919389
vt 0.753239 0.936004
vt 0.756772 0.936898
vt 0.821056 0.706730
vt 0.834440 0.702329
vt 0.830128 0.700305
vt 0.825677 0.700370
vt 0.822334 0.702799
vt 0.702413 0.809453
vt 0.767133 0.767293
vt 0.767134 0.809454
vt 0.702414 0.767290
vt 0.635335 0.866513
vt 0.582431 0.860135
vt 0.635335 0.860134
vt 0.582431 0.866514
vt 0.573556 0.728223
vt 0.568516 0.738682
vt 0.568365 0.728340
vt 0.573558 0.738601
vt 0.573558 0.744532
vt 0.568416 0.744388
vt 0.568421 0.853367
vt 0.573558 0.853321
vt 0.573558 0.856124
vt 0.568421 0.856078
vt 0.573558 0.863844
vt 0.568367 0.863776
vt 0.573559 0.893820
vt 0.548528 0.893821
vt 0.569242 0.898142
vt 0.702413 0.736807
vt 0.702415 0.732161
vt 0.708322 0.732163
vt 0.761225 0.732164
vt 0.702414 0.738801
vt 0.767133 0.736809
vt 0.767132 0.732163
vt 0.767132 0.738802
vt 0.767133 0.740527
vt 0.702414 0.740526
vt 0.702414 0.747223
vt 0.767133 0.747226
vt 0.702421 0.885313
vt 0.767132 0.885313
vt 0.582280 0.894971
vt 0.570406 0.906860
vt 0.539804 0.894961
vt 0.564927 0.852744
vt 0.564883 0.861616
vt 0.653048 0.852755
vt 0.669228 0.893829
vt 0.653093 0.861627
vt 0.677948 0.894987
vt 0.648514 0.898139
vt 0.647374 0.906865
vt 0.644196 0.893821
vt 0.635475 0.894972
vt 0.644205 0.863844
vt 0.644209 0.856124
vt 0.644207 0.853321
vt 0.644210 0.744531
vt 0.644209 0.738599
vt 0.644204 0.728221
vt 0.818773 0.700211
vt 0.816655 0.706032
vt 0.824318 0.696184
vt 0.831092 0.695981
vt 0.837150 0.698826
vt 0.850137 0.720931
vt 0.831220 0.758254
vt 0.820825 0.753730
vt 0.827822 0.760494
vt 0.822545 0.750069
vt 0.814429 0.752303
vt 0.814334 0.748270
vt 0.806658 0.750809
vt 0.809021 0.754061
vt 0.801184 0.761187
vt 0.805229 0.761505
vt 0.801538 0.772521
vt 0.805229 0.776415
vt 0.801335 0.780485
vt 0.075654 0.020964
vt 0.080768 0.020964
vt 0.070541 0.020964
vt 0.085881 0.020964
vt 0.065426 0.020964
vt 0.090994 0.020964
vt 0.778742 0.780484
vt 0.827822 0.776415
vt 0.127533 0.108870
vt 0.130933 0.105270
vt 0.131161 0.112222
vt 0.124010 0.105358
vt 0.124143 0.112458
vt 0.834027 0.557444
vt 0.851283 0.553583
vt 0.842519 0.553455
vt 0.857869 0.558369
vt 0.860385 0.566111
vt 0.860385 0.598085
vt 0.807870 0.598085
vt 0.930656 0.631076
vt 0.930656 0.669004
vt 0.930888 0.676735
vt 0.779539 0.980232
vt 0.780226 0.976363
vt 0.779552 0.976361
vt 0.780198 0.981154
vt 0.779518 0.982784
vt 0.780198 0.981560
vt 0.780097 0.990604
vt 0.779425 0.990595
vt 0.703324 0.985225
vt 0.703276 0.988663
vt 0.685009 0.984652
vt 0.685055 0.988676
vt -0.068261 0.151142
vt -0.107812 0.166933
vt -0.107812 0.151142
vt -0.068261 0.166933
vt -0.107812 0.123810
vt -0.068261 0.124536
vt -0.047317 0.214114
vt -0.034351 0.207373
vt -0.048437 0.227020
vt 0.567113 0.178208
vt 0.568910 0.167236
vt 0.566787 0.172522
vt 0.572828 0.164224
vt 0.577768 0.164091
vt 0.594846 0.176368
vt 0.579044 0.200904
vt 0.452516 0.605858
vt 0.503016 0.613175
vt 0.452518 0.613199
vt 0.503012 0.605834
vt 0.502680 0.616662
vt 0.452184 0.624003
vt 0.452182 0.616662
vt 0.502680 0.624003
vt 1.229689 0.586189
vt 1.152084 0.673607
vt 1.152084 0.586189
vt 1.229689 0.673607
vt 0.395634 0.605858
vt 0.395634 0.613199
vt 0.395298 0.616703
vt 0.395303 0.624044
vt 1.199927 0.871769
vt 1.204211 0.876580
vt 1.199925 0.876578
vt 1.204212 0.871771
vt 1.199926 0.769627
vt 1.204211 0.764818
vt 1.204211 0.769627
vt 1.199926 0.764818
vt 0.497687 0.711828
vt 0.493402 0.729370
vt 0.493402 0.711828
vt 0.497687 0.729370
vt 0.377355 0.711829
vt 0.381640 0.729371
vt 0.377355 0.729371
vt 0.381640 0.711829
vt 0.382164 0.711829
vt 0.386449 0.639707
vt 0.386449 0.711829
vt 0.382164 0.639707
vt 0.492878 0.639706
vt 0.488593 0.711829
vt 0.488593 0.639707
vt 0.492879 0.711829
vt 1.221753 0.769627
vt 1.221753 0.764818
vt 1.132089 0.871771
vt 1.132089 0.769627
vt 1.221753 0.871771
vt 1.221753 0.876580
vt 0.386449 0.733656
vt 0.381640 0.733656
vt 0.386449 0.729371
vt 0.488593 0.733656
vt 0.488593 0.729371
vt 0.493403 0.733655
vt 0.855811 0.768772
vt 0.884178 0.790986
vt 0.885159 0.753167
vt 0.856923 0.791673
vt 0.851728 0.787925
vt 0.849728 0.781838
vt 0.851312 0.774626
vt 0.488593 0.635421
vt 0.386449 0.635421
vt 0.116208 0.981034
vt 0.122161 0.985592
vt 0.113409 0.997023
vt 0.107456 0.992465
vt 0.080491 0.969177
vt 0.090526 0.958854
vt 0.060283 0.925777
vt 0.049105 0.934848
vt 0.021971 0.897069
vt 0.034138 0.889374
vt 0.003964 0.864498
vt 0.016951 0.858286
vt 0.852277 0.764542
vt 0.882615 0.748239
vt 0.846315 0.772299
vt 0.844234 0.781986
vt 0.847307 0.791159
vt 0.855247 0.796888
vt 0.886317 0.796102
vt 0.623195 0.902924
vt 0.623218 0.877893
vt 0.627517 0.898609
vt 0.593223 0.897704
vt 0.589510 0.902891
vt 0.522943 0.804493
vt 0.565414 0.845484
vt 0.550253 0.836613
vt 0.565444 0.744932
vt 0.563366 0.741371
vt 0.564687 0.742307
vt 0.565418 0.858767
vt 0.565400 0.861064
vt 0.565454 0.856037
vt 0.565454 0.853415
vt 0.565417 0.845634
vt 0.565455 0.744251
vt 0.565546 0.738776
vt 0.565454 0.735929
vt 0.565400 0.728471
vt 0.496210 0.936270
vt 0.495231 0.945930
vt 0.492923 0.937655
vt 0.500939 0.949584
vt 0.499753 0.954737
vt 0.504922 0.954463
vt 0.505296 0.960296
vt 0.510092 0.956924
vt 0.510717 0.961956
vt 0.512777 0.957023
vt 0.513285 0.971343
vt 0.509349 0.983429
vt 0.510176 0.971133
vt 0.512458 0.983638
vt 0.513193 0.967947
vt 0.513055 0.969943
vt 0.513087 0.969496
vt 0.734777 0.892269
vt 0.767132 0.892269
vt 0.702421 0.892269
vt 0.439904 0.975136
vt 0.442030 0.939353
vt 0.444131 0.941206
vt 0.473746 0.971133
vt 0.470230 0.938119
vt 0.474471 0.983436
vt 0.438938 0.987649
vt 0.623163 0.902886
vt 0.593185 0.897700
vt 0.589478 0.902892
vt 0.623159 0.877856
vt 0.627481 0.898567
vt 0.628799 0.984307
vt 0.635110 0.961284
vt 0.636597 0.983271
vt 0.627309 0.961298
vt 0.628678 0.939773
vt 0.636554 0.938720
vt 0.435811 0.987406
vt 0.436986 0.974262
vt 0.438921 0.938960
vt 0.524398 0.982487
vt 0.520463 0.970401
vt 0.523572 0.970191
vt 0.521289 0.982696
vt 0.520554 0.967004
vt 0.520692 0.969000
vt 0.520660 0.968553
vt 0.523031 0.961014
vt 0.653083 0.742302
vt 0.654404 0.741366
vt 0.652325 0.744926
vt 0.694826 0.804493
vt 0.652353 0.845479
vt 0.667516 0.836609
vt 0.559093 0.985600
vt 0.524418 0.985603
vt 0.559277 0.982494
vt 0.594423 0.989798
vt 0.594810 0.986707
vt 0.628450 0.984343
vt 0.626193 0.981096
vt 0.627474 0.984461
vt 0.622451 0.977755
vt 0.616856 0.975195
vt 0.607622 0.973409
vt 0.607182 0.960210
vt 0.608238 0.943665
vt 0.606844 0.942248
vt 0.591718 0.938411
vt 0.588722 0.937153
vt 0.589910 0.935851
vt 0.589616 0.940264
vt 0.563735 0.934080
vt 0.563518 0.937177
vt 0.542637 0.933637
vt 0.540825 0.936713
vt 0.191060 0.414104
vt 0.185754 0.371381
vt 0.194359 0.413773
vt 0.182586 0.372389
vt 0.158461 0.297854
vt 0.169576 0.331950
vt 0.153836 0.296876
vt 0.172664 0.330744
vt 0.185834 0.371721
vt 0.204675 0.412154
vt 0.204438 0.445443
vt 0.201284 0.412111
vt 0.207689 0.445812
vt 0.204833 0.446757
vt 0.206861 0.448895
vt 0.204807 0.447592
vt 0.204828 0.450953
vt 0.202604 0.449056
vt 0.201354 0.452057
vt 0.200171 0.449115
vt 0.197808 0.451366
vt 0.198103 0.447903
vt 0.195109 0.449204
vt 0.197195 0.445725
vt 0.193937 0.446220
vt 0.194327 0.413530
vt 0.164407 0.294665
vt 0.166135 0.290485
vt 0.182418 0.327030
vt 0.179285 0.328218
vt 0.192663 0.369795
vt 0.195903 0.368948
vt 0.201443 0.413209
vt 0.652310 0.735922
vt 0.649394 0.728332
vt 0.652359 0.728460
vt 0.649248 0.738672
vt 0.652218 0.738767
vt 0.649351 0.744377
vt 0.652312 0.744244
vt 0.652351 0.845635
vt 0.649344 0.853370
vt 0.652311 0.853413
vt 0.649345 0.856077
vt 0.652312 0.856032
vt 0.652348 0.858766
vt 0.649397 0.863779
vt 0.652364 0.861067
vt 0.251833 0.481653
vt 0.239322 0.478288
vt 0.251897 0.478547
vt 0.239257 0.481394
vt 0.230235 0.480691
vt 0.230616 0.477902
vt 0.222552 0.476406
vt 0.221909 0.479398
vt 0.140311 0.459909
vt 0.127437 0.459927
vt 0.128141 0.456962
vt 0.140320 0.462866
vt 0.221905 0.479394
vt 0.220012 0.276615
vt 0.234093 0.277623
vt 0.231954 0.281898
vt 0.220957 0.271812
vt 0.219952 0.276602
vt 0.220388 0.271637
vt 0.243887 0.288960
vt 0.232011 0.281927
vt 0.246480 0.284956
vt 0.254908 0.297374
vt 0.257947 0.293710
vt 0.268118 0.303554
vt 0.264671 0.306823
vt 0.785738 0.761694
vt 0.797543 0.762024
vt 0.792134 0.760267
vt 0.801335 0.769469
vt 0.778742 0.768458
vt 0.271726 0.277098
vt 0.258235 0.266799
vt 0.243662 0.258171
vt 0.282759 0.287779
vt 0.291381 0.281490
vt 0.286699 0.284042
vt 0.278459 0.268980
vt 0.275199 0.272910
vt 0.261198 0.262221
vt 0.263979 0.257926
vt 0.248338 0.248666
vt 0.246074 0.253267
vt 0.231961 0.252995
vt 0.230954 0.252155
vt 0.230474 0.250859
vt 0.231751 0.241328
vt 0.223921 0.238912
vt 0.232602 0.238926
vt 0.249461 0.246384
vt 0.265359 0.255796
vt 0.280075 0.267031
vt 0.293233 0.279733
vt 0.295463 0.278016
vt 0.230641 0.249425
vt 0.231398 0.248283
vt 0.232559 0.247695
vt 0.233789 0.247832
vt 0.224221 0.236323
vt 0.233542 0.236289
vt 0.250694 0.243877
vt 0.266873 0.253456
vt 0.281849 0.264889
vt 0.298835 0.274399
vt 0.285012 0.261068
vt 0.269575 0.249283
vt 0.252893 0.239407
vt 0.235218 0.231586
vt 0.226393 0.228810
vt 0.224980 0.233611
vt 0.103767 0.319049
vt 0.107415 0.355874
vt 0.093572 0.324372
vt 0.118658 0.351525
vt 0.129832 0.386265
vt 0.118168 0.389315
vt 0.137092 0.422029
vt 0.125161 0.423765
vt 0.140350 0.458362
vt 0.322937 0.351471
vt 0.334545 0.392928
vt 0.331234 0.393221
vt 0.326108 0.350502
vt 0.338167 0.435467
vt 0.334487 0.392583
vt 0.334854 0.435548
vt 0.337770 0.471291
vt 0.333882 0.473980
vt 0.313186 0.320736
vt 0.326172 0.350738
vt 0.316382 0.319934
vt 0.313115 0.317531
vt 0.316379 0.317574
vt 0.314769 0.314495
vt 0.317818 0.315658
vt 0.317773 0.312487
vt 0.320085 0.314773
vt 0.321404 0.312164
vt 0.322683 0.315272
vt 0.324074 0.313277
vt 0.323029 0.316032
vt 0.326028 0.315801
vt 0.323172 0.317397
vt 0.336249 0.348010
vt 0.333138 0.349360
vt 0.344846 0.391252
vt 0.332860 0.348286
vt 0.341531 0.391722
vt 0.348599 0.435126
vt 0.345251 0.435240
vt 0.344487 0.471935
vt 0.347695 0.475123
vt 0.264365 0.471650
vt 0.268275 0.437491
vt 0.267675 0.471895
vt 0.265232 0.437568
vt 0.265277 0.402491
vt 0.262262 0.402919
vt 0.255472 0.368775
vt 0.258421 0.368014
vt 0.248348 0.336242
vt 0.245458 0.337248
vt 0.392111 0.482009
vt 0.395354 0.433718
vt 0.394224 0.481112
vt 0.392337 0.433808
vt 0.391155 0.384646
vt 0.388166 0.385069
vt 0.378626 0.337092
vt 0.381549 0.336340
vt 0.363854 0.290518
vt 0.366677 0.289449
vt 0.357193 0.267851
vt 0.354162 0.268531
vt 0.327921 0.281841
vt 0.257300 0.326092
vt 0.326170 0.279334
vt 0.258434 0.328823
vt 0.246553 0.333779
vt 0.342663 0.273627
vt 0.352903 0.265690
vt 0.341403 0.270787
vt 0.333353 0.274920
vt 0.334781 0.277345
vt 0.326172 0.279329
vt 0.279428 0.476169
vt 0.268142 0.475449
vt 0.279135 0.472866
vt 0.361974 0.479522
vt 0.362310 0.483217
vt 0.369695 0.483090
vt 0.369735 0.480329
vt 0.378183 0.480857
vt 0.378079 0.483856
vt 0.392102 0.485049
vt 0.343961 0.298056
vt 0.350159 0.344414
vt 0.336368 0.300933
vt 0.358024 0.342391
vt 0.352111 0.294968
vt 0.366463 0.340221
vt 0.259068 0.330235
vt 0.362957 0.434687
vt 0.359065 0.389195
vt 0.367104 0.388055
vt 0.375732 0.386832
vt 0.371073 0.434444
vt 0.379784 0.434184
vt 0.270097 0.365007
vt 0.277214 0.400799
vt 0.280325 0.437159
vt 0.015520 0.017181
vt 0.028330 0.017153
vt 0.017673 0.025143
vt 0.002711 0.017209
vt 0.004864 0.025172
vt 0.041139 0.017125
vt 0.030481 0.025115
vt 0.053947 0.017097
vt 0.043291 0.025087
vt 0.015487 0.001923
vt 0.002678 0.001951
vt 0.028296 0.001895
vt 0.041105 0.001867
vt 0.053914 0.001839
vt 0.026606 0.037095
vt 0.018936 0.037095
vt 0.025328 0.032325
vt 0.034276 0.037095
vt 0.032998 0.032325
vt 0.011266 0.037095
vt 0.017658 0.032325
vt 0.003596 0.037095
vt 0.009988 0.032325
vt 0.270705 0.496826
vt 0.280503 0.532482
vt 0.282295 0.496809
vt 0.268518 0.531170
vt 0.263077 0.564054
vt 0.274543 0.568471
vt 0.274118 0.569959
vt 0.265491 0.530838
vt 0.260073 0.563470
vt 0.270349 0.496837
vt 0.267322 0.496504
vt 0.243175 0.287820
vt 0.245942 0.283925
vt 0.233666 0.276978
vt 0.231443 0.281181
vt 0.219261 0.276053
vt 0.220329 0.271369
vt 0.231386 0.281153
vt 0.219200 0.276041
vt 0.219750 0.271201
vt 0.380560 0.616231
vt 0.383922 0.592846
vt 0.377463 0.615990
vt 0.386868 0.593502
vt 0.394904 0.544969
vt 0.391903 0.544641
vt 0.397483 0.496590
vt 0.395049 0.496605
vt 0.349592 0.606556
vt 0.273385 0.572824
vt 0.348216 0.609287
vt 0.261651 0.566747
vt 0.365355 0.612585
vt 0.376621 0.618980
vt 0.364513 0.615575
vt 0.355955 0.612632
vt 0.357023 0.610028
vt 0.348220 0.609292
vt 0.363156 0.588221
vt 0.355231 0.586455
vt 0.362684 0.541452
vt 0.365008 0.496631
vt 0.373086 0.496512
vt 0.370756 0.542333
vt 0.381552 0.496609
vt 0.379419 0.543279
vt 0.371664 0.590115
vt 0.265892 0.255434
vt 0.248865 0.248705
vt 0.264435 0.257516
vt 0.250063 0.246477
vt 0.232946 0.239278
vt 0.232024 0.241622
vt 0.233964 0.236704
vt 0.251379 0.244029
vt 0.265965 0.255476
vt 0.267489 0.253146
vt 0.224052 0.239299
vt 0.224413 0.236775
vt 0.225247 0.234130
vt 0.226795 0.229446
vt 0.235779 0.232115
vt 0.253725 0.239665
vt 0.270335 0.249064
vt 0.396086 0.493005
vt 0.381748 0.493403
vt 0.373585 0.493340
vt 0.366154 0.492909
vt 0.283438 0.493056
vt 0.271066 0.492642
vt 0.511706 0.410968
vt 0.443065 0.419814
vt 0.442007 0.417492
vt 0.442657 0.422793
vt 0.510370 0.429496
vt 0.429164 0.415551
vt 0.439443 0.417217
vt 0.528514 0.457559
vt 0.514659 0.503348
vt 0.519813 0.457076
vt 0.528514 0.410035
vt 0.519813 0.410518
vt 0.514660 0.364248
vt 0.506653 0.365593
vt 0.425123 0.379286
vt 0.417095 0.343692
vt 0.496604 0.321057
vt 0.405252 0.309982
vt 0.481971 0.278673
vt 0.504414 0.318834
vt 0.489356 0.275582
vt 0.512795 0.316448
vt 0.497179 0.272386
vt 0.509708 0.267299
vt 0.524874 0.313009
vt 0.523280 0.362800
vt 0.523253 0.504791
vt 0.512812 0.551103
vt 0.504428 0.548722
vt 0.535582 0.360734
vt 0.541053 0.409338
vt 0.541053 0.458255
vt 0.535639 0.506871
vt 0.524892 0.554536
vt 0.517110 0.577269
vt 0.505219 0.573172
vt 0.497048 0.570139
vt 0.489830 0.566245
vt 0.496617 0.546502
vt 0.416590 0.525359
vt 0.417100 0.523898
vt 0.432758 0.517257
vt 0.430185 0.517067
vt 0.511706 0.456626
vt 0.506652 0.502004
vt 0.502105 0.518031
vt 0.503395 0.501511
vt 0.507550 0.456343
vt 0.434421 0.512114
vt 0.434231 0.515138
vt 0.437930 0.419271
vt 0.429164 0.452043
vt 0.434659 0.452340
vt 0.425124 0.488312
vt 0.431248 0.489344
vt 0.429076 0.514754
vt 0.288492 0.278789
vt 0.269157 0.296686
vt 0.281470 0.273700
vt 0.270304 0.297488
vt 0.270922 0.298521
vt 0.271112 0.266462
vt 0.271929 0.265098
vt 0.290025 0.276909
vt 0.273190 0.262993
vt 0.254302 0.253178
vt 0.255274 0.250878
vt 0.236526 0.240733
vt 0.274575 0.260682
vt 0.291708 0.274844
vt 0.253788 0.254394
vt 0.247196 0.250156
vt 0.227359 0.274454
vt 0.231894 0.273452
vt 0.227253 0.239605
vt 0.227315 0.236871
vt 0.237267 0.238029
vt 0.256342 0.248352
vt 0.277045 0.256561
vt 0.294710 0.271163
vt 0.277126 0.256456
vt 0.274538 0.260733
vt 0.273080 0.263142
vt 0.271745 0.265348
vt 0.269045 0.302643
vt 0.270452 0.299398
vt 0.226734 0.274194
vt 0.255927 0.291799
vt 0.258246 0.243848
vt 0.238590 0.233208
vt 0.228887 0.229105
vt 0.227856 0.234065
vt 0.269366 0.299240
vt 0.256751 0.290426
vt 0.256750 0.290425
vt 0.241967 0.282359
vt 0.242353 0.281446
vt 0.232501 0.274502
vt 0.240171 0.286701
vt 0.253526 0.295732
vt 0.226827 0.279476
vt 0.240108 0.286663
vt 0.239851 0.287065
vt 0.241878 0.282420
vt 0.253586 0.295777
vt 0.266140 0.306147
vt 0.227296 0.274634
vt 0.239801 0.287011
vt 0.403909 0.306662
vt 0.481228 0.274908
vt 0.442257 0.425567
vt 0.506790 0.432242
vt 0.440583 0.422517
vt 0.440746 0.419966
vt 0.440629 0.419621
vt 0.440407 0.419582
vt 0.440275 0.419953
vt 0.437426 0.452597
vt 0.433310 0.489098
vt 0.431142 0.514765
vt 0.431402 0.515439
vt 0.431803 0.515385
vt 0.432091 0.514839
vt 0.432362 0.512049
vt 0.192042 0.273421
vt 0.204445 0.266978
vt 0.223271 0.311351
vt 0.211547 0.315853
vt 0.184454 0.277171
vt 0.203412 0.318978
vt 0.195832 0.321888
vt 0.177607 0.280913
vt 0.238249 0.357918
vt 0.209812 0.365353
vt 0.217668 0.363300
vt 0.226099 0.361095
vt 0.247981 0.405857
vt 0.235553 0.407669
vt 0.252345 0.454522
vt 0.239794 0.454954
vt 0.218895 0.410099
vt 0.226930 0.408927
vt 0.231083 0.455254
vt 0.222968 0.455532
vt 0.551868 0.264321
vt 0.561666 0.299978
vt 0.563458 0.264305
vt 0.549682 0.298665
vt 0.544240 0.331549
vt 0.555706 0.335967
vt 0.555281 0.337454
vt 0.546654 0.298333
vt 0.541236 0.330965
vt 0.551512 0.264333
vt 0.548485 0.264000
vt 0.661723 0.383726
vt 0.665085 0.360341
vt 0.658626 0.383485
vt 0.668032 0.360997
vt 0.676067 0.312464
vt 0.673066 0.312137
vt 0.678646 0.264086
vt 0.676212 0.264100
vt 0.630755 0.374051
vt 0.554548 0.340319
vt 0.629379 0.376782
vt 0.542814 0.334242
vt 0.646518 0.380080
vt 0.657784 0.386476
vt 0.645676 0.383070
vt 0.637118 0.380128
vt 0.638186 0.377523
vt 0.629383 0.376787
vt 0.644320 0.355716
vt 0.636394 0.353950
vt 0.643847 0.308947
vt 0.646171 0.264126
vt 0.654249 0.264007
vt 0.651919 0.309828
vt 0.662716 0.264104
vt 0.660582 0.310774
vt 0.652827 0.357610
vt 0.677249 0.260500
vt 0.662912 0.260898
vt 0.654748 0.260836
vt 0.647317 0.260404
vt 0.564601 0.260551
vt 0.552229 0.260137
vt 0.512189 0.267089
vt 0.527777 0.312183
vt 0.538464 0.359177
vt 0.538814 0.361264
vt 0.544067 0.409171
vt 0.544067 0.458422
vt 0.538615 0.507371
vt 0.527796 0.555360
vt 0.520188 0.577688
vt 0.516098 0.580206
vt 0.504205 0.576109
vt 0.495832 0.572678
vt 0.488302 0.568897
vt 0.404329 0.521434
vt 0.405908 0.518827
vt 0.415693 0.528177
vt 0.488299 0.568891
vt 0.393281 0.310388
vt 0.394424 0.314438
vt 0.489420 0.272503
vt 0.253793 0.254015
vt 0.235198 0.244242
vt 0.254885 0.251558
vt 0.236048 0.241549
vt 0.256082 0.248857
vt 0.236753 0.238368
vt 0.238656 0.233326
vt 0.258218 0.244041
vt 0.717971 0.708018
vt 0.721123 0.712602
vt 0.718899 0.713534
vt 0.840614 0.047865
vt 0.840614 0.003788
vt 0.775828 0.003788
vt 0.775828 0.047865
vt 0.775828 0.092571
vt 0.840614 0.092571
vt 0.775828 0.136648
vt 0.840614 0.136648
vt 0.775828 0.180725
vt 0.840614 0.180724
vt 0.775828 0.224802
vt 0.840613 0.224802
vt 0.775827 0.268564
vt 0.840613 0.268564
vt 0.701451 0.224802
vt 0.701451 0.268564
vt 0.706246 0.268564
vt 0.706246 0.224802
vt 0.706247 0.180725
vt 0.701452 0.180725
vt 0.706247 0.136648
vt 0.701452 0.136648
vt 0.701452 0.092571
vt 0.706247 0.092571
vt 0.701452 0.047865
vt 0.706247 0.047865
vt 0.706247 0.003788
vt 0.701452 0.003788
vt 0.771032 0.268564
vt 0.771032 0.224802
vt 0.771033 0.180725
vt 0.771033 0.136648
vt 0.771033 0.092571
vt 0.771033 0.047865
vt 0.771033 0.003788
vt 0.995584 0.180724
vt 0.995584 0.136648
vt 0.930798 0.136648
vt 0.930798 0.180725
vt 0.995584 0.224802
vt 0.930798 0.224802
vt 0.930798 0.268564
vt 0.995583 0.268564
vt 0.995584 0.092571
vt 0.930799 0.092571
vt 0.930799 0.047865
vt 0.995584 0.047865
vt 0.995584 0.003788
vt 0.930799 0.003788
vt 0.926003 0.136648
vt 0.861217 0.180725
vt 0.861217 0.136648
vt 0.926003 0.180725
vt 0.926003 0.224802
vt 0.861217 0.224802
vt 0.861216 0.268564
vt 0.926002 0.268564
vt 0.861218 0.092571
vt 0.926003 0.092571
vt 0.861218 0.047865
vt 0.926003 0.047865
vt 0.926003 0.003788
vt 0.861217 0.003788
vt 0.771157 0.003788
vt 0.706371 0.047865
vt 0.706371 0.003788
vt 0.771157 0.047865
vt 0.706371 0.092571
vt 0.771157 0.092571
vt 0.706371 0.136648
vt 0.771157 0.136648
vt 0.706371 0.180725
vt 0.771157 0.180725
vt 0.706370 0.224802
vt 0.771156 0.224802
vt 0.706370 0.268564
vt 0.771156 0.268564
vt 0.961631 0.446171
vt 0.921604 0.464368
vt 0.921603 0.429665
vt 0.954116 0.464488
vt 0.997166 0.429654
vt 0.997166 0.438584
vt 0.997166 0.397068
vt 0.921603 0.397079
vt 0.997166 0.365093
vt 0.921603 0.365104
vt 0.921603 0.331565
vt 0.997166 0.331554
vt 0.997167 0.302972
vt 0.921603 0.302982
vt 0.921604 0.276789
vt 0.997167 0.276778
vt 0.736780 0.429501
vt 0.736781 0.438430
vt 0.736780 0.396915
vt 0.736780 0.364940
vt 0.736780 0.331401
vt 0.736781 0.302818
vt 0.736780 0.276625
vt 0.026606 0.128226
vt 0.034276 0.128226
vt 0.018936 0.128226
vt 0.011266 0.128226
vt 0.003596 0.128226
vt -0.057073 0.112463
vt -0.058525 0.161036
vt 0.856422 0.136648
vt 0.856422 0.180725
vt 0.856422 0.224802
vt 0.856421 0.268564
vt 0.856422 0.092571
vt 0.856423 0.047865
vt 0.856423 0.003788
vt -0.060805 0.200114
vt -0.060805 0.170232
vt -0.032825 0.170232
vt -0.032825 0.200114
vt 0.717647 0.573339
vt 0.597936 0.986464
vt 0.593844 0.974194
vt 0.596762 0.973320
vt 0.594827 0.938018
vt 0.560002 0.970191
vt 0.538516 0.944988
vt 0.533994 0.953795
vt 0.528452 0.959353
vt 0.510356 0.264116
vt 0.495802 0.270011
vt 0.413235 0.486312
vt 0.417126 0.451375
vt 0.417129 0.416248
vt 0.413240 0.381282
vt 0.405493 0.346965
vt 0.439325 0.990741
vt 0.474655 0.986542
vt 0.509330 0.986546
vt 0.443838 0.936793
vt 0.445025 0.938095
vt 0.470012 0.935022
vt 0.491110 0.934579
vt 0.523655 0.955982
vt 0.520970 0.956081
vt 0.528825 0.953520
vt 0.532808 0.948641
vt 0.537537 0.935328
vt 0.125087 0.457150
vt 0.122147 0.424202
vt 0.115221 0.390086
vt 0.104577 0.356978
vt 0.090614 0.325876
vt 0.254956 0.478004
vt 0.255362 0.454418
vt 0.250967 0.405422
vt 0.241169 0.357155
vt 0.226088 0.310269
vt 0.206740 0.266990
vt 0.203262 0.264178
vt 0.190788 0.270694
vt 0.183351 0.274639
vt 0.176490 0.277375
vt 0.102762 0.315890
vt 0.092630 0.320913
vt 0.391444 0.315639
vt 0.402561 0.347785
vt 0.410236 0.381787
vt 0.414090 0.416430
vt 0.414085 0.451207
vt 0.410232 0.485805
vt 0.402942 0.518071
vt 0.239133 0.265156
vt 0.234620 0.273508
vt 0.499385 0.515001
vt 0.500377 0.501292
vt 0.504515 0.456004
vt 0.458508 0.511715
vt 0.434429 0.509949
vt 0.775952 0.224802
vt 0.840737 0.268564
vt 0.775951 0.268564
vt 0.840737 0.224802
vt 0.840738 0.180724
vt 0.775952 0.180725
vt 0.775952 0.136648
vt 0.840738 0.136648
vt 0.775952 0.092571
vt 0.840738 0.092571
vt 0.775952 0.047865
vt 0.840738 0.047865
vt 0.840738 0.003788
vt 0.775952 0.003788
vt 0.701576 0.003788
vt 0.701576 0.047865
vt 0.701575 0.092571
vt 0.701575 0.136648
vt 0.701575 0.180725
vt 0.701575 0.224802
vt 0.701575 0.268564
s 1
usemtl portal_button_blue
f 3/1/1 2/2/1 1/3/1
f 6/4/2 5/5/3 4/6/2
f 9/4/2 8/7/4 7/5/4
f 12/7/5 11/8/6 10/5/5
f 15/7/4 14/9/6 13/8/6
f 18/10/7 17/11/8 16/12/9
f 21/10/10 20/12/9 19/13/9
f 24/14/11 23/15/12 22/16/11
f 27/17/13 26/14/14 25/16/14
f 30/17/13 29/18/13 28/14/14
f 33/19/15 32/18/13 31/17/13
f 36/19/15 35/17/13 34/11/15
f 39/10/7 38/19/15 37/11/15
f 42/10/7 41/20/7 40/19/8
f 45/10/16 44/13/17 43/12/17
f 48/10/18 47/12/17 46/11/19
f 51/10/18 50/11/20 49/19/20
f 54/17/21 53/19/19 52/11/19
f 57/17/21 56/18/21 55/19/19
f 60/17/21 59/14/22 58/18/21
f 63/17/21 62/16/22 61/14/22
f 66/16/23 65/21/24 64/14/23
f 69/16/23 68/15/24 67/21/24
f 72/15/24 71/22/25 70/21/24
f 75/15/24 74/23/25 73/22/25
f 78/23/25 77/24/26 76/22/25
f 81/23/27 80/25/26 79/24/26
f 84/22/28 83/24/26 82/25/26
f 87/22/28 86/25/26 85/23/28
f 90/21/29 89/22/28 88/23/28
f 93/21/29 92/23/28 91/15/29
f 96/14/11 95/21/12 94/15/12
f 99/10/18 98/19/20 97/20/18
f 102/26/30 101/27/30 100/28/30
f 105/26/30 104/29/30 103/27/30
f 108/29/30 107/30/30 106/27/30
f 111/29/30 110/31/30 109/30/30
f 114/31/30 113/32/30 112/30/30
f 117/31/30 116/33/30 115/32/30
f 120/33/30 119/34/30 118/32/30
f 123/33/30 122/35/30 121/34/30
f 126/35/30 125/36/30 124/34/30
f 129/35/30 128/37/30 127/36/30
f 132/37/30 131/38/30 130/36/30
f 135/37/30 134/39/30 133/38/30
f 138/36/30 137/38/30 136/39/30
f 141/36/30 140/39/30 139/37/30
f 144/36/30 143/37/30 142/35/30
f 147/36/30 146/35/30 145/34/30
f 150/34/30 149/35/30 148/33/30
f 153/34/30 152/33/30 151/32/30
f 156/32/30 155/33/30 154/31/30
f 159/32/30 158/31/30 157/30/30
f 162/30/30 161/31/30 160/29/30
f 165/30/30 164/29/30 163/27/30
f 168/26/30 167/27/30 166/29/30
f 171/26/30 170/28/30 169/27/30
f 174/7/31 173/4/31 172/40/32
f 177/7/33 176/41/34 175/9/34
f 180/7/35 179/42/32 178/41/34
f 183/7/35 182/40/32 181/42/32
f 186/40/32 185/43/36 184/42/32
f 189/40/32 188/44/36 187/43/36
f 192/45/37 191/43/36 190/44/36
f 195/45/37 194/46/37 193/43/36
f 198/45/38 197/47/39 196/46/38
f 201/45/38 200/48/39 199/47/39
f 204/49/40 203/47/39 202/48/39
f 207/49/40 206/50/40 205/47/39
f 210/51/41 209/50/42 208/49/42
f 213/51/43 212/52/43 211/50/42
f 216/49/44 215/52/43 214/51/43
f 219/49/44 218/50/44 217/52/43
f 222/48/45 221/50/44 220/49/44
f 225/48/45 224/47/45 223/50/44
f 228/45/46 227/47/47 226/48/47
f 231/45/46 230/46/46 229/47/47
f 234/44/48 233/46/49 232/45/49
f 237/44/48 236/43/48 235/46/49
f 240/42/50 239/43/48 238/44/48
f 243/42/50 242/44/48 241/40/50
f 246/7/51 245/42/52 244/40/52
f 249/7/51 248/40/50 247/4/51
f 252/7/51 251/41/53 250/42/50
f 255/7/54 254/9/17 253/41/17
f 258/53/55 257/29/56 256/26/55
f 261/31/57 260/54/58 259/33/58
f 264/31/57 263/55/57 262/54/58
f 267/29/56 266/55/57 265/31/57
f 270/29/56 269/56/56 268/55/57
f 273/53/55 272/56/56 271/29/59
f 276/53/60 275/57/61 274/56/56
f 279/53/62 278/58/34 277/57/34
f 282/53/63 281/26/63 280/29/64
f 285/53/63 284/29/64 283/56/64
f 288/31/65 287/56/66 286/29/66
f 291/31/65 290/55/65 289/56/66
f 294/33/67 293/55/65 292/31/65
f 297/33/67 296/54/67 295/55/65
f 300/35/68 299/54/69 298/33/69
f 303/35/68 302/59/68 301/54/69
f 306/35/68 305/60/70 304/59/68
f 309/35/68 308/37/70 307/60/70
f 312/37/71 311/61/72 310/60/71
f 315/37/71 314/39/73 313/61/73
f 318/37/74 317/61/73 316/39/73
f 321/37/74 320/60/74 319/61/73
f 324/35/75 323/60/74 322/37/74
f 327/35/75 326/59/75 325/60/74
f 330/33/76 329/59/77 328/35/77
f 333/33/76 332/54/76 331/59/77
f 336/53/78 335/57/79 334/58/79
f 339/53/63 338/56/64 337/57/79
f 342/62/80 341/26/81 340/63/81
f 345/62/82 344/53/83 343/26/81
f 348/64/84 347/53/80 346/62/82
f 351/64/84 350/58/84 349/53/82
f 426/65/85 425/66/71 424/66/85
f 429/67/86 428/65/87 427/66/87
f 432/67/86 431/66/87 430/68/86
f 435/69/88 434/67/89 433/68/89
f 438/69/88 437/70/90 436/67/89
f 441/69/59 440/70/91 439/70/59
f 444/69/59 443/69/91 442/70/91
f 447/67/92 446/70/93 445/69/93
f 450/67/92 449/69/93 448/68/92
f 453/66/40 452/67/38 451/68/38
f 456/66/40 455/65/40 454/67/38
f 459/66/94 458/65/42 457/66/95
f 462/69/8 461/69/96 460/70/96
f 465/67/97 464/70/98 463/69/98
f 468/67/97 467/69/98 466/68/97
f 471/66/99 470/67/100 469/68/100
f 474/66/99 473/65/99 472/67/100
f 477/66/101 476/65/102 475/66/103
f 480/66/101 479/65/101 478/65/102
f 483/68/104 482/65/105 481/66/105
f 486/68/104 485/67/104 484/65/105
f 489/70/106 488/67/107 487/68/107
f 492/70/106 491/68/107 490/69/106
f 495/69/108 494/70/64 493/70/108
f 498/69/108 497/69/64 496/70/64
f 501/68/109 500/70/66 499/69/66
f 504/68/109 503/67/109 502/70/66
f 507/66/70 506/67/69 505/68/69
f 510/66/70 509/65/70 508/67/69
f 513/65/110 512/65/71 511/66/71
f 516/66/94 515/65/94 514/65/42
f 519/68/111 518/65/112 517/66/112
f 522/68/111 521/67/111 520/65/112
f 525/70/50 524/67/113 523/68/113
f 528/70/50 527/68/113 526/69/50
f 531/69/52 530/70/20 529/70/52
f 534/69/52 533/69/20 532/70/20
f 537/68/114 536/70/19 535/69/19
f 540/68/114 539/67/114 538/70/19
f 543/66/25 542/67/23 541/68/23
f 546/66/25 545/65/25 544/67/23
f 549/66/27 548/65/115 547/65/27
f 552/66/27 551/66/116 550/65/116
f 555/67/117 554/65/118 553/66/118
f 558/67/117 557/66/118 556/68/117
f 561/69/119 560/67/120 559/68/120
f 564/69/119 563/70/119 562/67/120
f 567/69/8 566/70/96 565/70/8
f 570/71/121 569/72/121 568/73/121
f 576/74/121 575/73/121 574/75/121
f 579/74/121 578/71/121 577/73/121
f 582/74/121 581/75/121 580/76/121
f 585/77/121 584/78/121 583/79/121
f 588/79/121 587/80/121 586/77/121
f 591/74/122 590/81/122 589/82/122
f 594/74/122 593/76/122 592/81/122
f 600/83/43 599/84/43 598/85/43
f 603/86/43 602/84/43 601/83/43
f 606/87/73 605/72/73 604/88/73
f 609/87/73 608/73/73 607/72/73
f 612/77/122 611/86/122 610/83/122
f 615/77/122 614/80/122 613/86/122
f 618/89/30 617/77/30 616/90/30
f 621/89/30 620/78/30 619/77/30
f 624/77/43 623/78/43 622/79/43
f 627/79/43 626/80/43 625/77/43
f 630/74/123 629/81/123 628/82/123
f 633/74/123 632/76/123 631/81/123
f 639/83/121 638/84/121 637/85/121
f 642/86/121 641/84/121 640/83/121
f 645/87/26 644/72/26 643/88/26
f 648/87/26 647/73/26 646/72/26
f 654/74/43 653/73/43 652/75/43
f 657/74/43 656/71/43 655/73/43
f 660/71/43 659/72/43 658/73/43
f 663/74/43 662/75/43 661/76/43
f 666/91/43 665/92/43 664/93/43
f 671/91/43 670/93/43 669/94/43
f 674/91/43 673/94/43 672/95/43
f 677/96/43 676/95/43 675/94/43
f 681/77/123 680/86/123 679/83/123
f 684/77/123 683/80/123 682/86/123
f 687/89/30 686/77/30 685/90/30
f 690/89/30 689/78/30 688/77/30
f 699/97/124 698/98/124 697/99/124
f 702/97/124 701/100/124 700/98/124
f 705/100/50 704/101/50 703/102/50
f 708/100/50 707/103/50 706/101/50
f 714/98/30 713/102/30 712/104/30
f 717/98/30 716/100/30 715/102/30
f 720/105/121 719/104/121 718/106/121
f 723/105/121 722/98/121 721/104/121
f 732/107/70 731/108/70 730/109/70
f 735/107/70 734/110/70 733/108/70
f 738/109/125 737/111/125 736/112/125
f 741/109/125 740/113/125 739/111/125
f 744/114/126 743/115/126 742/108/126
f 747/114/126 746/116/126 745/115/126
f 756/117/12 755/118/127 754/119/128
f 759/117/129 758/119/127 757/120/12
f 762/121/130 761/117/131 760/120/132
f 765/121/130 764/122/133 763/117/131
f 768/91/121 767/92/121 766/93/121
f 773/91/121 772/93/121 771/94/121
f 776/91/121 775/94/121 774/95/121
f 779/96/121 778/95/121 777/94/121
f 786/123/134 785/124/134 784/125/134
f 789/123/134 788/126/134 787/124/134
f 795/123/124 794/127/124 793/126/124
f 798/123/124 797/128/124 796/127/124
f 801/129/30 800/130/30 799/131/30
f 804/129/30 803/132/30 802/130/30
f 807/133/135 806/129/135 805/134/135
f 810/133/135 809/132/135 808/129/135
f 813/135/136 812/131/136 811/130/136
f 816/135/136 815/136/136 814/131/136
f 819/129/137 818/137/137 817/138/137
f 822/129/137 821/131/137 820/137/137
f 825/139/138 824/132/138 823/140/138
f 828/139/138 827/130/138 826/132/138
f 834/117/139 833/118/140 832/119/141
f 837/117/142 836/119/140 835/120/139
f 843/115/30 842/109/30 841/108/30
f 846/115/30 845/113/30 844/109/30
f 852/141/98 851/142/97 850/143/97
f 855/141/98 854/144/98 853/142/97
f 858/141/96 857/145/8 856/144/96
f 861/141/96 860/146/8 859/145/8
f 864/146/119 863/147/13 862/145/119
f 867/146/119 866/148/13 865/147/13
f 870/149/87 869/150/143 868/151/143
f 873/149/87 872/152/87 871/150/143
f 876/149/144 875/153/71 874/152/144
f 879/149/144 878/154/71 877/153/71
f 882/154/70 881/155/69 880/153/70
f 885/154/70 884/156/69 883/155/69
f 888/141/66 887/155/109 886/156/109
f 891/141/66 890/144/66 889/155/109
f 894/141/64 893/155/108 892/144/64
f 897/141/64 896/156/108 895/155/108
f 900/143/107 899/155/106 898/156/106
f 903/143/107 902/142/107 901/155/106
f 906/156/105 905/142/104 904/143/104
f 909/156/105 908/155/105 907/142/104
f 912/143/102 911/155/145 910/156/145
f 915/143/102 914/142/102 913/155/145
f 918/143/100 917/142/99 916/143/99
f 921/143/100 920/142/100 919/142/99
f 930/129/30 929/130/30 928/131/30
f 933/129/30 932/132/30 931/130/30
f 936/133/146 935/129/146 934/134/146
f 939/133/146 938/132/146 937/129/146
f 942/135/147 941/131/147 940/130/147
f 945/135/147 944/136/147 943/131/147
f 948/129/148 947/137/148 946/138/148
f 951/129/148 950/131/148 949/137/148
f 954/139/149 953/132/149 952/140/149
f 957/139/149 956/130/149 955/132/149
f 960/157/30 959/141/30 958/143/30
f 963/157/30 962/158/30 961/141/30
f 966/158/30 965/146/30 964/141/30
f 969/158/30 968/159/30 967/146/30
f 972/159/30 971/148/30 970/146/30
f 975/159/30 974/160/30 973/148/30
f 978/161/30 977/149/30 976/151/30
f 981/161/30 980/162/30 979/149/30
f 984/163/30 983/149/30 982/162/30
f 987/163/30 986/154/30 985/149/30
f 990/164/30 989/154/30 988/163/30
f 993/164/30 992/156/30 991/154/30
f 996/158/30 995/156/30 994/164/30
f 999/158/30 998/141/30 997/156/30
f 1002/158/30 1001/156/30 1000/141/30
f 1005/158/30 1004/164/30 1003/156/30
f 1008/157/30 1007/156/30 1006/164/30
f 1011/157/30 1010/143/30 1009/156/30
f 1014/157/30 1013/156/30 1012/143/30
f 1017/157/30 1016/164/30 1015/156/30
f 1020/157/30 1019/156/30 1018/164/30
f 1023/157/30 1022/143/30 1021/156/30
f 1026/157/30 1025/143/30 1024/143/30
f 1029/157/30 1028/157/30 1027/143/30
f 1032/151/150 1031/152/118 1030/150/150
f 1035/151/150 1034/149/118 1033/152/118
f 1038/149/151 1037/153/27 1036/152/151
f 1041/149/151 1040/154/27 1039/153/27
f 1044/143/23 1043/153/25 1042/154/25
f 1047/143/23 1046/142/23 1045/153/25
f 1050/141/19 1049/142/114 1048/143/114
f 1053/141/19 1052/144/19 1051/142/114
f 1056/141/20 1055/155/52 1054/144/20
f 1059/141/20 1058/156/52 1057/155/52
f 1062/143/113 1061/155/50 1060/156/50
f 1065/143/113 1064/142/113 1063/155/50
f 1068/156/112 1067/142/111 1066/143/111
f 1071/156/112 1070/155/112 1069/142/111
f 1074/143/42 1073/155/152 1072/156/152
f 1077/143/42 1076/142/42 1075/155/152
f 1080/156/38 1079/142/40 1078/143/40
f 1083/156/38 1082/155/38 1081/142/40
f 1086/141/93 1085/155/92 1084/156/92
f 1089/141/93 1088/144/93 1087/155/92
f 1092/141/91 1091/155/59 1090/144/91
f 1095/141/91 1094/156/59 1093/155/59
f 1098/143/57 1097/155/88 1096/156/88
f 1101/143/57 1100/142/57 1099/155/88
f 1104/158/30 1103/156/30 1102/164/30
f 1107/158/30 1106/141/30 1105/156/30
f 1110/158/30 1109/156/30 1108/141/30
f 1113/158/30 1112/164/30 1111/156/30
f 1116/164/30 1115/143/30 1114/156/30
f 1119/164/30 1118/157/30 1117/143/30
f 1122/162/30 1121/151/30 1120/161/30
f 1125/162/30 1124/149/30 1123/151/30
f 1128/163/30 1127/149/30 1126/162/30
f 1131/163/30 1130/154/30 1129/149/30
f 1134/157/30 1133/154/30 1132/163/30
f 1137/157/30 1136/143/30 1135/154/30
f 1140/157/30 1139/141/30 1138/143/30
f 1143/157/30 1142/158/30 1141/141/30
f 1146/158/30 1145/156/30 1144/141/30
f 1149/158/30 1148/164/30 1147/156/30
f 1152/157/30 1151/156/30 1150/164/30
f 1155/157/30 1154/143/30 1153/156/30
f 1158/157/30 1157/156/30 1156/143/30
f 1161/157/30 1160/164/30 1159/156/30
f 1164/157/30 1163/156/30 1162/164/30
f 1167/157/30 1166/143/30 1165/156/30
f 1170/157/30 1169/156/30 1168/143/30
f 1173/157/30 1172/164/30 1171/156/30
f 1179/73/21 1178/76/21 1177/75/21
f 1182/73/21 1181/72/21 1180/76/21
f 1188/87/36 1187/72/36 1186/73/36
f 1191/87/36 1190/88/36 1189/72/36
f 1194/72/153 1193/81/153 1192/76/153
f 1197/72/153 1196/165/153 1195/81/153
f 1203/87/57 1202/72/57 1201/88/57
f 1206/87/57 1205/73/57 1204/72/57
f 1209/81/154 1208/72/154 1207/76/154
f 1212/81/154 1211/165/154 1210/72/154
f 1215/166/155 1214/167/6 1213/168/6
f 1218/166/156 1217/168/6 1216/169/155
f 1221/170/157 1220/166/158 1219/169/159
f 1224/170/157 1223/171/157 1222/166/158
f 1227/172/160 1226/171/161 1225/170/161
f 1230/172/160 1229/173/162 1228/171/161
f 1233/174/163 1232/173/164 1231/172/164
f 1236/174/163 1235/175/165 1234/173/164
f 1239/176/166 1238/177/167 1237/178/166
f 1242/176/166 1241/179/168 1240/177/167
f 1245/177/169 1244/179/170 1243/180/171
f 1248/177/169 1247/180/171 1246/181/171
f 1251/94/65 1250/92/65 1249/96/65
f 1254/94/65 1253/93/65 1252/92/65
f 1260/182/30 1259/183/30 1258/184/30
f 1263/182/30 1262/185/30 1261/183/30
f 1266/186/172 1265/187/173 1264/188/172
f 1269/186/172 1268/189/173 1267/187/173
f 1272/189/173 1271/190/174 1270/187/173
f 1275/189/173 1274/191/174 1273/190/175
f 1278/192/30 1277/190/174 1276/191/174
f 1281/192/30 1280/193/30 1279/190/175
f 1284/194/176 1283/193/30 1282/192/30
f 1287/194/177 1286/195/177 1285/193/30
f 1290/194/176 1289/196/178 1288/195/176
f 1293/194/176 1292/197/178 1291/196/178
f 1296/198/172 1295/196/178 1294/197/178
f 1299/198/172 1298/199/172 1297/196/178
f 1302/73/179 1301/76/179 1300/72/179
f 1305/73/179 1304/75/179 1303/76/179
f 1311/200/30 1310/201/180 1309/202/30
f 1314/200/30 1313/203/181 1312/201/181
f 1317/204/182 1316/201/183 1315/203/183
f 1320/204/184 1319/203/183 1318/205/182
f 1323/205/185 1322/206/34 1321/204/185
f 1326/205/185 1325/207/34 1324/206/34
f 1329/208/172 1328/209/178 1327/210/172
f 1332/208/172 1331/211/178 1330/209/178
f 1335/211/178 1334/212/176 1333/209/178
f 1338/211/178 1337/213/176 1336/212/176
f 1341/214/30 1340/212/177 1339/213/177
f 1344/214/30 1343/215/30 1342/212/176
f 1347/216/186 1346/215/30 1345/214/30
f 1350/216/174 1349/217/174 1348/215/30
f 1353/218/173 1352/217/174 1351/216/174
f 1356/218/173 1355/219/173 1354/217/187
f 1359/218/173 1358/220/172 1357/219/173
f 1362/218/188 1361/221/172 1360/220/172
f 1365/222/189 1364/223/189 1363/224/189
f 1368/222/189 1367/225/189 1366/223/189
f 1371/226/79 1370/222/79 1369/224/79
f 1374/226/79 1373/227/79 1372/222/79
f 1377/228/17 1376/229/17 1375/230/17
f 1380/228/17 1379/231/17 1378/229/17
f 1383/232/190 1382/231/190 1381/228/190
f 1386/232/190 1385/233/190 1384/231/190
f 1389/234/49 1388/229/49 1387/235/49
f 1392/234/49 1391/230/49 1390/229/49
f 1395/236/17 1394/237/17 1393/238/17
f 1398/236/17 1397/238/17 1396/239/17
f 1401/236/17 1400/239/17 1399/240/17
f 1404/236/17 1403/240/17 1402/241/17
f 1407/236/17 1406/241/17 1405/242/17
f 1410/241/17 1409/235/17 1408/242/17
f 1413/241/17 1412/234/17 1411/235/17
f 1416/222/23 1415/223/23 1414/225/23
f 1419/222/23 1418/224/23 1417/223/23
f 1422/226/17 1421/222/17 1420/227/17
f 1425/226/17 1424/224/17 1423/222/17
f 1428/229/79 1427/228/79 1426/230/79
f 1431/229/79 1430/231/79 1429/228/79
f 1434/239/191 1433/240/192 1432/243/192
f 1437/239/191 1436/243/192 1435/244/191
f 1440/238/193 1439/239/194 1438/244/194
f 1443/238/193 1442/244/194 1441/245/195
f 1446/246/196 1445/238/197 1444/245/198
f 1449/246/196 1448/237/199 1447/238/197
f 1452/247/200 1451/237/201 1450/246/201
f 1455/247/200 1454/236/200 1453/237/202
f 1458/248/203 1457/236/204 1456/247/204
f 1461/248/203 1460/242/203 1459/236/204
f 1467/94/48 1466/92/48 1465/93/48
f 1470/94/48 1469/96/48 1468/92/48
f 1473/231/205 1472/232/205 1471/228/205
f 1476/231/205 1475/233/205 1474/232/205
f 1479/234/69 1478/229/69 1477/230/69
f 1482/234/69 1481/235/69 1480/229/69
f 1485/249/17 1484/250/17 1483/251/17
f 1488/249/17 1487/252/17 1486/250/17
f 1491/253/17 1490/254/17 1489/255/17
f 1494/253/17 1493/256/17 1492/254/17
f 1497/257/17 1496/254/17 1495/256/17
f 1500/257/17 1499/258/17 1498/254/17
f 1503/259/34 1502/260/34 1501/261/34
f 1506/262/34 1505/261/34 1504/263/34
f 1509/264/34 1508/265/34 1507/260/34
f 1512/266/34 1511/263/34 1510/267/34
f 1515/268/34 1514/269/34 1513/265/34
f 1518/270/34 1517/267/34 1516/271/34
f 1521/272/34 1520/273/34 1519/269/34
f 1524/274/34 1523/271/34 1522/275/34
f 1527/276/34 1526/181/34 1525/273/34
f 1530/277/34 1529/275/34 1528/278/34
f 1533/279/34 1532/177/34 1531/181/34
f 1536/280/34 1535/178/34 1534/177/34
f 1539/281/9 1538/282/9 1537/283/9
f 1542/284/9 1541/281/9 1540/285/9
f 1545/282/9 1544/286/9 1543/287/9
f 1548/288/9 1547/284/9 1546/289/9
f 1551/286/9 1550/290/9 1549/291/9
f 1554/292/9 1553/288/9 1552/293/9
f 1557/290/9 1556/294/9 1555/295/9
f 1560/296/9 1559/292/9 1558/297/9
f 1563/294/9 1562/180/9 1561/298/9
f 1566/299/9 1565/296/9 1564/300/9
f 1569/180/9 1568/179/9 1567/301/9
f 1572/179/9 1571/176/9 1570/302/9
f 1575/275/206 1574/299/207 1573/278/207
f 1578/275/208 1577/296/206 1576/299/207
f 1581/292/209 1580/296/210 1579/275/211
f 1584/292/209 1583/275/211 1582/271/209
f 1587/267/212 1586/292/213 1585/271/213
f 1590/267/212 1589/288/212 1588/292/213
f 1593/263/214 1592/288/215 1591/267/216
f 1596/263/217 1595/284/217 1594/288/215
f 1599/261/218 1598/284/219 1597/263/219
f 1602/261/218 1601/281/220 1600/284/219
f 1605/260/84 1604/281/221 1603/261/221
f 1608/260/84 1607/282/84 1606/281/221
f 1611/303/79 1610/192/79 1609/191/79
f 1614/304/79 1613/191/79 1612/189/79
f 1617/305/79 1616/194/79 1615/192/79
f 1620/306/79 1619/189/79 1618/186/79
f 1623/307/79 1622/197/79 1621/194/79
f 1626/308/79 1625/198/79 1624/197/79
f 1629/309/17 1628/310/17 1627/311/17
f 1632/309/17 1631/312/17 1630/310/17
f 1635/309/17 1634/313/17 1633/312/17
f 1638/309/17 1637/314/17 1636/313/17
f 1641/309/17 1640/315/17 1639/314/17
f 1644/309/17 1643/316/17 1642/315/17
f 1647/309/17 1646/317/17 1645/316/17
f 1650/318/17 1649/319/17 1648/320/17
f 1653/318/17 1652/321/17 1651/319/17
f 1656/322/17 1655/323/17 1654/324/17
f 1659/322/17 1658/325/17 1657/323/17
f 1662/326/222 1661/327/223 1660/328/224
f 1665/326/222 1664/329/225 1663/327/226
f 1668/249/227 1667/326/228 1666/330/227
f 1671/249/227 1670/331/229 1669/326/222
f 1674/326/222 1673/331/229 1672/329/230
f 1677/329/225 1676/331/231 1675/332/232
f 1680/329/233 1679/332/232 1678/333/234
f 1683/333/234 1682/334/235 1681/329/225
f 1686/333/234 1685/335/236 1684/334/235
f 1689/256/237 1688/253/238 1687/329/225
f 1692/256/237 1691/329/239 1690/334/240
f 1695/257/241 1694/256/242 1693/334/243
f 1698/257/241 1697/334/243 1696/336/244
f 1701/335/245 1700/336/246 1699/334/247
f 1704/335/248 1703/337/249 1702/336/246
f 1707/335/250 1706/338/107 1705/337/251
f 1710/335/252 1709/339/79 1708/338/107
f 1713/335/250 1712/333/253 1711/339/79
f 1716/340/79 1715/339/79 1714/333/253
f 1719/340/79 1718/333/253 1717/332/254
f 1722/341/79 1721/340/79 1720/332/254
f 1725/341/79 1724/332/254 1723/342/254
f 1728/331/231 1727/342/232 1726/332/232
f 1731/331/231 1730/343/255 1729/342/256
f 1734/249/227 1733/343/257 1732/331/258
f 1737/249/227 1736/251/227 1735/343/259
f 1740/344/260 1739/345/249 1738/338/104
f 1743/344/260 1742/346/261 1741/345/249
f 1746/323/262 1745/346/263 1744/344/264
f 1749/323/265 1748/325/266 1747/346/267
f 1752/347/79 1751/204/79 1750/206/79
f 1755/347/79 1754/201/79 1753/204/79
f 1758/347/79 1757/202/79 1756/201/79
f 1761/347/79 1760/348/79 1759/202/79
f 1764/347/79 1763/349/79 1762/348/79
f 1767/347/79 1766/350/79 1765/349/79
f 1770/347/79 1769/351/79 1768/350/79
f 1773/250/79 1772/249/79 1771/251/79
f 1776/250/79 1775/252/79 1774/249/79
f 1779/319/79 1778/318/79 1777/320/79
f 1782/319/79 1781/321/79 1780/318/79
f 1785/322/79 1784/323/79 1783/325/79
f 1788/322/79 1787/324/79 1786/323/79
f 1791/326/268 1790/327/269 1789/329/270
f 1794/326/268 1793/328/271 1792/327/269
f 1797/336/272 1796/337/273 1795/335/274
f 1800/336/272 1799/335/274 1798/334/275
f 1803/333/276 1802/334/277 1801/335/278
f 1806/333/276 1805/329/279 1804/334/277
f 1809/332/280 1808/329/281 1807/333/276
f 1812/332/280 1811/331/282 1810/329/281
f 1815/326/268 1814/329/270 1813/331/283
f 1818/249/284 1817/326/268 1816/331/285
f 1821/249/286 1820/330/286 1819/326/268
f 1824/257/287 1823/336/288 1822/334/289
f 1827/257/287 1826/334/290 1825/256/291
f 1830/256/292 1829/334/290 1828/329/270
f 1833/256/292 1832/329/270 1831/253/293
f 1836/323/294 1835/346/288 1834/325/295
f 1839/323/296 1838/344/297 1837/346/288
f 1842/344/298 1841/345/299 1840/346/300
f 1845/344/298 1844/338/23 1843/345/299
f 1848/335/301 1847/345/302 1846/338/114
f 1851/335/301 1850/338/22 1849/339/17
f 1854/335/301 1853/339/17 1852/333/303
f 1857/333/304 1856/339/17 1855/340/17
f 1860/333/303 1859/340/17 1858/332/305
f 1863/332/306 1862/340/17 1861/341/17
f 1866/332/305 1865/341/17 1864/342/305
f 1869/331/282 1868/332/280 1867/342/280
f 1872/331/282 1871/342/280 1870/343/307
f 1875/249/284 1874/331/283 1873/343/308
f 1878/249/284 1877/343/308 1876/251/284
f 1881/352/309 1880/353/309 1879/354/309
f 1884/352/309 1883/355/309 1882/353/309
f 1887/356/310 1886/357/310 1885/358/310
f 1890/356/310 1889/359/310 1888/357/310
f 1893/360/79 1892/361/79 1891/362/79
f 1896/360/79 1895/363/79 1894/361/79
f 1899/361/79 1898/363/79 1897/364/79
f 1902/361/79 1901/364/79 1900/365/79
f 1905/366/79 1904/365/79 1903/364/79
f 1908/366/79 1907/364/79 1906/367/79
f 1911/368/79 1910/366/79 1909/367/79
f 1914/368/79 1913/369/79 1912/366/79
f 1917/369/79 1916/368/79 1915/370/79
f 1920/369/79 1919/370/79 1918/371/79
f 1923/372/79 1922/371/79 1921/370/79
f 1926/372/79 1925/373/79 1924/371/79
f 1929/372/79 1928/374/79 1927/373/79
f 1932/375/311 1931/376/311 1930/377/311
f 1935/378/311 1934/375/311 1933/377/311
f 1938/378/311 1937/379/312 1936/375/311
f 1941/380/313 1940/378/313 1939/381/313
f 1944/378/314 1943/380/314 1942/382/315
f 1947/378/311 1946/382/316 1945/379/316
f 1950/383/317 1949/379/318 1948/382/318
f 1953/383/317 1952/384/317 1951/379/318
f 1956/383/319 1955/385/320 1954/384/319
f 1959/383/319 1958/386/320 1957/385/321
f 1962/386/320 1961/355/34 1960/385/320
f 1965/386/320 1964/353/34 1963/355/34
f 1968/354/322 1967/387/322 1966/352/322
f 1971/354/323 1970/388/323 1969/387/323
f 1974/357/324 1973/370/324 1972/368/325
f 1977/370/324 1976/357/324 1975/389/326
f 1980/370/324 1979/389/327 1978/372/327
f 1983/390/328 1982/372/329 1981/389/330
f 1986/390/328 1985/374/328 1984/372/330
f 1989/391/331 1988/374/332 1987/390/333
f 1992/391/331 1991/373/331 1990/374/332
f 1995/373/331 1994/391/331 1993/392/334
f 1998/373/331 1997/392/334 1996/393/334
f 2001/394/334 2000/395/331 1999/396/334
f 2004/394/334 2003/397/331 2002/395/331
f 2007/397/331 2006/398/335 2005/395/331
f 2010/397/331 2009/399/328 2008/398/328
f 2013/399/328 2012/400/329 2011/398/335
f 2016/399/335 2015/401/329 2014/400/329
f 2019/402/324 2018/400/326 2017/401/326
f 2022/402/324 2021/401/327 2020/358/324
f 2025/357/336 2024/402/336 2023/358/336
f 2028/357/324 2027/403/337 2026/402/324
f 2031/357/324 2030/368/325 2029/403/325
f 2034/368/338 2033/404/339 2032/403/338
f 2037/368/338 2036/367/339 2035/404/339
f 2040/404/340 2039/367/340 2038/364/341
f 2043/404/340 2042/364/341 2041/405/341
f 2046/405/342 2045/364/342 2044/363/343
f 2049/405/342 2048/363/344 2047/406/344
f 2052/363/345 2051/407/346 2050/406/347
f 2055/363/347 2054/360/346 2053/407/346
f 2058/408/191 2057/347/192 2056/409/192
f 2061/408/191 2060/351/191 2059/347/192
f 2064/410/195 2063/351/348 2062/408/349
f 2067/410/193 2066/350/193 2065/351/349
f 2070/410/198 2069/349/196 2068/350/197
f 2073/410/197 2072/411/196 2071/349/199
f 2076/412/350 2075/349/201 2074/411/201
f 2079/412/351 2078/348/350 2077/349/201
f 2082/202/352 2081/348/353 2080/412/353
f 2085/202/352 2084/412/354 2083/413/352
f 2088/414/355 2087/415/356 2086/416/355
f 2091/414/355 2090/417/356 2089/415/356
f 2094/417/357 2093/418/358 2092/415/359
f 2097/417/357 2096/419/358 2095/418/358
f 2100/420/351 2099/418/360 2098/419/360
f 2103/420/351 2102/421/350 2101/418/360
f 2106/422/361 2105/421/362 2104/420/362
f 2109/422/361 2108/423/361 2107/421/362
f 2112/424/363 2111/423/364 2110/422/364
f 2115/424/363 2114/425/363 2113/423/364
f 2118/425/363 2117/426/363 2116/426/363
f 2121/425/363 2120/425/363 2119/426/363
f 2124/414/355 2123/416/355 2122/415/365
f 2127/414/355 2126/415/356 2125/417/365
f 2130/415/366 2129/419/358 2128/417/367
f 2133/415/368 2132/418/358 2131/419/358
f 2136/419/360 2135/418/360 2134/421/350
f 2139/419/360 2138/421/351 2137/420/350
f 2142/421/369 2141/422/361 2140/420/369
f 2145/421/369 2144/423/361 2143/422/361
f 2148/423/370 2147/424/363 2146/422/370
f 2151/423/370 2150/425/363 2149/424/363
f 2154/427/17 2153/214/17 2152/213/17
f 2157/428/17 2156/216/17 2155/214/17
f 2160/429/17 2159/213/17 2158/211/17
f 2163/430/17 2162/218/17 2161/216/17
f 2166/431/17 2165/211/17 2164/208/17
f 2169/432/17 2168/221/17 2167/218/17
f 2172/309/79 2171/316/79 2170/317/79
f 2175/309/79 2174/315/79 2173/316/79
f 2178/309/79 2177/314/79 2176/315/79
f 2181/309/79 2180/313/79 2179/314/79
f 2184/309/79 2183/312/79 2182/313/79
f 2187/309/79 2186/310/79 2185/312/79
f 2190/309/79 2189/311/79 2188/310/79
f 2193/426/346 2192/433/346 2191/433/346
f 2196/426/346 2195/426/346 2194/433/346
f 2199/425/371 2198/434/371 2197/425/371
f 2202/425/371 2201/434/371 2200/434/371
f 2205/435/79 2204/436/79 2203/437/79
f 2208/435/79 2207/438/79 2206/436/79
f 2211/435/79 2210/439/79 2209/438/79
f 2214/435/79 2213/437/79 2212/439/79
f 2220/87/48 2219/72/48 2218/88/48
f 2223/87/48 2222/73/48 2221/72/48
f 2226/81/372 2225/72/372 2224/76/372
f 2229/81/372 2228/165/372 2227/72/372
f 2232/166/326 2231/167/373 2230/168/373
f 2235/166/327 2234/168/373 2233/169/326
f 2238/170/374 2237/166/375 2236/169/376
f 2241/170/374 2240/171/374 2239/166/375
f 2244/172/377 2243/171/378 2242/170/378
f 2247/172/377 2246/173/379 2245/171/378
f 2250/174/380 2249/173/381 2248/172/381
f 2253/174/380 2252/175/380 2251/173/381
f 2256/176/382 2255/177/383 2254/178/382
f 2259/176/382 2258/179/384 2257/177/383
f 2262/177/385 2261/179/386 2260/180/387
f 2265/177/385 2264/180/387 2263/181/387
f 2268/347/17 2267/350/17 2266/351/17
f 2271/347/17 2270/349/17 2269/350/17
f 2274/347/17 2273/348/17 2272/349/17
f 2277/347/17 2276/202/17 2275/348/17
f 2280/347/17 2279/201/17 2278/202/17
f 2283/347/17 2282/204/17 2281/201/17
f 2286/347/17 2285/206/17 2284/204/17
f 2289/182/30 2288/183/30 2287/184/30
f 2292/182/30 2291/185/30 2290/183/30
f 2295/186/172 2294/187/388 2293/188/172
f 2298/186/172 2297/189/388 2296/187/388
f 2301/189/388 2300/190/389 2299/187/388
f 2304/189/388 2303/191/389 2302/190/389
f 2307/192/30 2306/190/390 2305/191/390
f 2310/192/30 2309/193/30 2308/190/389
f 2313/194/391 2312/193/30 2311/192/30
f 2316/194/392 2315/195/392 2314/193/30
f 2319/194/391 2318/196/393 2317/195/392
f 2322/194/394 2321/197/393 2320/196/393
f 2325/198/172 2324/196/393 2323/197/393
f 2328/198/172 2327/199/172 2326/196/393
f 2331/201/181 2330/200/30 2329/202/30
f 2334/201/181 2333/203/181 2332/200/30
f 2337/203/183 2336/201/395 2335/204/182
f 2340/203/183 2339/204/184 2338/205/184
f 2343/206/34 2342/205/185 2341/204/185
f 2346/206/34 2345/207/34 2344/205/185
f 2349/412/362 2348/202/352 2347/413/396
f 2352/412/353 2351/348/353 2350/202/352
f 2355/412/350 2354/349/202 2353/348/351
f 2358/412/351 2357/411/202 2356/349/201
f 2361/410/198 2360/349/196 2359/411/196
f 2364/410/198 2363/350/198 2362/349/196
f 2367/410/193 2366/351/349 2365/350/195
f 2370/410/193 2369/408/349 2368/351/349
f 2373/408/191 2372/347/192 2371/351/191
f 2376/408/191 2375/409/192 2374/347/192
f 2379/200/30 2378/201/308 2377/202/30
f 2382/200/30 2381/203/308 2380/201/308
f 2385/204/397 2384/201/307 2383/203/307
f 2388/204/398 2387/203/399 2386/205/398
f 2391/205/306 2390/206/17 2389/204/306
f 2394/205/305 2393/207/17 2392/206/17
f 2397/208/172 2396/209/393 2395/210/172
f 2400/208/172 2399/211/393 2398/209/393
f 2403/211/393 2402/212/394 2401/209/393
f 2406/211/393 2405/213/394 2404/212/400
f 2409/214/30 2408/212/392 2407/213/392
f 2412/214/30 2411/215/30 2410/212/391
f 2415/216/389 2414/215/30 2413/214/30
f 2418/216/390 2417/217/390 2416/215/30
f 2421/218/388 2420/217/389 2419/216/390
f 2424/218/388 2423/219/388 2422/217/390
f 2427/218/388 2426/220/172 2425/219/388
f 2430/218/401 2429/221/172 2428/220/172
f 2433/222/58 2432/223/58 2431/224/58
f 2436/222/58 2435/225/58 2434/223/58
f 2439/226/34 2438/222/34 2437/224/34
f 2442/226/34 2441/227/34 2440/222/34
f 2445/228/9 2444/229/9 2443/230/9
f 2448/228/9 2447/231/9 2446/229/9
f 2451/232/402 2450/231/402 2449/228/402
f 2454/232/402 2453/233/402 2452/231/402
f 2457/234/14 2456/229/14 2455/235/14
f 2460/234/14 2459/230/14 2458/229/14
f 2463/236/9 2462/237/9 2461/238/9
f 2466/236/9 2465/238/9 2464/239/9
f 2469/236/9 2468/239/9 2467/240/9
f 2472/236/9 2471/240/9 2470/241/9
f 2475/236/9 2474/241/9 2473/242/9
f 2478/241/9 2477/235/9 2476/242/9
f 2481/241/9 2480/234/9 2479/235/9
f 2484/222/100 2483/223/100 2482/225/100
f 2487/222/100 2486/224/100 2485/223/100
f 2490/226/9 2489/222/9 2488/227/9
f 2493/226/9 2492/224/9 2491/222/9
f 2496/229/34 2495/228/34 2494/230/34
f 2499/229/34 2498/231/34 2497/228/34
f 2502/239/403 2501/240/404 2500/243/404
f 2505/239/405 2504/243/404 2503/244/403
f 2508/238/406 2507/239/407 2506/244/407
f 2511/238/408 2510/244/409 2509/245/408
f 2514/246/410 2513/238/411 2512/245/412
f 2517/246/410 2516/237/413 2515/238/411
f 2520/247/414 2519/237/2 2518/246/2
f 2523/247/414 2522/236/415 2521/237/416
f 2526/248/417 2525/236/418 2524/247/418
f 2529/248/417 2528/242/417 2527/236/418
f 2532/440/79 2531/441/79 2530/442/79
f 2535/440/79 2534/443/79 2533/441/79
f 2538/440/79 2537/444/79 2536/443/79
f 2541/440/79 2540/445/79 2539/444/79
f 2544/440/79 2543/446/79 2542/445/79
f 2547/225/79 2546/445/79 2545/446/79
f 2550/225/79 2549/446/79 2548/223/79
f 2553/231/419 2552/232/419 2551/228/419
f 2556/231/419 2555/233/419 2554/232/419
f 2559/234/38 2558/229/38 2557/230/38
f 2562/234/38 2561/235/38 2560/229/38
f 2565/249/9 2564/250/9 2563/251/9
f 2568/249/9 2567/252/9 2566/250/9
f 2571/253/9 2570/254/9 2569/255/9
f 2574/253/9 2573/256/9 2572/254/9
f 2577/257/9 2576/254/9 2575/256/9
f 2580/257/9 2579/258/9 2578/254/9
f 2583/243/192 2582/240/192 2581/239/420
f 2586/243/192 2585/239/420 2584/244/191
f 2589/244/421 2588/239/194 2587/238/195
f 2592/244/194 2591/238/195 2590/245/193
f 2595/238/198 2594/246/196 2593/245/197
f 2598/238/198 2597/237/199 2596/246/196
f 2601/247/422 2600/246/201 2599/237/201
f 2604/247/200 2603/237/201 2602/236/200
f 2607/248/203 2606/247/423 2605/236/423
f 2610/248/203 2609/236/423 2608/242/203
f 2613/318/9 2612/319/9 2611/320/9
f 2616/318/9 2615/321/9 2614/319/9
f 2619/322/9 2618/323/9 2617/324/9
f 2622/322/9 2621/325/9 2620/323/9
f 2625/326/424 2624/327/425 2623/328/426
f 2628/326/424 2627/329/427 2626/327/428
f 2631/249/286 2630/326/363 2629/330/286
f 2634/249/284 2633/331/429 2632/326/430
f 2637/326/424 2636/331/429 2635/329/427
f 2640/329/431 2639/331/432 2638/332/433
f 2643/329/431 2642/332/433 2641/333/434
f 2646/333/434 2645/334/435 2644/329/436
f 2649/333/434 2648/335/437 2647/334/435
f 2652/256/438 2651/253/439 2650/329/440
f 2655/256/438 2654/329/427 2653/334/441
f 2658/257/442 2657/256/443 2656/334/441
f 2661/257/442 2660/334/444 2659/336/445
f 2664/335/446 2663/336/447 2662/334/435
f 2667/335/446 2666/337/448 2665/336/449
f 2670/335/450 2669/338/89 2668/337/451
f 2673/335/452 2672/339/34 2671/338/89
f 2676/335/450 2675/333/453 2674/339/34
f 2679/340/34 2678/339/34 2677/333/453
f 2682/340/34 2681/333/453 2680/332/185
f 2685/341/34 2684/340/34 2683/332/185
f 2688/341/34 2687/332/185 2686/342/185
f 2691/331/432 2690/342/184 2689/332/433
f 2694/331/454 2693/343/183 2692/342/433
f 2697/249/455 2696/343/181 2695/331/456
f 2700/249/284 2699/251/284 2698/343/181
f 2703/344/457 2702/345/458 2701/338/86
f 2706/344/459 2705/346/449 2704/345/460
f 2709/323/461 2708/346/445 2707/344/462
f 2712/323/463 2711/325/464 2710/346/465
f 2715/235/30 2714/248/30 2713/242/30
f 2718/235/30 2717/447/30 2716/248/30
f 2721/229/30 2720/447/30 2719/235/30
f 2724/229/30 2723/448/30 2722/447/30
f 2727/449/30 2726/448/30 2725/229/30
f 2730/449/30 2729/229/30 2728/231/30
f 2733/250/34 2732/249/34 2731/251/34
f 2736/250/34 2735/252/34 2734/249/34
f 2739/319/34 2738/318/34 2737/320/34
f 2742/319/34 2741/321/34 2740/318/34
f 2745/322/34 2744/323/34 2743/325/34
f 2748/322/34 2747/324/34 2746/323/34
f 2751/326/222 2750/327/466 2749/329/467
f 2754/326/222 2753/328/468 2752/327/469
f 2757/336/470 2756/337/471 2755/335/472
f 2760/336/473 2759/335/472 2758/334/474
f 2763/333/475 2762/334/476 2761/335/477
f 2766/333/478 2765/329/479 2764/334/476
f 2769/332/344 2768/329/480 2767/333/478
f 2772/332/344 2771/331/481 2770/329/480
f 2775/326/222 2774/329/467 2773/331/482
f 2778/249/483 2777/326/222 2776/331/484
f 2781/249/485 2780/330/485 2779/326/222
f 2784/257/486 2783/336/487 2782/334/488
f 2787/257/489 2786/334/490 2785/256/491
f 2790/256/492 2789/334/490 2788/329/479
f 2793/256/492 2792/329/467 2791/253/493
f 2796/323/494 2795/346/487 2794/325/495
f 2799/323/496 2798/344/497 2797/346/487
f 2802/344/498 2801/345/499 2800/346/500
f 2805/344/498 2804/338/100 2803/345/501
f 2808/335/502 2807/345/503 2806/338/97
f 2811/335/502 2810/338/504 2809/339/9
f 2814/335/502 2813/339/9 2812/333/505
f 2817/333/506 2816/339/9 2815/340/9
f 2820/333/505 2819/340/9 2818/332/345
f 2823/332/347 2822/340/9 2821/341/9
f 2826/332/345 2825/341/9 2824/342/345
f 2829/331/481 2828/332/344 2827/342/344
f 2832/331/481 2831/342/344 2830/343/507
f 2835/249/483 2834/331/482 2833/343/508
f 2838/249/483 2837/343/508 2836/251/483
f 2841/352/509 2840/353/509 2839/354/509
f 2844/352/509 2843/355/509 2842/353/509
f 2847/356/390 2846/357/390 2845/358/390
f 2850/356/390 2849/359/390 2848/357/390
f 2853/360/34 2852/361/34 2851/362/34
f 2856/360/34 2855/363/34 2854/361/34
f 2859/361/34 2858/363/34 2857/364/34
f 2862/361/34 2861/364/34 2860/365/34
f 2865/366/34 2864/365/34 2863/364/34
f 2868/366/34 2867/364/34 2866/367/34
f 2871/368/34 2870/366/34 2869/367/34
f 2874/368/34 2873/369/34 2872/366/34
f 2877/369/34 2876/368/34 2875/370/34
f 2880/369/34 2879/370/34 2878/371/34
f 2883/372/34 2882/371/34 2881/370/34
f 2886/372/34 2885/373/34 2884/371/34
f 2889/372/34 2888/374/34 2887/373/34
f 2892/375/510 2891/376/510 2890/377/510
f 2895/378/510 2894/375/510 2893/377/510
f 2898/378/510 2897/379/511 2896/375/510
f 2901/380/510 2900/378/510 2899/381/510
f 2904/378/512 2903/380/512 2902/382/513
f 2907/378/510 2906/382/514 2905/379/514
f 2910/383/515 2909/379/516 2908/382/516
f 2913/383/515 2912/384/515 2911/379/516
f 2916/383/517 2915/385/518 2914/384/517
f 2919/383/517 2918/386/518 2917/385/519
f 2922/386/518 2921/355/17 2920/385/518
f 2925/386/518 2924/353/17 2923/355/17
f 2928/354/520 2927/387/520 2926/352/520
f 2931/354/521 2930/388/521 2929/387/520
f 2934/357/522 2933/370/522 2932/368/523
f 2937/370/522 2936/357/522 2935/389/221
f 2940/370/522 2939/389/524 2938/372/524
f 2943/390/81 2942/372/525 2941/389/525
f 2946/390/81 2945/374/81 2944/372/525
f 2949/391/526 2948/374/81 2947/390/527
f 2952/391/526 2951/373/526 2950/374/528
f 2955/373/526 2954/391/526 2953/392/529
f 2958/373/526 2957/392/529 2956/393/529
f 2961/394/529 2960/395/526 2959/396/529
f 2964/394/529 2963/397/526 2962/395/526
f 2967/397/526 2966/398/530 2965/395/526
f 2970/397/526 2969/399/81 2968/398/81
f 2973/399/81 2972/400/531 2971/398/527
f 2976/399/527 2975/401/531 2974/400/525
f 2979/402/522 2978/400/221 2977/401/221
f 2982/402/522 2981/401/221 2980/358/522
f 2985/357/532 2984/402/532 2983/358/532
f 2988/357/533 2987/403/534 2986/402/522
f 2991/357/522 2990/368/523 2989/403/523
f 2994/368/535 2993/404/536 2992/403/535
f 2997/368/535 2996/367/536 2995/404/536
f 3000/404/537 2999/367/537 2998/364/538
f 3003/404/537 3002/364/538 3001/405/538
f 3006/405/539 3005/364/539 3004/363/256
f 3009/405/540 3008/363/232 3007/406/232
f 3012/363/254 3011/407/541 3010/406/254
f 3015/363/254 3014/360/541 3013/407/541
f 3018/225/17 3017/223/17 3016/446/17
f 3021/225/17 3020/446/17 3019/445/17
f 3024/440/17 3023/445/17 3022/446/17
f 3027/440/17 3026/444/17 3025/445/17
f 3030/440/17 3029/443/17 3028/444/17
f 3033/440/17 3032/441/17 3031/443/17
f 3036/440/17 3035/442/17 3034/441/17
f 3039/414/542 3038/415/543 3037/416/542
f 3042/414/542 3041/417/543 3040/415/543
f 3045/417/544 3044/418/545 3043/415/544
f 3048/417/544 3047/419/545 3046/418/545
f 3051/420/546 3050/418/547 3049/419/547
f 3054/420/548 3053/421/549 3052/418/547
f 3057/422/550 3056/421/551 3055/420/551
f 3060/422/550 3059/423/550 3058/421/551
f 3063/424/286 3062/423/552 3061/422/552
f 3066/424/286 3065/425/286 3064/423/552
f 3069/425/286 3068/426/286 3067/426/286
f 3072/425/286 3071/425/286 3070/426/286
f 3075/414/542 3074/416/542 3073/415/543
f 3078/414/542 3077/415/543 3076/417/553
f 3081/415/554 3080/419/545 3079/417/555
f 3084/415/556 3083/418/545 3082/419/545
f 3087/419/547 3086/418/547 3085/421/546
f 3090/419/547 3089/421/546 3088/420/557
f 3093/421/558 3092/422/550 3091/420/558
f 3096/421/558 3095/423/550 3094/422/550
f 3099/423/559 3098/424/286 3097/422/559
f 3102/423/559 3101/425/286 3100/424/286
f 3105/229/30 3104/449/30 3103/231/30
f 3108/229/30 3107/448/30 3106/449/30
f 3111/229/30 3110/447/30 3109/448/30
f 3114/229/30 3113/235/30 3112/447/30
f 3117/235/30 3116/248/30 3115/447/30
f 3120/235/30 3119/242/30 3118/248/30
f 3123/433/541 3122/426/541 3121/433/541
f 3126/433/541 3125/426/541 3124/426/541
f 3129/425/560 3128/434/560 3127/425/560
f 3132/425/560 3131/434/560 3130/434/560
f 3135/435/34 3134/436/34 3133/437/34
f 3138/435/34 3137/438/34 3136/436/34
f 3141/435/34 3140/439/34 3139/438/34
f 3144/435/34 3143/437/34 3142/439/34
f 3150/87/561 3149/72/561 3148/73/561
f 3153/87/561 3152/88/561 3151/72/561
f 3156/72/562 3155/81/562 3154/76/562
f 3159/72/562 3158/165/562 3157/81/562
f 3165/87/13 3164/72/13 3163/88/13
f 3168/87/13 3167/73/13 3166/72/13
f 3171/81/563 3170/72/563 3169/76/563
f 3174/81/563 3173/165/563 3172/72/563
f 3177/166/221 3176/167/84 3175/168/84
f 3180/166/524 3179/168/84 3178/169/221
f 3183/170/219 3182/166/218 3181/169/220
f 3186/170/219 3185/171/219 3184/166/218
f 3189/172/215 3188/171/217 3187/170/217
f 3192/172/215 3191/173/216 3190/171/214
f 3195/174/213 3194/173/212 3193/172/212
f 3198/174/213 3197/175/564 3196/173/212
f 3201/176/207 3200/177/206 3199/178/207
f 3204/176/207 3203/179/208 3202/177/206
f 3207/177/210 3206/179/211 3205/180/209
f 3210/177/210 3209/180/209 3208/181/209
f 3213/241/79 3212/235/79 3211/234/79
f 3216/241/79 3215/242/79 3214/235/79
f 3219/236/79 3218/242/79 3217/241/79
f 3222/236/79 3221/241/79 3220/240/79
f 3225/236/79 3224/240/79 3223/239/79
f 3228/236/79 3227/239/79 3226/238/79
f 3231/236/79 3230/238/79 3229/237/79
f 3234/450/34 3233/451/34 3232/452/34
f 3237/450/34 3236/453/34 3235/451/34
f 3240/453/34 3239/450/34 3238/454/34
f 3243/453/34 3242/454/34 3241/455/34
f 3246/454/34 3245/456/34 3244/455/34
f 3249/454/34 3248/457/34 3247/456/34
f 3252/182/30 3251/183/30 3250/184/30
f 3255/182/30 3254/185/30 3253/183/30
f 3258/186/172 3257/187/178 3256/188/172
f 3261/186/172 3260/189/178 3259/187/178
f 3264/189/178 3263/190/176 3262/187/178
f 3267/189/178 3266/191/176 3265/190/176
f 3270/192/30 3269/190/177 3268/191/177
f 3273/192/30 3272/193/30 3271/190/176
f 3276/194/175 3275/193/30 3274/192/30
f 3279/194/174 3278/195/174 3277/193/30
f 3282/194/175 3281/196/173 3280/195/174
f 3285/194/174 3284/197/173 3283/196/173
f 3288/198/172 3287/196/173 3286/197/173
f 3291/198/172 3290/199/172 3289/196/173
f 3294/458/565 3293/328/34 3292/459/34
f 3297/458/566 3296/326/565 3295/328/34
f 3300/460/567 3299/326/41 3298/458/41
f 3303/460/568 3302/330/568 3301/326/41
f 3306/249/9 3305/330/569 3304/460/570
f 3309/249/9 3308/460/571 3307/461/9
f 3312/200/30 3311/201/508 3310/202/30
f 3315/200/30 3314/203/508 3313/201/508
f 3318/204/572 3317/201/507 3316/203/507
f 3321/204/343 3320/203/507 3319/205/572
f 3324/205/347 3323/206/9 3322/204/347
f 3327/205/345 3326/207/9 3325/206/9
f 3330/208/172 3329/209/173 3328/210/172
f 3333/208/172 3332/211/173 3331/209/173
f 3336/211/173 3335/212/187 3334/209/173
f 3339/211/173 3338/213/187 3337/212/186
f 3342/214/30 3341/212/174 3340/213/174
f 3345/214/30 3344/215/30 3343/212/175
f 3348/216/176 3347/215/30 3346/214/30
f 3351/216/177 3350/217/177 3349/215/30
f 3354/218/178 3353/217/176 3352/216/177
f 3357/218/178 3356/219/178 3355/217/177
f 3360/218/178 3359/220/172 3358/219/178
f 3363/218/573 3362/221/172 3361/220/172
f 3366/435/17 3365/436/17 3364/437/17
f 3369/435/17 3368/438/17 3367/436/17
f 3372/435/17 3371/439/17 3370/438/17
f 3375/435/17 3374/437/17 3373/439/17
f 3383/462/574 3382/463/574 3381/464/574
f 3386/462/574 3385/465/574 3384/463/574
f 3389/465/575 3388/464/575 3387/463/575
f 3392/465/575 3391/462/575 3390/464/575
f 3401/466/124 3400/462/124 3399/464/124
f 3404/466/124 3403/467/124 3402/462/124
f 3409/468/30 3408/469/30 3407/470/30
f 3414/462/576 3413/463/576 3412/464/576
f 3417/462/576 3416/465/576 3415/463/576
f 3426/466/70 3425/462/70 3424/464/70
f 3429/466/70 3428/467/70 3427/462/70
f 3435/87/65 3434/72/65 3433/73/65
f 3438/87/65 3437/88/65 3436/72/65
f 3441/72/577 3440/81/577 3439/76/577
f 3444/72/577 3443/165/577 3442/81/577
f 3450/87/179 3449/72/179 3448/88/179
f 3453/87/179 3452/73/179 3451/72/179
f 3456/81/578 3455/72/578 3454/76/578
f 3459/81/578 3458/165/578 3457/72/578
f 3462/166/579 3461/167/580 3460/168/580
f 3465/166/581 3464/168/580 3463/169/579
f 3468/170/582 3467/166/583 3466/169/584
f 3471/170/582 3470/171/582 3469/166/583
f 3474/172/585 3473/171/586 3472/170/586
f 3477/172/585 3476/173/587 3475/171/588
f 3480/174/589 3479/173/590 3478/172/590
f 3483/174/589 3482/175/589 3481/173/590
f 3486/176/591 3485/177/592 3484/178/591
f 3489/176/591 3488/179/593 3487/177/592
f 3492/177/594 3491/179/595 3490/180/596
f 3495/177/594 3494/180/596 3493/181/596
f 3498/454/34 3497/456/34 3496/457/34
f 3501/454/34 3500/455/34 3499/456/34
f 3504/454/34 3503/453/34 3502/455/34
f 3507/454/34 3506/450/34 3505/453/34
f 3510/450/34 3509/451/34 3508/453/34
f 3513/450/34 3512/452/34 3511/451/34
f 3516/182/30 3515/183/30 3514/184/30
f 3519/182/30 3518/185/30 3517/183/30
f 3522/186/172 3521/187/393 3520/188/172
f 3525/186/172 3524/189/393 3523/187/393
f 3528/189/393 3527/190/392 3526/187/393
f 3531/189/393 3530/191/392 3529/190/391
f 3534/192/30 3533/190/392 3532/191/392
f 3537/192/30 3536/193/30 3535/190/392
f 3540/194/389 3539/193/30 3538/192/30
f 3543/194/390 3542/195/390 3541/193/30
f 3546/194/389 3545/196/388 3544/195/389
f 3549/194/389 3548/197/388 3547/196/388
f 3552/198/172 3551/196/388 3550/197/388
f 3555/198/172 3554/199/172 3553/196/388
f 3558/249/9 3557/461/9 3556/460/597
f 3561/249/9 3560/460/598 3559/330/597
f 3564/460/599 3563/326/600 3562/330/599
f 3567/460/599 3566/458/600 3565/326/600
f 3570/458/601 3569/328/61 3568/326/602
f 3573/458/72 3572/459/34 3571/328/34
f 3576/200/30 3575/201/259 3574/202/30
f 3579/200/30 3578/203/259 3577/201/259
f 3582/204/603 3581/201/604 3580/203/255
f 3585/204/603 3584/203/605 3583/205/603
f 3588/205/254 3587/206/79 3586/204/254
f 3591/205/254 3590/207/79 3589/206/79
f 3594/208/172 3593/209/388 3592/210/172
f 3597/208/172 3596/211/388 3595/209/388
f 3600/211/388 3599/212/389 3598/209/388
f 3603/211/388 3602/213/389 3601/212/389
f 3606/214/30 3605/212/390 3604/213/390
f 3609/214/30 3608/215/30 3607/212/389
f 3612/216/391 3611/215/30 3610/214/30
f 3615/216/392 3614/217/392 3613/215/30
f 3618/218/393 3617/217/392 3616/216/392
f 3621/218/393 3620/219/393 3619/217/394
f 3624/218/393 3623/220/172 3622/219/393
f 3627/218/606 3626/221/172 3625/220/172
f 3630/357/534 3629/370/534 3628/368/607
f 3633/370/523 3632/357/523 3631/389/608
f 3636/370/523 3635/389/608 3634/372/609
f 3639/390/2 3638/372/610 3637/389/610
f 3642/390/2 3641/374/2 3640/372/610
f 3645/391/611 3644/374/2 3643/390/612
f 3648/391/611 3647/373/611 3646/374/410
f 3651/373/611 3650/391/611 3649/392/613
f 3654/373/611 3653/392/613 3652/393/613
f 3657/394/613 3656/395/611 3655/396/613
f 3660/394/613 3659/397/611 3658/395/611
f 3663/397/611 3662/398/614 3661/395/611
f 3666/397/611 3665/399/2 3664/398/2
f 3669/399/2 3668/400/610 3667/398/612
f 3672/399/612 3671/401/610 3670/400/610
f 3675/402/534 3674/400/615 3673/401/608
f 3678/402/523 3677/401/608 3676/358/523
f 3681/357/523 3680/402/534 3679/358/523
f 3684/357/523 3683/403/607 3682/402/523
f 3687/357/523 3686/368/607 3685/403/607
f 3690/368/532 3689/404/616 3688/403/532
f 3693/368/532 3692/367/616 3691/404/616
f 3696/404/617 3695/367/617 3694/364/618
f 3699/404/617 3698/364/618 3697/405/618
f 3702/405/619 3701/364/619 3700/363/620
f 3705/405/621 3704/363/280 3703/406/280
f 3708/363/305 3707/407/622 3706/406/306
f 3711/363/306 3710/360/622 3709/407/622
f 3714/254/79 3713/253/79 3712/255/79
f 3717/254/79 3716/256/79 3715/253/79
f 3720/254/79 3719/257/79 3718/256/79
f 3723/254/79 3722/258/79 3721/257/79
f 3726/414/623 3725/415/624 3724/416/623
f 3729/414/623 3728/417/624 3727/415/624
f 3732/417/625 3731/418/626 3730/415/625
f 3735/417/625 3734/419/626 3733/418/626
f 3738/420/627 3737/418/628 3736/419/628
f 3741/420/627 3740/421/627 3739/418/628
f 3744/422/629 3743/421/630 3742/420/630
f 3747/422/629 3746/423/629 3745/421/630
f 3750/424/227 3749/423/631 3748/422/631
f 3753/424/227 3752/425/227 3751/423/631
f 3756/425/227 3755/426/227 3754/426/227
f 3759/425/227 3758/425/227 3757/426/227
f 3762/414/623 3761/416/623 3760/415/624
f 3765/414/623 3764/415/624 3763/417/632
f 3768/415/633 3767/419/626 3766/417/634
f 3771/415/635 3770/418/626 3769/419/626
f 3774/419/628 3773/418/628 3772/421/627
f 3777/419/628 3776/421/627 3775/420/627
f 3780/421/630 3779/422/629 3778/420/630
f 3783/421/630 3782/423/629 3781/422/629
f 3786/423/636 3785/424/227 3784/422/636
f 3789/423/636 3788/425/637 3787/424/227
f 3792/471/79 3791/472/79 3790/473/79
f 3795/471/79 3794/474/79 3793/472/79
f 3798/471/79 3797/475/79 3796/474/79
f 3801/471/79 3800/476/79 3799/475/79
f 3804/471/79 3803/477/79 3802/476/79
f 3807/433/622 3806/426/622 3805/433/622
f 3810/433/622 3809/426/622 3808/426/622
f 3813/425/638 3812/434/638 3811/425/638
f 3816/425/638 3815/434/638 3814/434/638
f 3819/435/9 3818/436/9 3817/437/9
f 3822/435/9 3821/438/9 3820/436/9
f 3825/435/9 3824/439/9 3823/438/9
f 3828/435/9 3827/437/9 3826/439/9
f 3831/478/639 3830/479/639 3829/480/639
f 3834/478/639 3833/481/639 3832/479/639
f 3837/482/640 3836/483/640 3835/484/640
f 3840/482/640 3839/485/640 3838/483/640
f 3843/486/641 3842/487/641 3841/488/641
f 3846/486/641 3845/489/641 3844/487/641
f 3849/480/642 3848/490/642 3847/478/642
f 3852/480/642 3851/491/642 3850/490/642
f 3855/492/643 3854/483/643 3853/493/643
f 3858/492/643 3857/484/643 3856/483/643
f 3861/494/643 3860/495/643 3859/496/643
f 3864/494/643 3863/497/643 3862/495/643
f 3867/498/643 3866/499/643 3865/500/643
f 3870/498/643 3869/501/643 3868/499/643
f 3873/502/640 3872/503/640 3871/504/640
f 3876/502/640 3875/505/640 3874/503/640
f 3879/506/639 3878/507/639 3877/508/639
f 3882/506/639 3881/509/639 3880/507/639
f 3885/510/639 3884/511/639 3883/512/639
f 3888/510/639 3887/513/639 3886/511/639
f 3891/514/640 3890/515/640 3889/516/640
f 3894/514/640 3893/517/640 3892/515/640
f 3897/518/641 3896/499/641 3895/519/641
f 3900/518/641 3899/500/641 3898/499/641
f 3903/500/641 3902/520/641 3901/521/641
f 3906/500/641 3905/497/641 3904/520/641
f 3909/518/641 3908/497/641 3907/500/641
f 3912/518/641 3911/522/641 3910/497/641
f 3915/497/641 3914/522/641 3913/523/641
f 3918/497/641 3917/523/641 3916/495/641
f 3921/524/642 3920/525/642 3919/507/642
f 3924/524/642 3923/507/642 3922/526/642
f 3927/526/642 3926/527/642 3925/524/642
f 3930/526/642 3929/528/642 3928/527/642
f 3933/528/642 3932/529/642 3931/527/642
f 3936/528/642 3935/503/642 3934/529/642
f 3939/515/644 3938/503/644 3937/528/644
f 3942/515/644 3941/504/644 3940/503/644
f 3945/526/644 3944/507/644 3943/509/644
f 3948/526/644 3947/509/644 3946/512/644
f 3951/512/644 3950/528/644 3949/526/644
f 3954/512/644 3953/515/644 3952/528/644
f 3957/511/644 3956/515/644 3955/512/644
f 3960/511/644 3959/516/644 3958/515/644
f 3963/530/17 3962/531/17 3961/532/17
f 3966/530/17 3965/533/17 3964/531/17
f 3969/530/17 3968/534/17 3967/533/17
f 3972/530/17 3971/535/17 3970/534/17
f 3975/530/17 3974/536/17 3973/535/17
f 3978/537/643 3977/511/643 3976/538/643
f 3981/537/643 3980/516/643 3979/511/643
f 3984/539/645 3983/540/645 3982/541/645
f 3987/539/645 3986/541/645 3985/542/645
f 3990/543/645 3989/539/645 3988/542/645
f 3993/543/645 3992/544/645 3991/539/645
f 3996/543/645 3995/545/646 3994/544/645
f 3999/543/645 3998/546/646 3997/545/646
f 4002/545/646 4001/546/646 4000/547/647
f 4005/545/646 4004/547/647 4003/548/647
f 4008/548/647 4007/547/647 4006/549/647
f 4011/548/647 4010/549/647 4009/550/647
f 4014/551/648 4013/532/649 4012/552/649
f 4017/551/648 4016/530/648 4015/532/649
f 4020/553/650 4019/530/651 4018/551/651
f 4023/553/650 4022/536/650 4021/530/651
f 4026/553/652 4025/535/373 4024/536/653
f 4029/553/652 4028/554/373 4027/535/373
f 4032/554/580 4031/534/654 4030/535/580
f 4035/554/580 4034/555/654 4033/534/654
f 4038/556/655 4037/534/656 4036/555/656
f 4041/556/655 4040/533/655 4039/534/656
f 4044/556/657 4043/531/9 4042/533/657
f 4047/556/657 4046/557/9 4045/531/9
f 4050/539/658 4049/540/658 4048/541/658
f 4053/539/658 4052/541/658 4051/542/658
f 4056/543/658 4055/539/658 4054/542/658
f 4059/543/658 4058/544/658 4057/539/658
f 4062/543/658 4061/545/659 4060/544/658
f 4065/543/658 4064/546/659 4063/545/659
f 4068/545/659 4067/546/659 4066/547/660
f 4071/545/659 4070/547/660 4069/548/660
f 4074/548/660 4073/547/660 4072/549/660
f 4077/548/660 4076/549/660 4075/550/660
f 4080/558/17 4079/559/17 4078/560/17
f 4083/558/17 4082/561/17 4081/559/17
f 4086/558/17 4085/562/17 4084/561/17
f 4089/478/640 4088/479/640 4087/480/640
f 4092/478/640 4091/481/640 4090/479/640
f 4095/482/639 4094/483/639 4093/484/639
f 4098/482/639 4097/485/639 4096/483/639
f 4101/486/661 4100/487/661 4099/488/661
f 4104/486/661 4103/489/661 4102/487/661
f 4107/480/662 4106/490/662 4105/478/662
f 4110/480/662 4109/491/662 4108/490/662
f 4113/492/663 4112/483/663 4111/493/663
f 4116/492/663 4115/484/663 4114/483/663
f 4119/494/663 4118/495/663 4117/496/663
f 4122/494/663 4121/497/663 4120/495/663
f 4125/498/663 4124/499/663 4123/500/663
f 4128/498/663 4127/501/663 4126/499/663
f 4131/502/639 4130/503/639 4129/504/639
f 4134/502/639 4133/505/639 4132/503/639
f 4137/506/640 4136/507/640 4135/508/640
f 4140/506/640 4139/509/640 4138/507/640
f 4143/510/640 4142/511/640 4141/512/640
f 4146/510/640 4145/513/640 4144/511/640
f 4149/514/639 4148/515/639 4147/516/639
f 4152/514/639 4151/517/639 4150/515/639
f 4155/518/661 4154/499/661 4153/519/661
f 4158/518/661 4157/500/661 4156/499/661
f 4161/500/661 4160/520/661 4159/521/661
f 4164/500/661 4163/497/661 4162/520/661
f 4167/518/661 4166/497/661 4165/500/661
f 4170/518/661 4169/522/661 4168/497/661
f 4173/497/661 4172/522/661 4171/523/661
f 4176/497/661 4175/523/661 4174/495/661
f 4179/524/662 4178/525/662 4177/507/662
f 4182/524/662 4181/507/662 4180/526/662
f 4185/526/662 4184/527/662 4183/524/662
f 4188/526/662 4187/528/662 4186/527/662
f 4191/528/662 4190/529/662 4189/527/662
f 4194/528/662 4193/503/662 4192/529/662
f 4197/515/664 4196/503/664 4195/528/664
f 4200/515/664 4199/504/664 4198/503/664
f 4203/526/664 4202/507/664 4201/509/664
f 4206/526/664 4205/509/664 4204/512/664
f 4209/512/664 4208/528/664 4207/526/664
f 4212/512/664 4211/515/664 4210/528/664
f 4215/511/664 4214/515/664 4213/512/664
f 4218/511/664 4217/516/664 4216/515/664
f 4221/563/79 4220/564/79 4219/565/79
f 4224/563/79 4223/566/79 4222/564/79
f 4227/563/79 4226/567/79 4225/566/79
f 4230/568/665 4229/566/665 4228/567/665
f 4233/569/313 4232/371/313 4231/570/313
f 4236/569/311 4235/369/666 4234/371/311
f 4239/569/311 4238/571/312 4237/369/312
f 4242/366/317 4241/369/667 4240/571/318
f 4245/366/317 4244/571/318 4243/572/317
f 4248/573/320 4247/366/319 4246/572/319
f 4251/573/320 4250/365/668 4249/366/669
f 4254/573/320 4253/574/668 4252/365/668
f 4257/575/670 4256/365/671 4255/574/671
f 4260/575/670 4259/361/670 4258/365/672
f 4263/576/381 4262/361/673 4261/575/674
f 4266/576/34 4265/362/34 4264/361/674
f 4269/576/34 4268/577/34 4267/362/34
f 4272/537/663 4271/511/663 4270/538/663
f 4275/537/663 4274/516/663 4273/511/663
f 4278/578/675 4277/579/676 4276/580/675
f 4281/578/677 4280/581/678 4279/579/678
f 4284/582/210 4283/579/518 4282/581/518
f 4287/582/211 4286/581/518 4285/583/211
f 4290/583/206 4289/584/526 4288/582/206
f 4293/583/206 4292/585/526 4291/584/526
f 4296/586/679 4295/584/680 4294/585/680
f 4299/586/681 4298/585/680 4297/587/681
f 4302/588/17 4301/589/17 4300/590/17
f 4305/588/17 4304/591/17 4303/589/17
f 4308/592/17 4307/590/17 4306/586/17
f 4311/592/17 4310/593/17 4309/590/17
f 4314/592/17 4313/594/17 4312/593/17
f 4317/595/34 4316/388/34 4315/596/34
f 4320/595/34 4319/387/34 4318/388/34
f 4323/595/34 4322/597/34 4321/387/34
f 4326/598/682 4325/599/682 4324/600/682
f 4329/600/682 4328/601/683 4327/598/682
f 4332/586/683 4331/590/683 4330/584/683
f 4335/590/683 4334/582/683 4333/584/683
f 4338/590/684 4337/601/683 4336/582/683
f 4341/601/683 4340/579/683 4339/582/683
f 4344/602/682 4343/579/683 4342/601/683
f 4347/600/682 4346/602/682 4345/601/683
f 4350/602/682 4349/580/683 4348/579/683
f 4353/598/30 4352/603/30 4351/604/30
f 4356/598/30 4355/601/30 4354/603/30
f 4359/590/30 4358/603/30 4357/601/30
f 4362/590/30 4361/589/30 4360/603/30
f 4365/605/79 4364/606/79 4363/607/79
f 4368/605/79 4367/608/79 4366/606/79
f 4371/605/79 4370/609/79 4369/608/79
f 4374/610/172 4373/611/172 4372/612/172
f 4377/610/172 4376/613/172 4375/611/172
f 4380/614/172 4379/611/172 4378/613/172
f 4383/614/172 4382/615/172 4381/611/172
f 4386/616/79 4385/598/79 4384/604/79
f 4389/616/79 4388/617/79 4387/598/79
f 4392/617/79 4391/599/79 4390/598/79
f 4395/617/79 4394/618/79 4393/599/79
f 4398/619/79 4397/620/79 4396/621/79
f 4401/619/79 4400/622/79 4399/620/79
f 4404/623/79 4403/624/79 4402/625/79
f 4407/623/79 4406/621/79 4405/624/79
f 4410/623/79 4409/626/79 4408/621/79
f 4413/627/17 4412/628/17 4411/629/17
f 4416/630/17 4415/629/17 4414/628/17
f 4419/630/17 4418/631/17 4417/629/17
f 4422/630/17 4421/632/17 4420/631/17
f 4425/619/60 4424/633/56 4423/634/60
f 4428/619/60 4427/635/56 4426/633/56
f 4431/635/56 4430/636/685 4429/633/56
f 4434/635/56 4433/637/686 4432/636/686
f 4437/638/687 4436/639/687 4435/640/687
f 4440/610/687 4439/639/687 4438/638/687
f 4443/610/687 4442/613/687 4441/639/687
f 4446/639/687 4445/613/687 4444/641/687
f 4449/641/687 4448/613/687 4447/642/687
f 4452/613/687 4451/643/687 4450/642/687
f 4455/613/687 4454/644/688 4453/643/687
f 4458/614/689 4457/644/688 4456/613/690
f 4461/614/689 4460/645/689 4459/644/688
f 4464/646/688 4463/645/689 4462/614/689
f 4467/647/691 4466/648/692 4465/649/691
f 4470/647/691 4469/650/693 4468/648/694
f 4473/650/695 4472/651/696 4471/648/695
f 4476/650/697 4475/652/696 4474/651/696
f 4479/653/698 4478/651/696 4477/652/696
f 4482/653/699 4481/652/696 4480/654/699
f 4485/614/172 4484/611/172 4483/615/172
f 4488/614/172 4487/613/172 4486/611/172
f 4491/612/172 4490/611/172 4489/613/172
f 4494/612/172 4493/613/172 4492/610/172
f 4497/655/23 4496/656/24 4495/657/23
f 4500/655/23 4499/658/24 4498/656/24
f 4503/659/700 4502/660/27 4501/661/700
f 4506/659/701 4505/662/27 4504/660/27
f 4509/662/25 4508/658/24 4507/660/25
f 4512/662/25 4511/663/24 4510/658/24
f 4515/664/67 4514/665/702 4513/666/67
f 4518/664/67 4517/667/702 4516/665/702
f 4521/667/703 4520/668/704 4519/665/703
f 4524/667/703 4523/669/704 4522/668/704
f 4527/669/705 4526/670/597 4525/668/705
f 4530/669/705 4529/671/597 4528/670/597
f 4533/671/706 4532/672/707 4531/670/706
f 4536/671/706 4535/673/707 4534/672/707
f 4539/673/708 4538/674/13 4537/672/708
f 4542/673/708 4541/675/13 4540/674/13
f 4545/675/709 4544/676/710 4543/674/709
f 4548/675/709 4547/677/710 4546/676/710
f 4551/677/711 4550/678/640 4549/676/711
f 4554/677/711 4553/679/640 4552/678/640
f 4557/679/712 4556/680/22 4555/678/712
f 4560/679/712 4559/655/22 4558/680/22
f 4563/681/713 4562/682/713 4561/683/71
f 4566/681/714 4565/683/71 4564/684/71
f 4569/685/68 4568/684/70 4567/683/70
f 4572/685/68 4571/683/70 4570/686/68
f 4575/686/68 4574/687/69 4573/685/68
f 4578/686/68 4577/664/69 4576/687/69
f 4581/688/34 4580/689/34 4579/690/34
f 4584/688/34 4583/691/674 4582/689/34
f 4587/688/381 4586/692/674 4585/691/674
f 4590/693/671 4589/691/670 4588/692/670
f 4593/693/671 4592/692/670 4591/694/671
f 4596/695/320 4595/693/668 4594/694/668
f 4599/695/320 4598/696/319 4597/693/715
f 4602/695/320 4601/697/319 4600/696/319
f 4605/697/317 4604/698/318 4603/696/317
f 4608/697/317 4607/699/318 4606/698/318
f 4611/700/311 4610/698/312 4609/699/312
f 4614/700/311 4613/701/311 4612/698/312
f 4617/700/311 4616/702/311 4615/701/311
f 4620/659/43 4619/682/43 4618/681/43
f 4623/659/43 4622/661/43 4621/682/43
f 4626/703/34 4625/704/34 4624/705/34
f 4629/703/34 4628/706/34 4627/704/34
f 4632/707/34 4631/704/34 4630/706/34
f 4635/707/34 4634/708/34 4633/704/34
f 4638/707/34 4637/709/34 4636/708/34
f 4641/707/34 4640/710/34 4639/709/34
f 4644/711/34 4643/712/34 4642/713/34
f 4647/711/34 4646/714/34 4645/712/34
f 4650/709/34 4649/714/34 4648/711/34
f 4653/709/34 4652/715/34 4651/714/34
f 4656/716/172 4655/717/172 4654/718/172
f 4659/716/172 4658/719/172 4657/717/172
f 4662/720/172 4661/721/172 4660/719/172
f 4665/722/172 4664/723/172 4663/717/172
f 4668/722/172 4667/717/172 4666/724/172
f 4671/725/172 4670/722/172 4669/724/172
f 4674/725/172 4673/724/172 4672/726/172
f 4677/727/172 4676/725/172 4675/726/172
f 4680/727/172 4679/728/172 4678/725/172
f 4683/400/17 4682/395/17 4681/398/17
f 4686/400/17 4685/701/17 4684/395/17
f 4689/400/17 4688/402/17 4687/701/17
f 4692/402/17 4691/698/17 4690/701/17
f 4695/402/17 4694/403/17 4693/698/17
f 4698/696/17 4697/698/17 4696/403/17
f 4701/696/17 4700/403/17 4699/404/17
f 4704/405/17 4703/696/17 4702/404/17
f 4707/405/17 4706/693/17 4705/696/17
f 4710/405/17 4709/691/17 4708/693/17
f 4713/405/17 4712/406/17 4711/691/17
f 4716/691/17 4715/406/17 4714/407/17
f 4719/691/17 4718/407/17 4717/689/17
f 4722/729/17 4721/730/17 4720/731/17
f 4725/729/17 4724/732/17 4723/730/17
f 4728/729/17 4727/426/17 4726/732/17
f 4731/729/17 4730/433/17 4729/426/17
f 4734/729/17 4733/733/17 4732/433/17
f 4737/734/716 4736/724/717 4735/735/717
f 4740/734/716 4739/726/716 4738/724/717
f 4743/724/718 4742/736/719 4741/735/718
f 4746/724/718 4745/717/719 4744/736/719
f 4749/737/720 4748/726/716 4747/734/720
f 4752/737/716 4751/727/716 4750/726/716
f 4755/737/716 4754/738/721 4753/727/716
f 4758/737/720 4757/739/720 4756/738/721
f 4761/739/716 4760/740/721 4759/738/721
f 4764/739/720 4763/741/716 4762/740/721
f 4767/742/717 4766/740/721 4765/741/716
f 4770/742/717 4769/743/722 4768/740/721
f 4773/744/723 4772/742/718 4771/745/719
f 4776/744/723 4775/743/722 4774/742/718
f 4779/746/724 4778/736/719 4777/717/719
f 4782/746/724 4781/717/719 4780/719/724
f 4785/747/724 4784/746/724 4783/719/724
f 4788/748/724 4787/747/724 4786/719/724
f 4791/748/724 4790/719/724 4789/749/724
f 4794/749/725 4793/719/725 4792/721/726
f 4797/749/725 4796/721/727 4795/750/727
f 4800/751/728 4799/749/725 4798/750/727
f 4803/751/728 4802/744/723 4801/749/725
f 4806/751/728 4805/752/729 4804/744/723
f 4809/753/730 4808/744/723 4807/752/731
f 4812/753/730 4811/743/722 4810/744/723
f 4815/754/732 4814/743/722 4813/753/730
f 4818/754/732 4817/740/721 4816/743/722
f 4821/754/732 4820/738/721 4819/740/721
f 4824/754/733 4823/755/734 4822/738/721
f 4827/756/735 4826/755/736 4825/754/737
f 4830/748/725 4829/749/725 4828/757/725
f 4833/758/725 4832/757/725 4831/749/725
f 4836/758/724 4835/749/724 4834/759/724
f 4839/749/724 4838/760/724 4837/759/724
f 4842/744/723 4841/760/724 4840/749/724
f 4845/744/723 4844/745/719 4843/760/724
f 4848/751/728 4847/750/727 4846/761/738
f 4851/762/739 4850/751/728 4849/761/738
f 4854/762/740 4853/752/729 4852/751/728
f 4857/762/740 4856/763/741 4855/752/731
f 4860/763/742 4859/753/743 4858/752/731
f 4863/763/742 4862/764/744 4861/753/743
f 4866/764/744 4865/754/737 4864/753/743
f 4869/764/744 4868/765/745 4867/754/737
f 4872/756/735 4871/754/733 4870/765/745
f 4875/766/714 4874/756/735 4873/765/745
f 4878/766/713 4877/765/745 4876/767/746
f 4881/768/747 4880/767/70 4879/765/748
f 4884/768/68 4883/765/745 4882/764/744
f 4887/769/749 4886/768/68 4885/764/744
f 4890/769/69 4889/764/744 4888/763/741
f 4893/762/740 4892/769/69 4891/763/750
f 4896/762/740 4895/770/751 4894/769/67
f 4899/771/752 4898/770/65 4897/762/739
f 4902/771/753 4901/762/739 4900/772/754
f 4905/762/739 4904/761/755 4903/772/754
f 4908/773/30 4907/774/30 4906/775/30
f 4911/773/30 4910/776/30 4909/774/30
f 4914/777/30 4913/774/30 4912/776/30
f 4917/777/30 4916/778/30 4915/774/30
f 4920/779/30 4919/778/30 4918/777/30
f 4923/779/30 4922/780/30 4921/778/30
f 4926/713/30 4925/780/30 4924/779/30
f 4929/713/30 4928/779/30 4927/781/30
f 4932/711/30 4931/713/30 4930/781/30
f 4935/423/79 4934/418/79 4933/421/79
f 4938/423/79 4937/415/79 4936/418/79
f 4941/423/79 4940/416/79 4939/415/79
f 4944/423/79 4943/434/79 4942/416/79
f 4947/423/79 4946/425/79 4945/434/79
f 4950/782/14 4949/783/12 4948/784/12
f 4953/782/14 4952/785/14 4951/783/12
f 4956/786/28 4955/784/29 4954/787/29
f 4959/786/28 4958/788/28 4957/784/29
f 4962/789/756 4961/788/28 4960/786/28
f 4965/789/756 4964/790/756 4963/788/28
f 4968/791/757 4967/792/14 4966/782/14
f 4971/791/758 4970/793/758 4969/792/14
f 4974/794/759 4973/793/760 4972/791/760
f 4977/794/759 4976/795/759 4975/793/760
f 4980/796/761 4979/795/700 4978/794/700
f 4983/796/761 4982/797/761 4981/795/700
f 4986/798/48 4985/797/762 4984/796/762
f 4989/798/48 4988/799/48 4987/797/762
f 4992/800/565 4991/799/763 4990/798/763
f 4995/800/565 4994/801/565 4993/799/763
f 4998/802/764 4997/801/41 4996/800/765
f 5001/802/764 5000/803/764 4999/801/765
f 5004/804/59 5003/803/766 5002/802/766
f 5007/804/56 5006/805/56 5005/803/766
f 5010/806/58 5009/805/88 5008/804/88
f 5013/806/58 5012/807/58 5011/805/88
f 5016/808/77 5015/809/76 5014/806/76
f 5019/808/77 5018/810/77 5017/809/76
f 5022/810/75 5021/808/75 5020/811/74
f 5025/810/75 5024/811/74 5023/812/74
f 5028/811/74 5027/813/767 5026/812/74
f 5031/811/74 5030/814/767 5029/813/767
f 5034/814/121 5033/789/121 5032/813/121
f 5037/814/121 5036/790/121 5035/789/121
f 5040/716/172 5039/717/172 5038/719/172
f 5043/716/172 5042/718/172 5041/717/172
f 5046/720/172 5045/719/172 5044/721/172
f 5049/727/172 5048/725/172 5047/728/172
f 5052/727/172 5051/726/172 5050/725/172
f 5055/724/172 5054/725/172 5053/726/172
f 5058/724/172 5057/722/172 5056/725/172
f 5061/717/172 5060/722/172 5059/724/172
f 5064/717/172 5063/723/172 5062/722/172
f 5067/815/767 5066/816/74 5065/817/767
f 5070/815/767 5069/818/74 5068/816/74
f 5073/819/75 5072/816/74 5071/818/74
f 5076/819/75 5075/818/74 5074/820/75
f 5079/819/77 5078/820/77 5077/821/76
f 5082/819/77 5081/821/76 5080/822/76
f 5085/823/768 5084/822/58 5083/821/58
f 5088/823/768 5087/821/58 5086/824/768
f 5091/825/172 5090/826/172 5089/827/172
f 5094/825/172 5093/828/172 5092/826/172
f 5097/828/172 5096/829/172 5095/826/172
f 5100/828/172 5099/830/172 5098/829/172
f 5103/831/172 5102/829/172 5101/830/172
f 5106/831/172 5105/832/172 5104/829/172
f 5109/833/172 5108/832/172 5107/831/172
f 5112/833/172 5111/834/172 5110/832/172
f 5115/835/172 5114/834/172 5113/833/172
f 5118/835/172 5117/833/172 5116/836/172
f 5121/837/79 5120/838/79 5119/839/79
f 5124/837/79 5123/840/79 5122/838/79
f 5127/840/79 5126/841/79 5125/838/79
f 5130/840/79 5129/823/79 5128/841/79
f 5133/842/79 5132/843/79 5131/836/79
f 5136/842/79 5135/844/79 5134/843/79
f 5139/845/79 5138/844/79 5137/842/79
f 5142/845/79 5141/842/79 5140/846/79
f 5145/845/79 5144/846/79 5143/837/79
f 5148/845/79 5147/837/79 5146/847/79
f 5151/848/43 5150/849/43 5149/817/43
f 5154/848/43 5153/817/43 5152/850/43
f 5157/848/43 5156/850/43 5155/851/43
f 5160/848/43 5159/851/43 5158/852/43
f 5163/853/43 5162/852/43 5161/851/43
f 5166/853/43 5165/851/43 5164/854/43
f 5169/855/43 5168/853/43 5167/854/43
f 5172/855/43 5171/856/43 5170/853/43
f 5175/855/43 5174/857/43 5173/856/43
f 5178/855/43 5177/825/43 5176/857/43
f 5181/734/769 5180/735/770 5179/724/770
f 5184/734/769 5183/724/770 5182/726/769
f 5187/736/771 5186/724/770 5185/735/770
f 5190/736/771 5189/717/771 5188/724/770
f 5193/737/769 5192/738/772 5191/739/769
f 5196/737/769 5195/727/769 5194/738/773
f 5199/737/774 5198/726/774 5197/727/774
f 5202/737/769 5201/734/769 5200/726/769
f 5205/754/775 5204/765/776 5203/764/777
f 5208/765/778 5207/768/75 5206/764/777
f 5211/765/776 5210/767/779 5209/768/75
f 5214/766/780 5213/767/74 5212/765/781
f 5217/766/780 5216/765/776 5215/756/782
f 5220/754/775 5219/756/783 5218/765/776
f 5223/754/784 5222/755/785 5221/756/783
f 5226/738/773 5225/755/786 5224/754/784
f 5229/738/773 5228/754/784 5227/740/773
f 5232/739/769 5231/738/773 5230/740/772
f 5235/739/769 5234/740/773 5233/741/769
f 5238/764/777 5237/768/787 5236/769/76
f 5241/743/788 5240/754/784 5239/753/789
f 5244/743/788 5243/740/773 5242/754/790
f 5247/742/770 5246/740/772 5245/743/788
f 5250/742/770 5249/741/769 5248/740/772
f 5253/746/791 5252/717/792 5251/736/792
f 5256/746/791 5255/719/791 5254/717/792
f 5259/747/791 5258/719/791 5257/746/791
f 5262/748/793 5261/719/793 5260/747/793
f 5265/749/791 5264/719/791 5263/748/791
f 5268/749/793 5267/721/794 5266/719/793
f 5271/749/793 5270/750/689 5269/721/688
f 5274/750/689 5273/749/793 5272/751/795
f 5277/750/689 5276/751/796 5275/761/797
f 5280/761/797 5279/751/798 5278/762/799
f 5283/761/800 5282/762/801 5281/772/802
f 5286/762/799 5285/771/803 5284/772/802
f 5289/762/799 5288/770/804 5287/771/805
f 5292/762/799 5291/769/806 5290/770/57
f 5295/762/799 5294/763/807 5293/769/58
f 5298/764/777 5297/769/76 5296/763/807
f 5301/753/808 5300/764/777 5299/763/809
f 5304/754/784 5303/764/777 5302/753/810
f 5307/742/770 5306/744/811 5305/745/771
f 5310/742/770 5309/743/788 5308/744/811
f 5313/744/811 5312/743/788 5311/753/812
f 5316/744/811 5315/753/789 5314/752/813
f 5319/753/808 5318/763/809 5317/752/813
f 5322/762/801 5321/752/813 5320/763/807
f 5325/762/799 5324/751/796 5323/752/813
f 5328/751/795 5327/744/811 5326/752/813
f 5331/751/796 5330/749/793 5329/744/811
f 5334/760/791 5333/744/814 5332/749/791
f 5337/749/791 5336/759/791 5335/760/791
f 5340/758/791 5339/759/791 5338/749/791
f 5343/758/791 5342/749/791 5341/757/793
f 5346/749/815 5345/748/791 5344/757/815
f 5349/760/791 5348/745/792 5347/744/814
f 5352/729/79 5351/433/79 5350/733/79
f 5355/729/79 5354/426/79 5353/433/79
f 5358/729/79 5357/732/79 5356/426/79
f 5361/729/79 5360/730/79 5359/732/79
f 5364/729/79 5363/731/79 5362/730/79
f 5367/858/816 5366/859/817 5365/860/818
f 5370/858/816 5369/861/819 5368/859/817
f 5373/861/819 5372/858/816 5371/862/820
f 5376/861/819 5375/862/821 5374/863/822
f 5379/858/823 5378/837/824 5377/846/825
f 5382/858/816 5381/860/826 5380/837/824
f 5385/840/827 5384/837/828 5383/860/826
f 5388/840/827 5387/860/826 5386/864/829
f 5391/790/647 5390/851/830 5389/850/647
f 5394/790/647 5393/814/647 5392/851/831
f 5397/814/647 5396/865/832 5395/851/830
f 5400/814/647 5399/811/647 5398/865/832
f 5403/808/646 5402/865/833 5401/811/834
f 5406/808/646 5405/866/835 5404/865/836
f 5409/808/646 5408/859/837 5407/866/838
f 5412/867/839 5411/866/840 5410/859/817
f 5415/867/841 5414/859/817 5413/861/819
f 5418/868/842 5417/867/843 5416/861/819
f 5421/868/842 5420/861/819 5419/863/844
f 5424/831/11 5423/868/845 5422/863/298
f 5427/833/13 5426/831/14 5425/863/846
f 5430/833/13 5429/863/846 5428/862/847
f 5433/836/848 5432/833/13 5431/862/847
f 5436/836/848 5435/862/847 5434/842/849
f 5439/846/850 5438/842/851 5437/862/847
f 5442/846/852 5441/862/821 5440/858/816
f 5445/854/853 5444/851/831 5443/865/854
f 5448/854/855 5447/865/854 5446/869/856
f 5451/869/856 5450/865/854 5449/866/857
f 5454/869/856 5453/866/857 5452/867/839
f 5457/870/858 5456/869/859 5455/867/843
f 5460/870/858 5459/867/841 5458/868/860
f 5463/830/29 5462/870/861 5461/868/862
f 5466/831/11 5465/830/12 5464/868/845
f 5469/830/29 5468/828/28 5467/870/858
f 5472/855/863 5471/828/28 5470/825/864
f 5475/855/863 5474/870/858 5473/828/28
f 5478/854/865 5477/870/858 5476/855/866
f 5481/854/865 5480/869/859 5479/870/867
f 5484/808/646 5483/806/645 5482/859/817
f 5487/804/645 5486/859/868 5485/806/645
f 5490/804/645 5489/860/826 5488/859/868
f 5493/802/645 5492/860/826 5491/804/645
f 5496/800/645 5495/860/826 5494/802/645
f 5499/798/869 5498/860/826 5497/800/869
f 5502/798/645 5501/864/829 5500/860/826
f 5505/798/869 5504/796/645 5503/864/829
f 5508/864/829 5507/796/645 5506/794/645
f 5511/864/829 5510/794/645 5509/791/869
f 5514/791/645 5513/871/645 5512/864/829
f 5517/791/645 5516/782/645 5515/871/645
f 5520/782/645 5519/872/646 5518/871/645
f 5523/782/645 5522/784/646 5521/872/646
f 5526/788/647 5525/872/646 5524/784/646
f 5529/788/647 5528/873/647 5527/872/646
f 5532/790/647 5531/873/647 5530/788/647
f 5535/790/647 5534/850/647 5533/873/647
f 5538/619/9 5537/620/9 5536/621/9
f 5541/619/9 5540/622/9 5539/620/9
f 5544/623/9 5543/624/9 5542/625/9
f 5547/623/9 5546/621/9 5545/624/9
f 5550/623/9 5549/626/9 5548/621/9
f 5553/423/17 5552/434/17 5551/425/17
f 5556/423/17 5555/416/17 5554/434/17
f 5559/423/17 5558/415/17 5557/416/17
f 5562/423/17 5561/418/17 5560/415/17
f 5565/423/17 5564/421/17 5563/418/17
f 5568/619/870 5567/633/108 5566/634/870
f 5571/619/871 5570/635/108 5569/633/108
f 5574/635/576 5573/636/872 5572/633/576
f 5577/635/576 5576/637/873 5575/636/873
f 5580/638/874 5579/639/874 5578/640/874
f 5583/610/875 5582/639/875 5581/638/875
f 5586/610/874 5585/613/874 5584/639/874
f 5589/639/874 5588/613/874 5587/641/874
f 5592/641/874 5591/613/874 5590/642/874
f 5595/613/874 5594/643/874 5593/642/874
f 5598/613/874 5597/644/876 5596/643/874
f 5601/614/876 5600/644/876 5599/613/875
f 5604/614/876 5603/645/876 5602/644/876
f 5607/646/876 5606/645/876 5605/614/876
f 5610/647/877 5609/648/878 5608/649/877
f 5613/647/877 5612/650/879 5611/648/879
f 5616/650/880 5615/651/881 5614/648/880
f 5619/650/882 5618/652/881 5617/651/881
f 5622/653/883 5621/651/881 5620/652/881
f 5625/653/884 5624/652/881 5623/654/884
f 5628/614/172 5627/611/172 5626/615/172
f 5631/614/172 5630/613/172 5629/611/172
f 5634/612/172 5633/611/172 5632/613/172
f 5637/612/172 5636/613/172 5635/610/172
f 5640/578/885 5639/579/886 5638/580/885
f 5643/578/887 5642/581/888 5641/579/888
f 5646/582/889 5645/579/320 5644/581/320
f 5649/582/890 5648/581/320 5647/583/890
f 5652/583/383 5651/584/331 5650/582/383
f 5655/583/383 5654/585/331 5653/584/331
f 5658/586/891 5657/584/892 5656/585/892
f 5661/586/893 5660/585/892 5659/587/893
f 5664/588/34 5663/589/34 5662/590/34
f 5667/588/34 5666/591/34 5665/589/34
f 5670/592/34 5669/590/34 5668/586/34
f 5673/592/34 5672/593/34 5671/590/34
f 5676/592/34 5675/594/34 5674/593/34
f 5679/874/9 5678/875/9 5677/876/9
f 5682/877/9 5681/874/9 5680/878/9
f 5685/875/9 5684/879/9 5683/880/9
f 5688/879/9 5687/881/9 5686/882/9
f 5691/883/215 5690/877/894 5689/884/166
f 5694/883/215 5693/874/895 5692/877/166
f 5697/885/6 5696/874/896 5695/883/212
f 5700/885/6 5699/875/6 5698/874/212
f 5703/885/84 5702/879/164 5701/875/84
f 5706/885/84 5705/886/897 5704/879/164
f 5709/887/207 5708/879/160 5707/886/898
f 5712/887/899 5711/881/207 5710/879/160
f 5715/888/17 5714/889/17 5713/890/17
f 5718/891/17 5717/888/17 5716/892/17
f 5721/889/17 5720/893/17 5719/894/17
f 5724/893/17 5723/895/17 5722/896/17
f 5727/73/57 5726/76/57 5725/72/57
f 5730/73/57 5729/75/57 5728/76/57
f 5736/598/900 5735/599/900 5734/600/900
f 5739/600/900 5738/601/901 5737/598/900
f 5742/586/901 5741/590/901 5740/584/901
f 5745/590/901 5744/582/901 5743/584/901
f 5748/590/902 5747/601/901 5746/582/901
f 5751/601/901 5750/579/901 5749/582/901
f 5754/602/900 5753/579/901 5752/601/901
f 5757/600/900 5756/602/900 5755/601/901
f 5760/602/900 5759/580/901 5758/579/901
f 5763/598/30 5762/603/30 5761/604/30
f 5766/598/30 5765/601/30 5764/603/30
f 5769/590/30 5768/603/30 5767/601/30
f 5772/590/30 5771/589/30 5770/603/30
f 5778/94/13 5777/92/13 5776/93/13
f 5781/94/13 5780/96/13 5779/92/13
f 5784/616/9 5783/598/9 5782/604/9
f 5787/616/9 5786/617/9 5785/598/9
f 5790/617/9 5789/599/9 5788/598/9
f 5793/617/9 5792/618/9 5791/599/9
f 5796/897/30 5795/898/30 5794/899/30
f 5799/897/30 5798/900/30 5797/898/30
f 5802/901/30 5801/898/30 5800/900/30
f 5805/901/30 5804/902/30 5803/898/30
f 5808/903/30 5807/902/30 5806/901/30
f 5811/901/903 5810/904/189 5809/905/903
f 5814/901/903 5813/900/189 5812/904/189
f 5817/906/904 5816/904/905 5815/900/905
f 5820/906/904 5819/907/904 5818/904/905
f 5823/259/17 5822/260/17 5821/261/17
f 5826/262/17 5825/261/17 5824/263/17
f 5829/264/17 5828/265/17 5827/260/17
f 5832/266/17 5831/263/17 5830/267/17
f 5835/268/17 5834/269/17 5833/265/17
f 5838/270/17 5837/267/17 5836/271/17
f 5841/272/17 5840/273/17 5839/269/17
f 5844/274/17 5843/271/17 5842/275/17
f 5847/276/17 5846/181/17 5845/273/17
f 5850/277/17 5849/275/17 5848/278/17
f 5853/279/17 5852/177/17 5851/181/17
f 5856/280/17 5855/178/17 5854/177/17
f 5859/281/79 5858/282/79 5857/283/79
f 5862/284/79 5861/281/79 5860/285/79
f 5865/282/79 5864/286/79 5863/287/79
f 5868/288/79 5867/284/79 5866/289/79
f 5871/286/79 5870/290/79 5869/291/79
f 5874/292/79 5873/288/79 5872/293/79
f 5877/290/79 5876/294/79 5875/295/79
f 5880/296/79 5879/292/79 5878/297/79
f 5883/294/79 5882/180/79 5881/298/79
f 5886/299/79 5885/296/79 5884/300/79
f 5889/180/79 5888/179/79 5887/301/79
f 5892/179/79 5891/176/79 5890/302/79
f 5895/275/592 5894/299/591 5893/278/591
f 5898/275/593 5897/296/592 5896/299/591
f 5901/292/596 5900/296/594 5899/275/595
f 5904/292/596 5903/275/595 5902/271/596
f 5907/267/590 5906/292/589 5905/271/589
f 5910/267/590 5909/288/590 5908/292/589
f 5913/263/588 5912/288/585 5911/267/906
f 5916/263/586 5915/284/586 5914/288/585
f 5919/261/583 5918/284/582 5917/263/582
f 5922/261/583 5921/281/584 5920/284/582
f 5925/260/580 5924/281/579 5923/261/581
f 5928/260/580 5927/282/580 5926/281/579
f 5931/303/34 5930/192/34 5929/191/34
f 5934/304/34 5933/191/34 5932/189/34
f 5937/305/34 5936/194/34 5935/192/34
f 5940/306/34 5939/189/34 5938/186/34
f 5943/307/34 5942/197/34 5941/194/34
f 5946/308/34 5945/198/34 5944/197/34
f 5949/309/9 5948/310/9 5947/311/9
f 5952/309/9 5951/312/9 5950/310/9
f 5955/309/9 5954/313/9 5953/312/9
f 5958/309/9 5957/314/9 5956/313/9
f 5961/309/9 5960/315/9 5959/314/9
f 5964/309/9 5963/316/9 5962/315/9
f 5967/309/9 5966/317/9 5965/316/9
f 5970/908/172 5969/909/172 5968/910/172
f 5973/908/172 5972/910/172 5971/911/172
f 5976/912/172 5975/910/172 5974/913/172
f 5979/912/172 5978/914/172 5977/910/172
f 5982/915/172 5981/913/172 5980/916/172
f 5985/347/34 5984/204/34 5983/206/34
f 5988/347/34 5987/201/34 5986/204/34
f 5991/347/34 5990/202/34 5989/201/34
f 5994/347/34 5993/348/34 5992/202/34
f 5997/347/34 5996/349/34 5995/348/34
f 6000/347/34 5999/350/34 5998/349/34
f 6003/347/34 6002/351/34 6001/350/34
f 6006/917/172 6005/918/172 6004/919/172
f 6009/917/172 6008/920/172 6007/918/172
f 6012/918/172 6011/920/172 6010/921/172
f 6015/918/172 6014/921/172 6013/922/172
f 6018/923/172 6017/922/172 6016/921/172
f 6021/923/172 6020/924/172 6019/922/172
f 6024/408/403 6023/347/404 6022/409/404
f 6027/408/907 6026/351/907 6025/347/404
f 6030/410/406 6029/351/407 6028/408/407
f 6033/410/406 6032/350/406 6031/351/407
f 6036/410/908 6035/349/410 6034/350/909
f 6039/410/910 6038/411/410 6037/349/614
f 6042/412/557 6041/349/911 6040/411/911
f 6045/412/548 6044/348/549 6043/349/2
f 6048/202/912 6047/348/913 6046/412/913
f 6051/202/912 6050/412/914 6049/413/912
f 6054/925/9 6053/926/9 6052/927/9
f 6057/925/9 6056/903/9 6055/926/9
f 6060/903/9 6059/928/9 6058/926/9
f 6063/903/9 6062/901/9 6061/928/9
f 6066/929/9 6065/930/9 6064/919/9
f 6069/929/9 6068/931/9 6067/930/9
f 6072/932/9 6071/931/9 6070/929/9
f 6075/932/9 6074/929/9 6073/933/9
f 6078/925/9 6077/932/9 6076/933/9
f 6081/925/9 6080/934/9 6079/932/9
f 6084/427/9 6083/214/9 6082/213/9
f 6087/428/9 6086/216/9 6085/214/9
f 6090/429/9 6089/213/9 6088/211/9
f 6093/430/9 6092/218/9 6091/216/9
f 6096/431/9 6095/211/9 6094/208/9
f 6099/432/9 6098/221/9 6097/218/9
f 6102/309/34 6101/316/34 6100/317/34
f 6105/309/34 6104/315/34 6103/316/34
f 6108/309/34 6107/314/34 6106/315/34
f 6111/309/34 6110/313/34 6109/314/34
f 6114/309/34 6113/312/34 6112/313/34
f 6117/309/34 6116/310/34 6115/312/34
f 6120/309/34 6119/311/34 6118/310/34
f 6123/935/915 6122/925/916 6121/933/917
f 6126/935/918 6125/936/916 6124/925/916
f 6129/903/919 6128/925/916 6127/936/916
f 6132/903/919 6131/936/916 6130/902/919
f 6135/898/920 6134/902/919 6133/936/916
f 6138/898/920 6137/936/916 6136/937/921
f 6141/899/920 6140/898/920 6139/937/922
f 6144/899/920 6143/937/922 6142/938/923
f 6147/937/923 6146/939/136 6145/938/923
f 6150/937/923 6149/940/924 6148/939/925
f 6153/940/924 6152/941/926 6151/939/927
f 6156/940/924 6155/942/928 6154/941/926
f 6159/941/926 6158/942/928 6157/922/46
f 6162/943/929 6161/922/49 6160/942/930
f 6165/943/929 6164/918/48 6163/922/49
f 6168/918/48 6167/943/929 6166/929/931
f 6171/918/48 6170/929/931 6169/919/932
f 6174/943/933 6173/942/930 6172/940/924
f 6177/937/923 6176/936/916 6175/935/918
f 6180/937/923 6179/935/918 6178/940/924
f 6183/943/929 6182/940/924 6181/935/918
f 6186/933/934 6185/943/935 6184/935/918
f 6189/933/936 6188/929/937 6187/943/929
f 6192/941/926 6191/922/46 6190/924/134
f 6195/347/9 6194/350/9 6193/351/9
f 6198/347/9 6197/349/9 6196/350/9
f 6201/347/9 6200/348/9 6199/349/9
f 6204/347/9 6203/202/9 6202/348/9
f 6207/347/9 6206/201/9 6205/202/9
f 6210/347/9 6209/204/9 6208/201/9
f 6213/347/9 6212/206/9 6211/204/9
f 6216/944/938 6215/945/939 6214/946/939
f 6219/944/940 6218/947/941 6217/945/939
f 6222/948/942 6221/949/943 6220/945/939
f 6225/948/942 6224/945/939 6223/947/944
f 6228/950/945 6227/948/942 6226/947/941
f 6231/950/946 6230/947/944 6229/951/947
f 6234/951/948 6233/947/941 6232/952/940
f 6237/951/949 6236/952/950 6235/953/951
f 6240/909/952 6239/946/939 6238/945/939
f 6243/909/952 6242/945/939 6241/910/952
f 6246/949/943 6245/910/953 6244/945/954
f 6249/949/955 6248/913/876 6247/910/953
f 6252/949/955 6251/916/956 6250/913/956
f 6255/949/955 6254/954/955 6253/916/876
f 6258/948/957 6257/954/955 6256/949/955
f 6261/948/942 6260/955/958 6259/954/955
f 6264/950/945 6263/955/959 6262/948/960
f 6267/950/945 6266/956/961 6265/955/962
f 6270/950/945 6269/957/872 6268/956/961
f 6273/950/945 6272/958/963 6271/957/964
f 6276/950/945 6275/959/965 6274/958/179
f 6279/950/945 6278/951/947 6277/959/189
f 6282/960/904 6281/959/905 6280/951/947
f 6285/960/904 6284/951/947 6283/953/951
f 6288/941/143 6287/924/143 6286/961/143
f 6291/941/75 6290/961/75 6289/962/75
f 6294/941/143 6293/962/143 6292/963/143
f 6297/941/75 6296/963/75 6295/939/75
f 6300/963/143 6299/938/143 6298/939/143
f 6303/963/77 6302/964/77 6301/938/77
f 6306/938/143 6305/964/143 6304/965/143
f 6309/938/75 6308/965/75 6307/899/75
f 6312/965/143 6311/897/143 6310/899/143
f 6315/965/143 6314/966/143 6313/897/143
f 6318/967/664 6317/968/664 6316/969/664
f 6321/968/664 6320/967/664 6319/970/664
f 6324/970/664 6323/967/664 6322/971/664
f 6327/972/966 6326/969/664 6325/973/664
f 6330/972/966 6329/967/967 6328/969/664
f 6333/974/968 6332/975/969 6331/976/970
f 6336/977/971 6335/974/972 6334/976/970
f 6339/977/971 6338/976/973 6337/978/974
f 6342/977/975 6341/978/974 6340/979/976
f 6345/967/967 6344/979/976 6343/978/977
f 6348/967/967 6347/980/978 6346/979/976
f 6351/980/979 6350/967/967 6349/972/966
f 6354/980/979 6353/972/966 6352/981/980
f 6357/980/979 6356/981/980 6355/982/981
f 6360/980/979 6359/982/981 6358/983/982
f 6363/984/981 6362/983/982 6361/982/981
f 6366/984/981 6365/985/982 6364/983/982
f 6369/985/982 6368/986/983 6367/983/982
f 6372/985/982 6371/987/984 6370/986/983
f 6375/987/984 6374/988/985 6373/986/986
f 6378/987/984 6377/989/987 6376/988/988
f 6381/990/989 6380/988/990 6379/989/987
f 6384/990/991 6383/991/44 6382/988/985
f 6387/977/975 6386/979/976 6385/992/992
f 6390/988/985 6389/992/992 6388/979/976
f 6393/988/985 6392/979/976 6391/986/986
f 6396/979/976 6395/983/982 6394/986/983
f 6399/979/976 6398/980/979 6397/983/982
f 6402/974/972 6401/993/993 6400/975/969
f 6405/994/994 6404/975/969 6403/993/995
f 6408/994/994 6407/995/996 6406/975/969
f 6411/991/44 6410/992/992 6409/988/997
f 6414/991/44 6413/996/43 6412/992/992
f 6417/992/992 6416/996/43 6415/997/42
f 6420/992/998 6419/997/40 6418/977/975
f 6423/977/971 6422/997/40 6421/998/39
f 6426/977/971 6425/998/39 6424/974/999
f 6429/974/968 6428/998/39 6427/999/38
f 6432/974/968 6431/999/38 6430/993/1000
f 6435/993/1000 6434/999/37 6433/1000/36
f 6438/993/1001 6437/1000/36 6436/994/994
f 6441/1001/205 6440/994/1002 6439/1000/36
f 6444/1001/205 6443/1002/1003 6442/994/1002
f 6447/1003/1004 6446/994/1002 6445/1002/1005
f 6450/1003/1006 6449/995/996 6448/994/1007
f 6453/995/1008 6452/1003/1009 6451/1004/1010
f 6456/995/1011 6455/1004/1010 6454/1005/1012
f 6459/1006/1013 6458/1005/1012 6457/1004/1010
f 6462/1006/1013 6461/1007/1013 6460/1005/1012
f 6465/1007/1013 6464/1008/1014 6463/1005/1015
f 6468/1007/1016 6467/1009/1014 6466/1008/1014
f 6471/1010/1017 6470/967/967 6469/978/974
f 6474/1010/1018 6473/978/974 6472/976/973
f 6477/1010/1017 6476/976/970 6475/975/1019
f 6480/1010/1017 6479/975/969 6478/1011/1020
f 6483/995/996 6482/1011/1020 6481/975/969
f 6486/995/996 6485/1005/1015 6484/1011/1020
f 6489/1012/1014 6488/1011/1021 6487/1005/1015
f 6492/1012/1014 6491/1013/1014 6490/1011/1021
f 6495/1013/1022 6494/1010/1023 6493/1011/1024
f 6498/1013/1014 6497/1014/664 6496/1010/1023
f 6501/971/664 6500/1010/1023 6499/1014/664
f 6504/971/664 6503/967/967 6502/1010/1023
f 6507/1012/1014 6506/1005/1014 6505/1015/1022
f 6510/1008/1014 6509/1015/1014 6508/1005/1014
f 6513/1008/1014 6512/1016/1014 6511/1015/1014
f 6516/972/664 6515/973/664 6514/1017/664
f 6519/1017/664 6518/1018/664 6517/972/664
f 6522/1017/664 6521/1019/664 6520/1018/664
f 6525/1019/664 6524/1020/1014 6523/1018/664
f 6528/1019/664 6527/1021/1014 6526/1020/1014
f 6531/1022/1014 6530/1020/1014 6529/1021/1014
f 6534/1022/1014 6533/1007/1014 6532/1020/1022
f 6537/1007/1022 6536/1022/1014 6535/1009/1014
f 6540/1023/1025 6539/1024/1025 6538/1025/1025
f 6543/1023/1025 6542/1026/1025 6541/1024/1025
f 6546/1023/1025 6545/1027/1025 6544/1026/1025
f 6549/1025/1025 6548/1028/1025 6547/1029/1026
f 6552/1025/1025 6551/1029/1026 6550/1023/1027
f 6555/1029/1028 6554/1030/1029 6553/1023/1030
f 6558/1029/1028 6557/1031/1031 6556/1030/1029
f 6561/1032/1032 6560/1031/1033 6559/1029/1034
f 6564/1032/1032 6563/1033/1035 6562/1031/1033
f 6567/1/1036 6566/1033/1035 6565/1032/1032
f 6570/1/1037 6569/1034/1038 6568/1033/1039
f 6573/1033/1040 6572/1035/1041 6571/1031/1033
f 6576/1031/1033 6575/1035/1041 6574/1036/1042
f 6579/1031/1033 6578/1036/1042 6577/1030/1043
f 6582/1029/1034 6581/1037/661 6580/1032/1032
f 6585/1029/1034 6584/1028/1025 6583/1037/661
f 6588/1038/661 6587/1032/1032 6586/1037/661
f 6591/1038/1044 6590/1/1036 6589/1032/1032
f 6594/1039/1045 6593/3/661 6592/1040/661
f 6597/1039/1045 6596/1/1036 6595/3/1044
f 6600/1039/1045 6599/1041/1046 6598/1/1047
f 6603/1034/1048 6602/1/1049 6601/1041/1050
f 6606/1034/1051 6605/1041/1052 6604/1042/1053
f 6609/1043/1054 6608/1034/1051 6607/1042/1055
f 6612/1043/1056 6611/1033/1035 6610/1034/1051
f 6615/1043/1056 6614/1044/1057 6613/1033/1040
f 6618/1033/1040 6617/1044/1058 6616/1035/1041
f 6621/1044/1057 6620/1045/140 6619/1035/1041
f 6624/1045/140 6623/1036/1059 6622/1035/1041
f 6627/1045/1060 6626/1046/99 6625/1036/1061
f 6630/1036/1042 6629/1046/1062 6628/1047/1063
f 6633/1036/1042 6632/1047/1064 6631/1048/1065
f 6636/1048/1065 6635/1030/1029 6634/1036/1042
f 6639/1048/1065 6638/1049/1066 6637/1030/1067
f 6642/1030/1029 6641/1049/1066 6640/1050/1068
f 6645/1030/1067 6644/1050/1068 6643/1023/1069
f 6648/1050/1068 6647/1051/1069 6646/1023/1069
f 6651/1051/1027 6650/1027/1025 6649/1023/1027
f 6654/1051/1069 6653/1052/1025 6652/1027/1025
f 6657/1039/1045 6656/1053/1045 6655/1041/1052
f 6660/1050/1068 6659/1054/1070 6658/1051/1069
f 6663/1044/1057 6662/1055/1071 6661/1045/140
f 6666/1043/1056 6665/1055/100 6664/1044/1072
f 6669/1043/1056 6668/1056/1073 6667/1055/504
f 6672/1057/1074 6671/1056/561 6670/1043/1054
f 6675/1057/1075 6674/1043/1054 6673/1058/1076
f 6678/1043/1054 6677/1042/1053 6676/1058/1077
f 6681/1059/1025 6680/1054/1025 6679/1060/1025
f 6684/1059/1025 6683/1051/1025 6682/1054/1025
f 6687/1051/1025 6686/1059/1025 6685/1052/1025
f 6690/1061/1025 6689/1062/661 6688/1063/661
f 6693/1061/1078 6692/1054/1078 6691/1062/661
f 6696/1039/1079 6695/1040/1079 6694/1064/1079
f 6699/1064/1079 6698/1062/661 6697/1039/1079
f 6702/1064/1079 6701/1063/661 6700/1062/661
f 6705/1054/172 6704/1065/172 6703/1062/172
f 6708/1054/172 6707/1066/172 6706/1065/172
f 6711/1067/172 6710/1053/172 6709/1039/172
f 6714/1062/172 6713/1067/172 6712/1039/172
f 6717/1062/172 6716/1068/172 6715/1067/172
f 6720/1069/172 6719/1054/172 6718/1070/172
f 6723/1069/172 6722/1071/172 6721/1054/172
f 6726/1054/172 6725/1071/172 6724/1072/172
f 6729/1054/172 6728/1072/172 6727/1051/172
f 6732/1072/172 6731/1054/172 6730/1051/172
f 6735/1072/172 6734/1071/172 6733/1054/172
f 6738/1073/172 6737/1074/172 6736/1070/172
f 6741/1073/172 6740/1067/172 6739/1074/172
f 6744/1075/1080 6743/985/1080 6742/984/1080
f 6747/1075/1080 6746/1076/1080 6745/985/1080
f 6750/1077/639 6749/971/639 6748/1078/639
f 6753/1077/639 6752/970/639 6751/971/639
f 6756/968/1081 6755/970/662 6754/1079/662
f 6759/968/1081 6758/1079/662 6757/1080/1081
f 6762/1080/1082 6761/969/2 6760/968/1082
f 6765/1080/1083 6764/1081/2 6763/969/410
f 6768/969/2 6767/1081/2 6766/1082/1084
f 6771/969/2 6770/1082/1085 6769/973/1086
f 6774/973/1084 6773/1082/1084 6772/1083/1087
f 6777/973/1088 6776/1083/1087 6775/1017/1087
f 6780/1017/1089 6779/1083/1089 6778/1084/663
f 6783/1017/1090 6782/1084/663 6781/1019/663
f 6786/1019/663 6785/1084/663 6784/1085/663
f 6789/1019/663 6788/1085/663 6787/1021/663
f 6792/1021/663 6791/1085/663 6790/1086/1091
f 6795/1021/663 6794/1086/1092 6793/1022/1091
f 6798/1086/1093 6797/1009/1094 6796/1022/1095
f 6801/1086/1095 6800/1087/1094 6799/1009/1094
f 6804/1087/1094 6803/1008/1096 6802/1009/1094
f 6807/1087/1097 6806/1088/1098 6805/1008/1098
f 6810/1008/1098 6809/1088/1098 6808/1089/1099
f 6813/1008/1098 6812/1089/1100 6811/1016/1101
f 6816/1016/1102 6815/1089/1102 6814/1090/662
f 6819/1016/1102 6818/1090/662 6817/1015/662
f 6822/578/1103 6821/579/1104 6820/580/1103
f 6825/578/1105 6824/581/1106 6823/579/1106
f 6828/582/1107 6827/579/1108 6826/581/1108
f 6831/582/1109 6830/581/1108 6829/583/1109
f 6834/583/167 6833/584/611 6832/582/167
f 6837/583/167 6836/585/611 6835/584/611
f 6840/586/1110 6839/584/1111 6838/585/1111
f 6843/586/510 6842/585/1111 6841/587/510
f 6846/588/79 6845/589/79 6844/590/79
f 6849/588/79 6848/591/79 6847/589/79
f 6852/592/79 6851/590/79 6850/586/79
f 6855/592/79 6854/593/79 6853/590/79
f 6858/592/79 6857/594/79 6856/593/79
f 6861/201/308 6860/200/30 6859/202/30
f 6864/201/308 6863/203/308 6862/200/30
f 6867/203/307 6866/201/307 6865/204/1112
f 6870/203/399 6869/204/398 6868/205/398
f 6873/206/17 6872/205/305 6871/204/305
f 6876/206/17 6875/207/17 6874/205/305
f 6879/412/551 6878/202/912 6877/413/912
f 6882/412/558 6881/348/551 6880/202/912
f 6885/412/557 6884/349/1113 6883/348/546
f 6888/412/546 6887/411/416 6886/349/911
f 6891/410/411 6890/349/1114 6889/411/1114
f 6894/410/909 6893/350/908 6892/349/410
f 6897/410/406 6896/351/407 6895/350/1115
f 6900/410/406 6899/408/407 6898/351/407
f 6903/408/1116 6902/347/404 6901/351/1116
f 6906/408/403 6905/409/404 6904/347/404
f 6909/598/1013 6908/599/1013 6907/600/1013
f 6912/600/1013 6911/601/1117 6910/598/1013
f 6915/586/1117 6914/590/1117 6913/584/1117
f 6918/590/1117 6917/582/1117 6916/584/1117
f 6921/590/1118 6920/601/1117 6919/582/1117
f 6924/601/1117 6923/579/1117 6922/582/1117
f 6927/602/1013 6926/579/1117 6925/601/1117
f 6930/600/1013 6929/602/1013 6928/601/1117
f 6933/602/1013 6932/580/1117 6931/579/1117
f 6936/598/30 6935/603/30 6934/604/30
f 6939/598/30 6938/601/30 6937/603/30
f 6942/590/30 6941/603/30 6940/601/30
f 6945/590/30 6944/589/30 6943/603/30
f 6948/440/34 6947/441/34 6946/442/34
f 6951/440/34 6950/443/34 6949/441/34
f 6954/440/34 6953/444/34 6952/443/34
f 6957/440/34 6956/445/34 6955/444/34
f 6960/440/34 6959/446/34 6958/445/34
f 6963/225/34 6962/445/34 6961/446/34
f 6966/225/34 6965/446/34 6964/223/34
f 6969/610/172 6968/611/172 6967/612/172
f 6972/610/172 6971/613/172 6970/611/172
f 6975/614/172 6974/611/172 6973/613/172
f 6978/614/172 6977/615/172 6976/611/172
f 6981/616/17 6980/598/17 6979/604/17
f 6984/616/17 6983/617/17 6982/598/17
f 6987/617/17 6986/599/17 6985/598/17
f 6990/617/17 6989/618/17 6988/599/17
f 6993/619/17 6992/620/17 6991/621/17
f 6996/619/17 6995/622/17 6994/620/17
f 6999/623/17 6998/624/17 6997/625/17
f 7002/623/17 7001/621/17 7000/624/17
f 7005/623/17 7004/626/17 7003/621/17
f 7008/243/404 7007/240/404 7006/239/403
f 7011/243/404 7010/239/403 7009/244/403
f 7014/244/409 7013/239/409 7012/238/1119
f 7017/244/409 7016/238/1119 7015/245/1120
f 7020/238/411 7019/246/410 7018/245/411
f 7023/238/909 7022/237/410 7021/246/410
f 7026/247/414 7025/246/2 7024/237/2
f 7029/247/414 7028/237/911 7027/236/414
f 7032/248/417 7031/247/1121 7030/236/1121
f 7035/248/417 7034/236/1121 7033/242/417
f 7038/619/7 7037/633/15 7036/634/7
f 7041/619/7 7040/635/8 7039/633/15
f 7044/635/15 7043/636/1122 7042/633/15
f 7047/635/15 7046/637/1122 7045/636/1122
f 7050/638/1123 7049/639/1123 7048/640/1123
f 7053/610/1123 7052/639/1123 7051/638/1123
f 7056/610/1123 7055/613/1123 7054/639/1123
f 7059/639/1123 7058/613/1123 7057/641/1123
f 7062/641/1123 7061/613/1123 7060/642/1123
f 7065/613/1123 7064/643/1123 7063/642/1123
f 7068/613/1123 7067/644/1124 7066/643/1123
f 7071/614/1125 7070/644/1124 7069/613/1126
f 7074/614/1125 7073/645/1125 7072/644/1124
f 7077/646/1124 7076/645/1125 7075/614/1125
f 7080/647/1127 7079/648/1128 7078/649/1127
f 7083/647/1127 7082/650/1129 7081/648/1130
f 7086/650/1131 7085/651/1132 7084/648/1131
f 7089/650/1133 7088/652/1132 7087/651/1132
f 7092/653/1134 7091/651/1132 7090/652/1132
f 7095/653/1135 7094/652/1132 7093/654/1135
f 7098/614/172 7097/611/172 7096/615/172
f 7101/614/172 7100/613/172 7099/611/172
f 7104/612/172 7103/611/172 7102/613/172
f 7107/612/172 7106/613/172 7105/610/172
f 7110/655/69 7109/656/68 7108/657/69
f 7113/655/69 7112/658/68 7111/656/68
f 7116/659/713 7115/660/71 7114/661/713
f 7119/659/713 7118/662/71 7117/660/71
f 7122/662/70 7121/658/68 7120/660/70
f 7125/662/70 7124/663/68 7123/658/68
f 7128/664/22 7127/665/419 7126/666/22
f 7131/664/22 7130/667/419 7129/665/419
f 7134/667/1136 7133/668/1137 7132/665/1136
f 7137/667/1136 7136/669/1137 7135/668/1137
f 7140/669/402 7139/670/565 7138/668/402
f 7143/669/402 7142/671/565 7141/670/565
f 7146/671/765 7145/672/1138 7144/670/765
f 7149/671/765 7148/673/1138 7147/672/1138
f 7152/673/1139 7151/674/57 7150/672/1139
f 7155/673/1139 7154/675/57 7153/674/57
f 7158/675/1140 7157/676/1141 7156/674/1140
f 7161/675/1140 7160/677/1141 7159/676/1141
f 7164/677/1142 7163/678/639 7162/676/1142
f 7167/677/1142 7166/679/639 7165/678/639
f 7170/679/1143 7169/680/67 7168/678/1143
f 7173/679/1143 7172/655/67 7171/680/67
f 7176/681/701 7175/682/701 7174/683/27
f 7179/681/701 7178/683/27 7177/684/27
f 7182/685/24 7181/684/25 7180/683/25
f 7185/685/24 7184/683/25 7183/686/24
f 7188/686/24 7187/687/23 7186/685/24
f 7191/686/24 7190/664/23 7189/687/23
f 7194/235/30 7193/248/30 7192/242/30
f 7197/235/30 7196/447/30 7195/248/30
f 7200/229/30 7199/447/30 7198/235/30
f 7203/229/30 7202/448/30 7201/447/30
f 7206/449/30 7205/448/30 7204/229/30
f 7209/449/30 7208/229/30 7207/231/30
f 7212/659/121 7211/682/121 7210/681/121
f 7215/659/121 7214/661/121 7213/682/121
f 7218/703/9 7217/704/9 7216/705/9
f 7221/703/9 7220/706/9 7219/704/9
f 7224/707/9 7223/704/9 7222/706/9
f 7227/707/9 7226/708/9 7225/704/9
f 7230/707/9 7229/709/9 7228/708/9
f 7233/707/9 7232/710/9 7231/709/9
f 7236/711/9 7235/712/9 7234/713/9
f 7239/711/9 7238/714/9 7237/712/9
f 7242/709/9 7241/714/9 7240/711/9
f 7245/709/9 7244/715/9 7243/714/9
f 7248/716/172 7247/717/172 7246/718/172
f 7251/716/172 7250/719/172 7249/717/172
f 7254/720/172 7253/721/172 7252/719/172
f 7257/722/172 7256/723/172 7255/717/172
f 7260/722/172 7259/717/172 7258/724/172
f 7263/725/172 7262/722/172 7261/724/172
f 7266/725/172 7265/724/172 7264/726/172
f 7269/727/172 7268/725/172 7267/726/172
f 7272/727/172 7271/728/172 7270/725/172
f 7275/225/9 7274/223/9 7273/446/9
f 7278/225/9 7277/446/9 7276/445/9
f 7281/440/9 7280/445/9 7279/446/9
f 7284/440/9 7283/444/9 7282/445/9
f 7287/440/9 7286/443/9 7285/444/9
f 7290/440/9 7289/441/9 7288/443/9
f 7293/440/9 7292/442/9 7291/441/9
f 7296/734/1144 7295/724/1145 7294/735/1145
f 7299/734/1144 7298/726/1144 7297/724/1145
f 7302/724/1146 7301/736/1147 7300/735/1146
f 7305/724/1146 7304/717/1147 7303/736/1147
f 7308/737/1148 7307/726/1144 7306/734/1148
f 7311/737/1144 7310/727/1144 7309/726/1144
f 7314/737/1144 7313/738/1149 7312/727/1144
f 7317/737/1148 7316/739/1148 7315/738/1149
f 7320/739/1144 7319/740/1149 7318/738/1149
f 7323/739/1148 7322/741/1144 7321/740/1149
f 7326/742/1145 7325/740/1149 7324/741/1144
f 7329/768/1150 7328/767/25 7327/765/1151
f 7332/766/1152 7331/765/1153 7330/767/1154
f 7335/766/1155 7334/756/1156 7333/765/1153
f 7338/756/1156 7337/754/1157 7336/765/1153
f 7341/756/1156 7340/755/1158 7339/754/1159
f 7344/754/1157 7343/755/1160 7342/738/1149
f 7347/754/1161 7346/738/1149 7345/740/1149
f 7350/754/1161 7349/740/1149 7348/743/1162
f 7353/742/1145 7352/743/1162 7351/740/1149
f 7356/754/1161 7355/743/1162 7354/753/1163
f 7359/764/1164 7358/765/1153 7357/754/1159
f 7362/764/1164 7361/754/1159 7360/753/1165
f 7365/763/1166 7364/764/1164 7363/753/1165
f 7368/763/1166 7367/753/1165 7366/752/1167
f 7371/753/1163 7370/744/1168 7369/752/1167
f 7374/753/1163 7373/743/1162 7372/744/1168
f 7377/744/1168 7376/743/1162 7375/742/1146
f 7380/744/1168 7379/742/1146 7378/745/1147
f 7383/744/1168 7382/745/1147 7381/760/1169
f 7386/746/1169 7385/736/1147 7384/717/1147
f 7389/746/1169 7388/717/1147 7387/719/1169
f 7392/747/1169 7391/746/1169 7390/719/1169
f 7395/748/1169 7394/747/1169 7393/719/1169
f 7398/748/1169 7397/719/1169 7396/749/1169
f 7401/748/1170 7400/749/1170 7399/757/1170
f 7404/758/1170 7403/757/1170 7402/749/1170
f 7407/758/1169 7406/749/1169 7405/759/1169
f 7410/749/1169 7409/760/1169 7408/759/1169
f 7413/744/1168 7412/760/1169 7411/749/1169
f 7416/751/1171 7415/744/1168 7414/749/1170
f 7419/751/1171 7418/752/1172 7417/744/1168
f 7422/762/1173 7421/752/1172 7420/751/1171
f 7425/762/1173 7424/763/1174 7423/752/1167
f 7428/762/1173 7427/769/23 7426/763/1175
f 7431/769/23 7430/764/1164 7429/763/1174
f 7434/769/1176 7433/768/24 7432/764/1164
f 7437/768/24 7436/765/1153 7435/764/1164
f 7440/762/1173 7439/770/1177 7438/769/22
f 7443/771/1136 7442/770/21 7441/762/1178
f 7446/771/1179 7445/762/1178 7444/772/1180
f 7449/762/1178 7448/761/1181 7447/772/1180
f 7452/762/1178 7451/751/1171 7450/761/1182
f 7455/751/1171 7454/750/1183 7453/761/1182
f 7458/751/1171 7457/749/1170 7456/750/1183
f 7461/749/1170 7460/721/1183 7459/750/1183
f 7464/749/1170 7463/719/1170 7462/721/1184
f 7467/229/30 7466/449/30 7465/231/30
f 7470/229/30 7469/448/30 7468/449/30
f 7473/229/30 7472/447/30 7471/448/30
f 7476/229/30 7475/235/30 7474/447/30
f 7479/235/30 7478/248/30 7477/447/30
f 7482/235/30 7481/242/30 7480/248/30
f 7485/773/30 7484/774/30 7483/775/30
f 7488/773/30 7487/776/30 7486/774/30
f 7491/777/30 7490/774/30 7489/776/30
f 7494/777/30 7493/778/30 7492/774/30
f 7497/779/30 7496/778/30 7495/777/30
f 7500/779/30 7499/780/30 7498/778/30
f 7503/713/30 7502/780/30 7501/779/30
f 7506/713/30 7505/779/30 7504/781/30
f 7509/711/30 7508/713/30 7507/781/30
f 7512/241/34 7511/235/34 7510/234/34
f 7515/241/34 7514/242/34 7513/235/34
f 7518/236/34 7517/242/34 7516/241/34
f 7521/236/34 7520/241/34 7519/240/34
f 7524/236/34 7523/240/34 7522/239/34
f 7527/236/34 7526/239/34 7525/238/34
f 7530/236/34 7529/238/34 7528/237/34
f 7533/450/17 7532/451/17 7531/452/17
f 7536/450/17 7535/453/17 7534/451/17
f 7539/453/17 7538/450/17 7537/454/17
f 7542/453/17 7541/454/17 7540/455/17
f 7545/454/17 7544/456/17 7543/455/17
f 7548/454/17 7547/457/17 7546/456/17
f 7551/1091/1185 7550/1092/713 7549/1093/71
f 7554/1091/1185 7553/1093/71 7552/1094/1186
f 7557/1095/1187 7556/1091/1188 7555/1094/1186
f 7560/1095/1187 7559/1094/1189 7558/1096/1190
f 7563/1097/1191 7562/1095/1192 7561/1096/1193
f 7566/1097/1191 7565/1098/1194 7564/1095/1192
f 7569/1094/1195 7568/1093/70 7567/1099/68
f 7572/661/1196 7571/776/1196 7570/773/1196
f 7575/661/1196 7574/773/1196 7573/1098/1197
f 7578/661/1196 7577/1098/1197 7576/682/1196
f 7581/1097/1198 7580/682/1196 7579/1098/1197
f 7584/1097/1198 7583/683/1196 7582/682/1196
f 7587/1097/1199 7586/686/1200 7585/683/1196
f 7590/1097/1199 7589/1100/1201 7588/686/1200
f 7593/1100/1202 7592/1097/1191 7591/1096/1190
f 7596/1100/1202 7595/1096/1190 7594/1101/1203
f 7599/1094/1195 7598/1101/1204 7597/1096/1190
f 7602/1094/1205 7601/1102/1206 7600/1101/1207
f 7605/1094/1195 7604/1099/68 7603/1102/1206
f 7608/1102/1208 7607/1099/68 7606/1103/69
f 7611/1102/1208 7610/1103/69 7609/1104/457
f 7614/1104/457 7613/1103/67 7612/1105/65
f 7617/1104/457 7616/1105/65 7615/1106/1209
f 7620/705/752 7619/1106/1210 7618/1105/65
f 7623/705/752 7622/704/1211 7621/1106/1210
f 7626/1107/1212 7625/1100/1213 7624/1101/1207
f 7629/1107/1212 7628/1101/1207 7627/1108/1214
f 7632/1102/1208 7631/1108/1214 7630/1101/1207
f 7635/1102/1208 7634/1104/1215 7633/1108/1214
f 7638/1108/1216 7637/1104/1217 7636/1106/1218
f 7641/1108/1214 7640/1106/1218 7639/1109/1219
f 7644/1109/1219 7643/1107/1212 7642/1108/1214
f 7647/1109/1219 7646/1110/1220 7645/1107/1212
f 7650/1106/1210 7649/704/1221 7648/708/1222
f 7653/1106/1223 7652/708/1224 7651/1109/1219
f 7656/709/1225 7655/1109/1226 7654/708/1227
f 7659/709/1225 7658/1110/1228 7657/1109/1229
f 7662/711/1230 7661/1110/1228 7660/709/1225
f 7665/711/1230 7664/781/1231 7663/1110/1228
f 7668/686/1200 7667/1100/1232 7666/1107/1233
f 7671/686/1200 7670/1107/1233 7669/664/1234
f 7674/667/1234 7673/664/1234 7672/1107/1235
f 7677/667/1234 7676/1107/1235 7675/1110/1228
f 7680/669/1234 7679/667/1234 7678/1110/1228
f 7683/671/1234 7682/669/1234 7681/1110/1228
f 7686/673/1234 7685/671/1234 7684/1110/1228
f 7689/673/1234 7688/1110/1228 7687/781/1231
f 7692/673/1234 7691/781/1231 7690/675/1234
f 7695/781/1231 7694/677/1234 7693/675/1234
f 7698/781/1231 7697/679/1236 7696/677/1234
f 7701/779/1234 7700/679/1234 7699/781/1231
f 7704/779/1234 7703/655/1234 7702/679/1234
f 7707/655/1234 7706/779/1234 7705/777/1200
f 7710/655/1234 7709/777/1200 7708/658/1200
f 7713/777/1200 7712/660/1196 7711/658/1200
f 7716/777/1200 7715/776/1196 7714/660/1196
f 7719/661/1196 7718/660/1196 7717/776/1196
f 7722/458/568 7721/328/17 7720/459/17
f 7725/458/1237 7724/326/568 7723/328/17
f 7728/460/597 7727/326/571 7726/458/571
f 7731/460/597 7730/330/597 7729/326/571
f 7734/249/79 7733/330/706 7732/460/1238
f 7737/249/79 7736/460/599 7735/461/79
f 7740/782/58 7739/783/77 7738/784/77
f 7743/782/58 7742/785/58 7741/783/77
f 7746/786/74 7745/784/75 7744/787/75
f 7749/786/74 7748/788/74 7747/784/75
f 7752/789/767 7751/788/74 7750/786/74
f 7755/789/767 7754/790/767 7753/788/74
f 7758/791/1239 7757/792/58 7756/782/58
f 7761/791/1240 7760/793/1240 7759/792/58
f 7764/794/1241 7763/793/1242 7762/791/1242
f 7767/794/1241 7766/795/1241 7765/793/1242
f 7770/796/1243 7769/795/1244 7768/794/1244
f 7773/796/1243 7772/797/1243 7771/795/713
f 7776/798/179 7775/797/1245 7774/796/1245
f 7779/798/179 7778/799/179 7777/797/1245
f 7782/800/597 7781/799/1246 7780/798/1246
f 7785/800/597 7784/801/597 7783/799/1246
f 7788/802/1247 7787/801/599 7786/800/599
f 7791/802/1247 7790/803/1247 7789/801/706
f 7794/804/8 7793/803/1248 7792/802/1248
f 7797/804/8 7796/805/8 7795/803/1248
f 7800/806/14 7799/805/119 7798/804/119
f 7803/806/14 7802/807/14 7801/805/119
f 7806/808/12 7805/809/11 7804/806/11
f 7809/808/12 7808/810/12 7807/809/11
f 7812/810/29 7811/808/29 7810/811/28
f 7815/810/29 7814/811/28 7813/812/28
f 7818/811/28 7817/813/711 7816/812/28
f 7821/811/28 7820/814/756 7819/813/756
f 7824/814/43 7823/789/43 7822/813/43
f 7827/814/43 7826/790/43 7825/789/43
f 7830/716/172 7829/717/172 7828/719/172
f 7833/716/172 7832/718/172 7831/717/172
f 7836/720/172 7835/719/172 7834/721/172
f 7839/727/172 7838/725/172 7837/728/172
f 7842/727/172 7841/726/172 7840/725/172
f 7845/724/172 7844/725/172 7843/726/172
f 7848/724/172 7847/722/172 7846/725/172
f 7851/717/172 7850/722/172 7849/724/172
f 7854/717/172 7853/723/172 7852/722/172
f 7857/815/756 7856/816/28 7855/817/756
f 7860/815/756 7859/818/28 7858/816/28
f 7863/819/29 7862/816/28 7861/818/28
f 7866/819/29 7865/818/28 7864/820/29
f 7869/819/12 7868/820/12 7867/821/11
f 7872/819/12 7871/821/11 7870/822/11
f 7875/823/1249 7874/822/14 7873/821/14
f 7878/823/1249 7877/821/14 7876/824/1249
f 7881/825/172 7880/826/172 7879/827/172
f 7884/825/172 7883/828/172 7882/826/172
f 7887/828/172 7886/829/172 7885/826/172
f 7890/828/172 7889/830/172 7888/829/172
f 7893/831/172 7892/829/172 7891/830/172
f 7896/831/172 7895/832/172 7894/829/172
f 7899/833/172 7898/832/172 7897/831/172
f 7902/833/172 7901/834/172 7900/832/172
f 7905/835/172 7904/834/172 7903/833/172
f 7908/835/172 7907/833/172 7906/836/172
f 7911/837/17 7910/838/17 7909/839/17
f 7914/837/17 7913/840/17 7912/838/17
f 7917/840/17 7916/841/17 7915/838/17
f 7920/840/17 7919/823/17 7918/841/17
f 7923/842/17 7922/843/17 7921/836/17
f 7926/842/17 7925/844/17 7924/843/17
f 7929/845/17 7928/844/17 7927/842/17
f 7932/845/17 7931/842/17 7930/846/17
f 7935/845/17 7934/846/17 7933/837/17
f 7938/845/17 7937/837/17 7936/847/17
f 7941/848/121 7940/849/121 7939/817/121
f 7944/848/121 7943/817/121 7942/850/121
f 7947/848/121 7946/850/121 7945/851/121
f 7950/848/121 7949/851/121 7948/852/121
f 7953/853/121 7952/852/121 7951/851/121
f 7956/853/121 7955/851/121 7954/854/121
f 7959/855/121 7958/853/121 7957/854/121
f 7962/855/121 7961/856/121 7960/853/121
f 7965/855/121 7964/857/121 7963/856/121
f 7968/855/121 7967/825/121 7966/857/121
f 7971/734/1250 7970/735/1251 7969/724/1251
f 7974/734/1250 7973/724/1251 7972/726/1250
f 7977/736/1252 7976/724/1251 7975/735/1251
f 7980/736/1252 7979/717/1252 7978/724/1251
f 7983/737/1250 7982/738/1253 7981/739/1250
f 7986/737/1250 7985/727/1250 7984/738/1254
f 7989/737/1255 7988/726/1255 7987/727/1255
f 7992/737/1250 7991/734/1250 7990/726/1250
f 7995/754/1256 7994/765/1257 7993/764/1258
f 7998/765/1259 7997/768/29 7996/764/1258
f 8001/765/1257 8000/767/1260 7999/768/29
f 8004/766/1261 8003/767/28 8002/765/1262
f 8007/766/1263 8006/765/1257 8005/756/1264
f 8010/754/1256 8009/756/1265 8008/765/1257
f 8013/754/1266 8012/755/1267 8011/756/1265
f 8016/738/1254 8015/755/1268 8014/754/1266
f 8019/738/1254 8018/754/1266 8017/740/1254
f 8022/739/1250 8021/738/1254 8020/740/1253
f 8025/739/1250 8024/740/1254 8023/741/1250
f 8028/764/1258 8027/768/1269 8026/769/11
f 8031/743/1270 8030/754/1266 8029/753/1271
f 8034/743/1270 8033/740/1254 8032/754/1272
f 8037/742/1251 8036/740/1253 8035/743/1270
f 8040/742/1251 8039/741/1250 8038/740/1253
f 8043/746/1273 8042/717/1274 8041/736/1274
f 8046/746/1273 8045/719/1273 8044/717/1274
f 8049/747/1273 8048/719/1273 8047/746/1273
f 8052/748/1275 8051/719/1275 8050/747/1275
f 8055/749/1273 8054/719/1273 8053/748/1273
f 8058/749/1275 8057/721/1276 8056/719/1275
f 8061/749/1275 8060/750/1125 8059/721/1124
f 8064/750/1125 8063/749/1275 8062/751/1277
f 8067/750/1125 8066/751/1278 8065/761/1279
f 8070/761/1279 8069/751/1280 8068/762/1281
f 8073/761/1282 8072/762/1283 8071/772/1284
f 8076/762/1281 8075/771/1285 8074/772/1284
f 8079/762/1281 8078/770/1286 8077/771/1287
f 8082/762/1281 8081/769/1288 8080/770/13
f 8085/762/1281 8084/763/1289 8083/769/14
f 8088/764/1258 8087/769/11 8086/763/1289
f 8091/753/1290 8090/764/1258 8089/763/1291
f 8094/754/1266 8093/764/1258 8092/753/1292
f 8097/742/1251 8096/744/1293 8095/745/1252
f 8100/742/1251 8099/743/1270 8098/744/1293
f 8103/744/1293 8102/743/1270 8101/753/1294
f 8106/744/1293 8105/753/1271 8104/752/1295
f 8109/753/1290 8108/763/1291 8107/752/1295
f 8112/762/1283 8111/752/1295 8110/763/1289
f 8115/762/1281 8114/751/1278 8113/752/1295
f 8118/751/1277 8117/744/1293 8116/752/1295
f 8121/751/1278 8120/749/1275 8119/744/1293
f 8124/760/1273 8123/744/1296 8122/749/1273
f 8127/749/1273 8126/759/1273 8125/760/1273
f 8130/758/1273 8129/759/1273 8128/749/1273
f 8133/758/1273 8132/749/1273 8131/757/1275
f 8136/749/1297 8135/748/1273 8134/757/1297
f 8139/760/1273 8138/745/1274 8137/744/1296
f 8142/454/17 8141/456/17 8140/457/17
f 8145/454/17 8144/455/17 8143/456/17
f 8148/454/17 8147/453/17 8146/455/17
f 8151/454/17 8150/450/17 8149/453/17
f 8154/450/17 8153/451/17 8152/453/17
f 8157/450/17 8156/452/17 8155/451/17
f 8160/578/1298 8159/579/1299 8158/580/1298
f 8163/578/1300 8162/581/1301 8161/579/1301
f 8166/582/1302 8165/579/1303 8164/581/1303
f 8169/582/1304 8168/581/1303 8167/583/1304
f 8172/583/592 8171/584/1305 8170/582/592
f 8175/583/592 8174/585/1305 8173/584/1305
f 8178/586/1306 8177/584/1307 8176/585/1307
f 8181/586/311 8180/585/1307 8179/587/311
f 8184/588/9 8183/589/9 8182/590/9
f 8187/588/9 8186/591/9 8185/589/9
f 8190/592/9 8189/590/9 8188/586/9
f 8193/592/9 8192/593/9 8191/590/9
f 8196/592/9 8195/594/9 8194/593/9
f 8199/249/79 8198/461/79 8197/460/600
f 8202/249/79 8201/460/1308 8200/330/600
f 8205/460/72 8204/326/565 8203/330/72
f 8208/460/72 8207/458/565 8206/326/565
f 8211/458/41 8210/328/17 8209/326/765
f 8214/458/41 8213/459/17 8212/328/17
f 8217/598/1230 8216/599/1230 8215/600/1230
f 8220/600/1230 8219/601/1309 8218/598/1230
f 8223/586/1309 8222/590/1309 8221/584/1309
f 8226/590/1309 8225/582/1309 8224/584/1309
f 8229/590/1310 8228/601/1309 8227/582/1309
f 8232/601/1309 8231/579/1309 8230/582/1309
f 8235/602/1230 8234/579/1309 8233/601/1309
f 8238/600/1230 8237/602/1230 8236/601/1309
f 8241/602/1230 8240/580/1309 8239/579/1309
f 8244/598/30 8243/603/30 8242/604/30
f 8247/598/30 8246/601/30 8245/603/30
f 8250/590/30 8249/603/30 8248/601/30
f 8253/590/30 8252/589/30 8251/603/30
f 8256/254/34 8255/253/34 8254/255/34
f 8259/254/34 8258/256/34 8257/253/34
f 8262/254/34 8261/257/34 8260/256/34
f 8265/254/34 8264/258/34 8263/257/34
f 8268/616/34 8267/598/34 8266/604/34
f 8271/616/34 8270/617/34 8269/598/34
f 8274/617/34 8273/599/34 8272/598/34
f 8277/617/34 8276/618/34 8275/599/34
f 8280/1111/30 8279/1112/30 8278/1113/30
f 8283/1111/30 8282/1114/30 8281/1112/30
f 8286/1115/30 8285/1112/30 8284/1114/30
f 8289/1115/30 8288/1116/30 8287/1112/30
f 8292/1117/30 8291/1116/30 8290/1115/30
f 8295/1115/1311 8294/1118/49 8293/1119/1311
f 8298/1115/1311 8297/1114/49 8296/1118/49
f 8301/1120/134 8300/1118/46 8299/1114/46
f 8304/1120/134 8303/1121/134 8302/1118/46
f 8307/471/34 8306/472/34 8305/473/34
f 8310/471/34 8309/474/34 8308/472/34
f 8313/471/34 8312/475/34 8311/474/34
f 8316/471/34 8315/476/34 8314/475/34
f 8319/471/34 8318/477/34 8317/476/34
f 8322/908/172 8321/909/172 8320/910/172
f 8325/908/172 8324/910/172 8323/911/172
f 8328/912/172 8327/910/172 8326/913/172
f 8331/912/172 8330/914/172 8329/910/172
f 8334/915/172 8333/913/172 8332/916/172
f 8337/530/9 8336/531/9 8335/532/9
f 8340/530/9 8339/533/9 8338/531/9
f 8343/530/9 8342/534/9 8341/533/9
f 8346/530/9 8345/535/9 8344/534/9
f 8349/530/9 8348/536/9 8347/535/9
f 8352/1122/172 8351/1123/172 8350/1124/172
f 8355/1122/172 8354/1125/172 8353/1123/172
f 8358/1123/172 8357/1125/172 8356/1126/172
f 8361/1123/172 8360/1126/172 8359/1127/172
f 8364/1128/172 8363/1127/172 8362/1126/172
f 8367/1128/172 8366/1129/172 8365/1127/172
f 8370/551/1312 8369/532/1313 8368/552/1313
f 8373/551/1312 8372/530/1312 8371/532/1313
f 8376/553/1314 8375/530/1315 8374/551/1315
f 8379/553/1314 8378/536/1314 8377/530/1315
f 8382/553/1316 8381/535/84 8380/536/1316
f 8385/553/1316 8384/554/84 8383/535/84
f 8388/554/6 8387/534/1317 8386/535/6
f 8391/554/6 8390/555/1317 8389/534/1317
f 8394/556/1318 8393/534/1319 8392/555/1319
f 8397/556/1318 8396/533/1318 8395/534/1320
f 8400/556/1321 8399/531/79 8398/533/1321
f 8403/556/1321 8402/557/79 8401/531/79
f 8406/1130/34 8405/1131/34 8404/1132/34
f 8409/1130/34 8408/1117/34 8407/1131/34
f 8412/1117/34 8411/1133/34 8410/1131/34
f 8415/1117/34 8414/1115/34 8413/1133/34
f 8418/1134/34 8417/1135/34 8416/1124/34
f 8421/1134/34 8420/1136/34 8419/1135/34
f 8424/1137/34 8423/1136/34 8422/1134/34
f 8427/1137/34 8426/1134/34 8425/1138/34
f 8430/1130/34 8429/1137/34 8428/1138/34
f 8433/1130/34 8432/1139/34 8431/1137/34
f 8436/558/9 8435/559/9 8434/560/9
f 8439/558/9 8438/561/9 8437/559/9
f 8442/558/9 8441/562/9 8440/561/9
f 8445/1140/1322 8444/1130/1323 8443/1138/1324
f 8448/1140/1325 8447/1141/1323 8446/1130/1323
f 8451/1117/1326 8450/1130/1323 8449/1141/1323
f 8454/1117/1326 8453/1141/1323 8452/1116/1326
f 8457/1112/1327 8456/1116/1326 8455/1141/1323
f 8460/1112/1327 8459/1141/1323 8458/1142/1328
f 8463/1113/1327 8462/1112/1327 8461/1142/1329
f 8466/1113/1327 8465/1142/1329 8464/1143/1330
f 8469/1142/1330 8468/1144/135 8467/1143/1330
f 8472/1142/1330 8471/1145/1331 8470/1144/1332
f 8475/1145/1331 8474/1146/1333 8473/1144/1334
f 8478/1145/1331 8477/1147/498 8476/1146/1333
f 8481/1146/1333 8480/1147/498 8479/1127/905
f 8484/1148/1335 8483/1127/189 8482/1147/1336
f 8487/1148/1335 8486/1123/179 8485/1127/189
f 8490/1123/179 8489/1148/1335 8488/1134/1337
f 8493/1123/179 8492/1134/1337 8491/1124/872
f 8496/1148/1338 8495/1147/1336 8494/1145/1331
f 8499/1142/1330 8498/1141/1323 8497/1140/1325
f 8502/1142/1330 8501/1140/1325 8500/1145/1331
f 8505/1148/1335 8504/1145/1331 8503/1140/1325
f 8508/1138/1339 8507/1148/1340 8506/1140/1325
f 8511/1138/1341 8510/1134/1342 8509/1148/1335
f 8514/1146/1333 8513/1127/905 8512/1129/904
f 8517/563/34 8516/564/34 8515/565/34
f 8520/563/34 8519/566/34 8518/564/34
f 8523/563/34 8522/567/34 8521/566/34
f 8526/568/34 8525/566/34 8524/567/34
f 8529/569/1343 8528/371/1343 8527/570/1343
f 8532/569/510 8531/369/1344 8530/371/510
f 8535/569/510 8534/571/511 8533/369/511
f 8538/366/515 8537/369/1345 8536/571/1345
f 8541/366/515 8540/571/516 8539/572/515
f 8544/573/518 8543/366/517 8542/572/517
f 8547/573/518 8546/365/1346 8545/366/1347
f 8550/573/518 8549/574/1346 8548/365/1346
f 8553/575/1348 8552/365/1349 8551/574/1349
f 8556/575/1348 8555/361/1348 8554/365/1349
f 8559/576/212 8558/361/1350 8557/575/1350
f 8562/576/17 8561/362/17 8560/361/509
f 8565/576/17 8564/577/17 8563/362/17
f 8568/944/1351 8567/945/1352 8566/946/1352
f 8571/944/1353 8570/947/1354 8569/945/1352
f 8574/948/1355 8573/949/1356 8572/945/1352
f 8577/948/1355 8576/945/1352 8575/947/1357
f 8580/950/1358 8579/948/1355 8578/947/1354
f 8583/950/1359 8582/947/1357 8581/951/1360
f 8586/951/1361 8585/947/1354 8584/952/1353
f 8589/951/1362 8588/952/1363 8587/953/1364
f 8592/909/1365 8591/946/1352 8590/945/1352
f 8595/909/1365 8594/945/1352 8593/910/1365
f 8598/949/1356 8597/910/1366 8596/945/1367
f 8601/949/1368 8600/913/1369 8599/910/1366
f 8604/949/1368 8603/916/1369 8602/913/1369
f 8607/949/1368 8606/954/1368 8605/916/1369
f 8610/948/1370 8609/954/1368 8608/949/1368
f 8613/948/1355 8612/955/1371 8611/954/1368
f 8616/950/1358 8615/955/1372 8614/948/1373
f 8619/950/1358 8618/956/1374 8617/955/1375
f 8622/950/1358 8621/957/1376 8620/956/1374
f 8625/950/1358 8624/958/1377 8623/957/1378
f 8628/950/1358 8627/959/1379 8626/958/48
f 8631/950/1358 8630/951/1360 8629/959/49
f 8634/960/134 8633/959/46 8632/951/1360
f 8637/960/134 8636/951/1360 8635/953/1364
f 8640/1146/150 8639/1129/150 8638/1149/150
f 8643/1146/29 8642/1149/29 8641/1150/29
f 8646/1146/150 8645/1150/150 8644/1151/150
f 8649/1146/29 8648/1151/29 8647/1144/29
f 8652/1151/150 8651/1143/150 8650/1144/150
f 8655/1151/12 8654/1152/12 8653/1143/12
f 8658/1143/150 8657/1152/150 8656/1153/150
f 8661/1143/29 8660/1153/29 8659/1113/29
f 8664/1153/150 8663/1111/150 8662/1113/150
f 8667/1153/150 8666/1154/150 8665/1111/150
f 8670/967/644 8669/968/644 8668/969/644
f 8673/968/644 8672/967/644 8671/970/644
f 8676/970/644 8675/967/644 8674/971/644
f 8679/995/1380 8678/1003/1381 8677/1004/1382
f 8682/995/1383 8681/1004/1382 8680/1005/1384
f 8685/995/1385 8684/1005/1386 8683/1011/1387
f 8688/1012/1388 8687/1011/1389 8686/1005/1386
f 8691/1012/1388 8690/1013/1388 8689/1011/1389
f 8694/1013/1390 8693/1010/1391 8692/1011/1392
f 8697/1013/1388 8696/1014/644 8695/1010/1391
f 8700/971/644 8699/1010/1391 8698/1014/644
f 8703/971/644 8702/967/1393 8701/1010/1391
f 8706/1010/480 8705/967/1393 8704/978/1394
f 8709/967/1393 8708/979/1395 8707/978/1396
f 8712/977/1397 8711/978/1394 8710/979/1395
f 8715/977/1397 8714/979/1395 8713/992/1398
f 8718/992/1399 8717/997/99 8716/977/1397
f 8721/992/1398 8720/996/121 8719/997/102
f 8724/991/126 8723/996/121 8722/992/1398
f 8727/991/126 8726/992/1398 8725/988/1400
f 8730/990/1401 8729/991/126 8728/988/1402
f 8733/977/1403 8732/997/99 8731/998/140
f 8736/988/1402 8735/992/1398 8734/979/1395
f 8739/988/1402 8738/979/1395 8737/986/1404
f 8742/979/1395 8741/983/225 8740/986/1405
f 8745/979/1395 8744/980/1406 8743/983/225
f 8748/967/1393 8747/980/1407 8746/979/1395
f 8751/990/1401 8750/988/1408 8749/989/1409
f 8754/987/1410 8753/989/1409 8752/988/1411
f 8757/987/1410 8756/988/1402 8755/986/1404
f 8760/985/225 8759/987/1410 8758/986/1405
f 8763/985/225 8762/986/1405 8761/983/225
f 8766/984/1412 8765/985/225 8764/983/225
f 8769/984/1412 8768/983/225 8767/982/1412
f 8772/980/1406 8771/982/1412 8770/983/225
f 8775/980/1406 8774/981/1413 8773/982/1412
f 8778/980/1406 8777/972/1414 8776/981/1413
f 8781/980/1406 8780/967/1393 8779/972/1414
f 8784/972/1414 8783/967/1393 8782/969/644
f 8787/972/1414 8786/969/644 8785/973/644
f 8790/972/644 8789/973/644 8788/1017/644
f 8793/1017/644 8792/1018/644 8791/972/644
f 8796/1017/644 8795/1019/644 8794/1018/644
f 8799/1019/644 8798/1020/1388 8797/1018/644
f 8802/1019/644 8801/1021/1388 8800/1020/1388
f 8805/1022/1388 8804/1020/1388 8803/1021/1388
f 8808/1022/1388 8807/1007/1388 8806/1020/1390
f 8811/1007/1390 8810/1022/1388 8809/1009/1388
f 8814/1006/682 8813/1005/1384 8812/1004/1382
f 8817/1006/682 8816/1007/682 8815/1005/1384
f 8820/1007/682 8819/1008/1388 8818/1005/1386
f 8823/1007/1415 8822/1009/1388 8821/1008/1388
f 8826/1012/1388 8825/1005/1390 8824/1015/1390
f 8829/1008/1388 8828/1015/1388 8827/1005/1388
f 8832/1008/1388 8831/1016/1388 8830/1015/1388
f 8835/595/17 8834/388/17 8833/596/17
f 8838/595/17 8837/387/17 8836/388/17
f 8841/595/17 8840/597/17 8839/387/17
f 8844/1023/1416 8843/1024/1416 8842/1025/1416
f 8847/1023/1416 8846/1026/1416 8845/1024/1416
f 8850/1023/1416 8849/1027/1416 8848/1026/1416
f 8853/1025/1416 8852/1028/1416 8851/1029/1417
f 8856/1025/1416 8855/1029/1417 8854/1023/1418
f 8859/1029/1419 8858/1030/1420 8857/1023/1421
f 8862/1029/1419 8861/1031/1422 8860/1030/1420
f 8865/1032/1423 8864/1031/1424 8863/1029/1425
f 8868/1032/1423 8867/1033/1426 8866/1031/1424
f 8871/1/1427 8870/1033/1426 8869/1032/1423
f 8874/1/1428 8873/1034/1429 8872/1033/1430
f 8877/1033/1431 8876/1035/1432 8875/1031/1424
f 8880/1031/1424 8879/1035/1432 8878/1036/1433
f 8883/1031/1424 8882/1036/1433 8881/1030/1434
f 8886/1029/1425 8885/1037/641 8884/1032/1423
f 8889/1029/1425 8888/1028/1416 8887/1037/641
f 8892/1038/641 8891/1032/1423 8890/1037/641
f 8895/1038/1435 8894/1/1427 8893/1032/1423
f 8898/1039/1436 8897/3/641 8896/1040/641
f 8901/1039/1436 8900/1/1427 8899/3/1435
f 8904/1039/1436 8903/1041/1437 8902/1/1438
f 8907/1034/1439 8906/1/1440 8905/1041/1441
f 8910/1034/1442 8909/1041/1443 8908/1042/1444
f 8913/1043/1445 8912/1034/1442 8911/1042/1446
f 8916/1043/1447 8915/1033/1426 8914/1034/1442
f 8919/1043/1447 8918/1044/1448 8917/1033/1431
f 8922/1033/1431 8921/1044/1449 8920/1035/1432
f 8925/1044/1448 8924/1045/39 8923/1035/1432
f 8928/1045/39 8927/1036/1450 8926/1035/1432
f 8931/1045/1451 8930/1046/40 8929/1036/1452
f 8934/1036/1433 8933/1046/1453 8932/1047/1454
f 8937/1036/1433 8936/1047/1455 8935/1048/1456
f 8940/1048/1456 8939/1030/1420 8938/1036/1433
f 8943/1048/1456 8942/1049/1457 8941/1030/1458
f 8946/1030/1420 8945/1049/1457 8944/1050/1459
f 8949/1030/1458 8948/1050/1459 8947/1023/1460
f 8952/1050/1459 8951/1051/1460 8950/1023/1460
f 8955/1051/1418 8954/1027/1416 8953/1023/1418
f 8958/1051/1460 8957/1052/1416 8956/1027/1416
f 8961/1039/1436 8960/1053/1461 8959/1041/1443
f 8964/1050/1459 8963/1054/1462 8962/1051/1460
f 8967/1044/1448 8966/1055/1463 8965/1045/39
f 8970/1043/1447 8969/1055/38 8968/1044/1464
f 8973/1043/1447 8972/1056/1465 8971/1055/37
f 8976/1057/1466 8975/1056/36 8974/1043/1445
f 8979/1057/1467 8978/1043/1445 8977/1058/1468
f 8982/1043/1445 8981/1042/1444 8980/1058/1469
f 8985/1059/1416 8984/1054/1416 8983/1060/1416
f 8988/1059/1416 8987/1051/1416 8986/1054/1416
f 8991/1051/1416 8990/1059/1416 8989/1052/1416
f 8994/1061/1416 8993/1062/641 8992/1063/641
f 8997/1061/1470 8996/1054/1470 8995/1062/641
f 9000/1064/1471 8999/1063/641 8998/1062/641
f 9003/1064/1471 9002/1062/641 9001/1039/1471
f 9006/1039/1471 9005/1040/1471 9004/1064/1471
f 9009/605/34 9008/606/34 9007/607/34
f 9012/605/34 9011/608/34 9010/606/34
f 9015/605/34 9014/609/34 9013/608/34
f 9018/1155/172 9017/991/172 9016/990/172
f 9021/1155/172 9020/1156/172 9019/991/172
f 9024/996/172 9023/991/172 9022/1156/172
f 9027/996/172 9026/1156/172 9025/1157/172
f 9030/996/172 9029/1158/172 9028/1159/172
f 9033/996/172 9032/1159/172 9031/997/172
f 9036/1159/172 9035/998/172 9034/997/172
f 9039/1159/172 9038/1160/172 9037/998/172
f 9042/1160/172 9041/999/172 9040/998/172
f 9045/1160/172 9044/1161/172 9043/999/172
f 9048/1161/172 9047/1000/172 9046/999/172
f 9051/1161/172 9050/1162/172 9049/1000/172
f 9054/1163/172 9053/1000/172 9052/1162/172
f 9057/1163/172 9056/1001/172 9055/1000/172
f 9060/627/9 9059/628/9 9058/629/9
f 9063/630/9 9062/629/9 9061/628/9
f 9066/630/9 9065/631/9 9064/629/9
f 9069/630/9 9068/632/9 9067/631/9
f 9072/1164/17 9071/1002/17 9070/1001/17
f 9075/1164/17 9074/1165/17 9073/1002/17
f 9078/1166/17 9077/1002/17 9076/1165/17
f 9081/1166/17 9080/1003/17 9079/1002/17
f 9084/1166/17 9083/1004/1472 9082/1003/17
f 9087/1166/17 9086/1167/1473 9085/1004/1473
f 9090/1006/1474 9089/1168/1348 9088/1169/1348
f 9093/1006/1474 9092/1170/1474 9091/1168/1348
f 9096/1004/1475 9095/1170/1476 9094/1006/1476
f 9099/1004/1472 9098/1171/1472 9097/1170/1477
f 9102/688/17 9101/689/17 9100/690/17
f 9105/688/17 9104/691/509 9103/689/17
f 9108/688/212 9107/692/509 9106/691/509
f 9111/693/1349 9110/691/1348 9109/692/1348
f 9114/693/1349 9113/692/1348 9112/694/1349
f 9117/695/518 9116/693/1346 9115/694/1346
f 9120/695/518 9119/696/517 9118/693/1478
f 9123/695/518 9122/697/517 9121/696/517
f 9126/697/515 9125/698/516 9124/696/515
f 9129/697/515 9128/699/516 9127/698/516
f 9132/700/510 9131/698/511 9130/699/511
f 9135/700/510 9134/701/510 9133/698/511
f 9138/700/510 9137/702/510 9136/701/510
f 9141/984/1479 9140/1172/1479 9139/1075/1479
f 9144/984/1479 9143/1173/1479 9142/1172/1479
f 9147/1076/1480 9146/987/1480 9145/985/1480
f 9150/1076/1481 9149/1174/1482 9148/987/1482
f 9153/1073/1483 9152/1070/1483 9151/1175/1484
f 9156/1073/1485 9155/1175/1484 9154/1176/1486
f 9159/1176/1487 9158/1175/1484 9157/1177/1488
f 9162/1176/1489 9161/1177/1490 9160/1178/1491
f 9165/1178/1492 9164/1177/1493 9163/1179/1494
f 9168/1178/1495 9167/1179/1494 9166/1180/1496
f 9171/1181/1497 9170/1180/1498 9169/1179/1494
f 9174/1181/1497 9173/1179/1494 9172/1182/1499
f 9177/1179/1500 9176/1047/1501 9175/1182/44
f 9180/1179/1494 9179/1048/1502 9178/1047/1503
f 9183/1177/1504 9182/1048/1505 9181/1179/1494
f 9186/1177/1488 9185/1049/1506 9184/1048/1505
f 9189/1050/1507 9188/1049/1508 9187/1177/1488
f 9192/1050/1507 9191/1177/1509 9190/1175/1484
f 9195/1070/1485 9194/1050/1507 9193/1175/1484
f 9198/1070/1485 9197/1054/1510 9196/1050/1507
f 9201/400/9 9200/395/9 9199/398/9
f 9204/400/9 9203/701/9 9202/395/9
f 9207/400/9 9206/402/9 9205/701/9
f 9210/402/9 9209/698/9 9208/701/9
f 9213/402/9 9212/403/9 9211/698/9
f 9216/696/9 9215/698/9 9214/403/9
f 9219/696/9 9218/403/9 9217/404/9
f 9222/405/9 9221/696/9 9220/404/9
f 9225/405/9 9224/693/9 9223/696/9
f 9228/405/9 9227/691/9 9226/693/9
f 9231/405/9 9230/406/9 9229/691/9
f 9234/691/9 9233/406/9 9232/407/9
f 9237/691/9 9236/407/9 9235/689/9
f 9240/729/9 9239/730/9 9238/731/9
f 9243/729/9 9242/732/9 9241/730/9
f 9246/729/9 9245/426/9 9244/732/9
f 9249/729/9 9248/433/9 9247/426/9
f 9252/729/9 9251/733/9 9250/433/9
f 9255/1073/172 9254/1074/172 9253/1070/172
f 9258/1073/172 9257/1067/172 9256/1074/172
f 9261/1069/172 9260/1054/172 9259/1070/172
f 9264/1069/172 9263/1071/172 9262/1054/172
f 9267/1054/172 9266/1071/172 9265/1072/172
f 9270/1054/172 9269/1072/172 9268/1051/172
f 9273/1072/172 9272/1054/172 9271/1051/172
f 9276/1072/172 9275/1071/172 9274/1054/172
f 9279/1054/172 9278/1065/172 9277/1062/172
f 9282/1054/172 9281/1066/172 9280/1065/172
f 9285/1067/172 9284/1053/172 9283/1039/172
f 9288/1062/172 9287/1067/172 9286/1039/172
f 9291/1062/172 9290/1068/172 9289/1067/172
f 9294/1075/1511 9293/985/1511 9292/984/1511
f 9297/1075/1511 9296/1076/1511 9295/985/1511
f 9300/1077/640 9299/971/640 9298/1078/640
f 9303/1077/640 9302/970/640 9301/971/640
f 9306/968/1512 9305/970/642 9304/1079/642
f 9309/968/1512 9308/1079/642 9307/1080/1512
f 9312/1080/1513 9311/969/81 9310/968/1513
f 9315/1080/1514 9314/1081/81 9313/969/528
f 9318/969/81 9317/1081/81 9316/1082/1515
f 9321/969/81 9320/1082/1516 9319/973/1517
f 9324/973/1515 9323/1082/1515 9322/1083/1518
f 9327/973/1519 9326/1083/1518 9325/1017/1518
f 9330/1017/1520 9329/1083/1520 9328/1084/643
f 9333/1017/1521 9332/1084/643 9331/1019/643
f 9336/1019/643 9335/1084/643 9334/1085/643
f 9339/1019/643 9338/1085/643 9337/1021/643
f 9342/1021/643 9341/1085/643 9340/1086/1522
f 9345/1021/643 9344/1086/1523 9343/1022/1522
f 9348/1086/1524 9347/1009/1525 9346/1022/1526
f 9351/1086/1526 9350/1087/1525 9349/1009/1525
f 9354/1087/1525 9353/1008/1527 9352/1009/1525
f 9357/1087/1528 9356/1088/1529 9355/1008/1529
f 9360/1008/1529 9359/1088/1529 9358/1089/1530
f 9363/1008/1529 9362/1089/1531 9361/1016/1532
f 9366/1016/1533 9365/1089/1533 9364/1090/642
f 9369/1016/1533 9368/1090/642 9367/1015/642
f 9372/619/34 9371/620/34 9370/621/34
f 9375/619/34 9374/622/34 9373/620/34
f 9378/623/34 9377/624/34 9376/625/34
f 9381/623/34 9380/621/34 9379/624/34
f 9384/623/34 9383/626/34 9382/621/34
f 9387/423/34 9386/418/34 9385/421/34
f 9390/423/34 9389/415/34 9388/418/34
f 9393/423/34 9392/416/34 9391/415/34
f 9396/423/34 9395/434/34 9394/416/34
f 9399/423/34 9398/425/34 9397/434/34
f 9402/619/51 9401/633/52 9400/634/51
f 9405/619/1534 9404/635/52 9403/633/52
f 9408/635/50 9407/636/1376 9406/633/50
f 9411/635/50 9410/637/1376 9409/636/1376
f 9414/1183/1535 9413/81/1535 9412/1184/1535
f 9417/1183/1535 9416/76/1535 9415/81/1535
f 9420/165/30 9419/1183/30 9418/1185/30
f 9423/165/30 9422/72/30 9421/1183/30
f 9426/1186/126 9425/1187/121 9424/1188/121
f 9429/1186/126 9428/1188/121 9427/1189/126
f 9432/1190/1536 9431/1186/126 9430/1189/126
f 9435/1190/1536 9434/1191/1536 9433/1186/126
f 9438/1192/905 9437/1191/133 9436/1190/133
f 9441/1192/905 9440/1193/905 9439/1191/133
f 9444/1194/179 9443/1193/189 9442/1192/189
f 9447/1194/179 9446/1195/179 9445/1193/189
f 9450/1196/576 9449/1195/179 9448/1194/179
f 9453/1196/576 9452/1197/576 9451/1195/179
f 9456/1198/79 9455/1197/108 9454/1196/108
f 9459/1198/79 9458/1199/79 9457/1197/108
f 9462/1200/30 9461/1201/30 9460/1202/30
f 9465/1200/30 9464/1202/30 9463/1203/30
f 9468/1204/30 9467/1200/30 9466/1203/30
f 9471/1204/30 9470/1205/30 9469/1200/30
f 9474/1206/30 9473/1205/30 9472/1204/30
f 9477/1206/30 9476/1207/30 9475/1205/30
f 9480/1208/30 9479/1207/30 9478/1206/30
f 9483/1208/30 9482/1206/30 9481/1209/30
f 9486/1210/30 9485/1208/30 9484/1209/30
f 9489/1210/30 9488/1209/30 9487/1211/30
f 9492/1212/30 9491/1210/30 9490/1211/30
f 9495/1212/30 9494/1213/30 9493/1210/30
f 9498/1203/52 9497/1202/17 9496/1214/17
f 9501/1203/50 9500/1214/17 9499/1215/50
f 9504/1216/48 9503/1203/50 9502/1215/50
f 9507/1216/48 9506/1204/48 9505/1203/50
f 9510/1217/49 9509/1204/48 9508/1216/48
f 9513/1217/49 9512/1206/49 9511/1204/48
f 9516/1209/47 9515/1206/46 9514/1217/46
f 9519/1209/47 9518/1217/46 9517/1218/47
f 9522/1211/44 9521/1209/45 9520/1218/45
f 9525/1211/44 9524/1218/45 9523/1219/44
f 9528/1220/43 9527/1211/44 9526/1219/44
f 9531/1220/43 9530/1212/43 9529/1211/44
f 9534/1221/57 9533/1222/58 9532/1223/58
f 9537/1221/57 9536/1223/58 9535/1224/57
f 9540/1225/56 9539/1221/57 9538/1224/57
f 9543/1225/56 9542/1224/57 9541/1226/56
f 9546/1227/34 9545/1225/56 9544/1226/56
f 9549/1227/34 9548/1228/34 9547/1225/56
f 9552/1226/64 9551/1228/79 9550/1227/79
f 9555/1226/64 9554/1225/64 9553/1228/79
f 9558/1226/66 9557/1221/65 9556/1225/66
f 9561/1226/66 9560/1224/65 9559/1221/65
f 9564/1224/65 9563/1222/67 9562/1221/65
f 9567/1224/65 9566/1223/67 9565/1222/67
f 9570/1223/69 9569/1229/68 9568/1222/69
f 9573/1223/69 9572/1230/68 9571/1229/68
f 9576/1231/70 9575/1229/68 9574/1230/68
f 9579/1231/70 9578/1232/70 9577/1229/68
f 9582/1231/70 9581/1233/73 9580/1232/70
f 9585/1231/70 9584/1234/73 9583/1233/73
f 9588/1232/74 9587/1233/73 9586/1234/73
f 9591/1232/74 9590/1234/73 9589/1231/74
f 9594/1229/75 9593/1232/74 9592/1231/74
f 9597/1229/75 9596/1231/74 9595/1230/75
f 9600/1222/76 9599/1229/77 9598/1230/77
f 9603/1222/76 9602/1230/77 9601/1223/76
f 9606/729/34 9605/433/34 9604/733/34
f 9609/729/34 9608/426/34 9607/433/34
f 9612/729/34 9611/732/34 9610/426/34
f 9615/729/34 9614/730/34 9613/732/34
f 9618/729/34 9617/731/34 9616/730/34
f 9621/1235/22 9620/1236/21 9619/1237/22
f 9624/1235/22 9623/1238/21 9622/1236/21
f 9627/1239/19 9626/1236/21 9625/1238/21
f 9630/1239/19 9629/1240/19 9628/1236/21
f 9633/1239/20 9632/1241/17 9631/1240/20
f 9636/1239/20 9635/1242/17 9634/1241/17
f 9639/1240/15 9638/1241/9 9637/1242/9
f 9642/1240/15 9641/1242/9 9640/1239/15
f 9645/1238/13 9644/1240/15 9643/1239/15
f 9648/1238/13 9647/1236/13 9646/1240/15
f 9651/1235/14 9650/1236/13 9649/1238/13
f 9654/1235/14 9653/1237/14 9652/1236/13
f 9657/1243/12 9656/1237/11 9655/1235/11
f 9660/1243/12 9659/1235/11 9658/1244/12
f 9663/1245/28 9662/1243/29 9661/1244/29
f 9666/1245/28 9665/1244/29 9664/1246/28
f 9669/1247/26 9668/1245/28 9667/1246/28
f 9672/1247/26 9671/1248/26 9670/1245/28
f 9675/1247/26 9674/1245/27 9673/1248/26
f 9678/1247/26 9677/1246/25 9676/1245/25
f 9681/1246/25 9680/1243/24 9679/1245/25
f 9684/1246/25 9683/1244/24 9682/1243/24
f 9687/1244/24 9686/1237/23 9685/1243/24
f 9690/1244/24 9689/1235/23 9688/1237/23
f 9693/1206/30 9692/1205/30 9691/1207/30
f 9696/1206/30 9695/1204/30 9694/1205/30
f 9699/1204/30 9698/1200/30 9697/1205/30
f 9702/1204/30 9701/1203/30 9700/1200/30
f 9705/1203/30 9704/1201/30 9703/1200/30
f 9708/1203/30 9707/1202/30 9706/1201/30
f 9711/1200/30 9710/1201/30 9709/1202/30
f 9714/1200/30 9713/1202/30 9712/1203/30
f 9717/1204/30 9716/1200/30 9715/1203/30
f 9720/1204/30 9719/1205/30 9718/1200/30
f 9723/1206/30 9722/1205/30 9721/1204/30
f 9726/1206/30 9725/1207/30 9724/1205/30
f 9729/1208/30 9728/1207/30 9727/1206/30
f 9732/1208/30 9731/1206/30 9730/1209/30
f 9735/1210/30 9734/1208/30 9733/1209/30
f 9738/1210/30 9737/1209/30 9736/1211/30
f 9741/1212/30 9740/1210/30 9739/1211/30
f 9744/1212/30 9743/1213/30 9742/1210/30
f 9747/1211/30 9746/1213/30 9745/1212/30
f 9750/1211/30 9749/1210/30 9748/1213/30
f 9753/1211/30 9752/1208/30 9751/1210/30
f 9756/1211/30 9755/1209/30 9754/1208/30
f 9759/1209/30 9758/1207/30 9757/1208/30
f 9762/1209/30 9761/1206/30 9760/1207/30
f 9765/1217/504 9764/1204/561 9763/1206/504
f 9768/1217/504 9767/1216/561 9766/1204/561
f 9771/1216/561 9770/1203/98 9769/1204/561
f 9774/1216/561 9773/1215/98 9772/1203/98
f 9777/1215/98 9776/1202/9 9775/1203/98
f 9780/1215/98 9779/1214/9 9778/1202/9
f 9783/1203/108 9782/1202/79 9781/1214/79
f 9786/1203/108 9785/1214/79 9784/1215/108
f 9789/1216/179 9788/1203/576 9787/1215/576
f 9792/1216/179 9791/1204/179 9790/1203/576
f 9795/1217/189 9794/1204/179 9793/1216/179
f 9798/1217/189 9797/1206/189 9796/1204/179
f 9801/1209/133 9800/1206/905 9799/1217/905
f 9804/1209/133 9803/1217/905 9802/1218/133
f 9807/1211/126 9806/1209/1536 9805/1218/1536
f 9810/1211/126 9809/1218/1536 9808/1219/126
f 9813/1220/121 9812/1211/126 9811/1219/126
f 9816/1220/121 9815/1212/121 9814/1211/126
f 9819/1220/121 9818/1211/99 9817/1212/121
f 9822/1220/121 9821/1219/99 9820/1211/99
f 9825/1219/99 9824/1209/140 9823/1211/99
f 9828/1219/99 9827/1218/140 9826/1209/140
f 9831/1218/140 9830/1206/100 9829/1209/140
f 9834/1218/140 9833/1217/100 9832/1206/100
f 9837/1249/43 9836/1250/40 9835/1251/43
f 9840/1249/43 9839/1252/40 9838/1250/40
f 9843/1252/40 9842/1253/39 9841/1250/40
f 9846/1252/40 9845/1254/39 9844/1253/39
f 9849/1254/39 9848/1255/38 9847/1253/39
f 9852/1254/39 9851/1256/38 9850/1255/38
f 9855/1256/37 9854/1257/36 9853/1255/37
f 9858/1256/37 9857/1258/36 9856/1257/36
f 9861/1258/36 9860/1259/32 9859/1257/36
f 9864/1258/36 9863/1260/32 9862/1259/32
f 9867/1260/32 9866/1261/34 9865/1259/32
f 9870/1260/32 9869/1262/34 9868/1261/34
f 9873/1221/13 9872/1222/14 9871/1223/14
f 9876/1221/13 9875/1223/14 9874/1224/13
f 9879/1225/15 9878/1221/13 9877/1224/13
f 9882/1225/15 9881/1224/13 9880/1226/15
f 9885/1227/9 9884/1225/15 9883/1226/15
f 9888/1227/9 9887/1228/9 9886/1225/8
f 9891/1226/20 9890/1228/17 9889/1227/17
f 9894/1226/20 9893/1225/20 9892/1228/17
f 9897/1226/19 9896/1221/21 9895/1225/19
f 9900/1226/19 9899/1224/21 9898/1221/21
f 9903/1224/21 9902/1222/22 9901/1221/21
f 9906/1224/21 9905/1223/22 9904/1222/22
f 9909/1223/23 9908/1229/24 9907/1222/23
f 9912/1223/23 9911/1230/24 9910/1229/24
f 9915/1231/25 9914/1229/24 9913/1230/24
f 9918/1231/25 9917/1232/25 9916/1229/24
f 9921/1231/25 9920/1233/26 9919/1232/25
f 9924/1231/25 9923/1234/26 9922/1233/26
f 9927/1232/28 9926/1233/26 9925/1234/26
f 9930/1232/28 9929/1234/26 9928/1231/28
f 9933/1229/29 9932/1232/28 9931/1231/28
f 9936/1229/29 9935/1231/28 9934/1230/29
f 9939/1222/11 9938/1229/12 9937/1230/12
f 9942/1222/11 9941/1230/12 9940/1223/11
f 9945/423/9 9944/434/9 9943/425/9
f 9948/423/9 9947/416/9 9946/434/9
f 9951/423/9 9950/415/9 9949/416/9
f 9954/423/9 9953/418/9 9952/415/9
f 9957/423/9 9956/421/9 9955/418/9
f 9960/1235/67 9959/1236/65 9958/1237/67
f 9963/1235/67 9962/1238/65 9961/1236/65
f 9966/1239/66 9965/1236/65 9964/1238/65
f 9969/1239/66 9968/1240/66 9967/1236/65
f 9972/1239/64 9971/1241/79 9970/1240/64
f 9975/1239/64 9974/1242/79 9973/1241/79
f 9978/1240/56 9977/1241/34 9976/1242/34
f 9981/1240/56 9980/1242/34 9979/1239/56
f 9984/1238/57 9983/1240/56 9982/1239/56
f 9987/1238/57 9986/1236/57 9985/1240/56
f 9990/1235/58 9989/1236/57 9988/1238/57
f 9993/1235/58 9992/1237/58 9991/1236/57
f 9996/1243/77 9995/1237/76 9994/1235/76
f 9999/1243/77 9998/1235/76 9997/1244/77
f 10002/1245/74 10001/1243/75 10000/1244/75
f 10005/1245/74 10004/1244/75 10003/1246/74
f 10008/1247/73 10007/1245/74 10006/1246/74
f 10011/1247/73 10010/1248/73 10009/1245/74
f 10014/1247/73 10013/1245/71 10012/1248/73
f 10017/1247/73 10016/1246/70 10015/1245/70
f 10020/1246/70 10019/1243/68 10018/1245/70
f 10023/1246/70 10022/1244/68 10021/1243/68
f 10026/1244/68 10025/1237/69 10024/1243/68
f 10029/1244/68 10028/1235/69 10027/1237/69
f 10032/4/81 10031/5/1537 10030/6/81
f 10035/4/81 10034/7/82 10033/5/82
f 10038/7/80 10037/8/84 10036/5/80
f 10041/7/82 10040/9/84 10039/8/84
f 10044/26/1538 10043/62/1539 10042/63/1538
f 10047/26/1538 10046/53/1540 10045/62/1540
f 10050/53/1541 10049/64/580 10048/62/1541
f 10053/53/1540 10052/58/580 10051/64/580
f 10056/1263/35 10055/1264/34 10054/1265/32
f 10059/1263/33 10058/1266/34 10057/1264/34
f 10062/1263/35 10061/1267/91 10060/1268/35
f 10065/1263/31 10064/1265/32 10063/1267/32
f 10068/1265/32 10067/1269/36 10066/1267/32
f 10071/1265/32 10070/1270/36 10069/1269/36
f 10074/1270/36 10073/1271/37 10072/1269/36
f 10077/1270/36 10076/1272/37 10075/1271/37
f 10080/1273/39 10079/1271/38 10078/1272/38
f 10083/1273/39 10082/1274/39 10081/1271/38
f 10086/1273/39 10085/1275/40 10084/1274/39
f 10089/1273/39 10088/1276/40 10087/1275/40
f 10092/1277/43 10091/1275/42 10090/1276/42
f 10095/1277/43 10094/1278/43 10093/1275/42
f 10098/1276/152 10097/1278/43 10096/1277/43
f 10101/1276/152 10100/1275/152 10099/1278/43
f 10104/1273/45 10103/1275/44 10102/1276/44
f 10107/1273/45 10106/1274/45 10105/1275/44
f 10110/1272/46 10109/1274/47 10108/1273/47
f 10113/1272/46 10112/1271/46 10111/1274/47
f 10116/1270/48 10115/1271/49 10114/1272/49
f 10119/1270/763 10118/1269/763 10117/1271/49
f 10122/1265/50 10121/1269/48 10120/1270/48
f 10125/1265/50 10124/1267/50 10123/1269/48
f 10128/1263/1542 10127/1267/52 10126/1265/52
f 10131/1263/1543 10130/1268/1543 10129/1267/52
f 10134/1263/1542 10133/1265/1544 10132/1264/53
f 10137/1263/54 10136/1264/17 10135/1266/17
f 10140/874/79 10139/875/79 10138/876/79
f 10143/877/79 10142/874/79 10141/878/79
f 10146/875/79 10145/879/79 10144/880/79
f 10149/879/79 10148/881/79 10147/882/79
f 10152/883/585 10151/877/1545 10150/884/1546
f 10155/883/585 10154/874/1547 10153/877/382
f 10158/885/373 10157/874/1548 10156/883/590
f 10161/885/373 10160/875/373 10159/874/590
f 10164/885/580 10163/879/381 10162/875/580
f 10167/885/1549 10166/886/1550 10165/879/381
f 10170/887/591 10169/879/377 10168/886/1551
f 10173/887/1552 10172/881/591 10171/879/377
f 10176/888/9 10175/889/9 10174/890/9
f 10179/891/9 10178/888/9 10177/892/9
f 10182/889/9 10181/893/9 10180/894/9
f 10185/893/9 10184/895/9 10183/896/9
f 10188/471/9 10187/476/9 10186/477/9
f 10191/471/9 10190/475/9 10189/476/9
f 10194/471/9 10193/474/9 10192/475/9
f 10197/471/9 10196/472/9 10195/474/9
f 10200/471/9 10199/473/9 10198/472/9
f 10203/4/30 10202/1279/30 10201/1280/30
f 10206/4/30 10205/40/30 10204/1279/30
f 10209/40/30 10208/1281/30 10207/1279/30
f 10212/40/30 10211/44/30 10210/1281/30
f 10215/44/30 10214/1282/30 10213/1281/30
f 10218/44/30 10217/45/30 10216/1282/30
f 10221/45/30 10220/1283/30 10219/1282/30
f 10224/45/30 10223/48/30 10222/1283/30
f 10227/48/30 10226/1284/30 10225/1283/30
f 10230/48/30 10229/49/30 10228/1284/30
f 10233/49/30 10232/1285/30 10231/1284/30
f 10236/49/30 10235/51/30 10234/1285/30
f 10239/1284/30 10238/1285/30 10237/51/30
f 10242/1284/30 10241/51/30 10240/49/30
f 10245/1284/30 10244/49/30 10243/48/30
f 10248/1284/30 10247/48/30 10246/1283/30
f 10251/1283/30 10250/48/30 10249/45/30
f 10254/1283/30 10253/45/30 10252/1282/30
f 10257/1282/30 10256/45/30 10255/44/30
f 10260/1282/30 10259/44/30 10258/1281/30
f 10263/1281/30 10262/44/30 10261/40/30
f 10266/1281/30 10265/40/30 10264/1279/30
f 10269/4/30 10268/1279/30 10267/40/30
f 10272/4/30 10271/1280/30 10270/1279/30
f 10275/530/34 10274/535/34 10273/536/34
f 10278/530/34 10277/534/34 10276/535/34
f 10281/530/34 10280/533/34 10279/534/34
f 10284/530/34 10283/531/34 10282/533/34
f 10287/530/34 10286/532/34 10285/531/34
f 10290/46/905 10289/48/133 10288/45/905
f 10293/44/179 10292/46/189 10291/45/189
f 10296/44/179 10295/43/179 10294/46/189
f 10299/42/576 10298/43/179 10297/44/179
f 10302/42/576 10301/44/179 10300/40/576
f 10305/7/870 10304/42/108 10303/40/108
f 10308/7/870 10307/41/665 10306/42/576
f 10311/7/1553 10310/9/79 10309/41/79
f 10314/7/870 10313/40/108 10312/4/870
f 10317/7/1554 10316/41/9 10315/9/9
f 10320/7/1555 10319/42/96 10318/41/9
f 10323/7/1555 10322/40/98 10321/42/98
f 10326/40/98 10325/43/561 10324/42/98
f 10329/40/98 10328/44/561 10327/43/561
f 10332/45/504 10331/43/561 10330/44/561
f 10335/45/504 10334/46/504 10333/43/561
f 10338/45/100 10337/47/140 10336/46/100
f 10341/45/100 10340/48/140 10339/47/140
f 10344/49/99 10343/47/140 10342/48/140
f 10347/49/99 10346/50/99 10345/47/140
f 10350/51/121 10349/50/102 10348/49/102
f 10353/51/121 10352/52/121 10351/50/102
f 10356/49/126 10355/52/121 10354/51/121
f 10359/49/126 10358/50/126 10357/52/121
f 10362/47/1536 10361/50/126 10360/49/126
f 10365/47/1536 10364/49/126 10363/48/1536
f 10368/46/905 10367/47/133 10366/48/133
f 10371/7/1556 10370/4/1556 10369/40/96
f 10374/556/1321 10373/531/79 10372/557/79
f 10377/556/1321 10376/533/1321 10375/531/79
f 10380/534/1320 10379/533/1318 10378/556/1557
f 10383/534/1320 10382/556/1318 10381/555/1320
f 10386/554/6 10385/534/1317 10384/555/1317
f 10389/554/6 10388/535/6 10387/534/1317
f 10392/553/1316 10391/535/84 10390/554/84
f 10395/553/1316 10394/536/1316 10393/535/84
f 10398/530/1315 10397/536/1314 10396/553/1314
f 10401/530/1315 10400/553/1314 10399/551/1315
f 10404/532/1313 10403/530/1312 10402/551/1312
f 10407/532/1313 10406/551/1312 10405/552/1313
f 10410/26/30 10409/27/30 10408/28/30
f 10413/26/30 10412/29/30 10411/27/30
f 10416/29/30 10415/30/30 10414/27/30
f 10419/29/30 10418/31/30 10417/30/30
f 10422/31/30 10421/32/30 10420/30/30
f 10425/31/30 10424/33/30 10423/32/30
f 10428/33/30 10427/34/30 10426/32/30
f 10431/33/30 10430/35/30 10429/34/30
f 10434/35/30 10433/36/30 10432/34/30
f 10437/35/30 10436/37/30 10435/36/30
f 10440/37/30 10439/38/30 10438/36/30
f 10443/37/30 10442/39/30 10441/38/30
f 10446/36/30 10445/38/30 10444/39/30
f 10449/36/30 10448/39/30 10447/37/30
f 10452/36/30 10451/37/30 10450/35/30
f 10455/36/30 10454/35/30 10453/34/30
f 10458/34/30 10457/35/30 10456/33/30
f 10461/34/30 10460/33/30 10459/32/30
f 10464/32/30 10463/33/30 10462/31/30
f 10467/32/30 10466/31/30 10465/30/30
f 10470/30/30 10469/31/30 10468/29/30
f 10473/30/30 10472/29/30 10471/27/30
f 10476/26/30 10475/27/30 10474/29/30
f 10479/26/30 10478/28/30 10477/27/30
f 10482/53/18 10481/56/19 10480/57/17
f 10485/53/16 10484/57/17 10483/58/17
f 10488/35/24 10487/54/23 10486/33/23
f 10491/33/22 10490/54/22 10489/55/21
f 10494/33/22 10493/55/21 10492/31/21
f 10497/31/21 10496/55/21 10495/56/19
f 10500/31/21 10499/56/19 10498/29/19
f 10503/53/18 10502/29/20 10501/56/20
f 10506/53/18 10505/26/18 10504/29/20
f 10509/53/10 10508/58/9 10507/57/9
f 10512/53/7 10511/57/1558 10510/56/8
f 10515/53/1559 10514/56/15 10513/29/15
f 10518/29/15 10517/56/15 10516/55/13
f 10521/29/15 10520/55/13 10519/31/13
f 10524/31/13 10523/55/13 10522/54/14
f 10527/31/13 10526/54/14 10525/33/14
f 10530/33/11 10529/54/11 10528/59/12
f 10533/33/11 10532/59/12 10531/35/12
f 10536/35/29 10535/59/29 10534/60/28
f 10539/35/29 10538/60/28 10537/37/28
f 10542/37/28 10541/60/28 10540/61/26
f 10545/37/28 10544/61/26 10543/39/26
f 10548/37/27 10547/39/26 10546/61/26
f 10551/37/27 10550/61/571 10549/60/27
f 10554/35/24 10553/37/25 10552/60/25
f 10557/35/24 10556/60/25 10555/59/24
f 10560/35/24 10559/59/24 10558/54/23
f 10563/53/1559 10562/29/15 10561/26/1559
f 10566/26/328 10565/62/1560 10564/63/328
f 10569/26/328 10568/53/1561 10567/62/1561
f 10572/53/1562 10571/64/373 10570/62/1562
f 10575/53/1561 10574/58/373 10573/64/373
f 10581/87/21 10580/72/21 10579/73/21
f 10584/87/21 10583/88/21 10582/72/21
f 10587/72/1563 10586/81/1563 10585/76/1563
f 10590/72/1563 10589/165/1563 10588/81/1563
f 10593/222/49 10592/223/49 10591/224/49
f 10596/222/49 10595/225/49 10594/223/49
f 10599/226/17 10598/222/17 10597/224/17
f 10602/226/17 10601/227/17 10600/222/17
f 10605/228/79 10604/229/79 10603/230/79
f 10608/228/79 10607/231/79 10606/229/79
f 10611/232/1122 10610/231/1122 10609/228/1122
f 10614/232/1122 10613/233/1122 10612/231/1122
f 10617/234/189 10616/229/189 10615/235/189
f 10620/234/189 10619/230/189 10618/229/189
f 10623/236/79 10622/237/79 10621/238/79
f 10626/236/79 10625/238/79 10624/239/79
f 10629/236/79 10628/239/79 10627/240/79
f 10632/236/79 10631/240/79 10630/241/79
f 10635/236/79 10634/241/79 10633/242/79
f 10638/241/79 10637/235/79 10636/242/79
f 10641/241/79 10640/234/79 10639/235/79
f 10644/222/69 10643/223/69 10642/225/69
f 10647/222/69 10646/224/69 10645/223/69
f 10650/226/79 10649/222/79 10648/227/79
f 10653/226/79 10652/224/79 10651/222/79
f 10656/229/17 10655/228/17 10654/230/17
f 10659/229/17 10658/231/17 10657/228/17
f 10662/239/668 10661/240/1564 10660/243/1564
f 10665/239/668 10664/243/1564 10663/244/668
f 10668/238/1565 10667/239/672 10666/244/672
f 10671/238/1565 10670/244/672 10669/245/1565
f 10674/246/332 10673/238/1566 10672/245/1567
f 10677/246/332 10676/237/333 10675/238/1566
f 10680/247/1568 10679/237/1569 10678/246/1569
f 10683/247/1568 10682/236/1568 10681/237/1570
f 10686/248/1571 10685/236/1572 10684/247/1572
f 10689/248/1571 10688/242/1571 10687/236/1572
f 10695/73/65 10694/76/65 10693/75/65
f 10698/73/65 10697/72/65 10696/76/65
f 10701/231/1573 10700/232/1573 10699/228/1573
f 10704/231/1573 10703/233/1573 10702/232/1573
f 10707/234/23 10706/229/23 10705/230/23
f 10710/234/23 10709/235/23 10708/229/23
f 10713/249/79 10712/250/79 10711/251/79
f 10716/249/79 10715/252/79 10714/250/79
f 10719/253/79 10718/254/79 10717/255/79
f 10722/253/79 10721/256/79 10720/254/79
f 10725/257/79 10724/254/79 10723/256/79
f 10728/257/79 10727/258/79 10726/254/79
f 10731/94/21 10730/92/21 10729/96/21
f 10734/94/21 10733/93/21 10732/92/21
f 10740/318/79 10739/319/79 10738/320/79
f 10743/318/79 10742/321/79 10741/319/79
f 10746/322/79 10745/323/79 10744/324/79
f 10749/322/79 10748/325/79 10747/323/79
f 10752/326/284 10751/327/1574 10750/328/1575
f 10755/326/284 10754/329/982 10753/327/1576
f 10758/249/286 10757/326/286 10756/330/286
f 10761/249/455 10760/331/1577 10759/326/455
f 10764/326/284 10763/331/1577 10762/329/1578
f 10767/329/982 10766/331/1579 10765/332/280
f 10770/329/1580 10769/332/620 10768/333/1581
f 10773/333/1581 10772/334/1582 10771/329/982
f 10776/333/1581 10775/335/1583 10774/334/1582
f 10779/256/1584 10778/253/1585 10777/329/982
f 10782/256/1584 10781/329/1586 10780/334/1587
f 10785/257/1588 10784/256/1589 10783/334/1590
f 10788/257/1588 10787/334/1590 10786/336/1591
f 10791/335/1592 10790/336/1593 10789/334/1594
f 10794/335/1595 10793/337/1596 10792/336/1593
f 10797/335/1597 10796/338/113 10795/337/1598
f 10800/335/1599 10799/339/17 10798/338/113
f 10803/335/1597 10802/333/1600 10801/339/17
f 10806/340/17 10805/339/17 10804/333/1600
f 10809/340/17 10808/333/1600 10807/332/305
f 10812/341/17 10811/340/17 10810/332/305
f 10815/341/17 10814/332/306 10813/342/306
f 10818/331/1579 10817/342/620 10816/332/280
f 10821/331/1579 10820/343/399 10819/342/620
f 10824/249/284 10823/343/308 10822/331/1601
f 10827/249/284 10826/251/284 10825/343/308
f 10830/344/1000 10829/345/1596 10828/338/111
f 10833/344/1000 10832/346/1602 10831/345/1596
f 10836/323/1603 10835/346/1604 10834/344/1001
f 10839/323/1605 10838/325/1606 10837/346/1607
f 10842/73/48 10841/76/48 10840/72/48
f 10845/73/48 10844/75/48 10843/76/48
f 10851/250/17 10850/249/17 10849/251/17
f 10854/250/17 10853/252/17 10852/249/17
f 10857/319/17 10856/318/17 10855/320/17
f 10860/319/17 10859/321/17 10858/318/17
f 10863/322/17 10862/323/17 10861/325/17
f 10866/322/17 10865/324/17 10864/323/17
f 10869/326/1608 10868/327/1609 10867/329/1232
f 10872/326/424 10871/328/1610 10870/327/1609
f 10875/336/1611 10874/337/1612 10873/335/1613
f 10878/336/1611 10877/335/1613 10876/334/1614
f 10881/333/1615 10880/334/1616 10879/335/1617
f 10884/333/1615 10883/329/1618 10882/334/1616
f 10887/332/232 10886/329/1213 10885/333/1615
f 10890/332/232 10889/331/1619 10888/329/1213
f 10893/326/1608 10892/329/1232 10891/331/1620
f 10896/249/222 10895/326/424 10894/331/1621
f 10899/249/228 10898/330/228 10897/326/363
f 10902/257/1622 10901/336/1623 10900/334/1624
f 10905/257/1622 10904/334/1625 10903/256/1626
f 10908/256/1627 10907/334/1625 10906/329/1232
f 10911/256/1627 10910/329/1232 10909/253/1628
f 10914/323/1629 10913/346/1623 10912/325/1630
f 10917/323/1631 10916/344/1632 10915/346/1623
f 10920/344/1633 10919/345/1634 10918/346/1635
f 10923/344/1633 10922/338/69 10921/345/1634
f 10926/335/1636 10925/345/1637 10924/338/109
f 10929/335/1636 10928/338/67 10927/339/79
f 10932/335/1636 10931/339/79 10930/333/1638
f 10935/333/1639 10934/339/79 10933/340/79
f 10938/333/1638 10937/340/79 10936/332/254
f 10941/332/254 10940/340/79 10939/341/79
f 10944/332/254 10943/341/79 10942/342/254
f 10947/331/1619 10946/332/256 10945/342/256
f 10950/331/1619 10949/342/256 10948/343/604
f 10953/249/222 10952/331/1620 10951/343/259
f 10956/249/222 10955/343/1640 10954/251/222
f 10959/352/1641 10958/353/1641 10957/354/1641
f 10962/352/1642 10961/355/1642 10960/353/1642
f 10965/356/177 10964/357/177 10963/358/177
f 10968/356/176 10967/359/177 10966/357/177
f 10971/360/17 10970/361/17 10969/362/17
f 10974/360/17 10973/363/17 10972/361/17
f 10977/361/17 10976/363/17 10975/364/17
f 10980/361/17 10979/364/17 10978/365/17
f 10983/366/17 10982/365/17 10981/364/17
f 10986/366/17 10985/364/17 10984/367/17
f 10989/368/17 10988/366/17 10987/367/17
f 10992/368/17 10991/369/17 10990/366/17
f 10995/369/17 10994/368/17 10993/370/17
f 10998/369/17 10997/370/17 10996/371/17
f 11001/372/17 11000/371/17 10999/370/17
f 11004/372/17 11003/373/17 11002/371/17
f 11007/372/17 11006/374/17 11005/373/17
f 11010/375/893 11009/376/893 11008/377/893
f 11013/378/893 11012/375/893 11011/377/893
f 11016/378/893 11015/379/323 11014/375/893
f 11019/380/1643 11018/378/1643 11017/381/1643
f 11022/378/1644 11021/380/1644 11020/382/322
f 11025/378/893 11024/382/1645 11023/379/1645
f 11028/383/1646 11027/379/1647 11026/382/1647
f 11031/383/1646 11030/384/1646 11029/379/1647
f 11034/383/1648 11033/385/1303 11032/384/1648
f 11037/383/1648 11036/386/1303 11035/385/1303
f 11040/386/1649 11039/355/9 11038/385/1303
f 11043/386/1649 11042/353/9 11041/355/9
f 11046/354/315 11045/387/315 11044/352/315
f 11049/354/312 11048/388/312 11047/387/312
f 11052/357/337 11051/370/337 11050/368/1650
f 11055/370/325 11054/357/337 11053/389/579
f 11058/370/325 11057/389/581 11056/372/581
f 11061/390/1538 11060/372/1651 11059/389/1652
f 11064/390/1538 11063/374/1538 11062/372/1652
f 11067/391/1305 11066/374/1538 11065/390/1653
f 11070/391/1305 11069/373/1305 11068/374/196
f 11073/373/1305 11072/391/1305 11071/392/1654
f 11076/373/1305 11075/392/1654 11074/393/1654
f 11079/394/1654 11078/395/1305 11077/396/1654
f 11082/394/1654 11081/397/1305 11080/395/1305
f 11085/397/1305 11084/398/1653 11083/395/1305
f 11088/397/1305 11087/399/1538 11086/398/1538
f 11091/399/1538 11090/400/1651 11089/398/1653
f 11094/399/1653 11093/401/1651 11092/400/1651
f 11097/402/325 11096/400/579 11095/401/579
f 11100/402/325 11099/401/581 11098/358/325
f 11103/357/325 11102/402/337 11101/358/325
f 11106/357/325 11105/403/1650 11104/402/325
f 11109/357/325 11108/368/1650 11107/403/1650
f 11112/368/336 11111/404/1655 11110/403/336
f 11115/368/336 11114/367/1655 11113/404/1655
f 11118/404/1656 11117/367/1656 11116/364/1657
f 11121/404/1656 11120/364/1657 11119/405/1657
f 11124/405/1658 11123/364/1658 11122/363/433
f 11127/405/1658 11126/363/433 11125/406/433
f 11130/363/185 11129/407/1659 11128/406/185
f 11133/363/185 11132/360/1659 11131/407/1659
f 11139/94/179 11138/92/179 11137/93/179
f 11142/94/179 11141/96/179 11140/92/179
f 11145/414/1660 11144/415/1661 11143/416/1660
f 11148/414/1660 11147/417/1661 11146/415/1661
f 11151/417/1662 11150/418/1663 11149/415/1664
f 11154/417/1662 11153/419/1663 11152/418/1663
f 11157/420/1665 11156/418/1666 11155/419/1666
f 11160/420/1665 11159/421/1665 11158/418/1666
f 11163/422/1667 11162/421/1668 11161/420/1668
f 11166/422/1667 11165/423/1667 11164/421/1668
f 11169/424/483 11168/423/1669 11167/422/1669
f 11172/424/483 11171/425/483 11170/423/1669
f 11175/425/483 11174/426/483 11173/426/483
f 11178/425/483 11177/425/483 11176/426/483
f 11181/414/1660 11180/416/1660 11179/415/1670
f 11184/414/1660 11183/415/1661 11182/417/1670
f 11187/415/1671 11186/419/1663 11185/417/1672
f 11190/415/1673 11189/418/1663 11188/419/1663
f 11193/419/1666 11192/418/1666 11191/421/1665
f 11196/419/1666 11195/421/1674 11194/420/1665
f 11199/421/1668 11198/422/1667 11197/420/1668
f 11202/421/1668 11201/423/1667 11200/422/1667
f 11205/423/1675 11204/424/483 11203/422/1675
f 11208/423/1675 11207/425/483 11206/424/483
f 11211/259/9 11210/260/9 11209/261/9
f 11214/262/9 11213/261/9 11212/263/9
f 11217/264/9 11216/265/9 11215/260/9
f 11220/266/9 11219/263/9 11218/267/9
f 11223/268/9 11222/269/9 11221/265/9
f 11226/270/9 11225/267/9 11224/271/9
f 11229/272/9 11228/273/9 11227/269/9
f 11232/274/9 11231/271/9 11230/275/9
f 11235/276/9 11234/181/9 11233/273/9
f 11238/277/9 11237/275/9 11236/278/9
f 11241/279/9 11240/177/9 11239/181/9
f 11244/280/9 11243/178/9 11242/177/9
f 11247/281/34 11246/282/34 11245/283/34
f 11250/284/34 11249/281/34 11248/285/34
f 11253/282/34 11252/286/34 11251/287/34
f 11256/288/34 11255/284/34 11254/289/34
f 11259/286/34 11258/290/34 11257/291/34
f 11262/292/34 11261/288/34 11260/293/34
f 11265/290/34 11264/294/34 11263/295/34
f 11268/296/34 11267/292/34 11266/297/34
f 11271/294/34 11270/180/34 11269/298/34
f 11274/299/34 11273/296/34 11272/300/34
f 11277/180/34 11276/179/34 11275/301/34
f 11280/179/34 11279/176/34 11278/302/34
f 11283/275/167 11282/299/166 11281/278/166
f 11286/275/168 11285/296/167 11284/299/166
f 11289/292/171 11288/296/169 11287/275/170
f 11292/292/171 11291/275/1676 11290/271/171
f 11295/267/164 11294/292/163 11293/271/163
f 11298/267/164 11297/288/164 11296/292/163
f 11301/263/161 11300/288/160 11299/267/162
f 11304/263/161 11303/284/161 11302/288/160
f 11307/261/158 11306/284/157 11305/263/157
f 11310/261/158 11309/281/159 11308/284/157
f 11313/260/6 11312/281/155 11311/261/156
f 11316/260/6 11315/282/6 11314/281/155
f 11319/303/17 11318/192/17 11317/191/17
f 11322/304/17 11321/191/17 11320/189/17
f 11325/305/17 11324/194/17 11323/192/17
f 11328/306/17 11327/189/17 11326/186/17
f 11331/307/17 11330/197/17 11329/194/17
f 11334/308/17 11333/198/17 11332/197/17
f 11337/309/79 11336/310/79 11335/311/79
f 11340/309/79 11339/312/79 11338/310/79
f 11343/309/79 11342/313/79 11341/312/79
f 11346/309/79 11345/314/79 11344/313/79
f 11349/309/79 11348/315/79 11347/314/79
f 11352/309/79 11351/316/79 11350/315/79
f 11355/309/79 11354/317/79 11353/316/79
f 11358/426/1659 11357/433/1659 11356/433/1659
f 11361/426/1659 11360/426/1659 11359/433/1659
f 11364/425/1677 11363/434/1677 11362/425/1677
f 11367/425/1677 11366/434/1677 11365/434/1677
f 11370/222/14 11369/223/14 11368/224/14
f 11373/222/14 11372/225/14 11371/223/14
f 11376/226/9 11375/222/9 11374/224/9
f 11379/226/9 11378/227/9 11377/222/9
f 11382/228/34 11381/229/34 11380/230/34
f 11385/228/34 11384/231/34 11383/229/34
f 11388/232/872 11387/231/872 11386/228/872
f 11391/232/872 11390/233/872 11389/231/872
f 11394/234/58 11393/229/58 11392/235/58
f 11397/234/58 11396/230/58 11395/229/58
f 11400/236/34 11399/237/34 11398/238/34
f 11403/236/34 11402/238/34 11401/239/34
f 11406/236/34 11405/239/34 11404/240/34
f 11409/236/34 11408/240/34 11407/241/34
f 11412/236/34 11411/241/34 11410/242/34
f 11415/241/34 11414/235/34 11413/242/34
f 11418/241/34 11417/234/34 11416/235/34
f 11421/222/38 11420/223/38 11419/225/38
f 11424/222/38 11423/224/38 11422/223/38
f 11427/226/34 11426/222/34 11425/227/34
f 11430/226/34 11429/224/34 11428/222/34
f 11433/229/9 11432/228/9 11431/230/9
f 11436/229/9 11435/231/9 11434/228/9
f 11439/239/1346 11438/240/1678 11437/243/1678
f 11442/239/1346 11441/243/1678 11440/244/1346
f 11445/238/1679 11444/239/1349 11443/244/1349
f 11448/238/1680 11447/244/1349 11446/245/1680
f 11451/246/528 11450/238/1681 11449/245/1682
f 11454/246/528 11453/237/1683 11452/238/1681
f 11457/247/1684 11456/237/81 11455/246/81
f 11460/247/1685 11459/236/1685 11458/237/1686
f 11463/248/1687 11462/236/1688 11461/247/1688
f 11466/248/1687 11465/242/1687 11464/236/1688
f 11469/347/17 11468/204/17 11467/206/17
f 11472/347/17 11471/201/17 11470/204/17
f 11475/347/17 11474/202/17 11473/201/17
f 11478/347/17 11477/348/17 11476/202/17
f 11481/347/17 11480/349/17 11479/348/17
f 11484/347/17 11483/350/17 11482/349/17
f 11487/347/17 11486/351/17 11485/350/17
f 11490/231/752 11489/232/752 11488/228/752
f 11493/231/752 11492/233/752 11491/232/752
f 11496/234/100 11495/229/100 11494/230/100
f 11499/234/100 11498/235/100 11497/229/100
f 11502/249/34 11501/250/34 11500/251/34
f 11505/249/34 11504/252/34 11503/250/34
f 11508/253/34 11507/254/34 11506/255/34
f 11511/253/34 11510/256/34 11509/254/34
f 11514/257/34 11513/254/34 11512/256/34
f 11517/257/34 11516/258/34 11515/254/34
f 11520/408/668 11519/347/1564 11518/409/1564
f 11523/408/668 11522/351/668 11521/347/1564
f 11526/410/309 11525/351/672 11524/408/672
f 11529/410/309 11528/350/309 11527/351/672
f 11532/410/1689 11531/349/332 11530/350/1690
f 11535/410/1690 11534/411/332 11533/349/333
f 11538/412/1691 11537/349/1569 11536/411/1569
f 11541/412/1691 11540/348/1692 11539/349/1569
f 11544/202/1693 11543/348/1694 11542/412/1694
f 11547/202/1693 11546/412/1694 11545/413/1693
f 11550/318/34 11549/319/34 11548/320/34
f 11553/318/34 11552/321/34 11551/319/34
f 11556/322/34 11555/323/34 11554/324/34
f 11559/322/34 11558/325/34 11557/323/34
f 11562/326/268 11561/327/1695 11560/328/1696
f 11565/326/268 11564/329/838 11563/327/1697
f 11568/249/485 11567/326/268 11566/330/485
f 11571/249/483 11570/331/1698 11569/326/268
f 11574/326/268 11573/331/1698 11572/329/838
f 11577/329/840 11576/331/1699 11575/332/344
f 11580/329/840 11579/332/343 11578/333/1700
f 11583/333/1700 11582/334/1701 11581/329/1702
f 11586/333/1700 11585/335/1703 11584/334/1701
f 11589/256/1704 11588/253/1705 11587/329/857
f 11592/256/1704 11591/329/838 11590/334/1706
f 11595/257/1707 11594/256/1708 11593/334/1706
f 11598/257/1707 11597/334/1709 11596/336/1710
f 11601/335/1711 11600/336/1712 11599/334/1701
f 11604/335/1711 11603/337/1713 11602/336/1714
f 11607/335/1715 11606/338/120 11605/337/1716
f 11610/335/1717 11609/339/9 11608/338/120
f 11613/335/1715 11612/333/1718 11611/339/9
f 11616/340/9 11615/339/9 11614/333/1718
f 11619/340/9 11618/333/1718 11617/332/345
f 11622/341/9 11621/340/9 11620/332/345
f 11625/341/9 11624/332/347 11623/342/347
f 11628/331/1699 11627/342/343 11626/332/344
f 11631/331/1719 11630/343/507 11629/342/343
f 11634/249/483 11633/343/508 11632/331/1720
f 11637/249/483 11636/251/483 11635/343/508
f 11640/344/1721 11639/345/1722 11638/338/117
f 11643/344/1723 11642/346/1714 11641/345/1724
f 11646/323/1725 11645/346/1710 11644/344/1726
f 11649/323/1727 11648/325/1728 11647/346/1729
f 11652/427/79 11651/214/79 11650/213/79
f 11655/428/79 11654/216/79 11653/214/79
f 11658/429/79 11657/213/79 11656/211/79
f 11661/430/79 11660/218/79 11659/216/79
f 11664/431/79 11663/211/79 11662/208/79
f 11667/432/79 11666/221/79 11665/218/79
f 11670/874/34 11669/875/34 11668/876/34
f 11673/877/34 11672/874/34 11671/878/34
f 11676/875/34 11675/879/34 11674/880/34
f 11679/879/34 11678/881/34 11677/882/34
f 11682/883/160 11681/877/899 11680/884/207
f 11685/883/160 11684/874/898 11683/877/207
f 11688/885/84 11687/874/897 11686/883/164
f 11691/885/84 11690/875/84 11689/874/164
f 11694/885/6 11693/879/212 11692/875/6
f 11697/885/6 11696/886/896 11695/879/212
f 11700/887/166 11699/879/215 11698/886/895
f 11703/887/894 11702/881/166 11701/879/215
f 11706/888/79 11705/889/79 11704/890/79
f 11709/891/79 11708/888/79 11707/892/79
f 11712/889/79 11711/893/79 11710/894/79
f 11715/893/79 11714/895/79 11713/896/79
f 11718/1286/585 11717/891/382 11716/1287/382
f 11721/1286/1547 11720/888/1547 11719/891/382
f 11724/1288/373 11723/888/590 11722/1286/590
f 11727/1288/373 11726/889/373 11725/888/1548
f 11730/1289/1550 11729/889/580 11728/1288/580
f 11733/1289/381 11732/893/381 11731/889/580
f 11736/1290/591 11735/893/1551 11734/1289/1551
f 11739/1290/591 11738/895/591 11737/893/377
f 11742/471/79 11741/476/79 11740/477/79
f 11745/471/79 11744/475/79 11743/476/79
f 11748/471/79 11747/474/79 11746/475/79
f 11751/471/79 11750/472/79 11749/474/79
f 11754/471/79 11753/473/79 11752/472/79
f 11757/250/9 11756/249/9 11755/251/9
f 11760/250/9 11759/252/9 11758/249/9
f 11763/319/9 11762/318/9 11761/320/9
f 11766/319/9 11765/321/9 11764/318/9
f 11769/322/9 11768/323/9 11767/325/9
f 11772/322/9 11771/324/9 11770/323/9
f 11775/326/1730 11774/327/1731 11773/329/1732
f 11778/326/284 11777/328/1733 11776/327/1734
f 11781/336/1735 11780/337/1736 11779/335/1737
f 11784/336/1738 11783/335/1737 11782/334/1739
f 11787/333/1740 11786/334/1741 11785/335/1742
f 11790/333/1743 11789/329/1018 11788/334/1741
f 11793/332/184 11792/329/1017 11791/333/1743
f 11796/332/182 11795/331/1744 11794/329/1017
f 11799/326/1730 11798/329/1732 11797/331/1745
f 11802/249/424 11801/326/284 11800/331/1746
f 11805/249/363 11804/330/363 11803/326/286
f 11808/257/1747 11807/336/1748 11806/334/1749
f 11811/257/1750 11810/334/1751 11809/256/1752
f 11814/256/1753 11813/334/1751 11812/329/1018
f 11817/256/1753 11816/329/1732 11815/253/1754
f 11820/323/1755 11819/346/1748 11818/325/1756
f 11823/323/1757 11822/344/1758 11821/346/1748
f 11826/344/928 11825/345/1759 11824/346/1760
f 11829/344/928 11828/338/38 11827/345/1761
f 11832/335/1762 11831/345/1763 11830/338/92
f 11835/335/1762 11834/338/37 11833/339/34
f 11838/335/1762 11837/339/34 11836/333/1764
f 11841/333/1765 11840/339/34 11839/340/34
f 11844/333/1764 11843/340/34 11842/332/185
f 11847/332/185 11846/340/34 11845/341/34
f 11850/332/185 11849/341/34 11848/342/185
f 11853/331/1744 11852/332/184 11851/342/184
f 11856/331/1744 11855/342/184 11854/343/183
f 11859/249/424 11858/331/1745 11857/343/181
f 11862/249/424 11861/343/1766 11860/251/424
f 11865/352/1767 11864/353/1767 11863/354/1767
f 11868/352/1767 11867/355/1767 11866/353/1767
f 11871/356/1768 11870/357/1768 11869/358/1768
f 11874/356/1768 11873/359/1768 11872/357/1768
f 11877/360/9 11876/361/9 11875/362/9
f 11880/360/9 11879/363/9 11878/361/9
f 11883/361/9 11882/363/9 11881/364/9
f 11886/361/9 11885/364/9 11884/365/9
f 11889/366/9 11888/365/9 11887/364/9
f 11892/366/9 11891/364/9 11890/367/9
f 11895/368/9 11894/366/9 11893/367/9
f 11898/368/9 11897/369/9 11896/366/9
f 11901/369/9 11900/368/9 11899/370/9
f 11904/369/9 11903/370/9 11902/371/9
f 11907/372/9 11906/371/9 11905/370/9
f 11910/372/9 11909/373/9 11908/371/9
f 11913/372/9 11912/374/9 11911/373/9
f 11916/375/681 11915/376/681 11914/377/681
f 11919/378/681 11918/375/681 11917/377/681
f 11922/378/681 11921/379/521 11920/375/681
f 11925/380/681 11924/378/681 11923/381/681
f 11928/378/1769 11927/380/1769 11926/382/520
f 11931/378/681 11930/382/1770 11929/379/1770
f 11934/383/1771 11933/379/1772 11932/382/1772
f 11937/383/1771 11936/384/1771 11935/379/1772
f 11940/383/1773 11939/385/1108 11938/384/1773
f 11943/383/1773 11942/386/1108 11941/385/1108
f 11946/386/1774 11945/355/79 11944/385/1108
f 11949/386/1774 11948/353/79 11947/355/79
f 11952/354/513 11951/387/513 11950/352/513
f 11955/354/511 11954/388/511 11953/387/513
f 11958/1091/1775 11957/1092/701 11956/1093/27
f 11961/1091/1775 11960/1093/27 11959/1094/1776
f 11964/1095/1777 11963/1091/1778 11962/1094/1776
f 11967/1095/1777 11966/1094/1779 11965/1096/1780
f 11970/1097/1781 11969/1095/1782 11968/1096/1783
f 11973/1097/1781 11972/1098/1784 11971/1095/1782
f 11976/1094/1785 11975/1093/25 11974/1099/24
f 11979/661/1786 11978/776/1786 11977/773/1786
f 11982/661/1786 11981/773/1786 11980/1098/1787
f 11985/661/1786 11984/1098/1787 11983/682/1786
f 11988/1097/1788 11987/682/1786 11986/1098/1787
f 11991/1097/1788 11990/683/1786 11989/682/1786
f 11994/1097/1789 11993/686/1790 11992/683/1786
f 11997/1097/1789 11996/1100/1791 11995/686/1790
f 12000/1100/1792 11999/1097/1781 11998/1096/1780
f 12003/1100/1792 12002/1096/1780 12001/1101/1793
f 12006/1094/1785 12005/1101/1794 12004/1096/1780
f 12009/1094/1795 12008/1102/1796 12007/1101/1797
f 12012/1094/1785 12011/1099/24 12010/1102/1796
f 12015/1102/1798 12014/1099/24 12013/1103/23
f 12018/1102/1798 12017/1103/23 12016/1104/1721
f 12021/1104/1721 12020/1103/22 12019/1105/21
f 12024/1104/1721 12023/1105/21 12022/1106/1799
f 12027/705/1800 12026/1106/1801 12025/1105/21
f 12030/705/1800 12029/704/1802 12028/1106/1801
f 12033/1107/1803 12032/1100/281 12031/1101/1797
f 12036/1107/1803 12035/1101/1797 12034/1108/1804
f 12039/1102/1798 12038/1108/1804 12037/1101/1797
f 12042/1102/1798 12041/1104/1805 12040/1108/1804
f 12045/1108/1806 12044/1104/1807 12043/1106/1808
f 12048/1108/1804 12047/1106/1808 12046/1109/1809
f 12051/1109/1809 12050/1107/1803 12049/1108/1804
f 12054/1109/1809 12053/1110/1810 12052/1107/1803
f 12057/1106/1801 12056/704/1811 12055/708/1812
f 12060/1106/1813 12059/708/1814 12058/1109/1809
f 12063/709/1815 12062/1109/1816 12061/708/1817
f 12066/709/1815 12065/1110/1818 12064/1109/1819
f 12069/711/900 12068/1110/1818 12067/709/1815
f 12072/711/900 12071/781/1820 12070/1110/1818
f 12075/686/1790 12074/1100/270 12073/1107/1821
f 12078/686/1790 12077/1107/1821 12076/664/1822
f 12081/667/1822 12080/664/1822 12079/1107/1823
f 12084/667/1822 12083/1107/1823 12082/1110/1818
f 12087/669/1822 12086/667/1822 12085/1110/1818
f 12090/671/1824 12089/669/1822 12088/1110/1818
f 12093/673/1822 12092/671/1822 12091/1110/1818
f 12096/673/1822 12095/1110/1818 12094/781/1820
f 12099/673/1822 12098/781/1820 12097/675/1822
f 12102/781/1820 12101/677/1822 12100/675/1822
f 12105/781/1820 12104/679/1824 12103/677/1822
f 12108/779/1822 12107/679/1822 12106/781/1820
f 12111/779/1822 12110/655/1822 12109/679/1822
f 12114/655/1822 12113/779/1822 12112/777/1790
f 12117/655/1822 12116/777/1790 12115/658/1790
f 12120/777/1790 12119/660/1786 12118/658/1790
f 12123/777/1790 12122/776/1786 12121/660/1786
f 12126/661/1786 12125/660/1786 12124/776/1786
f 12129/530/17 12128/535/17 12127/536/17
f 12132/530/17 12131/534/17 12130/535/17
f 12135/530/17 12134/533/17 12133/534/17
f 12138/530/17 12137/531/17 12136/533/17
f 12141/530/17 12140/532/17 12139/531/17
f 12144/1155/172 12143/991/172 12142/990/172
f 12147/1155/172 12146/1156/172 12145/991/172
f 12150/996/172 12149/991/172 12148/1156/172
f 12153/996/172 12152/1156/172 12151/1157/172
f 12156/996/172 12155/1158/172 12154/1159/172
f 12159/996/172 12158/1159/172 12157/997/172
f 12162/1159/172 12161/998/172 12160/997/172
f 12165/1159/172 12164/1160/172 12163/998/172
f 12168/1160/172 12167/999/172 12166/998/172
f 12171/1160/172 12170/1161/172 12169/999/172
f 12174/1161/172 12173/1000/172 12172/999/172
f 12177/1161/172 12176/1162/172 12175/1000/172
f 12180/1163/172 12179/1000/172 12178/1162/172
f 12183/1163/172 12182/1001/172 12181/1000/172
f 12186/556/1825 12185/531/34 12184/557/34
f 12189/556/1825 12188/533/1825 12187/531/34
f 12192/534/1826 12191/533/1827 12190/556/1827
f 12195/534/1826 12194/556/1827 12193/555/1826
f 12198/554/373 12197/534/1828 12196/555/1828
f 12201/554/373 12200/535/373 12199/534/1828
f 12204/553/1829 12203/535/580 12202/554/580
f 12207/553/1829 12206/536/1829 12205/535/580
f 12210/530/1830 12209/536/1831 12208/553/1831
f 12213/530/1830 12212/553/1831 12211/551/1830
f 12216/532/1832 12215/530/1833 12214/551/1833
f 12219/532/1832 12218/551/1833 12217/552/1832
f 12222/1164/79 12221/1002/79 12220/1001/79
f 12225/1164/79 12224/1165/79 12223/1002/79
f 12228/1166/79 12227/1002/79 12226/1165/79
f 12231/1166/79 12230/1003/79 12229/1002/79
f 12234/1166/79 12233/1004/1834 12232/1003/79
f 12237/1166/79 12236/1167/1835 12235/1004/1835
f 12240/1006/1836 12239/1168/1837 12238/1169/1837
f 12243/1006/1836 12242/1170/1836 12241/1168/1837
f 12246/1004/1838 12245/1170/1839 12244/1006/1839
f 12249/1004/1834 12248/1171/1834 12247/1170/1840
f 12252/984/1841 12251/1172/1841 12250/1075/1841
f 12255/984/1841 12254/1173/1841 12253/1172/1841
f 12258/1076/1842 12257/987/1842 12256/985/1842
f 12261/1076/1843 12260/1174/1844 12259/987/1844
f 12264/1073/1845 12263/1070/1845 12262/1175/1846
f 12267/1073/1847 12266/1175/1846 12265/1176/1848
f 12270/1176/1849 12269/1175/1846 12268/1177/1850
f 12273/1176/1851 12272/1177/1852 12271/1178/1853
f 12276/1178/1854 12275/1177/1855 12274/1179/1856
f 12279/1178/1857 12278/1179/1856 12277/1180/1858
f 12282/1181/1401 12281/1180/1859 12280/1179/1856
f 12285/1181/1860 12284/1179/1856 12283/1182/1861
f 12288/1179/1862 12287/1047/1863 12286/1182/126
f 12291/1179/1856 12290/1048/1864 12289/1047/1865
f 12294/1177/1866 12293/1048/1867 12292/1179/1856
f 12297/1177/1850 12296/1049/1868 12295/1048/1867
f 12300/1050/1869 12299/1049/1870 12298/1177/1850
f 12303/1050/1869 12302/1177/1871 12301/1175/1846
f 12306/1070/1847 12305/1050/1869 12304/1175/1846
f 12309/1070/1847 12308/1054/1872 12307/1050/1869
f 12315/638/1873 12314/639/1873 12313/640/1873
f 12318/610/1874 12317/639/1874 12316/638/1874
f 12321/610/1873 12320/613/1873 12319/639/1873
f 12324/639/1873 12323/613/1873 12322/641/1873
f 12327/641/1873 12326/613/1873 12325/642/1873
f 12330/613/1873 12329/643/1873 12328/642/1873
f 12333/613/1873 12332/644/1369 12331/643/1873
f 12336/614/1369 12335/644/1369 12334/613/1874
f 12339/614/1369 12338/645/1369 12337/644/1369
f 12342/646/1369 12341/645/1369 12340/614/1369
f 12345/647/1875 12344/648/1876 12343/649/1875
f 12348/647/1875 12347/650/1877 12346/648/1877
f 12351/650/1878 12350/651/1879 12349/648/1878
f 12354/650/1880 12353/652/1879 12352/651/1879
f 12357/653/1881 12356/651/1879 12355/652/1879
f 12360/653/1882 12359/652/1879 12358/654/1882
f 12363/614/172 12362/611/172 12361/615/172
f 12366/614/172 12365/613/172 12364/611/172
f 12369/612/172 12368/611/172 12367/613/172
f 12372/612/172 12371/613/172 12370/610/172
f 12378/87/121 12377/72/121 12376/88/121
f 12381/87/121 12380/73/121 12379/72/121
f 12384/1183/1883 12383/81/1883 12382/1184/1883
f 12387/1183/1883 12386/76/1883 12385/81/1883
f 12390/1185/30 12389/72/30 12388/1183/30
f 12393/1185/30 12392/165/30 12391/72/30
f 12399/73/43 12398/88/43 12397/87/43
f 12402/73/43 12401/72/43 12400/88/43
f 12405/94/36 12404/92/36 12403/96/36
f 12408/94/36 12407/93/36 12406/92/36
f 12414/423/79 12413/434/79 12412/425/79
f 12417/423/79 12416/416/79 12415/434/79
f 12420/423/79 12419/415/79 12418/416/79
f 12423/423/79 12422/418/79 12421/415/79
f 12426/423/79 12425/421/79 12424/418/79
f 12429/790/660 12428/850/660 12427/873/660
f 12432/790/660 12431/851/1884 12430/850/660
f 12435/790/660 12434/814/660 12433/851/1885
f 12438/814/660 12437/865/1886 12436/851/1884
f 12441/814/660 12440/811/660 12439/865/1886
f 12444/808/659 12443/865/1887 12442/811/1888
f 12447/808/659 12446/866/1889 12445/865/1890
f 12450/808/659 12449/859/1891 12448/866/427
f 12453/867/1892 12452/866/431 12451/859/1893
f 12456/867/1894 12455/859/1893 12454/861/1895
f 12459/868/1896 12458/867/1897 12457/861/1895
f 12462/868/1896 12461/861/1895 12460/863/1898
f 12465/831/76 12464/868/1899 12463/863/1633
f 12468/833/57 12467/831/58 12466/863/1900
f 12471/833/57 12470/863/1900 12469/862/1901
f 12474/836/190 12473/833/57 12472/862/1901
f 12477/836/190 12476/862/1901 12475/842/1902
f 12480/846/1903 12479/842/1904 12478/862/1901
f 12483/861/1895 12482/862/1901 12481/863/1905
f 12486/854/1906 12485/851/1885 12484/865/1907
f 12489/854/1908 12488/865/1907 12487/869/1909
f 12492/869/1909 12491/865/1907 12490/866/440
f 12495/869/1909 12494/866/440 12493/867/1892
f 12498/870/1910 12497/869/1911 12496/867/1897
f 12501/870/1910 12500/867/1894 12499/868/1912
f 12504/830/75 12503/870/1913 12502/868/1914
f 12507/831/76 12506/830/77 12505/868/1899
f 12510/830/75 12509/828/74 12508/870/1910
f 12513/855/1915 12512/828/74 12511/825/767
f 12516/855/1915 12515/870/1910 12514/828/74
f 12519/854/1916 12518/870/1910 12517/855/1917
f 12522/854/1916 12521/869/1911 12520/870/1918
f 12525/808/659 12524/806/658 12523/859/1893
f 12528/804/658 12527/859/1919 12526/806/658
f 12531/846/1920 12530/862/1921 12529/858/1922
f 12534/858/1923 12533/837/1924 12532/846/1925
f 12537/858/1922 12536/860/1926 12535/837/1924
f 12540/840/1927 12539/837/1928 12538/860/1926
f 12543/840/1927 12542/860/1926 12541/864/1929
f 12546/861/1895 12545/858/1922 12544/862/1930
f 12549/858/1922 12548/861/1895 12547/859/1893
f 12552/858/1922 12551/859/1893 12550/860/1931
f 12555/804/658 12554/860/1926 12553/859/1919
f 12558/802/658 12557/860/1926 12556/804/658
f 12561/800/658 12560/860/1926 12559/802/658
f 12564/798/1932 12563/860/1926 12562/800/1932
f 12567/798/658 12566/864/1929 12565/860/1926
f 12570/798/1932 12569/796/658 12568/864/1929
f 12573/864/1929 12572/796/658 12571/794/658
f 12576/864/1929 12575/794/658 12574/791/1932
f 12579/791/658 12578/871/658 12577/864/1929
f 12582/791/658 12581/782/658 12580/871/658
f 12585/782/658 12584/872/659 12583/871/658
f 12588/782/658 12587/784/659 12586/872/659
f 12591/788/660 12590/872/659 12589/784/659
f 12594/788/660 12593/873/660 12592/872/659
f 12597/790/660 12596/873/660 12595/788/660
f 12600/1291/30 12599/462/30 12598/467/30
f 12603/1291/30 12602/1292/30 12601/462/30
f 12609/1293/30 12608/1236/30 12607/1237/30
f 12612/1293/30 12611/1294/30 12610/1236/30
f 12615/1236/30 12614/1294/30 12613/1295/30
f 12618/1236/30 12617/1295/30 12616/1240/30
f 12621/1240/30 12620/1295/30 12619/1296/30
f 12624/1240/30 12623/1296/30 12622/1241/30
f 12627/1241/30 12626/1296/30 12625/1295/30
f 12630/1241/30 12629/1295/30 12628/1240/30
f 12633/1236/30 12632/1240/30 12631/1295/30
f 12636/1236/30 12635/1295/30 12634/1294/30
f 12639/1236/30 12638/1294/30 12637/1293/30
f 12642/1236/30 12641/1293/30 12640/1237/30
f 12645/1237/30 12644/1293/30 12643/1297/30
f 12648/1237/30 12647/1297/30 12646/1243/30
f 12651/1243/30 12650/1297/30 12649/1298/30
f 12654/1243/30 12653/1298/30 12652/1245/30
f 12657/1245/30 12656/1298/30 12655/1299/30
f 12660/1245/30 12659/1299/30 12658/1248/30
f 12663/1248/30 12662/1299/30 12661/1298/30
f 12666/1248/30 12665/1298/30 12664/1245/30
f 12669/1298/30 12668/1243/30 12667/1245/30
f 12672/1298/30 12671/1297/30 12670/1243/30
f 12675/1297/30 12674/1237/30 12673/1243/30
f 12678/1297/30 12677/1293/30 12676/1237/30
f 12681/688/79 12680/689/79 12679/690/79
f 12684/688/79 12683/691/1767 12682/689/79
f 12687/688/164 12686/692/1767 12685/691/1767
f 12690/693/407 12689/691/1837 12688/692/1837
f 12693/693/409 12692/692/1837 12691/694/409
f 12696/695/1108 12695/693/403 12694/694/403
f 12699/695/1108 12698/696/1773 12697/693/405
f 12702/695/1108 12701/697/1773 12700/696/1773
f 12705/697/1771 12704/698/1772 12703/696/1771
f 12708/697/1771 12707/699/1772 12706/698/1772
f 12711/700/681 12710/698/521 12709/699/521
f 12714/700/681 12713/701/681 12712/698/521
f 12717/700/681 12716/702/681 12715/701/681
f 12720/1300/79 12719/1301/79 12718/1302/1933
f 12723/1300/79 12722/1302/1934 12721/1303/1933
f 12729/1286/215 12728/891/166 12727/1287/166
f 12732/1286/895 12731/888/895 12730/891/166
f 12735/1288/6 12734/888/212 12733/1286/212
f 12738/1288/6 12737/889/6 12736/888/896
f 12741/1289/897 12740/889/84 12739/1288/84
f 12744/1289/164 12743/893/164 12742/889/84
f 12747/1290/207 12746/893/898 12745/1289/898
f 12750/1290/207 12749/895/207 12748/893/160
f 12753/729/17 12752/433/17 12751/733/17
f 12756/729/17 12755/426/17 12754/433/17
f 12759/729/17 12758/732/17 12757/426/17
f 12762/729/17 12761/730/17 12760/732/17
f 12765/729/17 12764/731/17 12763/730/17
f 12768/1291/30 12767/462/30 12766/467/30
f 12775/627/34 12774/628/34 12773/629/34
f 12778/630/34 12777/629/34 12776/628/34
f 12781/630/34 12780/631/34 12779/629/34
f 12784/630/34 12783/632/34 12782/631/34
f 12790/73/36 12789/76/36 12788/75/36
f 12793/73/36 12792/72/36 12791/76/36
f 12796/605/9 12795/606/9 12794/607/9
f 12799/605/9 12798/608/9 12797/606/9
f 12802/605/9 12801/609/9 12800/608/9
f 12805/94/561 12804/92/561 12803/96/561
f 12808/94/561 12807/93/561 12806/92/561
f 12814/595/79 12813/388/79 12812/596/79
f 12817/595/79 12816/387/79 12815/388/79
f 12820/595/79 12819/597/79 12818/387/79
f 12823/73/13 12822/76/13 12821/72/13
f 12826/73/13 12825/75/13 12824/76/13
f 12832/40/30 12831/1280/30 12830/4/30
f 12835/40/30 12834/1279/30 12833/1280/30
f 12838/40/30 12837/1281/30 12836/1279/30
f 12841/40/30 12840/44/30 12839/1281/30
f 12844/44/30 12843/1282/30 12842/1281/30
f 12847/44/30 12846/45/30 12845/1282/30
f 12850/45/30 12849/1283/30 12848/1282/30
f 12853/45/30 12852/48/30 12851/1283/30
f 12856/48/30 12855/1284/30 12854/1283/30
f 12859/48/30 12858/49/30 12857/1284/30
f 12862/49/30 12861/1285/30 12860/1284/30
f 12865/49/30 12864/51/30 12863/1285/30
f 12868/1284/30 12867/1285/30 12866/51/30
f 12871/1284/30 12870/51/30 12869/49/30
f 12874/1284/30 12873/49/30 12872/48/30
f 12877/1284/30 12876/48/30 12875/1283/30
f 12880/1283/30 12879/48/30 12878/45/30
f 12883/1283/30 12882/45/30 12881/1282/30
f 12886/1282/30 12885/45/30 12884/44/30
f 12889/1282/30 12888/44/30 12887/1281/30
f 12892/1281/30 12891/44/30 12890/40/30
f 12895/1281/30 12894/40/30 12893/1279/30
f 12898/4/30 12897/1279/30 12896/40/30
f 12901/4/30 12900/1280/30 12899/1279/30
f 12907/94/57 12906/92/57 12905/93/57
f 12910/94/57 12909/96/57 12908/92/57
f 12913/1263/1553 12912/1264/79 12911/1266/79
f 12916/1263/870 12915/1265/108 12914/1264/665
f 12919/1263/870 12918/1267/108 12917/1265/108
f 12922/1267/576 12921/1270/179 12920/1265/576
f 12925/1267/576 12924/1269/179 12923/1270/179
f 12928/1270/179 12927/1269/179 12926/1271/189
f 12931/1270/179 12930/1271/189 12929/1272/189
f 12934/1272/905 12933/1271/905 12932/1274/133
f 12937/1272/905 12936/1274/133 12935/1273/133
f 12940/1273/1536 12939/1274/1536 12938/1275/126
f 12943/1273/1536 12942/1275/126 12941/1276/126
f 12946/1276/126 12945/1275/126 12944/1278/121
f 12949/1276/145 12948/1278/121 12947/1277/121
f 12952/1276/102 12951/1277/121 12950/1278/121
f 12955/1276/102 12954/1278/121 12953/1275/102
f 12958/1273/140 12957/1276/99 12956/1275/99
f 12961/1273/140 12960/1275/99 12959/1274/140
f 12964/1273/140 12963/1274/140 12962/1271/100
f 12967/1263/870 12966/1268/870 12965/1267/108
f 12970/1273/140 12969/1271/100 12968/1272/100
f 12973/1270/561 12972/1272/504 12971/1271/504
f 12976/1270/561 12975/1271/504 12974/1269/561
f 12979/1265/98 12978/1270/561 12977/1269/561
f 12982/1265/98 12981/1269/561 12980/1267/98
f 12985/1263/1556 12984/1265/96 12983/1267/96
f 12988/1263/1555 12987/1264/9 12986/1265/96
f 12991/1263/1554 12990/1266/9 12989/1264/9
f 12994/1263/1555 12993/1267/98 12992/1268/1555
f 12997/259/79 12996/260/79 12995/261/79
f 13000/262/79 12999/261/79 12998/263/79
f 13003/264/79 13002/265/79 13001/260/79
f 13006/266/79 13005/263/79 13004/267/79
f 13009/268/79 13008/269/79 13007/265/79
f 13012/270/79 13011/267/79 13010/271/79
f 13015/272/79 13014/273/79 13013/269/79
f 13018/274/79 13017/271/79 13016/275/79
f 13021/276/79 13020/181/79 13019/273/79
f 13024/277/79 13023/275/79 13022/278/79
f 13027/279/79 13026/177/79 13025/181/79
f 13030/280/79 13029/178/79 13028/177/79
f 13033/281/17 13032/282/17 13031/283/17
f 13036/284/17 13035/281/17 13034/285/17
f 13039/282/17 13038/286/17 13037/287/17
f 13042/288/17 13041/284/17 13040/289/17
f 13045/286/17 13044/290/17 13043/291/17
f 13048/292/17 13047/288/17 13046/293/17
f 13051/290/17 13050/294/17 13049/295/17
f 13054/296/17 13053/292/17 13052/297/17
f 13057/294/17 13056/180/17 13055/298/17
f 13060/299/17 13059/296/17 13058/300/17
f 13063/180/17 13062/179/17 13061/301/17
f 13066/179/17 13065/176/17 13064/302/17
f 13069/275/383 13068/299/382 13067/278/382
f 13072/275/384 13071/296/383 13070/299/382
f 13075/292/387 13074/296/385 13073/275/386
f 13078/292/387 13077/275/386 13076/271/387
f 13081/267/381 13080/292/380 13079/271/380
f 13084/267/381 13083/288/381 13082/292/380
f 13087/263/378 13086/288/377 13085/267/1935
f 13090/263/378 13089/284/378 13088/288/377
f 13093/261/375 13092/284/374 13091/263/374
f 13096/261/375 13095/281/376 13094/284/374
f 13099/260/373 13098/281/326 13097/261/327
f 13102/260/373 13101/282/373 13100/281/326
f 13105/303/9 13104/192/9 13103/191/9
f 13108/304/9 13107/191/9 13106/189/9
f 13111/305/9 13110/194/9 13109/192/9
f 13114/306/9 13113/189/9 13112/186/9
f 13117/307/9 13116/197/9 13115/194/9
f 13120/308/9 13119/198/9 13118/197/9
f 13123/309/34 13122/310/34 13121/311/34
f 13126/309/34 13125/312/34 13124/310/34
f 13129/309/34 13128/313/34 13127/312/34
f 13132/309/34 13131/314/34 13130/313/34
f 13135/309/34 13134/315/34 13133/314/34
f 13138/309/34 13137/316/34 13136/315/34
f 13141/309/34 13140/317/34 13139/316/34
f 13147/92/73 13146/93/73 13145/94/73
f 13150/92/73 13149/94/73 13148/1304/73
f 13153/1304/73 13152/94/73 13151/96/73
f 13156/347/9 13155/204/9 13154/206/9
f 13159/347/9 13158/201/9 13157/204/9
f 13162/347/9 13161/202/9 13160/201/9
f 13165/347/9 13164/348/9 13163/202/9
f 13168/347/9 13167/349/9 13166/348/9
f 13171/347/9 13170/350/9 13169/349/9
f 13174/347/9 13173/351/9 13172/350/9
f 13177/1183/26 13176/72/26 13175/73/26
f 13180/73/26 13179/76/26 13178/1183/26
f 13183/73/26 13182/75/26 13181/76/26
f 13189/408/1346 13188/347/1678 13187/409/1678
f 13192/408/1346 13191/351/1346 13190/347/1678
f 13195/410/1679 13194/351/1349 13193/408/1349
f 13198/410/1679 13197/350/1679 13196/351/1349
f 13201/410/1936 13200/349/528 13199/350/1937
f 13204/410/1938 13203/411/528 13202/349/530
f 13207/412/1939 13206/349/1940 13205/411/1940
f 13210/412/1939 13209/348/1941 13208/349/81
f 13213/202/525 13212/348/1942 13211/412/1942
f 13216/202/525 13215/412/1942 13214/413/525
f 13219/1305/9 13218/637/9 13217/1306/9
f 13222/1305/9 13221/1306/9 13220/1307/9
f 13225/647/9 13224/1307/9 13223/1306/9
f 13228/647/9 13227/1308/9 13226/1307/9
f 13231/427/34 13230/214/34 13229/213/34
f 13234/428/34 13233/216/34 13232/214/34
f 13237/429/34 13236/213/34 13235/211/34
f 13240/430/34 13239/218/34 13238/216/34
f 13243/431/34 13242/211/34 13241/208/34
f 13246/432/34 13245/221/34 13244/218/34
f 13249/400/34 13248/395/34 13247/398/34
f 13252/400/34 13251/701/34 13250/395/34
f 13255/400/34 13254/402/34 13253/701/34
f 13258/402/34 13257/698/34 13256/701/34
f 13261/402/34 13260/403/34 13259/698/34
f 13264/696/34 13263/698/34 13262/403/34
f 13267/696/34 13266/403/34 13265/404/34
f 13270/405/34 13269/696/34 13268/404/34
f 13273/405/34 13272/693/34 13271/696/34
f 13276/405/34 13275/691/34 13274/693/34
f 13279/405/34 13278/406/34 13277/691/34
f 13282/691/34 13281/406/34 13280/407/34
f 13285/691/34 13284/407/34 13283/689/34
f 13288/729/34 13287/730/34 13286/731/34
f 13291/729/34 13290/732/34 13289/730/34
f 13294/729/34 13293/426/34 13292/732/34
f 13297/729/34 13296/433/34 13295/426/34
f 13300/729/34 13299/733/34 13298/433/34
f 13303/635/30 13302/1306/30 13301/637/30
f 13306/635/30 13305/1309/30 13304/1306/30
f 13309/621/30 13308/1309/30 13307/635/30
f 13312/621/30 13311/635/30 13310/619/30
f 13315/423/9 13314/418/9 13313/421/9
f 13318/423/9 13317/415/9 13316/418/9
f 13321/423/9 13320/416/9 13319/415/9
f 13324/423/9 13323/434/9 13322/416/9
f 13327/423/9 13326/425/9 13325/434/9
f 13330/1309/1943 13329/652/1326 13328/650/1326
f 13333/1310/1943 13332/652/1326 13331/1309/1943
f 13336/1309/1943 13335/1311/1943 13334/1310/1943
f 13339/1311/1944 13338/1309/1944 13337/621/1944
f 13342/1311/1944 13341/621/1944 13340/1312/1944
f 13345/626/1944 13344/1312/1944 13343/621/1944
f 13348/1310/1943 13347/654/1943 13346/652/1326
f 13351/1309/1943 13350/650/1326 13349/1306/1326
f 13354/1306/1326 13353/650/1326 13352/647/1326
f 13357/989/150 13356/1313/150 13355/990/150
f 13360/989/150 13359/1314/150 13358/1313/150
f 13363/989/12 13362/1174/12 13361/1314/12
f 13366/989/29 13365/987/29 13364/1174/29
f 13369/729/9 13368/433/9 13367/733/9
f 13372/729/9 13371/426/9 13370/433/9
f 13375/729/9 13374/732/9 13373/426/9
f 13378/729/9 13377/730/9 13376/732/9
f 13381/729/9 13380/731/9 13379/730/9
f 13384/1006/30 13383/1169/30 13382/1007/30
f 13387/1169/30 13386/1020/30 13385/1007/30
f 13390/1169/30 13389/1315/30 13388/1020/30
f 13393/1020/30 13392/1315/30 13391/1316/30
f 13396/1020/30 13395/1316/30 13394/1018/30
f 13399/1018/30 13398/1316/30 13397/1317/30
f 13402/1018/30 13401/1317/30 13400/972/30
f 13405/981/30 13404/972/30 13403/1317/30
f 13408/981/30 13407/1317/30 13406/1318/30
f 13411/981/30 13410/1318/30 13409/1319/30
f 13414/981/30 13413/1319/30 13412/982/30
f 13417/1173/30 13416/982/30 13415/1319/30
f 13420/1173/30 13419/984/30 13418/982/30
f 13423/569/1945 13422/371/1945 13421/570/1945
f 13426/569/681 13425/369/1946 13424/371/681
f 13429/569/681 13428/571/521 13427/369/521
f 13432/366/1771 13431/369/1947 13430/571/1947
f 13435/366/1771 13434/571/1772 13433/572/1771
f 13438/573/1108 13437/366/1773 13436/572/1773
f 13441/573/1774 13440/365/403 13439/366/1948
f 13444/573/1108 13443/574/403 13442/365/403
f 13447/575/1837 13446/365/409 13445/574/409
f 13450/575/1837 13449/361/1837 13448/365/1949
f 13453/576/164 13452/361/1950 13451/575/1950
f 13456/576/79 13455/362/79 13454/361/1767
f 13459/576/79 13458/577/79 13457/362/79
f 13462/423/34 13461/434/34 13460/425/34
f 13465/423/34 13464/416/34 13463/434/34
f 13468/423/34 13467/415/34 13466/416/34
f 13471/423/34 13470/418/34 13469/415/34
f 13474/423/34 13473/421/34 13472/418/34
f 13477/563/9 13476/564/9 13475/565/9
f 13480/563/9 13479/566/9 13478/564/9
f 13483/563/9 13482/567/9 13481/566/9
f 13486/568/9 13485/566/9 13484/567/9
f 13489/558/34 13488/559/34 13487/560/34
f 13492/558/34 13491/561/34 13490/559/34
f 13495/558/34 13494/562/34 13493/561/34
f 13498/874/17 13497/875/17 13496/876/17
f 13501/877/17 13500/874/17 13499/878/17
f 13504/875/17 13503/879/17 13502/880/17
f 13507/879/17 13506/881/17 13505/882/17
f 13510/883/377 13509/877/1552 13508/884/1951
f 13513/883/377 13512/874/1551 13511/877/591
f 13516/885/580 13515/874/1550 13514/883/381
f 13519/885/580 13518/875/580 13517/874/381
f 13522/885/373 13521/879/590 13520/875/373
f 13525/885/1952 13524/886/1548 13523/879/590
f 13528/887/382 13527/879/585 13526/886/1547
f 13531/887/1545 13530/881/382 13529/879/585
f 13534/888/34 13533/889/34 13532/890/34
f 13537/891/34 13536/888/34 13535/892/34
f 13540/889/34 13539/893/34 13538/894/34
f 13543/893/34 13542/895/34 13541/896/34
f 13546/1286/160 13545/891/207 13544/1287/207
f 13549/1286/898 13548/888/898 13547/891/207
f 13552/1288/84 13551/888/164 13550/1286/164
f 13555/1288/84 13554/889/84 13553/888/897
f 13558/1289/896 13557/889/6 13556/1288/6
f 13561/1289/212 13560/893/212 13559/889/6
f 13564/1290/166 13563/893/895 13562/1289/895
f 13567/1290/166 13566/895/166 13565/893/215
f 13570/471/34 13569/476/34 13568/477/34
f 13573/471/34 13572/475/34 13571/476/34
f 13576/471/34 13575/474/34 13574/475/34
f 13579/471/34 13578/472/34 13577/474/34
f 13582/471/34 13581/473/34 13580/472/34
f 13585/551/1953 13584/532/1954 13583/552/1954
f 13588/551/1953 13587/530/1953 13586/532/1954
f 13591/553/610 13590/530/1955 13589/551/1955
f 13594/553/610 13593/536/610 13592/530/1955
f 13597/553/608 13596/535/6 13595/536/608
f 13600/553/608 13599/554/6 13598/535/6
f 13603/554/84 13602/534/1956 13601/535/84
f 13606/554/84 13605/555/1956 13604/534/1956
f 13609/556/1957 13608/534/1958 13607/555/1958
f 13612/556/1957 13611/533/1957 13610/534/1959
f 13615/556/1960 13614/531/17 13613/533/1960
f 13618/556/1960 13617/557/17 13616/531/17
f 13621/530/9 13620/535/9 13619/536/9
f 13624/530/9 13623/534/9 13622/535/9
f 13627/530/9 13626/533/9 13625/534/9
f 13630/530/9 13629/531/9 13628/533/9
f 13633/530/9 13632/532/9 13631/531/9
f 13636/530/34 13635/531/34 13634/532/34
f 13639/530/34 13638/533/34 13637/531/34
f 13642/530/34 13641/534/34 13640/533/34
f 13645/530/34 13644/535/34 13643/534/34
f 13648/530/34 13647/536/34 13646/535/34
f 13651/556/1960 13650/531/17 13649/557/17
f 13654/556/1960 13653/533/1960 13652/531/17
f 13657/534/1959 13656/533/1957 13655/556/1961
f 13660/534/1959 13659/556/1957 13658/555/1959
f 13663/554/84 13662/534/1956 13661/555/1956
f 13666/554/84 13665/535/84 13664/534/1956
f 13669/553/608 13668/535/6 13667/554/6
f 13672/553/608 13671/536/608 13670/535/6
f 13675/530/1955 13674/536/610 13673/553/610
f 13678/530/1955 13677/553/610 13676/551/1955
f 13681/532/1954 13680/530/1953 13679/551/1953
f 13684/532/1954 13683/551/1953 13682/552/1954
f 13687/471/9 13686/472/9 13685/473/9
f 13690/471/9 13689/474/9 13688/472/9
f 13693/471/9 13692/475/9 13691/474/9
f 13696/471/9 13695/476/9 13694/475/9
f 13699/471/9 13698/477/9 13697/476/9
f 13702/541/1822 13701/540/1822 13700/539/1822
f 13705/541/1822 13704/539/1822 13703/542/1822
f 13708/539/1822 13707/543/1822 13706/542/1822
f 13711/539/1822 13710/544/1822 13709/543/1822
f 13714/545/1790 13713/543/1822 13712/544/1822
f 13717/545/1790 13716/546/1790 13715/543/1822
f 13720/545/1790 13719/547/1786 13718/546/1790
f 13723/545/1790 13722/548/1786 13721/547/1786
f 13726/548/1786 13725/549/1786 13724/547/1786
f 13729/548/1962 13728/550/1786 13727/549/1786
f 13732/254/9 13731/253/9 13730/255/9
f 13735/254/9 13734/256/9 13733/253/9
f 13738/254/9 13737/257/9 13736/256/9
f 13741/254/9 13740/258/9 13739/257/9
f 13744/541/1234 13743/540/1234 13742/539/1234
f 13747/541/1234 13746/539/1234 13745/542/1234
f 13750/539/1234 13749/543/1234 13748/542/1234
f 13753/539/1234 13752/544/1234 13751/543/1234
f 13756/545/1200 13755/543/1234 13754/544/1234
f 13759/545/1200 13758/546/1200 13757/543/1234
f 13762/545/1200 13761/547/1196 13760/546/1200
f 13765/545/1200 13764/548/1196 13763/547/1196
f 13768/548/1196 13767/549/1196 13766/547/1196
f 13771/548/1963 13770/550/1196 13769/549/1196
f 13774/249/17 13773/461/17 13772/460/568
f 13777/249/17 13776/460/1237 13775/330/568
f 13780/460/571 13779/326/597 13778/330/571
f 13783/460/571 13782/458/597 13781/326/597
f 13786/458/599 13785/328/79 13784/326/706
f 13789/458/599 13788/459/79 13787/328/79
f 13792/603/32 13791/1320/1964 13790/604/1964
f 13795/603/32 13794/1321/32 13793/1320/1965
f 13798/589/35 13797/1321/32 13796/603/32
f 13801/589/35 13800/1322/35 13799/1321/32
f 13804/646/1436 13803/614/1436 13802/645/1436
f 13807/614/1436 13806/644/1461 13805/645/1436
f 13810/614/1436 13809/613/1461 13808/644/1461
f 13813/613/1966 13812/643/1966 13811/644/1966
f 13816/613/1461 13815/642/1461 13814/643/1461
f 13819/641/1966 13818/642/1966 13817/613/1966
f 13822/639/1461 13821/641/1461 13820/613/1461
f 13825/610/1461 13824/639/1461 13823/613/1461
f 13828/610/1461 13827/638/1461 13826/639/1461
f 13831/638/1461 13830/640/1461 13829/639/1461
f 13834/599/1967 13833/1323/1967 13832/1324/1968
f 13837/599/1967 13836/1324/1969 13835/600/1970
f 13840/1325/1971 13839/600/1972 13838/1324/1973
f 13843/1325/1971 13842/602/1971 13841/600/1972
f 13846/1326/1974 13845/602/1975 13844/1325/1975
f 13849/1326/1976 13848/580/1976 13847/602/1975
f 13852/1327/1111 13851/626/510 13850/1328/510
f 13855/1327/1111 13854/1312/1111 13853/626/510
f 13858/1312/611 13857/1327/611 13856/1329/167
f 13861/1312/611 13860/1329/167 13859/1311/167
f 13864/1311/1107 13863/1329/1109 13862/1330/1108
f 13867/1311/1107 13866/1330/1108 13865/1310/1108
f 13870/1331/1977 13869/1310/1106 13868/1330/1106
f 13873/1331/1978 13872/654/1978 13871/1310/1106
f 13876/454/79 13875/456/79 13874/457/79
f 13879/454/79 13878/455/79 13877/456/79
f 13882/454/79 13881/453/79 13880/455/79
f 13885/454/79 13884/450/79 13883/453/79
f 13888/450/79 13887/451/79 13886/453/79
f 13891/450/79 13890/452/79 13889/451/79
f 13894/1310/1979 13893/654/1979 13892/652/827
f 13897/1309/1979 13896/652/827 13895/650/827
f 13900/1310/1979 13899/652/827 13898/1309/1979
f 13903/1309/1979 13902/1311/1979 13901/1310/1979
f 13906/1311/1980 13905/1309/1980 13904/621/1980
f 13909/1311/1980 13908/621/1980 13907/1312/1980
f 13912/626/1980 13911/1312/1980 13910/621/1980
f 13915/1309/1979 13914/650/827 13913/1306/827
f 13918/1306/827 13917/650/827 13916/647/827
f 13921/635/30 13920/1306/30 13919/637/30
f 13924/635/30 13923/1309/30 13922/1306/30
f 13927/621/30 13926/1309/30 13925/635/30
f 13930/621/30 13929/635/30 13928/619/30
f 13933/458/600 13932/328/79 13931/459/79
f 13936/458/1308 13935/326/600 13934/328/79
f 13939/460/565 13938/326/72 13937/458/72
f 13942/460/565 13941/330/565 13940/326/72
f 13945/249/17 13944/330/765 13943/460/1981
f 13948/249/17 13947/460/41 13946/461/17
f 13951/1305/17 13950/637/17 13949/1306/17
f 13954/1305/17 13953/1306/17 13952/1307/17
f 13957/647/17 13956/1307/17 13955/1306/17
f 13960/647/17 13959/1308/17 13958/1307/17
f 13963/450/79 13962/451/79 13961/452/79
f 13966/450/79 13965/453/79 13964/451/79
f 13969/453/79 13968/450/79 13967/454/79
f 13972/453/79 13971/454/79 13970/455/79
f 13975/454/79 13974/456/79 13973/455/79
f 13978/454/79 13977/457/79 13976/456/79
f 13981/713/1982 13980/1332/1982 13979/1333/67
f 13984/713/1982 13983/1333/69 13982/780/69
f 13987/1333/69 13986/778/68 13985/780/69
f 13990/1333/69 13989/1334/68 13988/778/68
f 13993/778/68 13992/1334/68 13991/1335/70
f 13996/778/68 13995/1335/70 13994/774/70
f 13999/1336/713 13998/774/71 13997/1335/71
f 14002/1336/713 14001/775/713 14000/774/70
f 14005/241/9 14004/235/9 14003/234/9
f 14008/241/9 14007/242/9 14006/235/9
f 14011/236/9 14010/242/9 14009/241/9
f 14014/236/9 14013/241/9 14012/240/9
f 14017/236/9 14016/240/9 14015/239/9
f 14020/236/9 14019/239/9 14018/238/9
f 14023/236/9 14022/238/9 14021/237/9
f 14026/229/30 14025/449/30 14024/231/30
f 14029/229/30 14028/448/30 14027/449/30
f 14032/229/30 14031/447/30 14030/448/30
f 14035/229/30 14034/235/30 14033/447/30
f 14038/235/30 14037/248/30 14036/447/30
f 14041/235/30 14040/242/30 14039/248/30
f 14044/1337/172 14043/705/172 14042/1105/172
f 14047/1337/172 14046/1105/172 14045/1338/172
f 14050/1339/172 14049/1338/172 14048/1105/172
f 14053/1339/172 14052/1105/172 14051/1103/172
f 14056/1340/172 14055/1339/172 14054/1103/172
f 14059/1340/172 14058/1103/172 14057/1099/172
f 14062/1093/172 14061/1340/172 14060/1099/172
f 14065/1093/172 14064/1341/172 14063/1340/172
f 14068/1092/172 14067/1341/172 14066/1093/172
f 14071/1092/172 14070/1342/172 14069/1341/172
f 14074/225/34 14073/223/34 14072/446/34
f 14077/225/34 14076/446/34 14075/445/34
f 14080/440/34 14079/445/34 14078/446/34
f 14083/440/34 14082/444/34 14081/445/34
f 14086/440/34 14085/443/34 14084/444/34
f 14089/440/34 14088/441/34 14087/443/34
f 14092/440/34 14091/442/34 14090/441/34
f 14095/1091/121 14094/1343/121 14093/1092/121
f 14098/1091/121 14097/1344/121 14096/1343/121
f 14101/1345/121 14100/1344/121 14099/1091/121
f 14104/1345/121 14103/1091/121 14102/1095/121
f 14107/1098/121 14106/1345/121 14105/1095/121
f 14110/1098/121 14109/1346/121 14108/1345/121
f 14113/1098/121 14112/1347/121 14111/1346/121
f 14116/1098/121 14115/773/121 14114/1347/121
f 14119/1347/121 14118/773/121 14117/775/121
f 14122/1347/121 14121/775/121 14120/1348/121
f 14125/816/30 14124/850/30 14123/817/30
f 14128/816/30 14127/873/30 14126/850/30
f 14131/816/30 14130/872/30 14129/873/30
f 14134/816/30 14133/819/30 14132/872/30
f 14137/819/30 14136/871/30 14135/872/30
f 14140/819/30 14139/822/30 14138/871/30
f 14143/823/30 14142/871/30 14141/822/30
f 14146/823/30 14145/864/30 14144/871/30
f 14149/840/30 14148/864/30 14147/823/30
f 14152/235/30 14151/248/30 14150/242/30
f 14155/235/30 14154/447/30 14153/248/30
f 14158/229/30 14157/447/30 14156/235/30
f 14161/229/30 14160/448/30 14159/447/30
f 14164/449/30 14163/448/30 14162/229/30
f 14167/449/30 14166/229/30 14165/231/30
f 14170/1327/1307 14169/626/311 14168/1328/311
f 14173/1327/1307 14172/1312/1307 14171/626/311
f 14176/1312/1305 14175/1327/1305 14174/1329/592
f 14179/1312/1305 14178/1329/592 14177/1311/592
f 14182/1311/1302 14181/1329/1304 14180/1330/1303
f 14185/1311/1302 14184/1330/1303 14183/1310/1303
f 14188/1331/1983 14187/1310/1301 14186/1330/1301
f 14191/1331/1984 14190/654/1984 14189/1310/1301
f 14194/243/1678 14193/240/1678 14192/239/1346
f 14197/243/1678 14196/239/1346 14195/244/1346
f 14200/244/1349 14199/239/1349 14198/238/1985
f 14203/244/1986 14202/238/1985 14201/245/1987
f 14206/238/1681 14205/246/528 14204/245/1681
f 14209/238/1937 14208/237/528 14207/246/528
f 14212/247/1684 14211/246/81 14210/237/81
f 14215/247/1684 14214/237/1940 14213/236/1684
f 14218/248/1687 14217/247/1988 14216/236/1988
f 14221/248/1687 14220/236/1988 14219/242/1687
f 14224/1310/1989 14223/654/1989 14222/652/919
f 14227/1309/1989 14226/652/919 14225/650/919
f 14230/1310/1989 14229/652/919 14228/1309/1989
f 14233/1309/1989 14232/1311/1989 14231/1310/1989
f 14236/1311/1990 14235/1309/1990 14234/621/1990
f 14239/1311/1990 14238/621/1990 14237/1312/1990
f 14242/626/1990 14241/1312/1990 14240/621/1990
f 14245/1309/1989 14244/650/919 14243/1306/919
f 14248/1306/919 14247/650/919 14246/647/919
f 14251/635/30 14250/1306/30 14249/637/30
f 14254/635/30 14253/1309/30 14252/1306/30
f 14257/621/30 14256/1309/30 14255/635/30
f 14260/621/30 14259/635/30 14258/619/30
f 14263/440/9 14262/441/9 14261/442/9
f 14266/440/9 14265/443/9 14264/441/9
f 14269/440/9 14268/444/9 14267/443/9
f 14272/440/9 14271/445/9 14270/444/9
f 14275/440/9 14274/446/9 14273/445/9
f 14278/225/9 14277/445/9 14276/446/9
f 14281/225/9 14280/446/9 14279/223/9
f 14284/1305/34 14283/637/34 14282/1306/34
f 14287/1305/34 14286/1306/34 14285/1307/34
f 14290/647/34 14289/1307/34 14288/1306/34
f 14293/647/34 14292/1308/34 14291/1307/34
f 14296/412/1991 14295/202/525 14294/413/525
f 14299/412/1942 14298/348/1991 14297/202/525
f 14302/412/1939 14301/349/1992 14300/348/1939
f 14305/412/1939 14304/411/1686 14303/349/1940
f 14308/410/1681 14307/349/1993 14306/411/1993
f 14311/410/1937 14310/350/1936 14309/349/528
f 14314/410/1679 14313/351/1349 14312/350/1994
f 14317/410/1679 14316/408/1349 14315/351/1349
f 14320/408/1346 14319/347/1678 14318/351/1346
f 14323/408/1346 14322/409/1678 14321/347/1678
f 14326/603/66 14325/1320/1995 14324/604/1995
f 14329/603/66 14328/1321/66 14327/1320/752
f 14332/589/63 14331/1321/64 14330/603/64
f 14335/589/63 14334/1322/63 14333/1321/66
f 14338/646/727 14337/614/727 14336/645/727
f 14341/614/727 14340/644/727 14339/645/727
f 14344/614/1996 14343/613/1997 14342/644/1996
f 14347/613/1997 14346/643/1997 14345/644/727
f 14350/613/1997 14349/642/1997 14348/643/1997
f 14353/641/1997 14352/642/1997 14351/613/1997
f 14356/639/1997 14355/641/1997 14354/613/1997
f 14359/610/1997 14358/639/1997 14357/613/1997
f 14362/610/1997 14361/638/1997 14360/639/1997
f 14365/638/1997 14364/640/1997 14363/639/1997
f 14368/599/1998 14367/1323/1998 14366/1324/1999
f 14371/599/1998 14370/1324/2000 14369/600/2001
f 14374/1325/2002 14373/600/2003 14372/1324/2004
f 14377/1325/2002 14376/602/2002 14375/600/2003
f 14380/1326/2005 14379/602/2006 14378/1325/2006
f 14383/1326/2007 14382/580/2007 14381/602/2006
f 14386/612/172 14385/610/172 14384/613/172
f 14389/612/172 14388/613/172 14387/611/172
f 14392/614/172 14391/611/172 14390/613/172
f 14395/614/172 14394/615/172 14393/611/172
f 14398/201/257 14397/200/30 14396/202/30
f 14401/201/259 14400/203/257 14399/200/30
f 14404/203/604 14403/201/255 14402/204/603
f 14407/203/2008 14406/204/603 14405/205/603
f 14410/206/79 14409/205/254 14408/204/254
f 14413/206/79 14412/207/79 14411/205/254
f 14416/347/34 14415/350/34 14414/351/34
f 14419/347/34 14418/349/34 14417/350/34
f 14422/347/34 14421/348/34 14420/349/34
f 14425/347/34 14424/202/34 14423/348/34
f 14428/347/34 14427/201/34 14426/202/34
f 14431/347/34 14430/204/34 14429/201/34
f 14434/347/34 14433/206/34 14432/204/34
f 14437/1/2009 14436/2/2009 14435/3/2009
f 14440/309/9 14439/316/9 14438/317/9
f 14443/309/9 14442/315/9 14441/316/9
f 14446/309/9 14445/314/9 14444/315/9
f 14449/309/9 14448/313/9 14447/314/9
f 14452/309/9 14451/312/9 14450/313/9
f 14455/309/9 14454/310/9 14453/312/9
f 14458/309/9 14457/311/9 14456/310/9
f 14461/1319/2010 14460/1349/2011 14459/1173/2011
f 14464/1319/2012 14463/1350/2012 14462/1349/2013
f 14467/1319/2012 14466/1351/121 14465/1350/2014
f 14470/1319/2014 14469/1318/121 14468/1351/121
f 14473/1317/99 14472/1351/121 14471/1318/121
f 14476/1317/102 14475/1352/102 14474/1351/121
f 14479/1316/140 14478/1352/99 14477/1317/99
f 14482/1316/140 14481/1353/140 14480/1352/99
f 14485/1354/2015 14484/1353/140 14483/1316/140
f 14488/1354/2016 14487/1316/140 14486/1315/2016
f 14491/1315/2017 14490/1355/2018 14489/1354/2017
f 14494/1315/2019 14493/1169/2020 14492/1355/2020
f 14497/423/17 14496/418/17 14495/421/17
f 14500/423/17 14499/415/17 14498/418/17
f 14503/423/17 14502/416/17 14501/415/17
f 14506/423/17 14505/434/17 14504/416/17
f 14509/423/17 14508/425/17 14507/434/17
f 14512/1356/1044 14511/1/1044 14510/1038/1044
f 14515/1356/661 14514/2/661 14513/1/661
f 14518/1356/661 14517/1357/661 14516/2/661
f 14521/729/79 14520/730/79 14519/731/79
f 14524/729/79 14523/732/79 14522/730/79
f 14527/729/79 14526/426/79 14525/732/79
f 14530/729/79 14529/433/79 14528/426/79
f 14533/729/79 14532/733/79 14531/433/79
f 14536/1012/662 14535/1358/662 14534/1359/662
f 14539/1012/662 14538/1359/662 14537/1013/662
f 14542/1359/662 14541/1014/662 14540/1013/662
f 14545/1359/662 14544/1360/662 14543/1014/662
f 14548/1360/662 14547/971/662 14546/1014/662
f 14551/1360/662 14550/1078/662 14549/971/662
f 14554/400/79 14553/395/79 14552/398/79
f 14557/400/79 14556/701/79 14555/395/79
f 14560/400/79 14559/402/79 14558/701/79
f 14563/402/79 14562/698/79 14561/701/79
f 14566/402/79 14565/403/79 14564/698/79
f 14569/696/79 14568/698/79 14567/403/79
f 14572/696/79 14571/403/79 14570/404/79
f 14575/405/79 14574/696/79 14573/404/79
f 14578/405/79 14577/693/79 14576/696/79
f 14581/405/79 14580/691/79 14579/693/79
f 14584/405/79 14583/406/79 14582/691/79
f 14587/691/79 14586/406/79 14585/407/79
f 14590/691/79 14589/407/79 14588/689/79
f 14593/688/9 14592/689/9 14591/690/9
f 14596/688/9 14595/691/2021 14594/689/9
f 14599/688/590 14598/692/2021 14597/691/2021
f 14602/693/194 14601/691/2022 14600/692/2022
f 14605/693/194 14604/692/2022 14603/694/194
f 14608/695/1303 14607/693/191 14606/694/191
f 14611/695/1303 14610/696/1648 14609/693/191
f 14614/695/1303 14613/697/1648 14612/696/1648
f 14617/697/1646 14616/698/1647 14615/696/1646
f 14620/697/1646 14619/699/1647 14618/698/1647
f 14623/700/893 14622/698/323 14621/699/323
f 14626/700/893 14625/701/893 14624/698/323
f 14629/700/893 14628/702/893 14627/701/893
f 14632/1361/2023 14631/1015/2023 14630/1362/2023
f 14635/1361/640 14634/1012/640 14633/1015/640
f 14638/1361/640 14637/1358/640 14636/1012/640
f 14641/627/79 14640/628/79 14639/629/79
f 14644/630/79 14643/629/79 14642/628/79
f 14647/630/79 14646/631/79 14645/629/79
f 14650/630/79 14649/632/79 14648/631/79
f 14653/603/98 14652/1320/1247 14651/604/1247
f 14656/603/98 14655/1321/98 14654/1320/1075
f 14659/589/1555 14658/1321/98 14657/603/98
f 14662/589/1555 14661/1322/1555 14660/1321/98
f 14665/646/1045 14664/614/2024 14663/645/1045
f 14668/614/2025 14667/644/2025 14666/645/2025
f 14671/614/1045 14670/613/2026 14669/644/1045
f 14674/613/2026 14673/643/2026 14672/644/1045
f 14677/613/2026 14676/642/2026 14675/643/2026
f 14680/641/2026 14679/642/2026 14678/613/2026
f 14683/639/2026 14682/641/2026 14681/613/2026
f 14686/610/2026 14685/639/2026 14684/613/2026
f 14689/610/2026 14688/638/2026 14687/639/2026
f 14692/638/2026 14691/640/2026 14690/639/2026
f 14695/599/2027 14694/1323/2027 14693/1324/2028
f 14698/599/2027 14697/1324/2029 14696/600/2030
f 14701/1325/2031 14700/600/2032 14699/1324/2033
f 14704/1325/2031 14703/602/2031 14702/600/2032
f 14707/1326/2034 14706/602/2035 14705/1325/2035
f 14710/1326/2036 14709/580/2036 14708/602/2035
f 14713/1327/680 14712/626/681 14711/1328/681
f 14716/1327/680 14715/1312/680 14714/626/681
f 14719/1312/526 14718/1327/526 14717/1329/206
f 14722/1312/526 14721/1329/206 14720/1311/206
f 14725/1311/210 14724/1329/211 14723/1330/518
f 14728/1311/210 14727/1330/518 14726/1310/518
f 14731/1331/2037 14730/1310/678 14729/1330/678
f 14734/1331/2038 14733/654/2038 14732/1310/676
f 14737/605/17 14736/606/17 14735/607/17
f 14740/605/17 14739/608/17 14738/606/17
f 14743/605/17 14742/609/17 14741/608/17
f 14746/1310/2039 14745/654/2039 14744/652/1927
f 14749/1309/2039 14748/652/1927 14747/650/1927
f 14752/1310/2039 14751/652/1927 14750/1309/2039
f 14755/1309/2039 14754/1311/2039 14753/1310/2039
f 14758/1311/2040 14757/1309/2040 14756/621/2040
f 14761/1311/2040 14760/621/2040 14759/1312/2040
f 14764/626/2040 14763/1312/2040 14762/621/2040
f 14767/1309/2039 14766/650/1927 14765/1306/1927
f 14770/1306/1927 14769/650/1927 14768/647/1927
f 14773/635/30 14772/1306/30 14771/637/30
f 14776/635/30 14775/1309/30 14774/1306/30
f 14779/621/30 14778/1309/30 14777/635/30
f 14782/621/30 14781/635/30 14780/619/30
f 14785/595/9 14784/388/9 14783/596/9
f 14788/595/9 14787/387/9 14786/388/9
f 14791/595/9 14790/597/9 14789/387/9
f 14794/1305/79 14793/637/79 14792/1306/79
f 14797/1305/79 14796/1306/79 14795/1307/79
f 14800/647/79 14799/1307/79 14798/1306/79
f 14803/647/79 14802/1308/79 14801/1307/79
f 14806/569/1643 14805/371/1643 14804/570/1643
f 14809/569/893 14808/369/2041 14807/371/893
f 14812/569/893 14811/571/323 14810/369/323
f 14815/366/1646 14814/369/2042 14813/571/1647
f 14818/366/1646 14817/571/1647 14816/572/1646
f 14821/573/1303 14820/366/1648 14819/572/1648
f 14824/573/1649 14823/365/191 14822/366/2043
f 14827/573/1303 14826/574/191 14825/365/191
f 14830/575/2022 14829/365/194 14828/574/194
f 14833/575/2022 14832/361/2022 14831/365/349
f 14836/576/590 14835/361/2044 14834/575/2021
f 14839/576/9 14838/362/9 14837/361/2021
f 14842/576/9 14841/577/9 14840/362/9
f 14845/713/574 14844/1332/574 14843/1333/22
f 14848/713/574 14847/1333/23 14846/780/23
f 14851/1333/23 14850/778/24 14849/780/23
f 14854/1333/23 14853/1334/24 14852/778/24
f 14857/778/24 14856/1334/24 14855/1335/25
f 14860/778/24 14859/1335/25 14858/774/25
f 14863/1336/701 14862/774/27 14861/1335/27
f 14866/1336/701 14865/775/701 14864/774/25
f 14869/563/17 14868/564/17 14867/565/17
f 14872/563/17 14871/566/17 14870/564/17
f 14875/563/17 14874/567/17 14873/566/17
f 14878/568/53 14877/566/53 14876/567/53
f 14881/558/79 14880/559/79 14879/560/79
f 14884/558/79 14883/561/79 14882/559/79
f 14887/558/79 14886/562/79 14885/561/79
f 14890/1337/172 14889/705/172 14888/1105/172
f 14893/1337/172 14892/1105/172 14891/1338/172
f 14896/1339/172 14895/1338/172 14894/1105/172
f 14899/1339/172 14898/1105/172 14897/1103/172
f 14902/1340/172 14901/1339/172 14900/1103/172
f 14905/1340/172 14904/1103/172 14903/1099/172
f 14908/1093/172 14907/1340/172 14906/1099/172
f 14911/1093/172 14910/1341/172 14909/1340/172
f 14914/1092/172 14913/1341/172 14912/1093/172
f 14917/1092/172 14916/1342/172 14915/1341/172
f 14920/551/1833 14919/532/1832 14918/552/1832
f 14923/551/1833 14922/530/1833 14921/532/1832
f 14926/553/1831 14925/530/1830 14924/551/1830
f 14929/553/1831 14928/536/1831 14927/530/1830
f 14932/553/1829 14931/535/580 14930/536/2045
f 14935/553/1829 14934/554/580 14933/535/580
f 14938/554/373 14937/534/1828 14936/535/373
f 14941/554/373 14940/555/1828 14939/534/1828
f 14944/556/1827 14943/534/1826 14942/555/1826
f 14947/556/1827 14946/533/1827 14945/534/1826
f 14950/556/1825 14949/531/34 14948/533/1825
f 14953/556/1825 14952/557/34 14951/531/34
f 14956/1091/43 14955/1343/43 14954/1092/43
f 14959/1091/43 14958/1344/43 14957/1343/43
f 14962/1345/43 14961/1344/43 14960/1091/43
f 14965/1345/43 14964/1091/43 14963/1095/43
f 14968/1098/43 14967/1345/43 14966/1095/43
f 14971/1098/43 14970/1346/43 14969/1345/43
f 14974/1098/43 14973/1347/43 14972/1346/43
f 14977/1098/43 14976/773/43 14975/1347/43
f 14980/1347/43 14979/773/43 14978/775/43
f 14983/1347/43 14982/775/43 14981/1348/43
f 14986/816/30 14985/850/30 14984/817/30
f 14989/816/30 14988/873/30 14987/850/30
f 14992/816/30 14991/872/30 14990/873/30
f 14995/816/30 14994/819/30 14993/872/30
f 14998/819/30 14997/871/30 14996/872/30
f 15001/819/30 15000/822/30 14999/871/30
f 15004/823/30 15003/871/30 15002/822/30
f 15007/823/30 15006/864/30 15005/871/30
f 15010/840/30 15009/864/30 15008/823/30
f 15013/530/79 15012/531/79 15011/532/79
f 15016/530/79 15015/533/79 15014/531/79
f 15019/530/79 15018/534/79 15017/533/79
f 15022/530/79 15021/535/79 15020/534/79
f 15025/530/79 15024/536/79 15023/535/79
f 15028/603/19 15027/1320/2046 15026/604/2046
f 15031/603/19 15030/1321/19 15029/1320/2046
f 15034/589/18 15033/1321/20 15032/603/20
f 15037/589/18 15036/1322/18 15035/1321/20
f 15040/646/1183 15039/614/1183 15038/645/1183
f 15043/614/1183 15042/644/1183 15041/645/1183
f 15046/614/2047 15045/613/2048 15044/644/2047
f 15049/613/2048 15048/643/2048 15047/644/1183
f 15052/613/2048 15051/642/2048 15050/643/2048
f 15055/641/2048 15054/642/2048 15053/613/2048
f 15058/639/2048 15057/641/2048 15056/613/2048
f 15061/610/2048 15060/639/2048 15059/613/2048
f 15064/610/2048 15063/638/2048 15062/639/2048
f 15067/638/2048 15066/640/2048 15065/639/2048
f 15070/599/2049 15069/1323/2049 15068/1324/2050
f 15073/599/2049 15072/1324/2051 15071/600/2052
f 15076/1325/2053 15075/600/2054 15074/1324/2055
f 15079/1325/2053 15078/602/2053 15077/600/2054
f 15082/1326/2056 15081/602/2057 15080/1325/2057
f 15085/1326/2058 15084/580/2058 15083/602/2057
f 15088/612/172 15087/610/172 15086/613/172
f 15091/612/172 15090/613/172 15089/611/172
f 15094/614/172 15093/611/172 15092/613/172
f 15097/614/172 15096/615/172 15095/611/172
f 15100/471/17 15099/472/17 15098/473/17
f 15103/471/17 15102/474/17 15101/472/17
f 15106/471/17 15105/475/17 15104/474/17
f 15109/471/17 15108/476/17 15107/475/17
f 15112/471/17 15111/477/17 15110/476/17
f 15115/1006/30 15114/1169/30 15113/1007/30
f 15118/1169/30 15117/1020/30 15116/1007/30
f 15121/1169/30 15120/1315/30 15119/1020/30
f 15124/1020/30 15123/1315/30 15122/1316/30
f 15127/1020/30 15126/1316/30 15125/1018/30
f 15130/1018/30 15129/1316/30 15128/1317/30
f 15133/1018/30 15132/1317/30 15131/972/30
f 15136/981/30 15135/972/30 15134/1317/30
f 15139/981/30 15138/1317/30 15137/1318/30
f 15142/981/30 15141/1318/30 15140/1319/30
f 15145/981/30 15144/1319/30 15143/982/30
f 15148/1173/30 15147/982/30 15146/1319/30
f 15151/1173/30 15150/984/30 15149/982/30
f 15154/989/143 15153/1313/143 15152/990/143
f 15157/989/143 15156/1314/143 15155/1313/143
f 15160/989/77 15159/1174/77 15158/1314/77
f 15163/989/75 15162/987/75 15161/1174/75
f 15166/254/17 15165/253/17 15164/255/17
f 15169/254/17 15168/256/17 15167/253/17
f 15172/254/17 15171/257/17 15170/256/17
f 15175/254/17 15174/258/17 15173/257/17
f 15178/995/1385 15177/1011/1387 15176/975/2059
f 15181/1010/480 15180/975/2059 15179/1011/1387
f 15184/1010/480 15183/976/2060 15182/975/2061
f 15187/1010/479 15186/978/1394 15185/976/2062
f 15190/977/1403 15189/976/2062 15188/978/1394
f 15193/977/1403 15192/974/2063 15191/976/2060
f 15196/977/1403 15195/998/140 15194/974/2064
f 15199/974/2065 15198/998/140 15197/999/100
f 15202/974/2065 15201/999/100 15200/993/260
f 15205/993/260 15204/999/504 15203/1000/561
f 15208/993/264 15207/1000/561 15206/994/2066
f 15211/1001/1573 15210/994/2067 15209/1000/561
f 15214/1001/1573 15213/1002/2068 15212/994/2067
f 15217/1003/2069 15216/994/2067 15215/1002/2070
f 15220/1003/2071 15219/995/1385 15218/994/2072
f 15223/994/2066 15222/995/1385 15221/975/2059
f 15226/994/2066 15225/975/2059 15224/993/2073
f 15229/974/2063 15228/993/2074 15227/975/2059
f 15232/974/2065 15231/975/2059 15230/976/2060
f 15235/249/34 15234/461/34 15233/460/565
f 15238/249/34 15237/460/566 15236/330/565
f 15241/460/41 15240/326/568 15239/330/41
f 15244/460/41 15243/458/568 15242/326/568
f 15247/458/570 15246/328/1558 15245/326/569
f 15250/458/571 15249/459/9 15248/328/9
f 15253/1319/2075 15252/1349/2076 15251/1173/2076
f 15256/1319/2077 15255/1350/2077 15254/1349/2078
f 15259/1319/2077 15258/1351/43 15257/1350/2079
f 15262/1319/2079 15261/1318/43 15260/1351/43
f 15265/1317/40 15264/1351/43 15263/1318/43
f 15268/1317/42 15267/1352/42 15266/1351/43
f 15271/1316/39 15270/1352/40 15269/1317/40
f 15274/1316/39 15273/1353/39 15272/1352/40
f 15277/1354/2080 15276/1353/39 15275/1316/39
f 15280/1354/2081 15279/1316/39 15278/1315/2081
f 15283/1315/2082 15282/1355/2083 15281/1354/2082
f 15286/1315/2084 15285/1169/2085 15284/1355/2085
f 15289/454/9 15288/456/9 15287/457/9
f 15292/454/9 15291/455/9 15290/456/9
f 15295/454/9 15294/453/9 15293/455/9
f 15298/454/9 15297/450/9 15296/453/9
f 15301/450/9 15300/451/9 15299/453/9
f 15304/450/9 15303/452/9 15302/451/9
f 15307/1356/1435 15306/1/1435 15305/1038/1435
f 15310/1356/641 15309/2/641 15308/1/641
f 15313/1356/641 15312/1357/641 15311/2/641
f 15316/458/597 15315/328/9 15314/459/9
f 15319/458/598 15318/326/597 15317/328/9
f 15322/460/2086 15321/326/599 15320/458/599
f 15325/460/600 15324/330/600 15323/326/599
f 15328/249/34 15327/330/602 15326/460/601
f 15331/249/34 15330/460/72 15329/461/34
f 15334/1012/642 15333/1358/642 15332/1359/642
f 15337/1012/642 15336/1359/642 15335/1013/642
f 15340/1359/642 15339/1014/642 15338/1013/642
f 15343/1359/642 15342/1360/642 15341/1014/642
f 15346/1360/642 15345/971/642 15344/1014/642
f 15349/1360/642 15348/1078/642 15347/971/642
f 15352/450/9 15351/451/9 15350/452/9
f 15355/450/9 15354/453/9 15353/451/9
f 15358/453/9 15357/450/9 15356/454/9
f 15361/453/9 15360/454/9 15359/455/9
f 15364/454/9 15363/456/9 15362/455/9
f 15367/454/9 15366/457/9 15365/456/9
f 15370/1361/2087 15369/1015/2087 15368/1362/2087
f 15373/1361/639 15372/1012/639 15371/1015/639
f 15376/1361/639 15375/1358/639 15374/1012/639
f 15379/241/17 15378/235/17 15377/234/17
f 15382/241/17 15381/242/17 15380/235/17
f 15385/236/17 15384/242/17 15383/241/17
f 15388/236/17 15387/241/17 15386/240/17
f 15391/236/17 15390/240/17 15389/239/17
f 15394/236/17 15393/239/17 15392/238/17
f 15397/236/17 15396/238/17 15395/237/17
f 15400/229/30 15399/449/30 15398/231/30
f 15403/229/30 15402/448/30 15401/449/30
f 15406/229/30 15405/447/30 15404/448/30
f 15409/229/30 15408/235/30 15407/447/30
f 15412/235/30 15411/248/30 15410/447/30
f 15415/235/30 15414/242/30 15413/248/30
f 15418/1327/892 15417/626/893 15416/1328/893
f 15421/1327/892 15420/1312/892 15419/626/893
f 15424/1312/331 15423/1327/331 15422/1329/383
f 15427/1312/331 15426/1329/383 15425/1311/383
f 15430/1311/889 15429/1329/890 15428/1330/320
f 15433/1311/889 15432/1330/320 15431/1310/320
f 15436/1331/2088 15435/1310/888 15434/1330/888
f 15439/1331/2089 15438/654/2089 15437/1310/888
f 15442/225/79 15441/223/79 15440/446/79
f 15445/225/79 15444/446/79 15443/445/79
f 15448/440/79 15447/445/79 15446/446/79
f 15451/440/79 15450/444/79 15449/445/79
f 15454/440/79 15453/443/79 15452/444/79
f 15457/440/79 15456/441/79 15455/443/79
f 15460/440/79 15459/442/79 15458/441/79
f 15463/1183/73 15462/72/73 15461/73/73
f 15466/73/73 15465/76/73 15464/1183/73
f 15469/73/73 15468/75/73 15467/76/73
f 15475/235/30 15474/248/30 15473/242/30
f 15478/235/30 15477/447/30 15476/248/30
f 15481/229/30 15480/447/30 15479/235/30
f 15484/229/30 15483/448/30 15482/447/30
f 15487/449/30 15486/448/30 15485/229/30
f 15490/449/30 15489/229/30 15488/231/30
f 15496/92/26 15495/93/26 15494/94/26
f 15499/92/26 15498/94/26 15497/1304/26
f 15502/1304/26 15501/94/26 15500/96/26
f 15505/243/1564 15504/240/1564 15503/239/668
f 15508/243/1564 15507/239/668 15506/244/668
f 15511/244/672 15510/239/672 15509/238/2090
f 15514/244/2091 15513/238/2090 15512/245/2092
f 15517/238/1566 15516/246/332 15515/245/1566
f 15520/238/1567 15519/237/333 15518/246/332
f 15523/247/2093 15522/246/1569 15521/237/1569
f 15526/247/1568 15525/237/1569 15524/236/1568
f 15529/248/1571 15528/247/2094 15527/236/2094
f 15532/248/1571 15531/236/2094 15530/242/1571
f 15535/1236/30 15534/1293/30 15533/1237/30
f 15538/1236/30 15537/1294/30 15536/1293/30
f 15541/1236/30 15540/1295/30 15539/1294/30
f 15544/1236/30 15543/1240/30 15542/1295/30
f 15547/1241/30 15546/1295/30 15545/1240/30
f 15550/1241/30 15549/1296/30 15548/1295/30
f 15553/1240/30 15552/1296/30 15551/1241/30
f 15556/1240/30 15555/1295/30 15554/1296/30
f 15559/1236/30 15558/1295/30 15557/1240/30
f 15562/1236/30 15561/1294/30 15560/1295/30
f 15565/1293/30 15564/1294/30 15563/1236/30
f 15568/1293/30 15567/1236/30 15566/1237/30
f 15571/1297/30 15570/1293/30 15569/1237/30
f 15574/1297/30 15573/1237/30 15572/1243/30
f 15577/1298/30 15576/1297/30 15575/1243/30
f 15580/1298/30 15579/1243/30 15578/1245/30
f 15583/1248/30 15582/1298/30 15581/1245/30
f 15586/1248/30 15585/1299/30 15584/1298/30
f 15589/1245/30 15588/1299/30 15587/1248/30
f 15592/1245/30 15591/1298/30 15590/1299/30
f 15595/1243/30 15594/1298/30 15593/1245/30
f 15598/1243/30 15597/1297/30 15596/1298/30
f 15601/1237/30 15600/1297/30 15599/1243/30
f 15604/1237/30 15603/1293/30 15602/1297/30
f 15607/1194/48 15606/1193/49 15605/1192/49
f 15610/1194/48 15609/1195/48 15608/1193/49
f 15613/1196/50 15612/1195/48 15611/1194/48
f 15616/1196/50 15615/1197/50 15614/1195/48
f 15619/1198/17 15618/1197/50 15617/1196/50
f 15622/1198/17 15621/1199/17 15620/1197/52
f 15625/1196/32 15624/1199/34 15623/1198/34
f 15628/1196/32 15627/1197/32 15626/1199/34
f 15631/1196/32 15630/1195/36 15629/1197/32
f 15634/1196/32 15633/1194/36 15632/1195/36
f 15637/1192/37 15636/1195/36 15635/1194/36
f 15640/1192/37 15639/1193/37 15638/1195/36
f 15643/1190/39 15642/1193/38 15641/1192/38
f 15646/1190/39 15645/1191/39 15644/1193/38
f 15649/1189/40 15648/1191/39 15647/1190/39
f 15652/1189/40 15651/1186/40 15650/1191/39
f 15655/1189/40 15654/1187/43 15653/1186/40
f 15658/1189/42 15657/1188/43 15656/1187/43
f 15661/1186/44 15660/1187/43 15659/1188/43
f 15664/1186/44 15663/1188/43 15662/1189/44
f 15667/1190/45 15666/1186/44 15665/1189/44
f 15670/1190/45 15669/1191/45 15668/1186/44
f 15673/1192/46 15672/1191/47 15671/1190/47
f 15676/1192/46 15675/1193/46 15674/1191/47
f 15679/440/17 15678/441/17 15677/442/17
f 15682/440/17 15681/443/17 15680/441/17
f 15685/440/17 15684/444/17 15683/443/17
f 15688/440/17 15687/445/17 15686/444/17
f 15691/440/17 15690/446/17 15689/445/17
f 15694/225/17 15693/445/17 15692/446/17
f 15697/225/17 15696/446/17 15695/223/17
f 15700/1363/98 15699/1364/9 15698/1365/9
f 15703/1363/98 15702/1366/98 15701/1364/9
f 15706/1363/98 15705/1367/561 15704/1366/98
f 15709/1363/98 15708/1368/561 15707/1367/561
f 15712/1369/504 15711/1367/561 15710/1368/561
f 15715/1369/504 15714/1370/504 15713/1367/561
f 15718/1371/140 15717/1370/100 15716/1369/100
f 15721/1371/140 15720/1372/140 15719/1370/100
f 15724/1373/99 15723/1372/140 15722/1371/140
f 15727/1373/99 15726/1374/99 15725/1372/140
f 15730/1373/99 15729/1375/121 15728/1374/99
f 15733/1373/102 15732/1376/121 15731/1375/121
f 15736/412/2095 15735/202/1693 15734/413/2096
f 15739/412/1694 15738/348/2095 15737/202/1693
f 15742/412/1691 15741/349/1570 15740/348/1691
f 15745/412/1691 15744/411/1570 15743/349/1569
f 15748/410/1690 15747/349/332 15746/411/332
f 15751/410/1690 15750/350/1689 15749/349/332
f 15754/410/309 15753/351/672 15752/350/2097
f 15757/410/309 15756/408/672 15755/351/672
f 15760/408/668 15759/347/1564 15758/351/668
f 15763/408/668 15762/409/1564 15761/347/1564
f 15766/1250/30 15765/1377/30 15764/1251/30
f 15769/1250/30 15768/1378/30 15767/1377/30
f 15772/1250/30 15771/1379/30 15770/1378/30
f 15775/1250/30 15774/1253/30 15773/1379/30
f 15778/1253/30 15777/1380/30 15776/1379/30
f 15781/1253/30 15780/1255/30 15779/1380/30
f 15784/1255/30 15783/1381/30 15782/1380/30
f 15787/1255/30 15786/1257/30 15785/1381/30
f 15790/1257/30 15789/1382/30 15788/1381/30
f 15793/1257/30 15792/1259/30 15791/1382/30
f 15796/1259/30 15795/1383/30 15794/1382/30
f 15799/1259/30 15798/1261/30 15797/1383/30
f 15802/201/508 15801/200/30 15800/202/30
f 15805/201/508 15804/203/508 15803/200/30
f 15808/203/507 15807/201/507 15806/204/2098
f 15811/203/507 15810/204/343 15809/205/344
f 15814/206/9 15813/205/345 15812/204/345
f 15817/206/9 15816/207/9 15815/205/345
f 15820/347/79 15819/350/79 15818/351/79
f 15823/347/79 15822/349/79 15821/350/79
f 15826/347/79 15825/348/79 15824/349/79
f 15829/347/79 15828/202/79 15827/348/79
f 15832/347/79 15831/201/79 15830/202/79
f 15835/347/79 15834/204/79 15833/201/79
f 15838/347/79 15837/206/79 15836/204/79
f 15841/62/5 15840/26/2 15839/63/2
f 15844/62/4 15843/53/2099 15842/26/2
f 15847/64/6 15846/53/5 15845/62/4
f 15850/64/6 15849/58/6 15848/53/4
f 15853/5/1562 15852/4/328 15851/6/328
f 15856/5/1561 15855/7/2100 15854/4/328
f 15859/8/373 15858/7/1562 15857/5/1561
f 15862/8/373 15861/9/373 15860/7/1561
f 15865/10/60 15864/20/60 15863/19/59
f 15868/10/62 15867/12/34 15866/13/34
f 15871/10/60 15870/11/56 15869/12/34
f 15874/10/60 15873/19/56 15872/11/56
f 15877/19/56 15876/17/57 15875/11/56
f 15880/19/56 15879/18/57 15878/17/57
f 15883/17/57 15882/18/57 15881/14/58
f 15886/17/57 15885/14/58 15884/16/58
f 15889/14/76 15888/15/77 15887/16/76
f 15892/14/76 15891/21/77 15890/15/77
f 15895/21/75 15894/23/74 15893/15/75
f 15898/21/75 15897/22/74 15896/23/74
f 15901/22/74 15900/25/73 15899/23/74
f 15904/22/74 15903/24/73 15902/25/73
f 15907/23/71 15906/25/73 15905/24/73
f 15910/23/70 15909/24/73 15908/22/70
f 15913/15/68 15912/23/70 15911/22/70
f 15916/15/68 15915/22/70 15914/21/68
f 15919/16/69 15918/15/68 15917/21/68
f 15922/16/69 15921/21/68 15920/14/69
f 15925/17/65 15924/16/67 15923/14/67
f 15928/17/65 15927/14/67 15926/18/65
f 15931/17/65 15930/18/65 15929/19/66
f 15934/17/65 15933/19/66 15932/11/66
f 15937/10/63 15936/11/66 15935/19/66
f 15940/10/63 15939/12/79 15938/11/64
f 15943/10/78 15942/13/79 15941/12/79
f 15946/10/63 15945/19/66 15944/20/63
f 15949/309/17 15948/316/17 15947/317/17
f 15952/309/17 15951/315/17 15950/316/17
f 15955/309/17 15954/314/17 15953/315/17
f 15958/309/17 15957/313/17 15956/314/17
f 15961/309/17 15960/312/17 15959/313/17
f 15964/309/17 15963/310/17 15962/312/17
f 15967/309/17 15966/311/17 15965/310/17
f 15970/5/1541 15969/4/1538 15968/6/1538
f 15973/5/1540 15972/7/2101 15971/4/1538
f 15976/8/580 15975/7/1541 15974/5/1540
f 15979/8/580 15978/9/580 15977/7/1540
f 15982/1286/377 15981/891/591 15980/1287/591
f 15985/1286/1551 15984/888/1551 15983/891/591
f 15988/1288/580 15987/888/381 15986/1286/381
f 15991/1288/580 15990/889/580 15989/888/1550
f 15994/1289/1548 15993/889/373 15992/1288/373
f 15997/1289/590 15996/893/590 15995/889/373
f 16000/1290/382 15999/893/1547 15998/1289/1547
f 16003/1290/382 16002/895/382 16001/893/585
f 16006/471/17 16005/476/17 16004/477/17
f 16009/471/17 16008/475/17 16007/476/17
f 16012/471/17 16011/474/17 16010/475/17
f 16015/471/17 16014/472/17 16013/474/17
f 16018/471/17 16017/473/17 16016/472/17
f 16024/73/561 16023/76/561 16022/75/561
f 16027/73/561 16026/72/561 16025/76/561
f 16030/530/79 16029/535/79 16028/536/79
f 16033/530/79 16032/534/79 16031/535/79
f 16036/530/79 16035/533/79 16034/534/79
f 16039/530/79 16038/531/79 16037/533/79
f 16042/530/79 16041/532/79 16040/531/79
f 16045/556/657 16044/531/9 16043/557/9
f 16048/556/657 16047/533/657 16046/531/9
f 16051/534/656 16050/533/655 16049/556/655
f 16054/534/656 16053/556/655 16052/555/656
f 16057/554/580 16056/534/654 16055/555/654
f 16060/554/580 16059/535/580 16058/534/654
f 16063/553/652 16062/535/373 16061/554/373
f 16066/553/652 16065/536/652 16064/535/373
f 16069/530/651 16068/536/650 16067/553/650
f 16072/530/651 16071/553/650 16070/551/651
f 16075/532/649 16074/530/648 16073/551/648
f 16078/532/649 16077/551/648 16076/552/649
l 355 356
l 360 361
l 378 379
l 383 384
l 390 391
l 414 415
l 419 420
l 572 573
l 1306 1307
l 3377 3378
l 10576 10577
l 10691 10692
l 10846 10847
l 12724 12725
l 12769 12770
l 12786 12787
l 12809 12810
l 15492 15493
l 352 353
l 387 388
l 634 635
l 667 668
l 691 692
l 769 770
l 1255 1256
l 3160 3161
l 3410 3411
l 357 358
l 364 365
l 392 393
l 399 400
l 710 711
l 1175 1176
l 1463 1464
l 2215 2216
l 3379 3380
l 3418 3419
l 3430 3431
l 13143 13144
l 16020 16021
l 695 696
l 790 791
l 923 924
l 925 926
l 1183 1184
l 366 367
l 372 373
l 396 397
l 401 402
l 408 409
l 847 848
l 3394 3395
l 3405 3406
l 3445 3446
l 13184 13185
l 405 406
l 725 726
l 748 749
l 1198 1199
l 10735 10736
l 12373 12374
l 12394 12395
l 12604 12605
l 15470 15471
l 374 375
l 381 382
l 410 411
l 417 418
l 422 423
l 3421 3422
l 5731 5732
l 5774 5775
l 11135 11136
l 12310 12311
l 12827 12828
l 595 596
l 650 651
l 727 728
l 752 753
l 781 782
l 830 831
l 838 839
l 3145 3146
l 3396 3397
l 12409 12410
l 12903 12904
o portal_button_reduced_2.001
v 0.181953 0.312024 1.174004
v 0.184787 0.300627 1.174376
v 0.201598 0.312024 1.175023
v 0.184787 0.300627 1.174376
v 0.198741 0.300627 1.175099
v 0.201598 0.312024 1.175023
v 0.243266 0.312024 0.182036
v 0.591834 0.293618 0.200120
v 0.584714 0.293618 0.254426
v 0.243266 0.312024 0.182036
v 0.584714 0.293618 0.254426
v 0.569186 0.293618 0.306948
v 0.243266 0.312024 0.182036
v 0.569186 0.293618 0.306948
v 0.545633 0.293618 0.356396
v 0.243266 0.312024 0.182036
v 0.545633 0.293618 0.356396
v 0.514634 0.293618 0.401550
v 0.243266 0.312024 0.182036
v 0.514634 0.293618 0.401550
v 0.476954 0.293618 0.441298
v 0.243266 0.312024 0.182036
v 0.476954 0.293618 0.441298
v 0.433519 0.293618 0.474663
v 0.243266 0.312024 0.182036
v 0.433519 0.293618 0.474663
v 0.385400 0.293618 0.500823
v 0.243266 0.312024 0.182036
v 0.385400 0.293618 0.500823
v 0.333781 0.293618 0.519132
v 0.243266 0.312024 0.182036
v 0.333781 0.293618 0.519132
v 0.279933 0.293618 0.529142
v 0.243266 0.312024 0.182036
v 0.279933 0.293618 0.529142
v 0.225182 0.293618 0.530604
v 0.243266 0.312024 0.182036
v 0.590372 0.293618 0.145369
v 0.591834 0.293618 0.200120
v 0.243266 0.312024 0.182036
v 0.580363 0.293618 0.091521
v 0.590372 0.293618 0.145369
v 0.243266 0.312024 0.182036
v 0.562053 0.293618 0.039902
v 0.580363 0.293618 0.091521
v 0.243266 0.312024 0.182036
v 0.535893 0.293618 -0.008217
v 0.562053 0.293618 0.039902
v 0.243266 0.312024 0.182036
v 0.512174 0.293618 -0.051120
v 0.535893 0.293618 -0.008217
v 0.243266 0.312024 0.182036
v 0.471062 0.293618 -0.088875
v 0.512174 0.293618 -0.051120
v 0.243266 0.312024 0.182036
v 0.424381 0.293618 -0.119958
v 0.471062 0.293618 -0.088875
v 0.243266 0.312024 0.182036
v 0.373279 0.293618 -0.143602
v 0.424381 0.293618 -0.119958
v 0.243266 0.312024 0.182036
v 0.319016 0.293618 -0.159226
v 0.373279 0.293618 -0.143602
v 0.243266 0.312024 0.182036
v 0.262928 0.293618 -0.166445
v 0.319016 0.293618 -0.159226
v 0.243266 0.312024 0.182036
v 0.206395 0.293618 -0.165081
v 0.262928 0.293618 -0.166445
v 0.243266 0.312024 0.182036
v 0.150810 0.293618 -0.155167
v 0.206395 0.293618 -0.165081
v 0.243266 0.312024 0.182036
v 0.097541 0.293618 -0.136949
v 0.150810 0.293618 -0.155167
v 0.243266 0.312024 0.182036
v 0.047900 0.293618 -0.110873
v 0.097541 0.293618 -0.136949
v 0.243266 0.312024 0.182036
v 0.003109 0.293618 -0.077583
v 0.047900 0.293618 -0.110873
v 0.243266 0.312024 0.182036
v -0.033919 0.293618 -0.037798
v 0.003109 0.293618 -0.077583
v 0.243266 0.312024 0.182036
v -0.065847 0.293618 0.007304
v -0.033919 0.293618 -0.037798
v 0.243266 0.312024 0.182036
v -0.087093 0.293618 0.056879
v -0.065847 0.293618 0.007304
v 0.243266 0.312024 0.182036
v -0.102156 0.293618 0.109427
v -0.087093 0.293618 0.056879
v 0.243266 0.312024 0.182036
v -0.105302 0.293618 0.163952
v -0.102156 0.293618 0.109427
v 0.243266 0.312024 0.182036
v -0.103839 0.293618 0.218703
v -0.105302 0.293618 0.163952
v 0.243266 0.312024 0.182036
v -0.093830 0.293618 0.272551
v -0.103839 0.293618 0.218703
v 0.243266 0.312024 0.182036
v -0.075520 0.293618 0.324170
v -0.093830 0.293618 0.272551
v 0.243266 0.312024 0.182036
v -0.049361 0.293618 0.372289
v -0.075520 0.293618 0.324170
v 0.243266 0.312024 0.182036
v -0.015996 0.293618 0.415724
v -0.049361 0.293618 0.372289
v 0.243266 0.312024 0.182036
v 0.023753 0.293618 0.453404
v -0.015996 0.293618 0.415724
v 0.243266 0.312024 0.182036
v 0.068907 0.293618 0.484403
v 0.023753 0.293618 0.453404
v 0.243266 0.312024 0.182036
v 0.118354 0.293618 0.507956
v 0.068907 0.293618 0.484403
v 0.243266 0.312024 0.182036
v 0.170877 0.293618 0.523484
v 0.118354 0.293618 0.507956
v 0.243266 0.312024 0.182036
v 0.225182 0.293618 0.530604
v 0.170877 0.293618 0.523484
v 0.591834 0.293618 0.200120
v 0.603059 0.312024 0.210551
v 0.584714 0.293618 0.254426
v 0.603059 0.312024 0.210551
v 0.596966 0.312024 0.257023
v 0.584714 0.293618 0.254426
v 0.596966 0.312024 0.257023
v 0.580881 0.312024 0.311431
v 0.584714 0.293618 0.254426
v 0.580881 0.312024 0.311431
v 0.569186 0.293618 0.306948
v 0.584714 0.293618 0.254426
v 0.569186 0.293618 0.306948
v 0.580881 0.312024 0.311431
v 0.545633 0.293618 0.356396
v 0.580881 0.312024 0.311431
v 0.556482 0.312024 0.362652
v 0.545633 0.293618 0.356396
v 0.545633 0.293618 0.356396
v 0.556482 0.312024 0.362652
v 0.514634 0.293618 0.401550
v 0.556482 0.312024 0.362652
v 0.524372 0.312024 0.409426
v 0.514634 0.293618 0.401550
v 0.524372 0.312024 0.409426
v 0.485339 0.312024 0.450601
v 0.514634 0.293618 0.401550
v 0.485339 0.312024 0.450601
v 0.476954 0.293618 0.441298
v 0.514634 0.293618 0.401550
v 0.476954 0.293618 0.441298
v 0.485339 0.312024 0.450601
v 0.433519 0.293618 0.474663
v 0.485339 0.312024 0.450601
v 0.440346 0.312024 0.485163
v 0.433519 0.293618 0.474663
v 0.433519 0.293618 0.474663
v 0.440346 0.312024 0.485163
v 0.385400 0.293618 0.500823
v 0.440346 0.312024 0.485163
v 0.390500 0.312024 0.512261
v 0.385400 0.293618 0.500823
v 0.390500 0.312024 0.512261
v 0.337029 0.312024 0.531228
v 0.385400 0.293618 0.500823
v 0.337029 0.312024 0.531228
v 0.333781 0.293618 0.519132
v 0.385400 0.293618 0.500823
v 0.333781 0.293618 0.519132
v 0.337029 0.312024 0.531228
v 0.279933 0.293618 0.529142
v 0.337029 0.312024 0.531228
v 0.281249 0.312024 0.541597
v 0.279933 0.293618 0.529142
v 0.281249 0.312024 0.541597
v 0.234396 0.312024 0.542848
v 0.279933 0.293618 0.529142
v 0.234396 0.312024 0.542848
v 0.225182 0.293618 0.530604
v 0.279933 0.293618 0.529142
v 0.198741 0.300627 1.175099
v 0.184787 0.300627 1.174376
v 0.231538 0.300627 0.542925
v 0.184787 0.300627 1.174376
v 0.217585 0.300627 0.542201
v 0.231538 0.300627 0.542925
v 1.236330 0.300627 0.226562
v 1.235606 0.300627 0.240515
v 0.604155 0.300627 0.193764
v 1.235606 0.300627 0.240515
v 0.602990 0.300627 0.215717
v 0.604155 0.300627 0.193764
v 0.287792 0.300627 -0.811027
v 0.301745 0.300627 -0.810304
v 0.254994 0.300627 -0.178852
v 0.301745 0.300627 -0.810304
v 0.268506 0.300627 -0.170129
v 0.254994 0.300627 -0.178852
v -0.749073 0.300627 0.123557
v -0.116898 0.300627 0.156355
v -0.749797 0.300627 0.137510
v -0.116898 0.300627 0.156355
v -0.117622 0.300627 0.170308
v -0.749797 0.300627 0.137510
v 0.301745 0.300627 -0.810304
v 0.287792 0.300627 -0.811027
v 0.304579 0.312024 -0.809932
v 0.287792 0.300627 -0.811027
v 0.284934 0.312024 -0.810951
v 0.304579 0.312024 -0.809932
v -0.117622 0.300627 0.170308
v -0.116898 0.300627 0.156355
v -0.117546 0.312024 0.173166
v -0.116898 0.300627 0.156355
v -0.116527 0.312024 0.153521
v -0.117546 0.312024 0.173166
v -0.116527 0.312024 0.153521
v -0.116898 0.300627 0.156355
v -0.748702 0.312024 0.120723
v -0.116898 0.300627 0.156355
v -0.749073 0.300627 0.123557
v -0.748702 0.312024 0.120723
v 0.214751 0.312024 0.541829
v 0.217585 0.300627 0.542201
v 0.181953 0.312024 1.174004
v 0.217585 0.300627 0.542201
v 0.184787 0.300627 1.174376
v 0.181953 0.312024 1.174004
v 0.198741 0.300627 1.175099
v 0.231538 0.300627 0.542925
v 0.201598 0.312024 1.175023
v 0.231538 0.300627 0.542925
v 0.234396 0.312024 0.542848
v 0.201598 0.312024 1.175023
v -0.749797 0.300627 0.137510
v -0.117622 0.300627 0.170308
v -0.749721 0.312024 0.140368
v -0.117622 0.300627 0.170308
v -0.117546 0.312024 0.173166
v -0.749721 0.312024 0.140368
v 0.603637 0.312024 0.198906
v 0.604155 0.300627 0.193764
v 0.603059 0.312024 0.210551
v 0.604155 0.300627 0.193764
v 0.602990 0.300627 0.215717
v 0.603059 0.312024 0.210551
v 0.254994 0.300627 -0.178852
v 0.268506 0.300627 -0.170129
v 0.251695 0.312024 -0.170777
v 0.268506 0.300627 -0.170129
v 0.271782 0.312024 -0.177757
v 0.251695 0.312024 -0.170777
v -0.748702 0.312024 0.120723
v -0.749073 0.300627 0.123557
v -0.749721 0.312024 0.140368
v -0.749073 0.300627 0.123557
v -0.749797 0.300627 0.137510
v -0.749721 0.312024 0.140368
v 0.234396 0.312024 0.542848
v 0.231538 0.300627 0.542925
v 0.214751 0.312024 0.541829
v 0.231538 0.300627 0.542925
v 0.217585 0.300627 0.542201
v 0.214751 0.312024 0.541829
v 0.268506 0.300627 -0.170129
v 0.301745 0.300627 -0.810304
v 0.271782 0.312024 -0.177757
v 0.301745 0.300627 -0.810304
v 0.304579 0.312024 -0.809932
v 0.271782 0.312024 -0.177757
v 0.603059 0.312024 0.210551
v 0.602990 0.300627 0.215717
v 1.235234 0.312024 0.243349
v 0.602990 0.300627 0.215717
v 1.235606 0.300627 0.240515
v 1.235234 0.312024 0.243349
v 1.235234 0.312024 0.243349
v 1.235606 0.300627 0.240515
v 1.236253 0.312024 0.223704
v 1.235606 0.300627 0.240515
v 1.236330 0.300627 0.226562
v 1.236253 0.312024 0.223704
v 1.236330 0.300627 0.226562
v 0.604155 0.300627 0.193764
v 1.236253 0.312024 0.223704
v 0.604155 0.300627 0.193764
v 0.603637 0.312024 0.198906
v 1.236253 0.312024 0.223704
v 0.287792 0.300627 -0.811027
v 0.254994 0.300627 -0.178852
v 0.284934 0.312024 -0.810951
v 0.254994 0.300627 -0.178852
v 0.251695 0.312024 -0.170777
v 0.284934 0.312024 -0.810951
v -0.748702 0.312024 0.120723
v -0.729695 0.312024 -0.024239
v -0.116527 0.312024 0.153521
v -0.729695 0.312024 -0.024239
v -0.110433 0.312024 0.107049
v -0.116527 0.312024 0.153521
v -0.729695 0.312024 -0.024239
v -0.685447 0.312024 -0.173904
v -0.110433 0.312024 0.107049
v -0.685447 0.312024 -0.173904
v -0.094348 0.312024 0.052641
v -0.110433 0.312024 0.107049
v -0.685447 0.312024 -0.173904
v -0.618332 0.312024 -0.314804
v -0.094348 0.312024 0.052641
v -0.618332 0.312024 -0.314804
v -0.069950 0.312024 0.001420
v -0.094348 0.312024 0.052641
v -0.618332 0.312024 -0.314804
v -0.530001 0.312024 -0.443471
v -0.069950 0.312024 0.001420
v -0.530001 0.312024 -0.443471
v -0.037839 0.312024 -0.045354
v -0.069950 0.312024 0.001420
v -0.530001 0.312024 -0.443471
v -0.422630 0.312024 -0.556736
v -0.037839 0.312024 -0.045354
v -0.422630 0.312024 -0.556736
v 0.001193 0.312024 -0.086529
v -0.037839 0.312024 -0.045354
v -0.422630 0.312024 -0.556736
v -0.298863 0.312024 -0.651810
v 0.001193 0.312024 -0.086529
v -0.298863 0.312024 -0.651810
v 0.046187 0.312024 -0.121091
v 0.001193 0.312024 -0.086529
v -0.298863 0.312024 -0.651810
v -0.161746 0.312024 -0.726351
v 0.046187 0.312024 -0.121091
v -0.161746 0.312024 -0.726351
v 0.096033 0.312024 -0.148189
v 0.046187 0.312024 -0.121091
v -0.161746 0.312024 -0.726351
v -0.014656 0.312024 -0.778525
v 0.096033 0.312024 -0.148189
v -0.014656 0.312024 -0.778525
v 0.149504 0.312024 -0.167156
v 0.096033 0.312024 -0.148189
v -0.014656 0.312024 -0.778525
v 0.138784 0.312024 -0.807047
v 0.149504 0.312024 -0.167156
v 0.138784 0.312024 -0.807047
v 0.205284 0.312024 -0.177525
v 0.149504 0.312024 -0.167156
v 0.138784 0.312024 -0.807047
v 0.284934 0.312024 -0.810951
v 0.205284 0.312024 -0.177525
v 0.284934 0.312024 -0.810951
v 0.251695 0.312024 -0.170777
v 0.205284 0.312024 -0.177525
v 0.304579 0.312024 -0.809932
v 0.449541 0.312024 -0.790925
v 0.271782 0.312024 -0.177757
v 0.449541 0.312024 -0.790925
v 0.318253 0.312024 -0.171664
v 0.271782 0.312024 -0.177757
v 0.449541 0.312024 -0.790925
v 0.599206 0.312024 -0.746678
v 0.318253 0.312024 -0.171664
v 0.599206 0.312024 -0.746678
v 0.372661 0.312024 -0.155578
v 0.318253 0.312024 -0.171664
v 0.599206 0.312024 -0.746678
v 0.740107 0.312024 -0.679562
v 0.372661 0.312024 -0.155578
v 0.740107 0.312024 -0.679562
v 0.423882 0.312024 -0.131180
v 0.372661 0.312024 -0.155578
v 0.740107 0.312024 -0.679562
v 0.868774 0.312024 -0.591232
v 0.423882 0.312024 -0.131180
v 0.868774 0.312024 -0.591232
v 0.470657 0.312024 -0.099069
v 0.423882 0.312024 -0.131180
v 0.868774 0.312024 -0.591232
v 0.982038 0.312024 -0.483860
v 0.470657 0.312024 -0.099069
v 0.982038 0.312024 -0.483860
v 0.511831 0.312024 -0.060037
v 0.470657 0.312024 -0.099069
v 0.982038 0.312024 -0.483860
v 1.077112 0.312024 -0.360093
v 0.511831 0.312024 -0.060037
v 1.077112 0.312024 -0.360093
v 0.546394 0.312024 -0.015044
v 0.511831 0.312024 -0.060037
v 1.077112 0.312024 -0.360093
v 1.151654 0.312024 -0.222976
v 0.546394 0.312024 -0.015044
v 1.151654 0.312024 -0.222976
v 0.573492 0.312024 0.034802
v 0.546394 0.312024 -0.015044
v 1.151654 0.312024 -0.222976
v 1.203828 0.312024 -0.075887
v 0.573492 0.312024 0.034802
v 1.203828 0.312024 -0.075887
v 0.592458 0.312024 0.088274
v 0.573492 0.312024 0.034802
v 1.203828 0.312024 -0.075887
v 1.232350 0.312024 0.077554
v 0.592458 0.312024 0.088274
v 1.232350 0.312024 0.077554
v 0.602827 0.312024 0.144054
v 0.592458 0.312024 0.088274
v 1.232350 0.312024 0.077554
v 1.236253 0.312024 0.223704
v 0.602827 0.312024 0.144054
v 1.236253 0.312024 0.223704
v 0.603637 0.312024 0.198906
v 0.602827 0.312024 0.144054
v 1.235234 0.312024 0.243349
v 1.216227 0.312024 0.388311
v 0.603059 0.312024 0.210551
v 1.216227 0.312024 0.388311
v 0.596966 0.312024 0.257023
v 0.603059 0.312024 0.210551
v 1.216227 0.312024 0.388311
v 1.171980 0.312024 0.537976
v 0.596966 0.312024 0.257023
v 1.171980 0.312024 0.537976
v 0.580881 0.312024 0.311431
v 0.596966 0.312024 0.257023
v 1.171980 0.312024 0.537976
v 1.104865 0.312024 0.678877
v 0.580881 0.312024 0.311431
v 1.104865 0.312024 0.678877
v 0.556482 0.312024 0.362652
v 0.580881 0.312024 0.311431
v 1.104865 0.312024 0.678877
v 1.016534 0.312024 0.807543
v 0.556482 0.312024 0.362652
v 1.016534 0.312024 0.807543
v 0.524372 0.312024 0.409426
v 0.556482 0.312024 0.362652
v 1.016534 0.312024 0.807543
v 0.909163 0.312024 0.920808
v 0.524372 0.312024 0.409426
v 0.909163 0.312024 0.920808
v 0.485339 0.312024 0.450601
v 0.524372 0.312024 0.409426
v 0.909163 0.312024 0.920808
v 0.785395 0.312024 1.015882
v 0.485339 0.312024 0.450601
v 0.785395 0.312024 1.015882
v 0.440346 0.312024 0.485163
v 0.485339 0.312024 0.450601
v 0.785395 0.312024 1.015882
v 0.648278 0.312024 1.090423
v 0.440346 0.312024 0.485163
v 0.648278 0.312024 1.090423
v 0.390500 0.312024 0.512261
v 0.440346 0.312024 0.485163
v 0.648278 0.312024 1.090423
v 0.501189 0.312024 1.142597
v 0.390500 0.312024 0.512261
v 0.501189 0.312024 1.142597
v 0.337029 0.312024 0.531228
v 0.390500 0.312024 0.512261
v 0.501189 0.312024 1.142597
v 0.347749 0.312024 1.171119
v 0.337029 0.312024 0.531228
v 0.347749 0.312024 1.171119
v 0.281249 0.312024 0.541597
v 0.337029 0.312024 0.531228
v 0.347749 0.312024 1.171119
v 0.201598 0.312024 1.175023
v 0.281249 0.312024 0.541597
v 0.201598 0.312024 1.175023
v 0.234396 0.312024 0.542848
v 0.281249 0.312024 0.541597
v 0.181953 0.312024 1.174004
v 0.036991 0.312024 1.154997
v 0.214751 0.312024 0.541829
v 0.036991 0.312024 1.154997
v 0.168279 0.312024 0.535736
v 0.214751 0.312024 0.541829
v 0.036991 0.312024 1.154997
v -0.112674 0.312024 1.110750
v 0.168279 0.312024 0.535736
v -0.112674 0.312024 1.110750
v 0.113872 0.312024 0.519651
v 0.168279 0.312024 0.535736
v -0.112674 0.312024 1.110750
v -0.253574 0.312024 1.043634
v 0.113872 0.312024 0.519651
v -0.253574 0.312024 1.043634
v 0.062650 0.312024 0.495252
v 0.113872 0.312024 0.519651
v -0.253574 0.312024 1.043634
v -0.382241 0.312024 0.955304
v 0.062650 0.312024 0.495252
v -0.382241 0.312024 0.955304
v 0.015876 0.312024 0.463141
v 0.062650 0.312024 0.495252
v -0.382241 0.312024 0.955304
v -0.495506 0.312024 0.847933
v 0.015876 0.312024 0.463141
v -0.495506 0.312024 0.847933
v -0.025299 0.312024 0.424109
v 0.015876 0.312024 0.463141
v -0.495506 0.312024 0.847933
v -0.590579 0.312024 0.724165
v -0.025299 0.312024 0.424109
v -0.590579 0.312024 0.724165
v -0.059861 0.312024 0.379116
v -0.025299 0.312024 0.424109
v -0.590579 0.312024 0.724165
v -0.665121 0.312024 0.587048
v -0.059861 0.312024 0.379116
v -0.665121 0.312024 0.587048
v -0.086959 0.312024 0.329270
v -0.059861 0.312024 0.379116
v -0.665121 0.312024 0.587048
v -0.717295 0.312024 0.439959
v -0.086959 0.312024 0.329270
v -0.717295 0.312024 0.439959
v -0.105926 0.312024 0.275798
v -0.086959 0.312024 0.329270
v -0.717295 0.312024 0.439959
v -0.745817 0.312024 0.286518
v -0.105926 0.312024 0.275798
v -0.745817 0.312024 0.286518
v -0.116294 0.312024 0.220018
v -0.105926 0.312024 0.275798
v -0.745817 0.312024 0.286518
v -0.749721 0.312024 0.140368
v -0.116294 0.312024 0.220018
v -0.749721 0.312024 0.140368
v -0.117546 0.312024 0.173166
v -0.116294 0.312024 0.220018
v 0.022557 0.201218 1.223082
v 0.188144 0.201218 1.244405
v 0.298350 0.201218 -0.879632
v 0.188144 0.201218 1.244405
v 0.355060 0.201218 1.240332
v 0.298350 0.201218 -0.879632
v 0.355060 0.201218 1.240332
v 0.519238 0.201218 1.209815
v 0.298350 0.201218 -0.879632
v 0.519238 0.201218 1.209815
v 0.676620 0.201218 1.153990
v 0.298350 0.201218 -0.879632
v 0.676620 0.201218 1.153990
v 0.823332 0.201218 1.074232
v 0.298350 0.201218 -0.879632
v 0.823332 0.201218 1.074232
v 0.955760 0.201218 0.972505
v 0.298350 0.201218 -0.879632
v 0.955760 0.201218 0.972505
v 1.070645 0.201218 0.851315
v 0.298350 0.201218 -0.879632
v 1.070645 0.201218 0.851315
v 1.165157 0.201218 0.713644
v 0.298350 0.201218 -0.879632
v 1.165157 0.201218 0.713644
v 1.236969 0.201218 0.562884
v 0.298350 0.201218 -0.879632
v 1.236969 0.201218 0.562884
v 1.284312 0.201218 0.402745
v 0.298350 0.201218 -0.879632
v 1.284312 0.201218 0.402745
v 1.305501 0.201218 0.237151
v 0.298350 0.201218 -0.879632
v 1.305501 0.201218 0.237151
v 1.301563 0.201218 0.070242
v 0.298350 0.201218 -0.879632
v 1.301563 0.201218 0.070242
v 1.271045 0.201218 -0.093935
v 0.298350 0.201218 -0.879632
v 1.271045 0.201218 -0.093935
v 1.215220 0.201218 -0.251318
v 0.298350 0.201218 -0.879632
v 1.215220 0.201218 -0.251318
v 1.135462 0.201218 -0.398029
v 0.298350 0.201218 -0.879632
v 1.135462 0.201218 -0.398029
v 1.033735 0.201218 -0.530458
v 0.298350 0.201218 -0.879632
v 1.033735 0.201218 -0.530458
v 0.912545 0.201218 -0.645343
v 0.298350 0.201218 -0.879632
v 0.912545 0.201218 -0.645343
v 0.774874 0.201218 -0.739854
v 0.298350 0.201218 -0.879632
v 0.774874 0.201218 -0.739854
v 0.624114 0.201218 -0.811666
v 0.298350 0.201218 -0.879632
v 0.624114 0.201218 -0.811666
v 0.463976 0.201218 -0.859010
v 0.298350 0.201218 -0.879632
v 0.131473 0.201218 -0.876260
v -0.032705 0.201218 -0.845743
v 0.298350 0.201218 -0.879632
v -0.032705 0.201218 -0.845743
v -0.190087 0.201218 -0.789917
v 0.298350 0.201218 -0.879632
v -0.190087 0.201218 -0.789917
v -0.336799 0.201218 -0.710160
v 0.298350 0.201218 -0.879632
v -0.336799 0.201218 -0.710160
v -0.469228 0.201218 -0.608433
v 0.298350 0.201218 -0.879632
v -0.469228 0.201218 -0.608433
v -0.584112 0.201218 -0.487242
v 0.298350 0.201218 -0.879632
v -0.584112 0.201218 -0.487242
v -0.678624 0.201218 -0.349572
v 0.298350 0.201218 -0.879632
v -0.678624 0.201218 -0.349572
v -0.750436 0.201218 -0.198812
v 0.298350 0.201218 -0.879632
v -0.750436 0.201218 -0.198812
v -0.797780 0.201218 -0.038673
v 0.298350 0.201218 -0.879632
v -0.797780 0.201218 -0.038673
v -0.819137 0.201218 0.126912
v 0.298350 0.201218 -0.879632
v -0.819137 0.201218 0.126912
v -0.815030 0.201218 0.293830
v 0.298350 0.201218 -0.879632
v -0.815030 0.201218 0.293830
v -0.784512 0.201218 0.458007
v 0.298350 0.201218 -0.879632
v -0.784512 0.201218 0.458007
v -0.728687 0.201218 0.615390
v 0.298350 0.201218 -0.879632
v -0.728687 0.201218 0.615390
v -0.648929 0.201218 0.762101
v 0.298350 0.201218 -0.879632
v -0.648929 0.201218 0.762101
v -0.547203 0.201218 0.894530
v 0.298350 0.201218 -0.879632
v -0.547203 0.201218 0.894530
v -0.426012 0.201218 1.009415
v 0.298350 0.201218 -0.879632
v -0.426012 0.201218 1.009415
v -0.288342 0.201218 1.103926
v 0.298350 0.201218 -0.879632
v -0.288342 0.201218 1.103926
v -0.137581 0.201218 1.175738
v 0.298350 0.201218 -0.879632
v -0.137581 0.201218 1.175738
v 0.022557 0.201218 1.223082
v 0.298350 0.201218 -0.879632
v -0.750436 0.250655 -0.198812
v -0.797780 0.250655 -0.038673
v -0.750436 0.201218 -0.198812
v -0.797780 0.250655 -0.038673
v -0.797780 0.201218 -0.038673
v -0.750436 0.201218 -0.198812
v -0.797780 0.201218 -0.038673
v -0.797780 0.250655 -0.038673
v -0.819137 0.201218 0.126912
v -0.797780 0.250655 -0.038673
v -0.819137 0.250655 0.126912
v -0.819137 0.201218 0.126912
v -0.819137 0.201218 0.126912
v -0.819137 0.250655 0.126912
v -0.815030 0.201218 0.293830
v -0.819137 0.250655 0.126912
v -0.815030 0.250655 0.293830
v -0.815030 0.201218 0.293830
v -0.815030 0.250655 0.293830
v -0.784512 0.250655 0.458007
v -0.815030 0.201218 0.293830
v -0.784512 0.250655 0.458007
v -0.784512 0.201218 0.458007
v -0.815030 0.201218 0.293830
v -0.784512 0.201218 0.458007
v -0.784512 0.250655 0.458007
v -0.728687 0.201218 0.615390
v -0.784512 0.250655 0.458007
v -0.728687 0.250655 0.615390
v -0.728687 0.201218 0.615390
v -0.728687 0.201218 0.615390
v -0.728687 0.250655 0.615390
v -0.648929 0.201218 0.762101
v -0.728687 0.250655 0.615390
v -0.648929 0.250655 0.762101
v -0.648929 0.201218 0.762101
v -0.648929 0.250655 0.762101
v -0.547203 0.250655 0.894530
v -0.648929 0.201218 0.762101
v -0.547203 0.250655 0.894530
v -0.547203 0.201218 0.894530
v -0.648929 0.201218 0.762101
v -0.547203 0.250655 0.894530
v -0.426012 0.250655 1.009415
v -0.547203 0.201218 0.894530
v -0.426012 0.250655 1.009415
v -0.426012 0.201218 1.009415
v -0.547203 0.201218 0.894530
v -0.426012 0.250655 1.009415
v -0.288342 0.250655 1.103926
v -0.426012 0.201218 1.009415
v -0.288342 0.250655 1.103926
v -0.288342 0.201218 1.103926
v -0.426012 0.201218 1.009415
v -0.288342 0.201218 1.103926
v -0.288342 0.250655 1.103926
v -0.137581 0.201218 1.175738
v -0.288342 0.250655 1.103926
v -0.137581 0.250656 1.175738
v -0.137581 0.201218 1.175738
v -0.137581 0.201218 1.175738
v -0.137581 0.250656 1.175738
v 0.022557 0.201218 1.223082
v -0.137581 0.250656 1.175738
v 0.022557 0.250656 1.223082
v 0.022557 0.201218 1.223082
v 0.022557 0.201218 1.223082
v 0.022557 0.250656 1.223082
v 0.188144 0.201218 1.244405
v 0.022557 0.250656 1.223082
v 0.188144 0.250655 1.244405
v 0.188144 0.201218 1.244405
v 1.305501 0.201218 0.237151
v 1.305501 0.250655 0.237151
v 1.301563 0.250655 0.070242
v 1.301563 0.201218 0.070242
v 1.305501 0.201218 0.237151
v 1.301563 0.250655 0.070242
v 1.301563 0.250655 0.070242
v 1.271045 0.250655 -0.093935
v 1.301563 0.201218 0.070242
v 1.271045 0.250655 -0.093935
v 1.271045 0.201218 -0.093935
v 1.301563 0.201218 0.070242
v 1.271045 0.201218 -0.093935
v 1.271045 0.250655 -0.093935
v 1.215220 0.201218 -0.251318
v 1.271045 0.250655 -0.093935
v 1.215220 0.250655 -0.251318
v 1.215220 0.201218 -0.251318
v 1.215220 0.201218 -0.251318
v 1.215220 0.250655 -0.251318
v 1.135462 0.201218 -0.398029
v 1.215220 0.250655 -0.251318
v 1.135462 0.250655 -0.398029
v 1.135462 0.201218 -0.398029
v 1.135462 0.250655 -0.398029
v 1.033735 0.250655 -0.530458
v 1.135462 0.201218 -0.398029
v 1.033735 0.250655 -0.530458
v 1.033735 0.201218 -0.530458
v 1.135462 0.201218 -0.398029
v 1.033735 0.201218 -0.530458
v 1.033735 0.250655 -0.530458
v 0.912545 0.201218 -0.645343
v 1.033735 0.250655 -0.530458
v 0.912545 0.250655 -0.645343
v 0.912545 0.201218 -0.645343
v 0.912545 0.201218 -0.645343
v 0.912545 0.250655 -0.645343
v 0.774874 0.201218 -0.739854
v 0.912545 0.250655 -0.645343
v 0.774874 0.250655 -0.739855
v 0.774874 0.201218 -0.739854
v 0.774874 0.250655 -0.739855
v 0.624114 0.250655 -0.811666
v 0.774874 0.201218 -0.739854
v 0.624114 0.250655 -0.811666
v 0.624114 0.201218 -0.811666
v 0.774874 0.201218 -0.739854
v 0.624114 0.201218 -0.811666
v 0.624114 0.250655 -0.811666
v 0.463976 0.201218 -0.859010
v 0.624114 0.250655 -0.811666
v 0.463976 0.250655 -0.859010
v 0.463976 0.201218 -0.859010
v 0.463976 0.201218 -0.859010
v 0.463976 0.250655 -0.859010
v 0.298350 0.201218 -0.879632
v 0.463976 0.250655 -0.859010
v 0.298350 0.250655 -0.879632
v 0.298350 0.201218 -0.879632
v 0.298350 0.201218 -0.879632
v 0.298350 0.250655 -0.879632
v 0.131473 0.250655 -0.876260
v 0.131473 0.201218 -0.876260
v 0.298350 0.201218 -0.879632
v 0.131473 0.250655 -0.876260
v 0.131473 0.250655 -0.876260
v -0.032705 0.250655 -0.845743
v 0.131473 0.201218 -0.876260
v -0.032705 0.250655 -0.845743
v -0.032705 0.201218 -0.845743
v 0.131473 0.201218 -0.876260
v -0.032705 0.201218 -0.845743
v -0.032705 0.250655 -0.845743
v -0.190087 0.201218 -0.789917
v -0.032705 0.250655 -0.845743
v -0.190087 0.250655 -0.789917
v -0.190087 0.201218 -0.789917
v -0.190087 0.250655 -0.789917
v -0.336799 0.250655 -0.710160
v -0.190087 0.201218 -0.789917
v -0.336799 0.250655 -0.710160
v -0.336799 0.201218 -0.710160
v -0.190087 0.201218 -0.789917
v -0.336799 0.250655 -0.710160
v -0.469228 0.250655 -0.608433
v -0.336799 0.201218 -0.710160
v -0.469228 0.250655 -0.608433
v -0.469228 0.201218 -0.608433
v -0.336799 0.201218 -0.710160
v -0.469228 0.250655 -0.608433
v -0.584112 0.250655 -0.487243
v -0.469228 0.201218 -0.608433
v -0.584112 0.250655 -0.487243
v -0.584112 0.201218 -0.487242
v -0.469228 0.201218 -0.608433
v -0.584112 0.201218 -0.487242
v -0.584112 0.250655 -0.487243
v -0.678624 0.201218 -0.349572
v -0.584112 0.250655 -0.487243
v -0.678624 0.250655 -0.349572
v -0.678624 0.201218 -0.349572
v -0.678624 0.250655 -0.349572
v -0.750436 0.250655 -0.198812
v -0.678624 0.201218 -0.349572
v -0.750436 0.250655 -0.198812
v -0.750436 0.201218 -0.198812
v -0.678624 0.201218 -0.349572
v -0.105926 0.312024 0.275798
v -0.116294 0.312024 0.220018
v -0.103839 0.293618 0.218703
v -0.116294 0.312024 0.220018
v -0.117546 0.312024 0.173166
v -0.103839 0.293618 0.218703
v -0.117546 0.312024 0.173166
v -0.105302 0.293618 0.163952
v -0.103839 0.293618 0.218703
v -0.117546 0.312024 0.173166
v -0.116527 0.312024 0.153521
v -0.105302 0.293618 0.163952
v -0.105302 0.293618 0.163952
v -0.116527 0.312024 0.153521
v -0.102156 0.293618 0.109427
v -0.116527 0.312024 0.153521
v -0.110433 0.312024 0.107049
v -0.102156 0.293618 0.109427
v -0.102156 0.293618 0.109427
v -0.110433 0.312024 0.107049
v -0.087093 0.293618 0.056879
v -0.110433 0.312024 0.107049
v -0.094348 0.312024 0.052641
v -0.087093 0.293618 0.056879
v -0.087093 0.293618 0.056879
v -0.094348 0.312024 0.052641
v -0.065847 0.293618 0.007304
v -0.094348 0.312024 0.052641
v -0.069950 0.312024 0.001420
v -0.065847 0.293618 0.007304
v -0.065847 0.293618 0.007304
v -0.069950 0.312024 0.001420
v -0.033919 0.293618 -0.037798
v -0.069950 0.312024 0.001420
v -0.037839 0.312024 -0.045354
v -0.033919 0.293618 -0.037798
v -0.033919 0.293618 -0.037798
v -0.037839 0.312024 -0.045354
v 0.003109 0.293618 -0.077583
v -0.037839 0.312024 -0.045354
v 0.001193 0.312024 -0.086529
v 0.003109 0.293618 -0.077583
v 0.003109 0.293618 -0.077583
v 0.001193 0.312024 -0.086529
v 0.047900 0.293618 -0.110873
v 0.001193 0.312024 -0.086529
v 0.046187 0.312024 -0.121091
v 0.047900 0.293618 -0.110873
v 0.047900 0.293618 -0.110873
v 0.046187 0.312024 -0.121091
v 0.097541 0.293618 -0.136949
v 0.046187 0.312024 -0.121091
v 0.096033 0.312024 -0.148189
v 0.097541 0.293618 -0.136949
v 0.097541 0.293618 -0.136949
v 0.096033 0.312024 -0.148189
v 0.150810 0.293618 -0.155167
v 0.096033 0.312024 -0.148189
v 0.149504 0.312024 -0.167156
v 0.150810 0.293618 -0.155167
v 0.150810 0.293618 -0.155167
v 0.149504 0.312024 -0.167156
v 0.206395 0.293618 -0.165081
v 0.149504 0.312024 -0.167156
v 0.205284 0.312024 -0.177525
v 0.206395 0.293618 -0.165081
v 0.205284 0.312024 -0.177525
v 0.251695 0.312024 -0.170777
v 0.206395 0.293618 -0.165081
v 0.251695 0.312024 -0.170777
v 0.262928 0.293618 -0.166445
v 0.206395 0.293618 -0.165081
v 0.251695 0.312024 -0.170777
v 0.271782 0.312024 -0.177757
v 0.262928 0.293618 -0.166445
v 0.262928 0.293618 -0.166445
v 0.271782 0.312024 -0.177757
v 0.319016 0.293618 -0.159226
v 0.271782 0.312024 -0.177757
v 0.318253 0.312024 -0.171664
v 0.319016 0.293618 -0.159226
v 0.318253 0.312024 -0.171664
v 0.372661 0.312024 -0.155578
v 0.319016 0.293618 -0.159226
v 0.372661 0.312024 -0.155578
v 0.373279 0.293618 -0.143602
v 0.319016 0.293618 -0.159226
v 0.372661 0.312024 -0.155578
v 0.423882 0.312024 -0.131180
v 0.373279 0.293618 -0.143602
v 0.423882 0.312024 -0.131180
v 0.424381 0.293618 -0.119958
v 0.373279 0.293618 -0.143602
v 0.423882 0.312024 -0.131180
v 0.470657 0.312024 -0.099069
v 0.424381 0.293618 -0.119958
v 0.470657 0.312024 -0.099069
v 0.471062 0.293618 -0.088875
v 0.424381 0.293618 -0.119958
v 0.470657 0.312024 -0.099069
v 0.511831 0.312024 -0.060037
v 0.471062 0.293618 -0.088875
v 0.511831 0.312024 -0.060037
v 0.512174 0.293618 -0.051120
v 0.471062 0.293618 -0.088875
v 0.511831 0.312024 -0.060037
v 0.546394 0.312024 -0.015044
v 0.512174 0.293618 -0.051120
v 0.546394 0.312024 -0.015044
v 0.535893 0.293618 -0.008217
v 0.512174 0.293618 -0.051120
v 0.535893 0.293618 -0.008217
v 0.546394 0.312024 -0.015044
v 0.562053 0.293618 0.039902
v 0.546394 0.312024 -0.015044
v 0.573492 0.312024 0.034802
v 0.562053 0.293618 0.039902
v 0.562053 0.293618 0.039902
v 0.573492 0.312024 0.034802
v 0.580363 0.293618 0.091521
v 0.573492 0.312024 0.034802
v 0.592458 0.312024 0.088274
v 0.580363 0.293618 0.091521
v 0.580363 0.293618 0.091521
v 0.592458 0.312024 0.088274
v 0.590372 0.293618 0.145369
v 0.592458 0.312024 0.088274
v 0.602827 0.312024 0.144054
v 0.590372 0.293618 0.145369
v 0.602827 0.312024 0.144054
v 0.603637 0.312024 0.198906
v 0.590372 0.293618 0.145369
v 0.603637 0.312024 0.198906
v 0.591834 0.293618 0.200120
v 0.590372 0.293618 0.145369
v 0.603637 0.312024 0.198906
v 0.603059 0.312024 0.210551
v 0.591834 0.293618 0.200120
v 1.235234 0.312024 0.243349
v 1.305501 0.250655 0.237151
v 1.216227 0.312024 0.388311
v 1.305501 0.250655 0.237151
v 1.284312 0.250655 0.402745
v 1.216227 0.312024 0.388311
v 1.284312 0.250655 0.402745
v 1.236968 0.250655 0.562884
v 1.216227 0.312024 0.388311
v 1.236968 0.250655 0.562884
v 1.171980 0.312024 0.537976
v 1.216227 0.312024 0.388311
v 1.236968 0.250655 0.562884
v 1.165157 0.250655 0.713644
v 1.171980 0.312024 0.537976
v 1.165157 0.250655 0.713644
v 1.104865 0.312024 0.678877
v 1.171980 0.312024 0.537976
v 1.165157 0.250655 0.713644
v 1.070645 0.250655 0.851315
v 1.104865 0.312024 0.678877
v 1.070645 0.250655 0.851315
v 1.016534 0.312024 0.807543
v 1.104865 0.312024 0.678877
v 1.070645 0.250655 0.851315
v 0.955760 0.250655 0.972505
v 1.016534 0.312024 0.807543
v 0.955760 0.250655 0.972505
v 0.909163 0.312024 0.920808
v 1.016534 0.312024 0.807543
v 0.955760 0.250655 0.972505
v 0.823332 0.250655 1.074232
v 0.909163 0.312024 0.920808
v 0.823332 0.250655 1.074232
v 0.785395 0.312024 1.015882
v 0.909163 0.312024 0.920808
v 0.823332 0.250655 1.074232
v 0.676620 0.250655 1.153990
v 0.785395 0.312024 1.015882
v 0.676620 0.250655 1.153990
v 0.648278 0.312024 1.090423
v 0.785395 0.312024 1.015882
v 0.676620 0.250655 1.153990
v 0.519238 0.250655 1.209815
v 0.648278 0.312024 1.090423
v 0.519238 0.250655 1.209815
v 0.501189 0.312024 1.142597
v 0.648278 0.312024 1.090423
v 0.519238 0.250655 1.209815
v 0.355060 0.250656 1.240332
v 0.501189 0.312024 1.142597
v 0.355060 0.250656 1.240332
v 0.347749 0.312024 1.171119
v 0.501189 0.312024 1.142597
v 0.355060 0.250656 1.240332
v 0.188144 0.250655 1.244405
v 0.347749 0.312024 1.171119
v 0.188144 0.250655 1.244405
v 0.201598 0.312024 1.175023
v 0.347749 0.312024 1.171119
v 0.234396 0.312024 0.542848
v 0.214751 0.312024 0.541829
v 0.225182 0.293618 0.530604
v 0.225182 0.293618 0.530604
v 0.214751 0.312024 0.541829
v 0.170877 0.293618 0.523484
v 0.214751 0.312024 0.541829
v 0.168279 0.312024 0.535736
v 0.170877 0.293618 0.523484
v 0.168279 0.312024 0.535736
v 0.113872 0.312024 0.519651
v 0.170877 0.293618 0.523484
v 0.113872 0.312024 0.519651
v 0.118354 0.293618 0.507956
v 0.170877 0.293618 0.523484
v 0.118354 0.293618 0.507956
v 0.113872 0.312024 0.519651
v 0.068907 0.293618 0.484403
v 0.113872 0.312024 0.519651
v 0.062650 0.312024 0.495252
v 0.068907 0.293618 0.484403
v 0.068907 0.293618 0.484403
v 0.062650 0.312024 0.495252
v 0.023753 0.293618 0.453404
v 0.062650 0.312024 0.495252
v 0.015876 0.312024 0.463141
v 0.023753 0.293618 0.453404
v 0.023753 0.293618 0.453404
v 0.015876 0.312024 0.463141
v -0.015996 0.293618 0.415724
v 0.015876 0.312024 0.463141
v -0.025299 0.312024 0.424109
v -0.015996 0.293618 0.415724
v -0.015996 0.293618 0.415724
v -0.025299 0.312024 0.424109
v -0.049361 0.293618 0.372289
v -0.025299 0.312024 0.424109
v -0.059861 0.312024 0.379116
v -0.049361 0.293618 0.372289
v -0.059861 0.312024 0.379116
v -0.086959 0.312024 0.329270
v -0.049361 0.293618 0.372289
v -0.086959 0.312024 0.329270
v -0.075520 0.293618 0.324170
v -0.049361 0.293618 0.372289
v -0.075520 0.293618 0.324170
v -0.086959 0.312024 0.329270
v -0.093830 0.293618 0.272551
v -0.086959 0.312024 0.329270
v -0.105926 0.312024 0.275798
v -0.093830 0.293618 0.272551
v -0.093830 0.293618 0.272551
v -0.105926 0.312024 0.275798
v -0.103839 0.293618 0.218703
v -0.190087 0.250655 -0.789917
v -0.032705 0.250655 -0.845743
v -0.161746 0.312024 -0.726351
v -0.032705 0.250655 -0.845743
v -0.014656 0.312024 -0.778525
v -0.161746 0.312024 -0.726351
v -0.032705 0.250655 -0.845743
v 0.131473 0.250655 -0.876260
v -0.014656 0.312024 -0.778525
v 0.131473 0.250655 -0.876260
v 0.138784 0.312024 -0.807047
v -0.014656 0.312024 -0.778525
v 0.131473 0.250655 -0.876260
v 0.298350 0.250655 -0.879632
v 0.138784 0.312024 -0.807047
v 0.298350 0.250655 -0.879632
v 0.284934 0.312024 -0.810951
v 0.138784 0.312024 -0.807047
v 0.304579 0.312024 -0.809932
v 0.284934 0.312024 -0.810951
v 0.298350 0.250655 -0.879632
v 0.304579 0.312024 -0.809932
v 0.298350 0.250655 -0.879632
v 0.449541 0.312024 -0.790925
v 0.298350 0.250655 -0.879632
v 0.463976 0.250655 -0.859010
v 0.449541 0.312024 -0.790925
v 0.463976 0.250655 -0.859010
v 0.624114 0.250655 -0.811666
v 0.449541 0.312024 -0.790925
v 0.624114 0.250655 -0.811666
v 0.599206 0.312024 -0.746678
v 0.449541 0.312024 -0.790925
v 0.624114 0.250655 -0.811666
v 0.774874 0.250655 -0.739855
v 0.599206 0.312024 -0.746678
v 0.774874 0.250655 -0.739855
v 0.740107 0.312024 -0.679562
v 0.599206 0.312024 -0.746678
v 0.774874 0.250655 -0.739855
v 0.912545 0.250655 -0.645343
v 0.740107 0.312024 -0.679562
v 0.912545 0.250655 -0.645343
v 0.868774 0.312024 -0.591232
v 0.740107 0.312024 -0.679562
v 0.912545 0.250655 -0.645343
v 1.033735 0.250655 -0.530458
v 0.868774 0.312024 -0.591232
v 1.033735 0.250655 -0.530458
v 0.982038 0.312024 -0.483860
v 0.868774 0.312024 -0.591232
v 1.033735 0.250655 -0.530458
v 1.135462 0.250655 -0.398029
v 0.982038 0.312024 -0.483860
v 1.135462 0.250655 -0.398029
v 1.077112 0.312024 -0.360093
v 0.982038 0.312024 -0.483860
v 1.135462 0.250655 -0.398029
v 1.215220 0.250655 -0.251318
v 1.077112 0.312024 -0.360093
v 1.215220 0.250655 -0.251318
v 1.151654 0.312024 -0.222976
v 1.077112 0.312024 -0.360093
v 1.215220 0.250655 -0.251318
v 1.271045 0.250655 -0.093935
v 1.151654 0.312024 -0.222976
v 1.271045 0.250655 -0.093935
v 1.203828 0.312024 -0.075887
v 1.151654 0.312024 -0.222976
v 1.271045 0.250655 -0.093935
v 1.301563 0.250655 0.070242
v 1.203828 0.312024 -0.075887
v 1.301563 0.250655 0.070242
v 1.232350 0.312024 0.077554
v 1.203828 0.312024 -0.075887
v 1.301563 0.250655 0.070242
v 1.305501 0.250655 0.237151
v 1.232350 0.312024 0.077554
v 1.305501 0.250655 0.237151
v 1.236253 0.312024 0.223704
v 1.232350 0.312024 0.077554
v 1.235234 0.312024 0.243349
v 1.236253 0.312024 0.223704
v 1.305501 0.250655 0.237151
v 0.188144 0.201218 1.244405
v 0.188144 0.250655 1.244405
v 0.355060 0.201218 1.240332
v 0.188144 0.250655 1.244405
v 0.355060 0.250656 1.240332
v 0.355060 0.201218 1.240332
v 0.355060 0.201218 1.240332
v 0.355060 0.250656 1.240332
v 0.519238 0.201218 1.209815
v 0.355060 0.250656 1.240332
v 0.519238 0.250655 1.209815
v 0.519238 0.201218 1.209815
v 0.519238 0.250655 1.209815
v 0.676620 0.250655 1.153990
v 0.519238 0.201218 1.209815
v 0.676620 0.250655 1.153990
v 0.676620 0.201218 1.153990
v 0.519238 0.201218 1.209815
v 0.676620 0.250655 1.153990
v 0.823332 0.250655 1.074232
v 0.676620 0.201218 1.153990
v 0.823332 0.250655 1.074232
v 0.823332 0.201218 1.074232
v 0.676620 0.201218 1.153990
v 0.823332 0.201218 1.074232
v 0.823332 0.250655 1.074232
v 0.955760 0.201218 0.972505
v 0.823332 0.250655 1.074232
v 0.955760 0.250655 0.972505
v 0.955760 0.201218 0.972505
v 0.955760 0.201218 0.972505
v 0.955760 0.250655 0.972505
v 1.070645 0.201218 0.851315
v 0.955760 0.250655 0.972505
v 1.070645 0.250655 0.851315
v 1.070645 0.201218 0.851315
v 1.070645 0.250655 0.851315
v 1.165157 0.250655 0.713644
v 1.070645 0.201218 0.851315
v 1.165157 0.250655 0.713644
v 1.165157 0.201218 0.713644
v 1.070645 0.201218 0.851315
v 1.165157 0.250655 0.713644
v 1.236968 0.250655 0.562884
v 1.165157 0.201218 0.713644
v 1.236968 0.250655 0.562884
v 1.236969 0.201218 0.562884
v 1.165157 0.201218 0.713644
v 1.236968 0.250655 0.562884
v 1.284312 0.250655 0.402745
v 1.236969 0.201218 0.562884
v 1.284312 0.250655 0.402745
v 1.284312 0.201218 0.402745
v 1.236969 0.201218 0.562884
v 1.284312 0.201218 0.402745
v 1.284312 0.250655 0.402745
v 1.305501 0.201218 0.237151
v 1.284312 0.250655 0.402745
v 1.305501 0.250655 0.237151
v 1.305501 0.201218 0.237151
v -0.815030 0.250655 0.293830
v -0.745817 0.312024 0.286518
v -0.717295 0.312024 0.439959
v -0.749721 0.312024 0.140368
v -0.745817 0.312024 0.286518
v -0.815030 0.250655 0.293830
v -0.819137 0.250655 0.126912
v -0.749721 0.312024 0.140368
v -0.815030 0.250655 0.293830
v -0.749721 0.312024 0.140368
v -0.819137 0.250655 0.126912
v -0.748702 0.312024 0.120723
v -0.748702 0.312024 0.120723
v -0.819137 0.250655 0.126912
v -0.797780 0.250655 -0.038673
v -0.729695 0.312024 -0.024239
v -0.748702 0.312024 0.120723
v -0.797780 0.250655 -0.038673
v -0.797780 0.250655 -0.038673
v -0.750436 0.250655 -0.198812
v -0.729695 0.312024 -0.024239
v -0.750436 0.250655 -0.198812
v -0.685447 0.312024 -0.173904
v -0.729695 0.312024 -0.024239
v -0.750436 0.250655 -0.198812
v -0.678624 0.250655 -0.349572
v -0.685447 0.312024 -0.173904
v -0.678624 0.250655 -0.349572
v -0.618332 0.312024 -0.314804
v -0.685447 0.312024 -0.173904
v -0.678624 0.250655 -0.349572
v -0.584112 0.250655 -0.487243
v -0.618332 0.312024 -0.314804
v -0.584112 0.250655 -0.487243
v -0.530001 0.312024 -0.443471
v -0.618332 0.312024 -0.314804
v -0.584112 0.250655 -0.487243
v -0.469228 0.250655 -0.608433
v -0.530001 0.312024 -0.443471
v -0.469228 0.250655 -0.608433
v -0.422630 0.312024 -0.556736
v -0.530001 0.312024 -0.443471
v -0.469228 0.250655 -0.608433
v -0.336799 0.250655 -0.710160
v -0.422630 0.312024 -0.556736
v -0.336799 0.250655 -0.710160
v -0.298863 0.312024 -0.651810
v -0.422630 0.312024 -0.556736
v -0.336799 0.250655 -0.710160
v -0.190087 0.250655 -0.789917
v -0.298863 0.312024 -0.651810
v -0.190087 0.250655 -0.789917
v -0.161746 0.312024 -0.726351
v -0.298863 0.312024 -0.651810
v 0.181953 0.312024 1.174004
v 0.201598 0.312024 1.175023
v 0.188144 0.250655 1.244405
v 0.181953 0.312024 1.174004
v 0.188144 0.250655 1.244405
v 0.036991 0.312024 1.154997
v 0.188144 0.250655 1.244405
v 0.022557 0.250656 1.223082
v 0.036991 0.312024 1.154997
v 0.022557 0.250656 1.223082
v -0.137581 0.250656 1.175738
v 0.036991 0.312024 1.154997
v -0.137581 0.250656 1.175738
v -0.112674 0.312024 1.110750
v 0.036991 0.312024 1.154997
v -0.137581 0.250656 1.175738
v -0.288342 0.250655 1.103926
v -0.112674 0.312024 1.110750
v -0.288342 0.250655 1.103926
v -0.253574 0.312024 1.043634
v -0.112674 0.312024 1.110750
v -0.288342 0.250655 1.103926
v -0.426012 0.250655 1.009415
v -0.253574 0.312024 1.043634
v -0.426012 0.250655 1.009415
v -0.382241 0.312024 0.955304
v -0.253574 0.312024 1.043634
v -0.426012 0.250655 1.009415
v -0.547203 0.250655 0.894530
v -0.382241 0.312024 0.955304
v -0.547203 0.250655 0.894530
v -0.495506 0.312024 0.847933
v -0.382241 0.312024 0.955304
v -0.547203 0.250655 0.894530
v -0.648929 0.250655 0.762101
v -0.495506 0.312024 0.847933
v -0.648929 0.250655 0.762101
v -0.590579 0.312024 0.724165
v -0.495506 0.312024 0.847933
v -0.648929 0.250655 0.762101
v -0.728687 0.250655 0.615390
v -0.590579 0.312024 0.724165
v -0.728687 0.250655 0.615390
v -0.665121 0.312024 0.587048
v -0.590579 0.312024 0.724165
v -0.728687 0.250655 0.615390
v -0.784512 0.250655 0.458007
v -0.665121 0.312024 0.587048
v -0.784512 0.250655 0.458007
v -0.717295 0.312024 0.439959
v -0.665121 0.312024 0.587048
v -0.784512 0.250655 0.458007
v -0.815030 0.250655 0.293830
v -0.717295 0.312024 0.439959
vn 0.0516 -0.0886 -0.9947
vn 0.0551 -0.0000 -0.9985
vn -0.0340 0.9994 -0.0018
vn -0.0000 1.0000 -0.0000
vn -0.0337 0.9994 -0.0029
vn -0.0185 0.9994 -0.0285
vn -0.0175 0.9994 -0.0290
vn -0.0214 0.9994 0.0265
vn -0.0214 0.9994 0.0264
vn 0.0088 0.9994 0.0329
vn 0.0088 0.9994 0.0328
vn 0.0078 0.9994 0.0330
vn 0.0318 0.9994 0.0122
vn 0.0318 0.9994 0.0121
vn 0.0317 0.9994 0.0122
vn 0.0318 0.9994 0.0120
vn 0.0285 0.9994 -0.0186
vn 0.0285 0.9994 -0.0185
vn 0.0290 0.9994 -0.0175
vn -0.8088 0.5626 -0.1714
vn -0.8316 0.5501 -0.0757
vn -0.8088 0.5626 -0.1715
vn -0.7720 0.5626 -0.2959
vn -0.7162 0.5626 -0.4130
vn -0.6209 0.5746 -0.5332
vn -0.5535 0.5626 -0.6141
vn -0.4617 0.5746 -0.6757
vn -0.4617 0.5746 -0.6758
vn -0.3366 0.5626 -0.7551
vn -0.2144 0.5626 -0.7985
vn -0.0869 0.5626 -0.8222
vn -0.0868 0.5626 -0.8222
vn 0.0107 0.5501 -0.8350
vn 0.0757 0.5501 -0.8317
vn 0.0108 0.5501 -0.8350
vn -0.0516 -0.0886 0.9947
vn -0.0551 -0.0000 0.9985
vn -0.9947 0.0886 -0.0516
vn -0.9985 -0.0000 -0.0551
vn -0.0343 0.7501 0.6605
vn -0.0342 0.7501 0.6605
vn 0.6610 0.7496 0.0343
vn 0.9985 -0.0000 0.0551
vn -0.6604 0.7502 -0.0343
vn 0.0344 0.7478 -0.6630
vn 0.9947 0.0886 0.0516
vn 0.0516 0.0885 -0.9947
vn 0.0551 -0.0001 -0.9985
vn 0.0550 -0.0000 -0.9985
vn 0.0516 0.0887 -0.9947
vn 0.9947 -0.0886 0.0516
vn -0.0516 0.0886 0.9947
vn 0.0345 0.7478 -0.6630
vn -0.9947 -0.0886 -0.0516
vn -0.0342 0.7500 0.6605
vn -0.0343 0.7500 0.6605
vn -0.0550 -0.0000 0.9985
vn -0.0000 -1.0000 -0.0000
vn -0.9338 -0.0000 -0.3579
vn -0.9785 -0.0000 -0.2064
vn -0.9785 -0.0000 -0.2063
vn -0.9946 -0.0000 0.1039
vn -0.9985 -0.0000 -0.0550
vn -0.9946 -0.0000 0.1040
vn -0.9658 -0.0000 0.2593
vn -0.9133 -0.0000 0.4072
vn -0.8384 -0.0000 0.5451
vn -0.7450 -0.0000 0.6671
vn -0.6289 -0.0000 0.7775
vn -0.4996 -0.0000 0.8663
vn -0.3579 -0.0000 0.9338
vn -0.4995 -0.0000 0.8663
vn -0.2063 -0.0000 0.9785
vn -0.2062 -0.0000 0.9785
vn 0.9946 -0.0000 -0.1035
vn 0.9985 -0.0000 0.0550
vn 0.9658 -0.0000 -0.2593
vn 0.9133 -0.0000 -0.4072
vn 0.8384 -0.0000 -0.5451
vn 0.7450 -0.0000 -0.6671
vn 0.6289 -0.0000 -0.7775
vn 0.4996 -0.0000 -0.8663
vn 0.4995 -0.0000 -0.8663
vn 0.3579 -0.0000 -0.9338
vn 0.2042 -0.0000 -0.9789
vn -0.1018 -0.0000 -0.9948
vn -0.2593 -0.0000 -0.9658
vn -0.4072 -0.0000 -0.9133
vn -0.5451 -0.0000 -0.8384
vn -0.6671 -0.0000 -0.7450
vn -0.7775 -0.0000 -0.6289
vn -0.8663 -0.0000 -0.4996
vn -0.8663 -0.0000 -0.4995
vn 0.8222 0.5626 -0.0869
vn 0.7985 0.5626 -0.2144
vn 0.8222 0.5626 -0.0868
vn 0.8311 0.5545 0.0431
vn 0.8088 0.5626 0.1714
vn 0.8088 0.5626 0.1715
vn 0.8311 0.5544 0.0432
vn 0.7720 0.5626 0.2959
vn 0.8088 0.5625 0.1715
vn 0.7162 0.5625 0.4130
vn 0.6209 0.5746 0.5332
vn 0.5535 0.5626 0.6141
vn 0.6209 0.5746 0.5333
vn 0.5536 0.5625 0.6141
vn 0.4617 0.5746 0.6758
vn 0.3367 0.5626 0.7551
vn 0.2144 0.5626 0.7985
vn 0.3366 0.5626 0.7551
vn 0.0869 0.5626 0.8222
vn 0.0868 0.5626 0.8222
vn -0.0432 0.5545 0.8311
vn 0.0869 0.5625 0.8222
vn -0.0432 0.5544 0.8311
vn -0.0431 0.5544 0.8311
vn -0.0431 0.5545 0.8311
vn -0.1714 0.5626 0.8088
vn -0.1715 0.5626 0.8087
vn -0.2959 0.5626 0.7720
vn -0.1715 0.5626 0.8088
vn -0.2958 0.5626 0.7720
vn -0.4130 0.5626 0.7162
vn -0.5332 0.5746 0.6209
vn -0.4130 0.5625 0.7162
vn -0.5333 0.5746 0.6209
vn -0.6098 0.5745 0.5460
vn -0.6097 0.5745 0.5460
vn -0.6758 0.5746 0.4617
vn -0.6097 0.5746 0.5460
vn -0.7551 0.5626 0.3366
vn -0.7985 0.5626 0.2144
vn -0.8222 0.5626 0.0869
vn -0.8222 0.5626 0.0868
vn -0.8350 0.5501 -0.0107
vn -0.8317 0.5501 -0.0757
vn -0.8350 0.5501 -0.0108
vn 0.6478 0.7495 0.1367
vn 0.6477 0.7495 0.1367
vn 0.6176 0.7501 0.2367
vn 0.6176 0.7501 0.2366
vn 0.5729 0.7501 0.3304
vn 0.5142 0.7501 0.4159
vn 0.4428 0.7501 0.4913
vn 0.3605 0.7501 0.5545
vn 0.2693 0.7501 0.6040
vn 0.2693 0.7501 0.6041
vn 0.1715 0.7501 0.6387
vn 0.0691 0.7496 0.6582
vn 0.1714 0.5626 -0.8088
vn 0.0757 0.5501 -0.8316
vn 0.0758 0.5501 -0.8316
vn 0.1715 0.5626 -0.8088
vn 0.2958 0.5626 -0.7720
vn 0.2959 0.5626 -0.7720
vn 0.4130 0.5626 -0.7162
vn 0.5332 0.5746 -0.6209
vn 0.6097 0.5746 -0.5460
vn 0.6757 0.5746 -0.4617
vn 0.6758 0.5746 -0.4617
vn 0.7551 0.5626 -0.3366
vn -0.2693 0.7501 -0.6040
vn -0.1715 0.7501 -0.6387
vn -0.2693 0.7501 -0.6041
vn -0.0684 0.7489 -0.6592
vn -0.0683 0.7489 -0.6592
vn 0.1362 0.7489 -0.6486
vn 0.1362 0.7488 -0.6486
vn 0.2367 0.7501 -0.6176
vn 0.2366 0.7501 -0.6176
vn 0.3304 0.7501 -0.5729
vn 0.4159 0.7501 -0.5142
vn 0.4913 0.7501 -0.4428
vn 0.5545 0.7501 -0.3605
vn 0.6040 0.7501 -0.2693
vn 0.6041 0.7501 -0.2693
vn 0.6387 0.7501 -0.1715
vn 0.6584 0.7495 -0.0690
vn 0.6584 0.7495 -0.0689
vn 0.1039 -0.0000 0.9946
vn 0.2593 -0.0000 0.9658
vn 0.4072 -0.0000 0.9133
vn 0.5451 -0.0000 0.8384
vn 0.6671 -0.0000 0.7450
vn 0.7775 -0.0000 0.6289
vn 0.8663 -0.0000 0.4996
vn 0.8663 -0.0000 0.4995
vn 0.9338 -0.0000 0.3579
vn 0.9786 -0.0000 0.2059
vn 0.9786 -0.0000 0.2058
vn -0.6387 0.7501 0.1715
vn -0.6582 0.7497 0.0691
vn -0.6475 0.7497 -0.1368
vn -0.6475 0.7497 -0.1369
vn -0.6176 0.7501 -0.2367
vn -0.6176 0.7501 -0.2366
vn -0.5729 0.7501 -0.3304
vn -0.5142 0.7501 -0.4159
vn -0.4428 0.7501 -0.4913
vn -0.3605 0.7501 -0.5545
vn -0.1368 0.7496 0.6476
vn -0.2367 0.7501 0.6176
vn -0.3304 0.7501 0.5729
vn -0.4159 0.7501 0.5142
vn -0.4913 0.7501 0.4428
vn -0.5545 0.7501 0.3605
vn -0.6040 0.7501 0.2693
vn -0.6041 0.7501 0.2693
vt 0.016550 0.624900
vt 0.021726 0.620772
vt 0.022658 0.624900
vt 0.017346 0.620772
vt 0.241488 0.825648
vt 0.252900 0.826478
vt 0.253376 0.749679
vt 0.229399 0.822652
vt 0.218155 0.817977
vt 0.207879 0.811640
vt 0.198718 0.803777
vt 0.190903 0.794579
vt 0.184626 0.784269
vt 0.180013 0.773020
vt 0.177111 0.760995
vt 0.176736 0.749286
vt 0.330328 0.749772
vt 0.329447 0.761628
vt 0.326478 0.773610
vt 0.321806 0.784825
vt 0.315463 0.795095
vt 0.307596 0.804251
vt 0.298387 0.812058
vt 0.288077 0.818335
vt 0.276805 0.822942
vt 0.264659 0.825863
vt 0.253370 0.826339
vt 0.241359 0.825629
vt 0.229361 0.822754
vt 0.218226 0.818108
vt 0.207958 0.811764
vt 0.198804 0.803899
vt 0.190992 0.794699
vt 0.184726 0.784381
vt 0.180117 0.773133
vt 0.177228 0.761172
vt 0.176710 0.749917
vt 0.177363 0.737470
vt 0.180282 0.725706
vt 0.184949 0.714529
vt 0.191287 0.704255
vt 0.199156 0.695103
vt 0.208372 0.687288
vt 0.218757 0.680989
vt 0.229851 0.676451
vt 0.241974 0.673517
vt 0.253587 0.673154
vt 0.249785 0.829876
vt 0.240702 0.829242
vt 0.228117 0.826229
vt 0.216429 0.821351
vt 0.205648 0.814705
vt 0.196038 0.806454
vt 0.187838 0.796802
vt 0.181250 0.785985
vt 0.176432 0.774271
vt 0.173493 0.761725
vt 0.172890 0.752481
vt 0.017346 0.421103
vt 0.021726 0.421103
vt 0.016550 0.417003
vt 0.022658 0.417003
vt 0.026130 0.620772
vt 0.026130 0.421103
vt 0.012850 0.620772
vt 0.012850 0.421103
vt 0.172940 0.752629
vt 0.033889 0.783711
vt 0.031433 0.751153
vt 0.173604 0.761838
vt 0.041914 0.817629
vt 0.176538 0.774371
vt 0.055147 0.849872
vt 0.181347 0.786088
vt 0.073262 0.879649
vt 0.187927 0.796910
vt 0.095810 0.906225
vt 0.196121 0.806567
vt 0.122240 0.928948
vt 0.205726 0.814824
vt 0.151898 0.947256
vt 0.216502 0.821478
vt 0.184054 0.960699
vt 0.228189 0.826361
vt 0.217919 0.968946
vt 0.240684 0.829373
vt 0.250460 0.971613
vt 0.250318 0.830251
vt 0.256397 0.830201
vt 0.287412 0.969172
vt 0.254854 0.971628
vt 0.265463 0.829461
vt 0.321329 0.961147
vt 0.278073 0.826525
vt 0.353573 0.947914
vt 0.289791 0.821716
vt 0.383350 0.929800
vt 0.300610 0.815133
vt 0.409927 0.907250
vt 0.310269 0.806940
vt 0.432649 0.880822
vt 0.318524 0.797335
vt 0.450957 0.851164
vt 0.325179 0.786558
vt 0.464400 0.819006
vt 0.330062 0.774872
vt 0.472647 0.785142
vt 0.333075 0.762370
vt 0.475315 0.752602
vt 0.333734 0.753029
vt 0.217937 0.968819
vt 0.250480 0.971467
vt 0.184067 0.960593
vt 0.151902 0.947171
vt 0.122232 0.928882
vt 0.095789 0.906175
vt 0.073224 0.879613
vt 0.055091 0.849846
vt 0.041838 0.817611
vt 0.033791 0.783698
vt 0.031316 0.751141
vt 0.250442 0.669306
vt 0.219351 0.530188
vt 0.251909 0.527733
vt 0.241258 0.669901
vt 0.185434 0.538213
vt 0.228644 0.672855
vt 0.153190 0.551446
vt 0.217019 0.677625
vt 0.123413 0.569560
vt 0.206152 0.684227
vt 0.096836 0.592109
vt 0.196494 0.692421
vt 0.074114 0.618539
vt 0.188237 0.702025
vt 0.055806 0.648198
vt 0.181586 0.712803
vt 0.042362 0.680353
vt 0.176701 0.724488
vt 0.034116 0.714218
vt 0.173696 0.736870
vt 0.031448 0.746760
vt 0.172952 0.746488
vt 0.029651 0.993725
vt 0.029802 0.947338
vt 0.026166 0.947569
vt 0.033436 0.947592
vt 0.036979 0.948455
vt 0.040343 0.949862
vt 0.043446 0.951777
vt 0.046211 0.954154
vt 0.048570 0.956935
vt 0.050465 0.960050
vt 0.051850 0.963423
vt 0.052689 0.966972
vt 0.052919 0.970607
vt 0.052666 0.974242
vt 0.051803 0.977785
vt 0.050397 0.981149
vt 0.048481 0.984252
vt 0.046104 0.987017
vt 0.043324 0.989376
vt 0.040208 0.991271
vt 0.036835 0.992655
vt 0.033286 0.993495
vt 0.022473 0.992608
vt 0.026016 0.993471
vt 0.019109 0.991202
vt 0.016006 0.989287
vt 0.013241 0.986910
vt 0.010882 0.984129
vt 0.008987 0.981014
vt 0.007603 0.977640
vt 0.006763 0.974092
vt 0.006533 0.970456
vt 0.006787 0.966822
vt 0.007650 0.963279
vt 0.009056 0.959915
vt 0.010971 0.956812
vt 0.013348 0.954047
vt 0.016129 0.951688
vt 0.019244 0.949793
vt 0.022618 0.948408
vt 0.017745 0.825392
vt 0.018673 0.786076
vt 0.027246 0.822341
vt 0.008813 0.787544
vt 0.006294 0.748872
vt 0.016292 0.748907
vt 0.009066 0.710217
vt 0.018916 0.711754
vt 0.027726 0.675545
vt 0.018247 0.672428
vt 0.033227 0.636599
vt 0.042102 0.641158
vt 0.053623 0.603551
vt 0.061677 0.609442
vt 0.085976 0.581179
vt 0.078942 0.574101
vt 0.114397 0.557066
vt 0.108558 0.548974
vt 0.146240 0.537696
vt 0.141738 0.528790
vt 0.177668 0.514045
vt 0.180721 0.523545
vt 0.215516 0.505113
vt 0.216986 0.514973
vt 0.254188 0.502592
vt 0.254155 0.512590
vt 0.487846 0.787608
vt 0.490472 0.750454
vt 0.500470 0.750487
vt 0.497695 0.789142
vt 0.479038 0.823816
vt 0.488517 0.826930
vt 0.473538 0.862762
vt 0.464662 0.858204
vt 0.453137 0.895811
vt 0.445083 0.889920
vt 0.420786 0.918182
vt 0.427818 0.925261
vt 0.398203 0.950386
vt 0.392365 0.942294
vt 0.365023 0.970569
vt 0.360522 0.961664
vt 0.326042 0.975814
vt 0.329096 0.985313
vt 0.291248 0.994247
vt 0.289777 0.984388
vt 0.252575 0.996769
vt 0.252608 0.986771
vt 0.215455 0.984142
vt 0.213921 0.993991
vt 0.179246 0.975337
vt 0.176133 0.984818
vt 0.140304 0.969836
vt 0.144860 0.960959
vt 0.113142 0.941385
vt 0.107253 0.949441
vt 0.084880 0.917085
vt 0.077802 0.924119
vt 0.060767 0.888665
vt 0.052675 0.894504
vt 0.032491 0.861322
vt 0.041397 0.856822
vt 0.333744 0.746678
vt 0.252636 0.986623
vt 0.215482 0.984020
vt 0.179268 0.975235
vt 0.144871 0.960881
vt 0.113143 0.941321
vt 0.084865 0.917042
vt 0.060734 0.888637
vt 0.041345 0.856806
vt 0.027171 0.822333
vt 0.018577 0.786074
vt 0.016172 0.748905
vt 0.256805 0.669327
vt 0.475329 0.748208
vt 0.008719 0.787551
vt 0.006174 0.748879
vt 0.017673 0.825392
vt 0.032442 0.861312
vt 0.052646 0.894481
vt 0.077792 0.924079
vt 0.107257 0.949378
vt 0.140317 0.969760
vt 0.176159 0.984716
vt 0.213954 0.993871
vt 0.252610 0.996621
vt 0.256301 0.527747
s 1
usemtl portal_button_switch
f 16081/1384/2102 16080/1385/2103 16079/1386/2102
f 16084/1384/2102 16083/1387/2103 16082/1385/2103
f 16087/1388/2104 16086/1389/2104 16085/1390/2105
f 16090/1391/2104 16089/1388/2106 16088/1390/2105
f 16093/1392/2104 16092/1391/2104 16091/1390/2105
f 16096/1393/2104 16095/1392/2104 16094/1390/2105
f 16099/1394/2104 16098/1393/2104 16097/1390/2105
f 16102/1395/2107 16101/1394/2104 16100/1390/2105
f 16105/1396/2107 16104/1395/2107 16103/1390/2105
f 16108/1397/2107 16107/1396/2108 16106/1390/2105
f 16111/1398/2107 16110/1397/2107 16109/1390/2105
f 16114/1399/2107 16113/1398/2107 16112/1390/2105
f 16117/1400/2104 16116/1401/2109 16115/1390/2105
f 16120/1401/2109 16119/1402/2109 16118/1390/2105
f 16123/1402/2109 16122/1403/2109 16121/1390/2105
f 16126/1403/2109 16125/1404/2109 16124/1390/2105
f 16129/1404/2110 16128/1405/2109 16127/1390/2105
f 16132/1405/2109 16131/1406/2109 16130/1390/2105
f 16135/1406/2109 16134/1407/2111 16133/1390/2105
f 16138/1407/2112 16137/1408/2112 16136/1390/2105
f 16141/1408/2111 16140/1409/2111 16139/1390/2105
f 16144/1409/2111 16143/1410/2111 16142/1390/2105
f 16147/1410/2111 16146/1411/2113 16145/1390/2105
f 16150/1411/2111 16149/1412/2111 16148/1390/2105
f 16153/1412/2111 16152/1413/2114 16151/1390/2105
f 16156/1413/2115 16155/1414/2115 16154/1390/2105
f 16159/1414/2114 16158/1415/2114 16157/1390/2105
f 16162/1415/2114 16161/1416/2114 16160/1390/2105
f 16165/1416/2116 16164/1417/2117 16163/1390/2105
f 16168/1417/2114 16167/1418/2114 16166/1390/2105
f 16171/1418/2114 16170/1419/2118 16169/1390/2105
f 16174/1419/2118 16173/1420/2118 16172/1390/2105
f 16177/1420/2119 16176/1421/2119 16175/1390/2105
f 16180/1421/2119 16179/1422/2119 16178/1390/2105
f 16183/1422/2119 16182/1423/2120 16181/1390/2105
f 16186/1423/2119 16185/1424/2119 16184/1390/2105
f 16189/1424/2119 16188/1425/2119 16187/1390/2105
f 16192/1425/2119 16191/1426/2119 16190/1390/2105
f 16195/1426/2119 16194/1427/2119 16193/1390/2105
f 16198/1427/2119 16197/1428/2119 16196/1390/2105
f 16201/1428/2119 16200/1429/2119 16199/1390/2105
f 16204/1429/2119 16203/1430/2107 16202/1390/2105
f 16207/1388/2121 16206/1431/2122 16205/1389/2122
f 16210/1388/2121 16209/1432/2121 16208/1431/2122
f 16213/1388/2123 16212/1433/2124 16211/1432/2123
f 16216/1388/2121 16215/1391/2124 16214/1433/2124
f 16219/1392/2125 16218/1433/2124 16217/1391/2124
f 16222/1392/2125 16221/1434/2125 16220/1433/2124
f 16225/1393/2126 16224/1434/2125 16223/1392/2125
f 16228/1393/2126 16227/1435/2126 16226/1434/2125
f 16231/1393/2126 16230/1436/2127 16229/1435/2126
f 16234/1393/2126 16233/1394/2127 16232/1436/2127
f 16237/1395/2128 16236/1436/2127 16235/1394/2127
f 16240/1395/2128 16239/1437/2129 16238/1436/2127
f 16243/1396/2130 16242/1437/2129 16241/1395/2129
f 16246/1396/2130 16245/1438/2130 16244/1437/2129
f 16249/1396/2130 16248/1439/2131 16247/1438/2130
f 16252/1396/2130 16251/1397/2131 16250/1439/2131
f 16255/1398/2132 16254/1439/2131 16253/1397/2131
f 16258/1398/2132 16257/1440/2132 16256/1439/2131
f 16261/1398/2133 16260/1441/2134 16259/1440/2133
f 16264/1398/2133 16263/1399/2135 16262/1441/2136
f 16267/1442/2105 16266/1385/2105 16265/1387/2105
f 16270/1442/2105 16269/1443/2105 16268/1385/2105
f 16273/1442/2105 16272/1385/2105 16271/1387/2105
f 16276/1442/2105 16275/1443/2105 16274/1385/2105
f 16279/1442/2105 16278/1385/2105 16277/1387/2105
f 16282/1442/2105 16281/1443/2105 16280/1385/2105
f 16285/1387/2105 16284/1443/2105 16283/1385/2105
f 16288/1387/2105 16287/1442/2105 16286/1443/2105
f 16291/1386/2137 16290/1387/2138 16289/1385/2138
f 16294/1386/2137 16293/1384/2137 16292/1387/2138
f 16297/1444/2139 16296/1443/2140 16295/1442/2140
f 16300/1444/2139 16299/1445/2139 16298/1443/2140
f 16303/1446/2141 16302/1443/2138 16301/1447/2141
f 16306/1446/2142 16305/1385/2138 16304/1443/2138
f 16309/1446/2143 16308/1443/2144 16307/1447/2143
f 16312/1446/2143 16311/1385/2144 16310/1443/2144
f 16315/1448/2145 16314/1442/2140 16313/1387/2140
f 16318/1448/2145 16317/1449/2145 16316/1442/2140
f 16321/1448/2146 16320/1442/2103 16319/1387/2103
f 16324/1448/2146 16323/1449/2146 16322/1442/2103
f 16327/1445/2147 16326/1442/2144 16325/1444/2147
f 16330/1445/2147 16329/1443/2144 16328/1442/2144
f 16333/1444/2148 16332/1443/2149 16331/1442/2150
f 16336/1444/2151 16335/1445/2151 16334/1443/2103
f 16339/1384/2152 16338/1385/2144 16337/1386/2152
f 16342/1384/2152 16341/1387/2144 16340/1385/2144
f 16345/1445/2153 16344/1442/2138 16343/1444/2153
f 16348/1445/2153 16347/1443/2138 16346/1442/2138
f 16351/1447/2145 16350/1385/2140 16349/1443/2140
f 16354/1447/2145 16353/1446/2145 16352/1385/2140
f 16357/1446/2154 16356/1443/2103 16355/1447/2146
f 16360/1446/2146 16359/1385/2103 16358/1443/2103
f 16363/1384/2155 16362/1385/2140 16361/1386/2155
f 16366/1384/2155 16365/1387/2140 16364/1385/2140
f 16369/1448/2141 16368/1442/2138 16367/1387/2138
f 16372/1448/2156 16371/1449/2157 16370/1442/2158
f 16375/1448/2143 16374/1442/2144 16373/1387/2144
f 16378/1448/2143 16377/1449/2143 16376/1442/2144
f 16381/1450/2105 16380/1451/2105 16379/1452/2105
f 16384/1450/2105 16383/1453/2105 16382/1451/2105
f 16387/1453/2105 16386/1454/2105 16385/1451/2105
f 16390/1453/2105 16389/1455/2105 16388/1454/2105
f 16393/1455/2105 16392/1456/2105 16391/1454/2105
f 16396/1455/2105 16395/1457/2105 16394/1456/2105
f 16399/1457/2105 16398/1458/2105 16397/1456/2105
f 16402/1457/2105 16401/1459/2105 16400/1458/2105
f 16405/1459/2105 16404/1460/2105 16403/1458/2105
f 16408/1459/2105 16407/1461/2105 16406/1460/2105
f 16411/1461/2105 16410/1462/2105 16409/1460/2105
f 16414/1461/2105 16413/1463/2105 16412/1462/2105
f 16417/1463/2105 16416/1464/2105 16415/1462/2105
f 16420/1463/2105 16419/1465/2105 16418/1464/2105
f 16423/1465/2105 16422/1466/2105 16421/1464/2105
f 16426/1465/2105 16425/1467/2105 16424/1466/2105
f 16429/1467/2105 16428/1468/2105 16427/1466/2105
f 16432/1467/2105 16431/1469/2105 16430/1468/2105
f 16435/1469/2105 16434/1470/2105 16433/1468/2105
f 16438/1469/2105 16437/1471/2105 16436/1470/2105
f 16441/1472/2105 16440/1473/2105 16439/1474/2105
f 16444/1472/2105 16443/1475/2105 16442/1473/2105
f 16447/1475/2105 16446/1476/2105 16445/1473/2105
f 16450/1475/2105 16449/1477/2105 16448/1476/2105
f 16453/1477/2105 16452/1478/2105 16451/1476/2105
f 16456/1477/2105 16455/1479/2105 16454/1478/2105
f 16459/1479/2105 16458/1480/2105 16457/1478/2105
f 16462/1479/2105 16461/1481/2105 16460/1480/2105
f 16465/1481/2105 16464/1482/2105 16463/1480/2105
f 16468/1481/2105 16467/1483/2105 16466/1482/2105
f 16471/1483/2105 16470/1484/2105 16469/1482/2105
f 16474/1483/2105 16473/1485/2105 16472/1484/2105
f 16477/1485/2105 16476/1486/2105 16475/1484/2105
f 16480/1485/2105 16479/1487/2105 16478/1486/2105
f 16483/1487/2105 16482/1488/2105 16481/1486/2105
f 16486/1487/2105 16485/1489/2105 16484/1488/2105
f 16489/1489/2105 16488/1490/2105 16487/1488/2105
f 16492/1489/2105 16491/1491/2105 16490/1490/2105
f 16495/1491/2105 16494/1492/2105 16493/1490/2105
f 16498/1491/2105 16497/1493/2105 16496/1492/2105
f 16501/1431/2105 16500/1494/2105 16499/1495/2105
f 16504/1431/2105 16503/1432/2105 16502/1494/2105
f 16507/1432/2105 16506/1496/2105 16505/1494/2105
f 16510/1432/2105 16509/1433/2105 16508/1496/2105
f 16513/1433/2105 16512/1497/2105 16511/1496/2105
f 16516/1433/2105 16515/1434/2105 16514/1497/2105
f 16519/1434/2105 16518/1498/2105 16517/1497/2105
f 16522/1434/2105 16521/1435/2105 16520/1498/2105
f 16525/1435/2105 16524/1499/2105 16523/1498/2105
f 16528/1435/2105 16527/1436/2105 16526/1499/2105
f 16531/1436/2105 16530/1500/2105 16529/1499/2105
f 16534/1436/2105 16533/1437/2105 16532/1500/2105
f 16537/1437/2105 16536/1501/2105 16535/1500/2105
f 16540/1437/2105 16539/1438/2105 16538/1501/2105
f 16543/1438/2105 16542/1502/2105 16541/1501/2105
f 16546/1438/2105 16545/1439/2105 16544/1502/2105
f 16549/1439/2105 16548/1503/2105 16547/1502/2105
f 16552/1439/2105 16551/1440/2105 16550/1503/2105
f 16555/1440/2105 16554/1504/2105 16553/1503/2105
f 16558/1440/2105 16557/1441/2105 16556/1504/2105
f 16561/1505/2105 16560/1506/2105 16559/1507/2105
f 16564/1505/2105 16563/1508/2105 16562/1506/2105
f 16567/1508/2105 16566/1509/2105 16565/1506/2105
f 16570/1508/2105 16569/1510/2105 16568/1509/2105
f 16573/1510/2105 16572/1511/2105 16571/1509/2105
f 16576/1510/2105 16575/1512/2105 16574/1511/2105
f 16579/1512/2105 16578/1513/2105 16577/1511/2105
f 16582/1512/2105 16581/1514/2105 16580/1513/2105
f 16585/1514/2105 16584/1515/2105 16583/1513/2105
f 16588/1514/2105 16587/1516/2105 16586/1515/2105
f 16591/1516/2105 16590/1517/2105 16589/1515/2105
f 16594/1516/2105 16593/1518/2105 16592/1517/2105
f 16597/1518/2105 16596/1519/2105 16595/1517/2105
f 16600/1518/2105 16599/1520/2105 16598/1519/2105
f 16603/1520/2105 16602/1521/2105 16601/1519/2105
f 16606/1520/2105 16605/1522/2105 16604/1521/2105
f 16609/1522/2105 16608/1523/2105 16607/1521/2105
f 16612/1522/2105 16611/1524/2105 16610/1523/2105
f 16615/1524/2105 16614/1525/2105 16613/1523/2105
f 16618/1524/2105 16617/1526/2105 16616/1525/2105
f 16621/1527/2159 16620/1528/2159 16619/1529/2159
f 16624/1527/2159 16623/1530/2159 16622/1528/2159
f 16627/1527/2159 16626/1531/2159 16625/1530/2159
f 16630/1527/2159 16629/1532/2159 16628/1531/2159
f 16633/1527/2159 16632/1533/2159 16631/1532/2159
f 16636/1527/2159 16635/1534/2159 16634/1533/2159
f 16639/1527/2159 16638/1535/2159 16637/1534/2159
f 16642/1527/2159 16641/1536/2159 16640/1535/2159
f 16645/1527/2159 16644/1537/2159 16643/1536/2159
f 16648/1527/2159 16647/1538/2159 16646/1537/2159
f 16651/1527/2159 16650/1539/2159 16649/1538/2159
f 16654/1527/2159 16653/1540/2159 16652/1539/2159
f 16657/1527/2159 16656/1541/2159 16655/1540/2159
f 16660/1527/2159 16659/1542/2159 16658/1541/2159
f 16663/1527/2159 16662/1543/2159 16661/1542/2159
f 16666/1527/2159 16665/1544/2159 16664/1543/2159
f 16669/1527/2159 16668/1545/2159 16667/1544/2159
f 16672/1527/2159 16671/1546/2159 16670/1545/2159
f 16675/1527/2159 16674/1547/2159 16673/1546/2159
f 16678/1527/2159 16677/1548/2159 16676/1547/2159
f 16681/1527/2159 16680/1549/2159 16679/1550/2159
f 16684/1527/2159 16683/1551/2159 16682/1549/2159
f 16687/1527/2159 16686/1552/2159 16685/1551/2159
f 16690/1527/2159 16689/1553/2159 16688/1552/2159
f 16693/1527/2159 16692/1554/2159 16691/1553/2159
f 16696/1527/2159 16695/1555/2159 16694/1554/2159
f 16699/1527/2159 16698/1556/2159 16697/1555/2159
f 16702/1527/2159 16701/1557/2159 16700/1556/2159
f 16705/1527/2159 16704/1558/2159 16703/1557/2159
f 16708/1527/2159 16707/1559/2159 16706/1558/2159
f 16711/1527/2159 16710/1560/2159 16709/1559/2159
f 16714/1527/2159 16713/1561/2159 16712/1560/2159
f 16717/1527/2159 16716/1562/2159 16715/1561/2159
f 16720/1527/2159 16719/1563/2159 16718/1562/2159
f 16723/1527/2159 16722/1564/2159 16721/1563/2159
f 16726/1527/2159 16725/1565/2159 16724/1564/2159
f 16729/1527/2159 16728/1566/2159 16727/1565/2159
f 16732/1527/2159 16731/1529/2159 16730/1566/2159
f 16735/1567/2160 16734/1568/2161 16733/1569/2160
f 16738/1567/2160 16737/1570/2161 16736/1568/2161
f 16741/1571/2140 16740/1568/2162 16739/1570/2162
f 16744/1571/2140 16743/1572/2140 16742/1568/2162
f 16747/1573/2163 16746/1572/2164 16745/1571/2164
f 16750/1573/2163 16749/1574/2163 16748/1572/2164
f 16753/1573/2165 16752/1575/2166 16751/1574/2165
f 16756/1573/2165 16755/1576/2166 16754/1575/2166
f 16759/1577/2167 16758/1575/2166 16757/1576/2166
f 16762/1577/2167 16761/1578/2167 16760/1575/2166
f 16765/1579/2168 16764/1578/2167 16763/1577/2167
f 16768/1579/2168 16767/1580/2168 16766/1578/2167
f 16771/1579/2168 16770/1581/2169 16769/1580/2168
f 16774/1579/2168 16773/1582/2169 16772/1581/2169
f 16777/1582/2169 16776/1583/2170 16775/1581/2169
f 16780/1582/2169 16779/1584/2170 16778/1583/2170
f 16783/1584/2170 16782/1585/2171 16781/1583/2170
f 16786/1584/2170 16785/1586/2171 16784/1585/2171
f 16789/1587/2172 16788/1585/2173 16787/1586/2173
f 16792/1587/2172 16791/1588/2172 16790/1585/2173
f 16795/1589/2174 16794/1588/2172 16793/1587/2172
f 16798/1589/2174 16797/1590/2174 16796/1588/2172
f 16801/1591/2138 16800/1590/2174 16799/1589/2174
f 16804/1591/2138 16803/1592/2138 16802/1590/2175
f 16807/1593/2176 16806/1594/2177 16805/1595/2177
f 16810/1593/2176 16809/1595/2177 16808/1596/2176
f 16813/1596/2176 16812/1597/2178 16811/1593/2176
f 16816/1596/2176 16815/1598/2178 16814/1597/2178
f 16819/1599/2179 16818/1597/2178 16817/1598/2178
f 16822/1599/2179 16821/1600/2179 16820/1597/2178
f 16825/1601/2180 16824/1600/2179 16823/1599/2179
f 16828/1601/2180 16827/1602/2180 16826/1600/2179
f 16831/1601/2180 16830/1603/2181 16829/1602/2180
f 16834/1601/2180 16833/1604/2181 16832/1603/2181
f 16837/1605/2182 16836/1603/2181 16835/1604/2181
f 16840/1605/2182 16839/1606/2182 16838/1603/2181
f 16843/1607/2183 16842/1606/2182 16841/1605/2182
f 16846/1607/2183 16845/1608/2183 16844/1606/2182
f 16849/1607/2184 16848/1609/2185 16847/1608/2184
f 16852/1607/2184 16851/1610/2185 16850/1609/2185
f 16855/1611/2186 16854/1609/2185 16853/1610/2185
f 16858/1611/2186 16857/1612/2186 16856/1609/2185
f 16861/1613/2103 16860/1612/2186 16859/1611/2186
f 16864/1613/2103 16863/1614/2103 16862/1612/2186
f 16867/1615/2187 16866/1614/2150 16865/1613/2150
f 16870/1615/2187 16869/1613/2150 16868/1616/2187
f 16873/1616/2187 16872/1617/2188 16871/1615/2187
f 16876/1616/2187 16875/1618/2188 16874/1617/2188
f 16879/1619/2189 16878/1617/2188 16877/1618/2188
f 16882/1619/2189 16881/1620/2189 16880/1617/2188
f 16885/1619/2189 16884/1621/2190 16883/1620/2189
f 16888/1619/2189 16887/1622/2190 16886/1621/2190
f 16891/1622/2190 16890/1623/2191 16889/1621/2190
f 16894/1622/2190 16893/1624/2191 16892/1623/2191
f 16897/1624/2191 16896/1625/2192 16895/1623/2191
f 16900/1624/2191 16899/1626/2192 16898/1625/2192
f 16903/1627/2193 16902/1625/2192 16901/1626/2192
f 16906/1627/2193 16905/1628/2193 16904/1625/2192
f 16909/1627/2194 16908/1569/2160 16907/1628/2194
f 16912/1627/2194 16911/1567/2160 16910/1569/2160
f 16915/1421/2195 16914/1524/2195 16913/1522/2196
f 16918/1421/2197 16917/1526/2198 16916/1524/2197
f 16921/1421/2197 16920/1420/2198 16919/1526/2198
f 16924/1420/2198 16923/1450/2198 16922/1526/2198
f 16927/1419/2199 16926/1450/2198 16925/1420/2198
f 16930/1419/2199 16929/1453/2200 16928/1450/2201
f 16933/1418/2202 16932/1453/2203 16931/1419/2203
f 16936/1418/2202 16935/1455/2202 16934/1453/2200
f 16939/1417/2204 16938/1455/2202 16937/1418/2202
f 16942/1417/2204 16941/1457/2204 16940/1455/2202
f 16945/1416/2205 16944/1457/2204 16943/1417/2204
f 16948/1416/2205 16947/1459/2205 16946/1457/2204
f 16951/1415/2206 16950/1459/2207 16949/1416/2205
f 16954/1415/2208 16953/1461/2208 16952/1459/2207
f 16957/1414/2209 16956/1461/2206 16955/1415/2206
f 16960/1414/2209 16959/1463/2209 16958/1461/2206
f 16963/1413/2210 16962/1463/2209 16961/1414/2209
f 16966/1413/2210 16965/1465/2210 16964/1463/2209
f 16969/1412/2211 16968/1465/2212 16967/1413/2212
f 16972/1412/2211 16971/1467/2211 16970/1465/2212
f 16975/1411/2213 16974/1467/2211 16973/1412/2211
f 16978/1411/2213 16977/1469/2213 16976/1467/2211
f 16981/1411/2214 16980/1471/2215 16979/1469/2214
f 16984/1411/2216 16983/1410/2217 16982/1471/2218
f 16987/1410/2218 16986/1472/2219 16985/1471/2218
f 16990/1409/2220 16989/1472/2215 16988/1410/2215
f 16993/1409/2220 16992/1475/2220 16991/1472/2215
f 16996/1409/2221 16995/1477/2222 16994/1475/2223
f 16999/1409/2223 16998/1408/2224 16997/1477/2224
f 17002/1408/2222 17001/1479/2225 17000/1477/2222
f 17005/1408/2222 17004/1407/2225 17003/1479/2225
f 17008/1407/2225 17007/1481/2226 17006/1479/2225
f 17011/1407/2227 17010/1406/2226 17009/1481/2226
f 17014/1406/2228 17013/1483/2229 17012/1481/2228
f 17017/1406/2228 17016/1405/2230 17015/1483/2230
f 17020/1405/2229 17019/1485/2231 17018/1483/2229
f 17023/1405/2232 17022/1404/2231 17021/1485/2231
f 17026/1403/2233 17025/1485/2231 17024/1404/2231
f 17029/1403/2233 17028/1487/2233 17027/1485/2231
f 17032/1402/2234 17031/1487/2233 17030/1403/2233
f 17035/1402/2234 17034/1489/2234 17033/1487/2233
f 17038/1401/2235 17037/1489/2234 17036/1402/2234
f 17041/1401/2235 17040/1491/2235 17039/1489/2234
f 17044/1401/2236 17043/1493/2237 17042/1491/2236
f 17047/1401/2236 17046/1400/2238 17045/1493/2239
f 17050/1400/2238 17049/1629/2238 17048/1493/2239
f 17053/1494/2240 17052/1630/2143 17051/1495/2143
f 17056/1494/2240 17055/1631/2240 17054/1630/2143
f 17059/1494/2241 17058/1632/2242 17057/1631/2241
f 17062/1494/2241 17061/1496/2243 17060/1632/2242
f 17065/1496/2242 17064/1633/2244 17063/1632/2242
f 17068/1496/2242 17067/1497/2244 17066/1633/2244
f 17071/1497/2244 17070/1634/2245 17069/1633/2244
f 17074/1497/2244 17073/1498/2245 17072/1634/2245
f 17077/1498/2245 17076/1635/2246 17075/1634/2245
f 17080/1498/2245 17079/1499/2246 17078/1635/2246
f 17083/1499/2246 17082/1636/2247 17081/1635/2246
f 17086/1499/2246 17085/1500/2247 17084/1636/2247
f 17089/1500/2247 17088/1637/2248 17087/1636/2247
f 17092/1500/2247 17091/1501/2248 17090/1637/2248
f 17095/1501/2249 17094/1638/2250 17093/1637/2249
f 17098/1501/2248 17097/1502/2250 17096/1638/2250
f 17101/1502/2250 17100/1639/2251 17099/1638/2250
f 17104/1502/2250 17103/1503/2251 17102/1639/2251
f 17107/1503/2251 17106/1640/2141 17105/1639/2251
f 17110/1503/2251 17109/1504/2141 17108/1640/2141
f 17113/1430/2135 17112/1505/2135 17111/1641/2136
f 17116/1429/2252 17115/1505/2253 17114/1430/2253
f 17119/1429/2252 17118/1508/2252 17117/1505/2254
f 17122/1429/2255 17121/1510/2256 17120/1508/2255
f 17125/1429/2255 17124/1428/2257 17123/1510/2257
f 17128/1427/2258 17127/1510/2257 17126/1428/2257
f 17131/1427/2258 17130/1512/2258 17129/1510/2257
f 17134/1426/2259 17133/1512/2258 17132/1427/2258
f 17137/1426/2259 17136/1514/2259 17135/1512/2258
f 17140/1425/2260 17139/1514/2259 17138/1426/2259
f 17143/1425/2260 17142/1516/2260 17141/1514/2259
f 17146/1424/2261 17145/1516/2260 17144/1425/2260
f 17149/1424/2261 17148/1518/2262 17147/1516/2260
f 17152/1424/2262 17151/1520/2263 17150/1518/2262
f 17155/1424/2262 17154/1423/2263 17153/1520/2263
f 17158/1422/2196 17157/1520/2263 17156/1423/2263
f 17161/1422/2196 17160/1522/2196 17159/1520/2263
f 17164/1421/2195 17163/1522/2196 17162/1422/2196
f 17167/1464/2264 17166/1617/2265 17165/1620/2264
f 17170/1464/2266 17169/1466/2265 17168/1617/2265
f 17173/1466/2265 17172/1615/2267 17171/1617/2265
f 17176/1466/2265 17175/1468/2267 17174/1615/2267
f 17179/1468/2268 17178/1614/2146 17177/1615/2268
f 17182/1468/2267 17181/1470/2146 17180/1614/2146
f 17185/1614/2146 17184/1470/2146 17183/1474/2146
f 17188/1473/2269 17187/1614/2146 17186/1474/2146
f 17191/1473/2270 17190/1612/2269 17189/1614/2146
f 17194/1473/2269 17193/1609/2271 17192/1612/2269
f 17197/1473/2269 17196/1476/2271 17195/1609/2272
f 17200/1476/2271 17199/1608/2273 17198/1609/2271
f 17203/1476/2271 17202/1478/2273 17201/1608/2273
f 17206/1478/2273 17205/1606/2274 17204/1608/2273
f 17209/1478/2273 17208/1480/2274 17207/1606/2274
f 17212/1480/2274 17211/1603/2275 17210/1606/2274
f 17215/1480/2274 17214/1482/2275 17213/1603/2275
f 17218/1482/2275 17217/1602/2276 17216/1603/2275
f 17221/1482/2275 17220/1484/2276 17219/1602/2276
f 17224/1484/2276 17223/1600/2277 17222/1602/2276
f 17227/1484/2276 17226/1486/2277 17225/1600/2277
f 17230/1486/2278 17229/1597/2279 17228/1600/2278
f 17233/1486/2277 17232/1488/2279 17231/1597/2279
f 17236/1488/2279 17235/1593/2280 17234/1597/2279
f 17239/1488/2279 17238/1490/2280 17237/1593/2280
f 17242/1490/2281 17241/1594/2143 17240/1593/2281
f 17245/1490/2281 17244/1492/2143 17243/1594/2143
f 17248/1594/2143 17247/1492/2143 17246/1642/2143
f 17251/1643/2282 17250/1640/2138 17249/1644/2138
f 17254/1643/2282 17253/1639/2282 17252/1640/2138
f 17257/1645/2283 17256/1639/2282 17255/1643/2282
f 17260/1645/2283 17259/1638/2283 17258/1639/2282
f 17263/1645/2283 17262/1637/2284 17261/1638/2283
f 17266/1645/2283 17265/1646/2284 17264/1637/2284
f 17269/1646/2284 17268/1636/2285 17267/1637/2284
f 17272/1646/2284 17271/1647/2285 17270/1636/2285
f 17275/1648/2286 17274/1636/2285 17273/1647/2285
f 17278/1648/2286 17277/1635/2286 17276/1636/2285
f 17281/1649/2287 17280/1635/2286 17279/1648/2286
f 17284/1649/2287 17283/1634/2287 17282/1635/2286
f 17287/1649/2287 17286/1633/2288 17285/1634/2287
f 17290/1649/2287 17289/1650/2288 17288/1633/2288
f 17293/1650/2289 17292/1632/2290 17291/1633/2289
f 17296/1650/2289 17295/1651/2290 17294/1632/2290
f 17299/1651/2290 17298/1631/2291 17297/1632/2290
f 17302/1651/2290 17301/1652/2291 17300/1631/2291
f 17305/1653/2144 17304/1631/2292 17303/1652/2292
f 17308/1653/2144 17307/1630/2144 17306/1631/2292
f 17311/1521/2293 17310/1523/2294 17309/1574/2294
f 17314/1574/2294 17313/1523/2294 17312/1525/2145
f 17317/1574/2294 17316/1525/2145 17315/1572/2145
f 17320/1452/2145 17319/1572/2145 17318/1525/2145
f 17323/1568/2295 17322/1572/2145 17321/1452/2145
f 17326/1568/2295 17325/1452/2145 17324/1451/2295
f 17329/1451/2296 17328/1569/2297 17327/1568/2296
f 17332/1451/2296 17331/1454/2297 17330/1569/2298
f 17335/1454/2297 17334/1628/2299 17333/1569/2297
f 17338/1454/2297 17337/1456/2299 17336/1628/2299
f 17341/1456/2299 17340/1625/2300 17339/1628/2299
f 17344/1456/2299 17343/1458/2300 17342/1625/2300
f 17347/1458/2300 17346/1623/2301 17345/1625/2300
f 17350/1458/2300 17349/1460/2301 17348/1623/2301
f 17353/1460/2301 17352/1621/2302 17351/1623/2301
f 17356/1460/2301 17355/1462/2302 17354/1621/2302
f 17359/1462/2302 17358/1620/2264 17357/1621/2302
f 17362/1462/2302 17361/1464/2264 17360/1620/2264
f 17365/1592/2141 17364/1654/2141 17363/1507/2141
f 17368/1506/2303 17367/1592/2141 17366/1507/2141
f 17371/1506/2303 17370/1590/2303 17369/1592/2141
f 17374/1506/2303 17373/1588/2304 17372/1590/2303
f 17377/1506/2303 17376/1509/2304 17375/1588/2304
f 17380/1509/2304 17379/1585/2305 17378/1588/2304
f 17383/1509/2304 17382/1511/2305 17381/1585/2305
f 17386/1511/2305 17385/1583/2306 17384/1585/2305
f 17389/1511/2305 17388/1513/2306 17387/1583/2306
f 17392/1513/2306 17391/1581/2307 17390/1583/2306
f 17395/1513/2306 17394/1515/2307 17393/1581/2307
f 17398/1515/2307 17397/1580/2308 17396/1581/2307
f 17401/1515/2307 17400/1517/2308 17399/1580/2308
f 17404/1517/2308 17403/1578/2309 17402/1580/2308
f 17407/1517/2308 17406/1519/2309 17405/1578/2309
f 17410/1519/2310 17409/1575/2293 17408/1578/2310
f 17413/1519/2310 17412/1521/2293 17411/1575/2293
f 17416/1521/2293 17415/1574/2294 17414/1575/2293
