# Blender 5.1.0
# www.blender.org
mtllib door.mtl
o portal_door_combined_model_2
v 0.000000 0.592381 0.036193
v 0.000000 0.594108 0.039116
v 0.000000 0.588137 0.034960
v -0.574216 0.450507 -0.000000
v -0.574216 0.235918 -0.000000
v -0.574216 0.450507 -0.039116
v -0.574216 0.450507 -0.039116
v -0.574216 0.235918 -0.000000
v -0.574216 0.235918 -0.039116
v -0.574216 0.235918 -0.000000
v -0.574216 0.021330 -0.000000
v -0.574216 0.235918 -0.039116
v -0.574216 0.235918 -0.039116
v -0.574216 0.021330 -0.000000
v -0.574216 0.021330 -0.039116
v -0.574216 0.743361 -0.039116
v -0.574216 0.450507 -0.000000
v -0.574216 0.450507 -0.039116
v -0.574216 0.743361 -0.000000
v -0.574216 0.450507 -0.000000
v -0.574216 0.743361 -0.039116
v -0.574216 1.036216 -0.039116
v -0.574216 0.743361 -0.000000
v -0.574216 0.743361 -0.039116
v -0.574216 1.036215 -0.000000
v -0.574216 0.743361 -0.000000
v -0.574216 1.036216 -0.039116
v -0.574216 1.036216 0.039116
v -0.574216 0.743361 -0.000000
v -0.574216 1.036215 -0.000000
v -0.574216 0.743361 0.039116
v -0.574216 0.743361 -0.000000
v -0.574216 1.036216 0.039116
v -0.574216 0.743361 0.039116
v -0.574216 0.450507 -0.000000
v -0.574216 0.743361 -0.000000
v -0.574216 0.450507 0.039116
v -0.574216 0.450507 -0.000000
v -0.574216 0.743361 0.039116
v -0.574216 0.450507 0.039116
v -0.574216 0.235918 -0.000000
v -0.574216 0.450507 -0.000000
v -0.574216 0.235918 0.039116
v -0.574216 0.235918 -0.000000
v -0.574216 0.450507 0.039116
v -0.574216 0.235918 0.039116
v -0.574216 0.021330 -0.000000
v -0.574216 0.235918 -0.000000
v -0.574216 0.021330 0.039116
v -0.574216 0.021330 -0.000000
v -0.574216 0.235918 0.039116
v -0.135539 0.474406 0.034960
v -0.129330 0.497579 -0.000000
v -0.135539 0.474406 -0.000000
v -0.129330 0.497579 0.034960
v -0.129330 0.497579 -0.000000
v -0.135539 0.474406 0.034960
v -0.129330 0.497579 0.034960
v -0.119191 0.519322 -0.000000
v -0.129330 0.497579 -0.000000
v -0.119191 0.519322 0.034960
v -0.119191 0.519322 -0.000000
v -0.129330 0.497579 0.034960
v -0.119191 0.519322 0.034960
v -0.105431 0.538974 -0.000000
v -0.119191 0.519322 -0.000000
v -0.105431 0.538974 0.034960
v -0.105431 0.538974 -0.000000
v -0.119191 0.519322 0.034960
v -0.105431 0.538974 0.034960
v -0.088467 0.555938 -0.000000
v -0.105431 0.538974 -0.000000
v -0.088467 0.555938 0.034960
v -0.088467 0.555938 -0.000000
v -0.105431 0.538974 0.034960
v -0.088467 0.555938 0.034960
v -0.068815 0.569698 -0.000000
v -0.088467 0.555938 -0.000000
v -0.068815 0.569698 0.034960
v -0.068815 0.569698 -0.000000
v -0.088467 0.555938 0.034960
v -0.068815 0.569698 0.034960
v -0.047072 0.579837 -0.000000
v -0.068815 0.569698 -0.000000
v -0.047072 0.579837 0.034960
v -0.047072 0.579837 -0.000000
v -0.068815 0.569698 0.034960
v -0.047072 0.579837 0.034960
v -0.023899 0.586046 -0.000000
v -0.047072 0.579837 -0.000000
v -0.023899 0.586046 0.034960
v -0.023899 0.586046 -0.000000
v -0.047072 0.579837 0.034960
v -0.023899 0.586046 -0.034960
v -0.023899 0.586046 -0.000000
v -0.000000 0.588137 -0.034960
v -0.000000 0.588137 -0.034960
v -0.023899 0.586046 -0.000000
v -0.000000 0.588137 -0.000000
v -0.023899 0.586046 -0.000000
v -0.023899 0.586046 0.034960
v -0.000000 0.588137 -0.000000
v -0.000000 0.588137 -0.000000
v -0.023899 0.586046 0.034960
v -0.000000 0.588137 0.034960
v -0.137630 0.450507 -0.000000
v -0.135539 0.426608 -0.034960
v -0.135539 0.426608 -0.000000
v -0.137630 0.450507 -0.034960
v -0.135539 0.426608 -0.034960
v -0.137630 0.450507 -0.000000
v -0.137630 0.450507 -0.000000
v -0.135539 0.474406 -0.034960
v -0.137630 0.450507 -0.034960
v -0.135539 0.474406 -0.000000
v -0.135539 0.474406 -0.034960
v -0.137630 0.450507 -0.000000
v -0.135539 0.474406 -0.000000
v -0.129330 0.497579 -0.034960
v -0.135539 0.474406 -0.034960
v -0.129330 0.497579 -0.000000
v -0.129330 0.497579 -0.034960
v -0.135539 0.474406 -0.000000
v -0.129330 0.497579 -0.000000
v -0.119191 0.519322 -0.034960
v -0.129330 0.497579 -0.034960
v -0.119191 0.519322 -0.000000
v -0.119191 0.519322 -0.034960
v -0.129330 0.497579 -0.000000
v -0.119191 0.519322 -0.000000
v -0.105431 0.538974 -0.034960
v -0.119191 0.519322 -0.034960
v -0.105431 0.538974 -0.000000
v -0.105431 0.538974 -0.034960
v -0.119191 0.519322 -0.000000
v -0.105431 0.538974 -0.000000
v -0.088467 0.555938 -0.034960
v -0.105431 0.538974 -0.034960
v -0.088467 0.555938 -0.000000
v -0.088467 0.555938 -0.034960
v -0.105431 0.538974 -0.000000
v -0.088467 0.555938 -0.000000
v -0.068815 0.569698 -0.034960
v -0.088467 0.555938 -0.034960
v -0.068815 0.569698 -0.000000
v -0.068815 0.569698 -0.034960
v -0.088467 0.555938 -0.000000
v -0.068815 0.569698 -0.000000
v -0.047072 0.579837 -0.034960
v -0.068815 0.569698 -0.034960
v -0.047072 0.579837 -0.000000
v -0.047072 0.579837 -0.034960
v -0.068815 0.569698 -0.000000
v -0.047072 0.579837 -0.000000
v -0.023899 0.586046 -0.034960
v -0.047072 0.579837 -0.034960
v -0.023899 0.586046 -0.000000
v -0.023899 0.586046 -0.034960
v -0.047072 0.579837 -0.000000
v -0.023899 0.314968 -0.000000
v -0.023899 0.314968 0.034960
v -0.047072 0.321177 -0.000000
v -0.047072 0.321177 -0.000000
v -0.023899 0.314968 0.034960
v -0.047072 0.321177 0.034960
v -0.047072 0.321177 -0.000000
v -0.047072 0.321177 0.034960
v -0.068815 0.331316 -0.000000
v -0.068815 0.331316 -0.000000
v -0.047072 0.321177 0.034960
v -0.068815 0.331316 0.034960
v -0.068815 0.331316 -0.000000
v -0.068815 0.331316 0.034960
v -0.088467 0.345076 -0.000000
v -0.088467 0.345076 -0.000000
v -0.068815 0.331316 0.034960
v -0.088467 0.345076 0.034960
v -0.088467 0.345076 -0.000000
v -0.088467 0.345076 0.034960
v -0.105431 0.362040 -0.000000
v -0.105431 0.362040 -0.000000
v -0.088467 0.345076 0.034960
v -0.105431 0.362040 0.034960
v -0.105431 0.362040 -0.000000
v -0.105431 0.362040 0.034960
v -0.119191 0.381692 -0.000000
v -0.119191 0.381692 -0.000000
v -0.105431 0.362040 0.034960
v -0.119191 0.381692 0.034960
v -0.119191 0.381692 -0.000000
v -0.119191 0.381692 0.034960
v -0.129330 0.403435 -0.000000
v -0.129330 0.403435 -0.000000
v -0.119191 0.381692 0.034960
v -0.129330 0.403435 0.034960
v -0.129330 0.403435 -0.000000
v -0.129330 0.403435 0.034960
v -0.135539 0.426608 -0.000000
v -0.135539 0.426608 -0.000000
v -0.129330 0.403435 0.034960
v -0.135539 0.426608 0.034960
v -0.135539 0.426608 -0.000000
v -0.135539 0.426608 0.034960
v -0.137630 0.450507 -0.000000
v -0.137630 0.450507 -0.000000
v -0.135539 0.426608 0.034960
v -0.137630 0.450507 0.034960
v -0.137630 0.450507 0.034960
v -0.135539 0.474406 -0.000000
v -0.137630 0.450507 -0.000000
v -0.135539 0.474406 0.034960
v -0.135539 0.474406 -0.000000
v -0.137630 0.450507 0.034960
v -0.023899 0.314968 -0.000000
v 0.000000 0.312877 0.034960
v -0.023899 0.314968 0.034960
v 0.000000 0.312877 -0.000000
v 0.000000 0.312877 0.034960
v -0.023899 0.314968 -0.000000
v -0.023899 0.314968 -0.000000
v 0.000000 0.312877 -0.034960
v 0.000000 0.312877 -0.000000
v -0.023899 0.314968 -0.034960
v 0.000000 0.312877 -0.034960
v -0.023899 0.314968 -0.000000
v -0.047072 0.321177 -0.000000
v -0.023899 0.314968 -0.034960
v -0.023899 0.314968 -0.000000
v -0.047072 0.321177 -0.034960
v -0.023899 0.314968 -0.034960
v -0.047072 0.321177 -0.000000
v -0.068815 0.331316 -0.000000
v -0.047072 0.321177 -0.034960
v -0.047072 0.321177 -0.000000
v -0.068815 0.331316 -0.034960
v -0.047072 0.321177 -0.034960
v -0.068815 0.331316 -0.000000
v -0.088467 0.345076 -0.000000
v -0.068815 0.331316 -0.034960
v -0.068815 0.331316 -0.000000
v -0.088467 0.345076 -0.034960
v -0.068815 0.331316 -0.034960
v -0.088467 0.345076 -0.000000
v -0.105431 0.362040 -0.000000
v -0.088467 0.345076 -0.034960
v -0.088467 0.345076 -0.000000
v -0.105431 0.362040 -0.034960
v -0.088467 0.345076 -0.034960
v -0.105431 0.362040 -0.000000
v -0.119191 0.381692 -0.000000
v -0.105431 0.362040 -0.034960
v -0.105431 0.362040 -0.000000
v -0.119191 0.381692 -0.034960
v -0.105431 0.362040 -0.034960
v -0.119191 0.381692 -0.000000
v -0.129330 0.403435 -0.000000
v -0.119191 0.381692 -0.034960
v -0.119191 0.381692 -0.000000
v -0.129330 0.403435 -0.034960
v -0.119191 0.381692 -0.034960
v -0.129330 0.403435 -0.000000
v -0.135539 0.426608 -0.000000
v -0.129330 0.403435 -0.034960
v -0.129330 0.403435 -0.000000
v -0.135539 0.426608 -0.034960
v -0.129330 0.403435 -0.034960
v -0.135539 0.426608 -0.000000
v 0.000000 0.305802 -0.000000
v -0.055714 0.305802 0.034244
v 0.000000 0.305802 0.034244
v -0.055714 0.305802 -0.000000
v -0.055714 0.305802 0.034244
v 0.000000 0.305802 -0.000000
v -0.055714 0.305802 -0.034244
v 0.000000 0.305802 -0.000000
v 0.000000 0.305802 -0.034244
v -0.055714 0.305802 -0.000000
v 0.000000 0.305802 -0.000000
v -0.055714 0.305802 -0.034244
v 0.000000 0.128780 0.034244
v -0.055714 0.090892 0.034244
v 0.000000 0.090892 0.034244
v -0.055714 0.128780 0.034244
v -0.055714 0.090892 0.034244
v 0.000000 0.128780 0.034244
v 0.000000 0.078454 0.034244
v -0.055714 0.028330 0.034244
v 0.000000 0.028330 0.034244
v -0.055714 0.078454 0.034244
v -0.055714 0.028330 0.034244
v 0.000000 0.078454 0.034244
v 0.000000 0.078454 0.026550
v -0.055714 0.078454 0.034244
v 0.000000 0.078454 0.034244
v -0.055714 0.078454 0.026550
v -0.055714 0.078454 0.034244
v 0.000000 0.078454 0.026550
v 0.000000 0.078454 0.026550
v -0.055714 0.090892 0.026550
v -0.055714 0.078454 0.026550
v 0.000000 0.090892 0.026550
v -0.055714 0.090892 0.026550
v 0.000000 0.078454 0.026550
v 0.000000 0.090892 0.034244
v -0.055714 0.090892 0.026550
v 0.000000 0.090892 0.026550
v -0.055714 0.090892 0.034244
v -0.055714 0.090892 0.026550
v 0.000000 0.090892 0.034244
v 0.000000 0.305802 0.034244
v -0.055714 0.141218 0.034244
v 0.000000 0.141218 0.034244
v -0.055714 0.305802 0.034244
v -0.055714 0.141218 0.034244
v 0.000000 0.305802 0.034244
v 0.000000 0.128780 0.026550
v -0.055714 0.128780 0.034244
v 0.000000 0.128780 0.034244
v -0.055714 0.128780 0.026550
v -0.055714 0.128780 0.034244
v 0.000000 0.128780 0.026550
v 0.000000 0.136591 0.026550
v -0.055714 0.128780 0.026550
v 0.000000 0.128780 0.026550
v -0.055714 0.141218 0.026550
v -0.055714 0.128780 0.026550
v 0.000000 0.136591 0.026550
v 0.000000 0.136591 0.026550
v 0.000000 0.141218 0.026550
v -0.055714 0.141218 0.026550
v 0.000000 0.141218 0.034244
v -0.055714 0.141218 0.026550
v 0.000000 0.141218 0.026550
v -0.055714 0.141218 0.034244
v -0.055714 0.141218 0.026550
v 0.000000 0.141218 0.034244
v -0.055714 0.090892 -0.026550
v 0.000000 0.078454 -0.026550
v -0.055714 0.078454 -0.026550
v 0.000000 0.090892 -0.026550
v 0.000000 0.078454 -0.026550
v -0.055714 0.090892 -0.026550
v -0.055714 0.128780 -0.026550
v -0.055714 0.090892 -0.034244
v -0.055714 0.090892 -0.026550
v -0.055714 0.128780 -0.034244
v -0.055714 0.090892 -0.034244
v -0.055714 0.128780 -0.026550
v -0.055714 0.141218 0.034244
v -0.055714 0.305802 0.034244
v -0.055714 0.141218 0.026550
v -0.055714 0.305802 0.034244
v -0.055714 0.305802 -0.000000
v -0.055714 0.141218 0.026550
v -0.055714 0.141218 0.026550
v -0.055714 0.305802 -0.000000
v -0.055714 0.144218 0.000000
v -0.055714 0.141218 0.026550
v -0.055714 0.144218 0.000000
v -0.055714 0.128780 0.026550
v -0.055714 0.128780 0.026550
v -0.055714 0.144218 0.000000
v -0.055714 0.125780 0.000000
v -0.055714 0.144218 0.000000
v -0.055714 0.128780 -0.026550
v -0.055714 0.125780 0.000000
v -0.055714 0.125780 0.000000
v -0.055714 0.128780 -0.026550
v -0.055714 0.093892 0.000000
v -0.055714 0.093892 0.000000
v -0.055714 0.128780 -0.026550
v -0.055714 0.090892 -0.026550
v -0.055714 0.093892 0.000000
v -0.055714 0.090892 -0.026550
v -0.055714 0.075454 0.000000
v -0.055714 0.075454 0.000000
v -0.055714 0.090892 -0.026550
v -0.055714 0.078454 -0.026550
v -0.055714 0.075454 0.000000
v -0.055714 0.078454 -0.026550
v -0.055714 0.028330 0.000000
v -0.055714 0.028330 0.000000
v -0.055714 0.078454 -0.026550
v -0.055714 0.078454 -0.034244
v -0.055714 0.028330 0.000000
v -0.055714 0.078454 -0.034244
v -0.055714 0.028330 -0.034244
v -0.055714 0.078454 0.034244
v -0.055714 0.028330 0.000000
v -0.055714 0.028330 0.034244
v -0.055714 0.078454 0.026550
v -0.055714 0.028330 0.000000
v -0.055714 0.078454 0.034244
v -0.055714 0.078454 0.026550
v -0.055714 0.075454 0.000000
v -0.055714 0.028330 0.000000
v -0.055714 0.090892 0.026550
v -0.055714 0.075454 0.000000
v -0.055714 0.078454 0.026550
v -0.055714 0.093892 0.000000
v -0.055714 0.075454 0.000000
v -0.055714 0.090892 0.026550
v -0.055714 0.128780 0.026550
v -0.055714 0.093892 0.000000
v -0.055714 0.090892 0.026550
v -0.055714 0.125780 0.000000
v -0.055714 0.093892 0.000000
v -0.055714 0.128780 0.026550
v -0.055714 0.090892 0.034244
v -0.055714 0.128780 0.026550
v -0.055714 0.090892 0.026550
v -0.055714 0.128780 0.034244
v -0.055714 0.128780 0.026550
v -0.055714 0.090892 0.034244
v -0.055714 0.305802 -0.034244
v -0.055714 0.141218 -0.034244
v -0.055714 0.141218 -0.026550
v -0.055714 0.305802 -0.034244
v -0.055714 0.141218 -0.026550
v -0.055714 0.305802 -0.000000
v -0.055714 0.305802 -0.000000
v -0.055714 0.141218 -0.026550
v -0.055714 0.144218 0.000000
v -0.055714 0.141218 -0.026550
v -0.055714 0.128780 -0.026550
v -0.055714 0.144218 0.000000
v -0.055714 0.028330 0.034244
v -0.055714 0.028330 0.000000
v 0.000000 0.028330 0.034244
v 0.000000 0.028330 0.034244
v -0.055714 0.028330 0.000000
v 0.000000 0.028330 0.000000
v -0.055714 0.028330 0.000000
v 0.000000 0.028330 -0.034244
v 0.000000 0.028330 0.000000
v -0.055714 0.028330 -0.034244
v 0.000000 0.028330 -0.034244
v -0.055714 0.028330 0.000000
v -0.055714 0.090892 -0.034244
v 0.000000 0.128780 -0.034244
v 0.000000 0.090892 -0.034244
v -0.055714 0.128780 -0.034244
v 0.000000 0.128780 -0.034244
v -0.055714 0.090892 -0.034244
v -0.055714 0.028330 -0.034244
v 0.000000 0.078454 -0.034244
v 0.000000 0.028330 -0.034244
v -0.055714 0.078454 -0.034244
v 0.000000 0.078454 -0.034244
v -0.055714 0.028330 -0.034244
v -0.055714 0.078454 -0.034244
v 0.000000 0.078454 -0.026550
v 0.000000 0.078454 -0.034244
v -0.055714 0.078454 -0.026550
v 0.000000 0.078454 -0.026550
v -0.055714 0.078454 -0.034244
v -0.055714 0.090892 -0.026550
v 0.000000 0.090892 -0.034244
v 0.000000 0.090892 -0.026550
v -0.055714 0.090892 -0.034244
v 0.000000 0.090892 -0.034244
v -0.055714 0.090892 -0.026550
v -0.055714 0.141218 -0.034244
v 0.000000 0.305802 -0.034244
v 0.000000 0.141218 -0.034244
v -0.055714 0.305802 -0.034244
v 0.000000 0.305802 -0.034244
v -0.055714 0.141218 -0.034244
v -0.055714 0.128780 -0.034244
v 0.000000 0.128780 -0.026550
v 0.000000 0.128780 -0.034244
v -0.055714 0.128780 -0.026550
v 0.000000 0.128780 -0.026550
v -0.055714 0.128780 -0.034244
v -0.055714 0.128780 -0.026550
v 0.000000 0.141218 -0.026550
v 0.000000 0.128780 -0.026550
v -0.055714 0.141218 -0.026550
v 0.000000 0.141218 -0.026550
v -0.055714 0.128780 -0.026550
v -0.055714 0.141218 -0.026550
v 0.000000 0.141218 -0.034244
v 0.000000 0.141218 -0.026550
v -0.055714 0.141218 -0.034244
v 0.000000 0.141218 -0.034244
v -0.055714 0.141218 -0.026550
v 0.000000 0.128780 -0.026550
v 0.000000 0.141218 -0.026550
v 0.000000 0.128780 -0.034244
v 0.000000 0.082733 0.039116
v 0.000000 0.090892 0.034244
v 0.000000 0.078454 0.034244
v 0.000000 0.082733 0.039116
v 0.000000 0.078454 0.034244
v 0.000000 0.021330 0.039116
v 0.000000 0.021330 0.039116
v 0.000000 0.078454 0.034244
v 0.000000 0.028330 0.034244
v 0.000000 0.028330 0.034244
v 0.000000 0.021330 0.000000
v 0.000000 0.021330 0.039116
v 0.000000 0.028330 0.000000
v 0.000000 0.021330 0.000000
v 0.000000 0.028330 0.034244
v 0.000000 0.028330 0.000000
v 0.000000 0.028330 -0.034244
v 0.000000 0.021330 0.000000
v 0.000000 0.021330 0.000000
v 0.000000 0.028330 -0.034244
v 0.000000 0.021330 -0.039116
v 0.000000 0.078454 -0.034244
v 0.000000 0.021330 -0.039116
v 0.000000 0.028330 -0.034244
v 0.000000 0.021330 -0.039116
v 0.000000 0.078454 -0.034244
v 0.000000 0.082734 -0.039116
v 0.000000 0.082734 -0.039116
v 0.000000 0.078454 -0.034244
v 0.000000 0.090892 -0.034244
v 0.000000 0.090892 -0.034244
v 0.000000 0.136591 -0.039116
v 0.000000 0.082734 -0.039116
v 0.000000 0.128780 -0.034244
v 0.000000 0.136591 -0.039116
v 0.000000 0.090892 -0.034244
v 0.000000 0.128780 -0.034244
v 0.000000 0.141218 -0.026550
v 0.000000 0.136591 -0.039116
v 0.000000 0.141218 -0.026550
v 0.000000 0.141218 -0.034244
v 0.000000 0.136591 -0.039116
v 0.000000 0.141218 -0.034244
v 0.000000 0.306906 -0.039116
v 0.000000 0.136591 -0.039116
v 0.000000 0.141218 -0.034244
v 0.000000 0.308633 -0.036193
v 0.000000 0.306906 -0.039116
v 0.000000 0.141218 -0.034244
v 0.000000 0.305802 -0.034244
v 0.000000 0.308633 -0.036193
v 0.000000 0.305802 -0.000000
v 0.000000 0.308633 -0.036193
v 0.000000 0.305802 -0.034244
v 0.000000 0.090892 -0.034244
v 0.000000 0.078454 -0.026550
v 0.000000 0.090892 -0.026550
v 0.000000 0.090892 -0.034244
v 0.000000 0.078454 -0.034244
v 0.000000 0.078454 -0.026550
v 0.000000 0.136591 0.039116
v 0.000000 0.090892 0.034244
v 0.000000 0.082733 0.039116
v 0.000000 0.128780 0.034244
v 0.000000 0.090892 0.034244
v 0.000000 0.136591 0.039116
v 0.000000 0.078454 0.034244
v 0.000000 0.090892 0.034244
v 0.000000 0.078454 0.026550
v 0.000000 0.090892 0.034244
v 0.000000 0.090892 0.026550
v 0.000000 0.078454 0.026550
v 0.000000 0.308633 -0.036193
v 0.000000 0.305802 -0.000000
v 0.000000 0.312877 -0.034960
v 0.000000 0.312877 -0.034960
v 0.000000 0.305802 -0.000000
v 0.000000 0.312877 -0.000000
v 0.000000 0.305802 0.034244
v 0.000000 0.312877 -0.000000
v 0.000000 0.305802 -0.000000
v 0.000000 0.308633 0.036193
v 0.000000 0.312877 -0.000000
v 0.000000 0.305802 0.034244
v 0.000000 0.308633 0.036193
v 0.000000 0.305802 0.034244
v 0.000000 0.141218 0.034244
v 0.000000 0.308633 0.036193
v 0.000000 0.141218 0.034244
v 0.000000 0.306906 0.039116
v 0.000000 0.306906 0.039116
v 0.000000 0.141218 0.034244
v 0.000000 0.136591 0.039116
v 0.000000 0.141218 0.034244
v 0.000000 0.136591 0.026550
v 0.000000 0.136591 0.039116
v 0.000000 0.136591 0.026550
v 0.000000 0.128780 0.034244
v 0.000000 0.136591 0.039116
v 0.000000 0.128780 0.026550
v 0.000000 0.128780 0.034244
v 0.000000 0.136591 0.026550
v 0.000000 0.141218 0.026550
v 0.000000 0.136591 0.026550
v 0.000000 0.141218 0.034244
v 0.000000 0.312877 -0.000000
v 0.000000 0.308633 0.036193
v 0.000000 0.312877 0.034960
v 0.000000 0.588137 0.034398
v 0.000000 0.450507 -0.034398
v 0.000000 0.588137 -0.034398
v 0.000000 0.450507 0.034398
v 0.000000 0.450507 -0.034398
v 0.000000 0.588137 0.034398
v 0.000000 0.450507 -0.034398
v 0.000000 0.450507 0.034398
v 0.000000 0.312877 -0.034398
v 0.000000 0.312877 -0.034398
v 0.000000 0.450507 0.034398
v 0.000000 0.312877 0.034398
v 0.137630 0.450507 -0.034398
v 0.135539 0.426608 0.034398
v 0.137630 0.450507 0.034398
v 0.135539 0.426608 -0.034398
v 0.135539 0.426608 0.034398
v 0.137630 0.450507 -0.034398
v 0.135539 0.426608 -0.034398
v 0.129330 0.403435 0.034398
v 0.135539 0.426608 0.034398
v 0.129330 0.403435 -0.034398
v 0.129330 0.403435 0.034398
v 0.135539 0.426608 -0.034398
v 0.129330 0.403435 -0.034398
v 0.119191 0.381692 0.034398
v 0.129330 0.403435 0.034398
v 0.119191 0.381692 -0.034398
v 0.119191 0.381692 0.034398
v 0.129330 0.403435 -0.034398
v 0.119191 0.381692 -0.034398
v 0.105431 0.362040 0.034398
v 0.119191 0.381692 0.034398
v 0.105431 0.362040 -0.034398
v 0.105431 0.362040 0.034398
v 0.119191 0.381692 -0.034398
v 0.105431 0.362040 -0.034398
v 0.088467 0.345076 0.034398
v 0.105431 0.362040 0.034398
v 0.088467 0.345076 -0.034398
v 0.088467 0.345076 0.034398
v 0.105431 0.362040 -0.034398
v 0.088467 0.345076 -0.034398
v 0.068815 0.331316 0.034398
v 0.088467 0.345076 0.034398
v 0.068815 0.331316 -0.034398
v 0.068815 0.331316 0.034398
v 0.088467 0.345076 -0.034398
v 0.068815 0.331316 -0.034398
v 0.047072 0.321177 0.034398
v 0.068815 0.331316 0.034398
v 0.047072 0.321177 -0.034398
v 0.047072 0.321177 0.034398
v 0.068815 0.331316 -0.034398
v 0.047072 0.321177 -0.034398
v 0.023899 0.314968 0.034398
v 0.047072 0.321177 0.034398
v 0.023899 0.314968 -0.034398
v 0.023899 0.314968 0.034398
v 0.047072 0.321177 -0.034398
v 0.023899 0.314968 -0.034398
v 0.000000 0.312877 0.034398
v 0.023899 0.314968 0.034398
v 0.000000 0.312877 -0.034398
v 0.000000 0.312877 0.034398
v 0.023899 0.314968 -0.034398
v 0.047072 0.321177 -0.034398
v 0.137630 0.450507 -0.034398
v 0.023899 0.314968 -0.034398
v 0.047072 0.321177 -0.034398
v 0.135539 0.426608 -0.034398
v 0.137630 0.450507 -0.034398
v 0.047072 0.321177 -0.034398
v 0.129330 0.403435 -0.034398
v 0.135539 0.426608 -0.034398
v 0.047072 0.321177 -0.034398
v 0.119191 0.381692 -0.034398
v 0.129330 0.403435 -0.034398
v 0.047072 0.321177 -0.034398
v 0.105431 0.362040 -0.034398
v 0.119191 0.381692 -0.034398
v 0.047072 0.321177 -0.034398
v 0.088467 0.345076 -0.034398
v 0.105431 0.362040 -0.034398
v 0.047072 0.321177 -0.034398
v 0.068815 0.331316 -0.034398
v 0.088467 0.345076 -0.034398
v 0.023899 0.314968 -0.034398
v 0.000000 0.450507 -0.034398
v 0.000000 0.312877 -0.034398
v 0.023899 0.314968 -0.034398
v 0.137630 0.450507 -0.034398
v 0.000000 0.450507 -0.034398
v 0.135539 0.474406 -0.034398
v 0.000000 0.450507 -0.034398
v 0.137630 0.450507 -0.034398
v 0.135539 0.474406 -0.034398
v 0.000000 0.588137 -0.034398
v 0.000000 0.450507 -0.034398
v 0.135539 0.474406 -0.034398
v 0.023899 0.586046 -0.034398
v 0.000000 0.588137 -0.034398
v 0.135539 0.474406 -0.034398
v 0.047072 0.579837 -0.034398
v 0.023899 0.586046 -0.034398
v 0.135539 0.474406 -0.034398
v 0.068815 0.569698 -0.034398
v 0.047072 0.579837 -0.034398
v 0.135539 0.474406 -0.034398
v 0.088467 0.555938 -0.034398
v 0.068815 0.569698 -0.034398
v 0.135539 0.474406 -0.034398
v 0.105431 0.538974 -0.034398
v 0.088467 0.555938 -0.034398
v 0.135539 0.474406 -0.034398
v 0.119191 0.519322 -0.034398
v 0.105431 0.538974 -0.034398
v 0.135539 0.474406 -0.034398
v 0.129330 0.497579 -0.034398
v 0.119191 0.519322 -0.034398
v 0.047072 0.579837 0.034398
v 0.137630 0.450507 0.034398
v 0.023899 0.586046 0.034398
v 0.068815 0.569698 0.034398
v 0.137630 0.450507 0.034398
v 0.047072 0.579837 0.034398
v 0.088467 0.555938 0.034398
v 0.137630 0.450507 0.034398
v 0.068815 0.569698 0.034398
v 0.105431 0.538974 0.034398
v 0.137630 0.450507 0.034398
v 0.088467 0.555938 0.034398
v 0.119191 0.519322 0.034398
v 0.137630 0.450507 0.034398
v 0.105431 0.538974 0.034398
v 0.129330 0.497579 0.034398
v 0.137630 0.450507 0.034398
v 0.119191 0.519322 0.034398
v 0.135539 0.474406 0.034398
v 0.137630 0.450507 0.034398
v 0.129330 0.497579 0.034398
v 0.023899 0.586046 0.034398
v 0.000000 0.450507 0.034398
v 0.000000 0.588137 0.034398
v 0.023899 0.586046 0.034398
v 0.137630 0.450507 0.034398
v 0.000000 0.450507 0.034398
v 0.135539 0.426608 0.034398
v 0.000000 0.450507 0.034398
v 0.137630 0.450507 0.034398
v 0.135539 0.426608 0.034398
v 0.000000 0.312877 0.034398
v 0.000000 0.450507 0.034398
v 0.129330 0.403435 0.034398
v 0.000000 0.312877 0.034398
v 0.135539 0.426608 0.034398
v 0.119191 0.381692 0.034398
v 0.000000 0.312877 0.034398
v 0.129330 0.403435 0.034398
v 0.105431 0.362040 0.034398
v 0.000000 0.312877 0.034398
v 0.119191 0.381692 0.034398
v 0.088467 0.345076 0.034398
v 0.000000 0.312877 0.034398
v 0.105431 0.362040 0.034398
v 0.068815 0.331316 0.034398
v 0.000000 0.312877 0.034398
v 0.088467 0.345076 0.034398
v 0.047072 0.321177 0.034398
v 0.000000 0.312877 0.034398
v 0.068815 0.331316 0.034398
v 0.023899 0.314968 0.034398
v 0.000000 0.312877 0.034398
v 0.047072 0.321177 0.034398
v 0.002271 0.024357 0.092935
v 0.002271 0.024357 0.078476
v 0.148690 0.024357 0.092935
v 0.002271 0.024357 0.078476
v 0.148690 0.024357 0.078476
v 0.148690 0.024357 0.092935
v 0.148690 0.024357 0.078476
v 0.150455 0.024357 0.078949
v 0.148690 0.024357 0.092935
v 0.150455 0.024357 0.078949
v 0.151747 0.024357 0.080241
v 0.148690 0.024357 0.092935
v 0.151747 0.024357 0.080241
v 0.152220 0.024357 0.082006
v 0.148690 0.024357 0.092935
v 0.152220 0.024357 0.082006
v 0.152220 0.024357 0.089405
v 0.148690 0.024357 0.092935
v 0.152220 0.024357 0.089405
v 0.151747 0.024357 0.091170
v 0.148690 0.024357 0.092935
v 0.151747 0.024357 0.091170
v 0.150455 0.024357 0.092462
v 0.148690 0.024357 0.092935
v 0.023899 0.586046 -0.034398
v 0.000000 0.588137 0.034398
v 0.000000 0.588137 -0.034398
v 0.023899 0.586046 0.034398
v 0.000000 0.588137 0.034398
v 0.023899 0.586046 -0.034398
v 0.023899 0.586046 0.034398
v 0.023899 0.586046 -0.034398
v 0.047072 0.579837 0.034398
v 0.047072 0.579837 0.034398
v 0.023899 0.586046 -0.034398
v 0.047072 0.579837 -0.034398
v 0.047072 0.579837 0.034398
v 0.047072 0.579837 -0.034398
v 0.068815 0.569698 0.034398
v 0.068815 0.569698 0.034398
v 0.047072 0.579837 -0.034398
v 0.068815 0.569698 -0.034398
v 0.068815 0.569698 0.034398
v 0.068815 0.569698 -0.034398
v 0.088467 0.555938 0.034398
v 0.088467 0.555938 0.034398
v 0.068815 0.569698 -0.034398
v 0.088467 0.555938 -0.034398
v 0.088467 0.555938 0.034398
v 0.088467 0.555938 -0.034398
v 0.105431 0.538974 0.034398
v 0.105431 0.538974 0.034398
v 0.088467 0.555938 -0.034398
v 0.105431 0.538974 -0.034398
v 0.105431 0.538974 0.034398
v 0.105431 0.538974 -0.034398
v 0.119191 0.519322 0.034398
v 0.119191 0.519322 0.034398
v 0.105431 0.538974 -0.034398
v 0.119191 0.519322 -0.034398
v 0.119191 0.519322 0.034398
v 0.119191 0.519322 -0.034398
v 0.129330 0.497579 0.034398
v 0.129330 0.497579 0.034398
v 0.119191 0.519322 -0.034398
v 0.129330 0.497579 -0.034398
v 0.129330 0.497579 0.034398
v 0.129330 0.497579 -0.034398
v 0.135539 0.474406 0.034398
v 0.135539 0.474406 0.034398
v 0.129330 0.497579 -0.034398
v 0.135539 0.474406 -0.034398
v 0.135539 0.474406 0.034398
v 0.135539 0.474406 -0.034398
v 0.137630 0.450507 0.034398
v 0.137630 0.450507 0.034398
v 0.135539 0.474406 -0.034398
v 0.137630 0.450507 -0.034398
v 0.549717 0.016010 0.035639
v 0.549717 0.016010 0.020127
v 0.374512 0.016010 0.035639
v 0.549717 0.016010 0.020127
v 0.366736 0.016010 0.020127
v 0.374512 0.016010 0.035639
v 0.374512 0.016010 0.035639
v 0.366736 0.016010 0.020127
v 0.370624 0.016010 0.036680
v 0.370624 0.016010 0.036680
v 0.366736 0.016010 0.020127
v 0.367778 0.016010 0.039526
v 0.367778 0.016010 0.039526
v 0.366736 0.016010 0.020127
v 0.366736 0.016010 0.043414
v 0.366736 0.016010 0.020127
v 0.259539 0.016010 0.020127
v 0.366736 0.016010 0.043414
v 0.259539 0.016010 0.020127
v 0.259539 0.016010 0.043414
v 0.366736 0.016010 0.043414
v -0.353944 0.980223 0.062734
v -0.322564 0.933258 0.062734
v -0.368328 0.899317 0.062734
v -0.404161 0.942980 0.062734
v -0.353944 0.980223 0.062734
v -0.368328 0.899317 0.062734
v -0.450486 0.900993 0.062734
v -0.404161 0.942980 0.062734
v -0.368328 0.899317 0.062734
v -0.410546 0.861053 0.062734
v -0.450486 0.900993 0.062734
v -0.368328 0.899317 0.062734
v -0.492472 0.854669 0.062734
v -0.450486 0.900993 0.062734
v -0.410546 0.861053 0.062734
v -0.448809 0.818836 0.062734
v -0.492472 0.854669 0.062734
v -0.410546 0.861053 0.062734
v -0.492472 0.854669 0.062734
v -0.448809 0.818836 0.062734
v -0.482751 0.773071 0.062734
v -0.529715 0.804452 0.062734
v -0.492472 0.854669 0.062734
v -0.482751 0.773071 0.062734
v -0.561857 0.750826 0.062734
v -0.529715 0.804452 0.062734
v -0.482751 0.773071 0.062734
v -0.512043 0.724200 0.062734
v -0.561857 0.750826 0.062734
v -0.482751 0.773071 0.062734
v -0.588588 0.694309 0.062734
v -0.561857 0.750826 0.062734
v -0.512043 0.724200 0.062734
v -0.536404 0.672693 0.062734
v -0.588588 0.694309 0.062734
v -0.512043 0.724200 0.062734
v 0.168539 1.006106 0.062734
v 0.113269 1.019951 0.062734
v 0.184935 1.060158 0.062734
v 0.113269 1.019951 0.062734
v 0.124289 1.075349 0.062734
v 0.184935 1.060158 0.062734
v 0.062445 1.084523 0.062734
v 0.124289 1.075349 0.062734
v 0.113269 1.019951 0.062734
v 0.056909 1.028311 0.062734
v 0.062445 1.084523 0.062734
v 0.113269 1.019951 0.062734
v 0.000000 1.087590 0.062734
v 0.062445 1.084523 0.062734
v 0.056909 1.028311 0.062734
v 0.000000 1.031107 0.062734
v 0.000000 1.087590 0.062734
v 0.056909 1.028311 0.062734
v 0.000000 1.087590 0.062734
v 0.000000 1.031107 0.062734
v -0.056909 1.028311 0.062734
v -0.062445 1.084523 0.062734
v 0.000000 1.087590 0.062734
v -0.056909 1.028311 0.062734
v -0.062445 1.084523 0.062734
v -0.056909 1.028311 0.062734
v -0.113269 1.019951 0.062734
v -0.124289 1.075349 0.062734
v -0.062445 1.084523 0.062734
v -0.113269 1.019951 0.062734
v -0.184935 1.060158 0.062734
v -0.124289 1.075349 0.062734
v -0.113269 1.019951 0.062734
v -0.168539 1.006106 0.062734
v -0.184935 1.060158 0.062734
v -0.113269 1.019951 0.062734
v -0.184935 1.060158 0.062734
v -0.168539 1.006106 0.062734
v -0.222186 0.986911 0.062734
v -0.243801 1.039096 0.062734
v -0.184935 1.060158 0.062734
v -0.222186 0.986911 0.062734
v -0.300319 1.012365 0.062734
v -0.243801 1.039096 0.062734
v -0.222186 0.986911 0.062734
v -0.273693 0.962550 0.062734
v -0.300319 1.012365 0.062734
v -0.222186 0.986911 0.062734
v -0.300319 1.012365 0.062734
v -0.273693 0.962550 0.062734
v -0.322564 0.933258 0.062734
v -0.353944 0.980223 0.062734
v -0.300319 1.012365 0.062734
v -0.322564 0.933258 0.062734
v 0.370266 0.031857 0.092935
v 0.370266 0.024357 0.092935
v 0.370266 0.031857 0.096638
v 0.370266 0.024357 0.092935
v 0.370266 0.024357 0.098339
v 0.370266 0.031857 0.096638
v 0.370266 0.031857 0.096638
v 0.370266 0.024357 0.098339
v 0.370266 0.031857 0.100906
v 0.370266 0.031857 0.100906
v 0.370266 0.024357 0.098339
v 0.370266 0.029967 0.104394
v 0.370266 0.010000 0.105839
v 0.370266 0.019637 0.105839
v 0.370266 0.010000 0.098339
v 0.370266 0.019637 0.105839
v 0.370266 0.024357 0.098339
v 0.370266 0.010000 0.098339
v 0.370266 0.019637 0.105839
v 0.370266 0.025406 0.105839
v 0.370266 0.024357 0.098339
v 0.370266 0.029967 0.104394
v 0.370266 0.024357 0.098339
v 0.370266 0.025406 0.105839
v 0.309811 0.024357 0.092935
v 0.370266 0.024357 0.092935
v 0.370266 0.031857 0.092935
v 0.309811 0.031857 0.092935
v 0.309811 0.024357 0.092935
v 0.370266 0.031857 0.092935
v 0.308046 0.024357 0.092462
v 0.309811 0.024357 0.092935
v 0.309811 0.031857 0.092935
v 0.308046 0.031857 0.092462
v 0.308046 0.024357 0.092462
v 0.309811 0.031857 0.092935
v 0.306754 0.024357 0.091170
v 0.308046 0.024357 0.092462
v 0.308046 0.031857 0.092462
v 0.306754 0.031857 0.091170
v 0.306754 0.024357 0.091170
v 0.308046 0.031857 0.092462
v 0.306281 0.024357 0.089405
v 0.306754 0.024357 0.091170
v 0.306754 0.031857 0.091170
v 0.306281 0.031857 0.089405
v 0.306281 0.024357 0.089405
v 0.306754 0.031857 0.091170
v 0.306281 0.024357 0.082006
v 0.306281 0.024357 0.089405
v 0.306281 0.031857 0.089405
v 0.306281 0.031857 0.082006
v 0.306281 0.024357 0.082006
v 0.306281 0.031857 0.089405
v 0.306281 0.031857 0.082006
v 0.306754 0.031857 0.080241
v 0.306281 0.024357 0.082006
v 0.306754 0.031857 0.080241
v 0.306754 0.024357 0.080241
v 0.306281 0.024357 0.082006
v 0.308046 0.024357 0.078950
v 0.306754 0.024357 0.080241
v 0.306754 0.031857 0.080241
v 0.308046 0.031857 0.078949
v 0.308046 0.024357 0.078950
v 0.306754 0.031857 0.080241
v 0.308046 0.031857 0.078949
v 0.309811 0.031857 0.078476
v 0.308046 0.024357 0.078950
v 0.309811 0.031857 0.078476
v 0.309811 0.024357 0.078477
v 0.308046 0.024357 0.078950
v 0.309811 0.031857 0.078476
v 0.366736 0.031857 0.078476
v 0.309811 0.024357 0.078477
v 0.366736 0.031857 0.078476
v 0.366736 0.024357 0.078476
v 0.309811 0.024357 0.078477
v 0.536404 0.672693 0.062734
v 0.512043 0.724200 0.062734
v 0.588588 0.694309 0.062734
v 0.512043 0.724200 0.062734
v 0.561857 0.750826 0.062734
v 0.588588 0.694309 0.062734
v 0.512043 0.724200 0.062734
v 0.482751 0.773071 0.062734
v 0.561857 0.750826 0.062734
v 0.482751 0.773071 0.062734
v 0.529715 0.804452 0.062734
v 0.561857 0.750826 0.062734
v 0.492472 0.854669 0.062734
v 0.529715 0.804452 0.062734
v 0.482751 0.773071 0.062734
v 0.448809 0.818836 0.062734
v 0.492472 0.854669 0.062734
v 0.482751 0.773071 0.062734
v 0.448809 0.818836 0.062734
v 0.410546 0.861053 0.062734
v 0.492472 0.854669 0.062734
v 0.410546 0.861053 0.062734
v 0.450486 0.900993 0.062734
v 0.492472 0.854669 0.062734
v 0.410546 0.861053 0.062734
v 0.368328 0.899317 0.062734
v 0.450486 0.900993 0.062734
v 0.368328 0.899317 0.062734
v 0.404161 0.942980 0.062734
v 0.450486 0.900993 0.062734
v 0.353944 0.980223 0.062734
v 0.404161 0.942980 0.062734
v 0.368328 0.899317 0.062734
v 0.322564 0.933258 0.062734
v 0.353944 0.980223 0.062734
v 0.368328 0.899317 0.062734
v 0.322564 0.933258 0.062734
v 0.273693 0.962550 0.062734
v 0.353944 0.980223 0.062734
v 0.273693 0.962550 0.062734
v 0.300319 1.012365 0.062734
v 0.353944 0.980223 0.062734
v 0.243801 1.039096 0.062734
v 0.300319 1.012365 0.062734
v 0.273693 0.962550 0.062734
v 0.222186 0.986911 0.062734
v 0.243801 1.039096 0.062734
v 0.273693 0.962550 0.062734
v 0.184935 1.060158 0.062734
v 0.243801 1.039096 0.062734
v 0.222186 0.986911 0.062734
v 0.168539 1.006106 0.062734
v 0.184935 1.060158 0.062734
v 0.222186 0.986911 0.062734
v 0.367778 0.016010 0.039526
v 0.366736 0.016010 0.043414
v 0.366736 0.024357 0.043414
v 0.374512 0.016010 0.035639
v 0.370624 0.016010 0.036680
v 0.374512 0.031857 0.035639
v 0.370624 0.016010 0.036680
v 0.370624 0.031857 0.036681
v 0.374512 0.031857 0.035639
v 0.370624 0.016010 0.036680
v 0.367778 0.016010 0.039526
v 0.370624 0.031857 0.036681
v 0.367778 0.016010 0.039526
v 0.367778 0.031857 0.039527
v 0.370624 0.031857 0.036681
v 0.367778 0.031857 0.039527
v 0.367778 0.016010 0.039526
v 0.366736 0.024357 0.043414
v 0.367778 0.031857 0.039527
v 0.366736 0.024357 0.043414
v 0.366736 0.031857 0.043414
v 0.366736 0.031857 0.043414
v 0.366736 0.024357 0.043414
v 0.366736 0.024357 0.078476
v 0.366736 0.031857 0.078476
v 0.366736 0.031857 0.043414
v 0.366736 0.024357 0.078476
v -0.370266 0.017855 0.098691
v -0.370266 0.019759 0.094094
v -0.555050 0.017855 0.098691
v -0.370266 0.019759 0.094094
v -0.555050 0.019759 0.094094
v -0.555050 0.017855 0.098691
v -0.370266 0.019759 0.094094
v -0.370266 0.024357 0.092190
v -0.555050 0.019759 0.094094
v -0.370266 0.024357 0.092190
v -0.555050 0.024357 0.092190
v -0.555050 0.019759 0.094094
v -0.370266 0.024357 0.092190
v -0.370266 0.028954 0.094094
v -0.555050 0.024357 0.092190
v -0.370266 0.028954 0.094094
v -0.555050 0.028954 0.094094
v -0.555050 0.024357 0.092190
v -0.370266 0.028954 0.094094
v -0.370266 0.030859 0.098691
v -0.555050 0.028954 0.094094
v -0.370266 0.030859 0.098691
v -0.555050 0.030859 0.098691
v -0.555050 0.028954 0.094094
v -0.370266 0.030859 0.098691
v -0.370266 0.028954 0.103289
v -0.555050 0.030859 0.098691
v -0.370266 0.028954 0.103289
v -0.555050 0.028954 0.103289
v -0.555050 0.030859 0.098691
v -0.370266 0.028954 0.103289
v -0.370266 0.024357 0.105193
v -0.555050 0.028954 0.103289
v -0.370266 0.024357 0.105193
v -0.555050 0.024357 0.105193
v -0.555050 0.028954 0.103289
v -0.370266 0.024357 0.105193
v -0.370266 0.019759 0.103289
v -0.555050 0.024357 0.105193
v -0.370266 0.019759 0.103289
v -0.555050 0.019759 0.103289
v -0.555050 0.024357 0.105193
v -0.370266 0.019759 0.103289
v -0.370266 0.017855 0.098691
v -0.555050 0.019759 0.103289
v -0.370266 0.017855 0.098691
v -0.555050 0.017855 0.098691
v -0.555050 0.019759 0.103289
v 0.002271 0.031857 0.092935
v 0.002271 0.031857 0.078476
v 0.002271 0.024357 0.092935
v 0.002271 0.031857 0.078476
v 0.002271 0.024357 0.078476
v 0.002271 0.024357 0.092935
v 0.366736 0.016010 0.043414
v 0.259539 0.016010 0.043414
v 0.366736 0.024357 0.043414
v 0.259539 0.016010 0.043414
v 0.259539 0.024357 0.043414
v 0.366736 0.024357 0.043414
v 0.259539 0.024357 0.043414
v 0.259539 0.016010 0.043414
v 0.259539 0.024357 0.098339
v 0.259539 0.024357 0.098339
v 0.259539 0.016010 0.043414
v 0.259539 0.010000 0.098339
v 0.259539 0.016010 0.043414
v 0.259539 0.010000 0.043414
v 0.259539 0.010000 0.098339
v 0.259539 0.016010 0.043414
v 0.259539 0.016010 0.020127
v 0.259539 0.010000 0.043414
v 0.259539 0.016010 0.020127
v 0.259539 0.010000 0.020127
v 0.259539 0.010000 0.043414
v 0.370266 0.024357 0.098339
v 0.309811 0.024357 0.098339
v 0.370266 0.010000 0.098339
v 0.309811 0.024357 0.098339
v 0.259539 0.010000 0.098339
v 0.370266 0.010000 0.098339
v 0.259539 0.024357 0.098339
v 0.259539 0.010000 0.098339
v 0.309811 0.024357 0.098339
v 0.002271 0.031857 0.092935
v 0.002271 0.024357 0.092935
v 0.148690 0.031857 0.092935
v 0.002271 0.024357 0.092935
v 0.148690 0.024357 0.092935
v 0.148690 0.031857 0.092935
v 0.148690 0.031857 0.092935
v 0.148690 0.024357 0.092935
v 0.150455 0.031857 0.092462
v 0.148690 0.024357 0.092935
v 0.150455 0.024357 0.092462
v 0.150455 0.031857 0.092462
v 0.150455 0.031857 0.092462
v 0.150455 0.024357 0.092462
v 0.151747 0.024357 0.091170
v 0.151747 0.031857 0.091170
v 0.150455 0.031857 0.092462
v 0.151747 0.024357 0.091170
v 0.151747 0.031857 0.091170
v 0.151747 0.024357 0.091170
v 0.152220 0.031857 0.089405
v 0.151747 0.024357 0.091170
v 0.152220 0.024357 0.089405
v 0.152220 0.031857 0.089405
v 0.152220 0.031857 0.089405
v 0.152220 0.024357 0.089405
v 0.152220 0.031857 0.082006
v 0.152220 0.024357 0.089405
v 0.152220 0.024357 0.082006
v 0.152220 0.031857 0.082006
v 0.152220 0.031857 0.082006
v 0.152220 0.024357 0.082006
v 0.151747 0.024357 0.080241
v 0.151747 0.031857 0.080241
v 0.152220 0.031857 0.082006
v 0.151747 0.024357 0.080241
v 0.151747 0.031857 0.080241
v 0.151747 0.024357 0.080241
v 0.150455 0.024357 0.078949
v 0.150455 0.031857 0.078949
v 0.151747 0.031857 0.080241
v 0.150455 0.024357 0.078949
v 0.150455 0.031857 0.078949
v 0.150455 0.024357 0.078949
v 0.148690 0.024357 0.078476
v 0.148690 0.031857 0.078476
v 0.150455 0.031857 0.078949
v 0.148690 0.024357 0.078476
v 0.148690 0.031857 0.078476
v 0.148690 0.024357 0.078476
v 0.002271 0.024357 0.078476
v 0.002271 0.031857 0.078476
v 0.148690 0.031857 0.078476
v 0.002271 0.024357 0.078476
v 0.370266 0.024357 0.092935
v 0.309811 0.024357 0.092935
v 0.370266 0.024357 0.098339
v 0.309811 0.024357 0.092935
v 0.309811 0.024357 0.098339
v 0.370266 0.024357 0.098339
v 0.309811 0.024357 0.092935
v 0.259539 0.024357 0.098339
v 0.309811 0.024357 0.098339
v 0.308046 0.024357 0.092462
v 0.259539 0.024357 0.098339
v 0.309811 0.024357 0.092935
v 0.306754 0.024357 0.091170
v 0.259539 0.024357 0.098339
v 0.308046 0.024357 0.092462
v 0.306281 0.024357 0.089405
v 0.259539 0.024357 0.098339
v 0.306754 0.024357 0.091170
v 0.306281 0.024357 0.089405
v 0.306281 0.024357 0.082006
v 0.259539 0.024357 0.098339
v 0.306281 0.024357 0.082006
v 0.259539 0.024357 0.043414
v 0.259539 0.024357 0.098339
v 0.306754 0.024357 0.080241
v 0.259539 0.024357 0.043414
v 0.306281 0.024357 0.082006
v 0.308046 0.024357 0.078950
v 0.259539 0.024357 0.043414
v 0.306754 0.024357 0.080241
v 0.309811 0.024357 0.078477
v 0.259539 0.024357 0.043414
v 0.308046 0.024357 0.078950
v 0.366736 0.024357 0.043414
v 0.259539 0.024357 0.043414
v 0.309811 0.024357 0.078477
v 0.366736 0.024357 0.078476
v 0.366736 0.024357 0.043414
v 0.309811 0.024357 0.078477
v -0.150455 0.024357 0.092462
v -0.151747 0.024357 0.091170
v -0.148690 0.024357 0.092935
v -0.151747 0.024357 0.091170
v -0.152220 0.024357 0.089405
v -0.148690 0.024357 0.092935
v -0.152220 0.024357 0.089405
v -0.152220 0.024357 0.082006
v -0.148690 0.024357 0.092935
v -0.152220 0.024357 0.082006
v -0.151747 0.024357 0.080241
v -0.148690 0.024357 0.092935
v -0.151747 0.024357 0.080241
v -0.150455 0.024357 0.078949
v -0.148690 0.024357 0.092935
v -0.150455 0.024357 0.078949
v -0.148690 0.024357 0.078476
v -0.148690 0.024357 0.092935
v -0.148690 0.024357 0.078476
v -0.002271 0.024357 0.078476
v -0.148690 0.024357 0.092935
v -0.002271 0.024357 0.078476
v -0.002271 0.024357 0.092935
v -0.148690 0.024357 0.092935
v -0.002271 0.024357 0.078476
v -0.002271 0.031857 0.078476
v -0.002271 0.024357 0.092935
v -0.002271 0.031857 0.078476
v -0.002271 0.031857 0.092935
v -0.002271 0.024357 0.092935
v -0.366736 0.016010 0.043414
v -0.366736 0.024357 0.043414
v -0.259539 0.016010 0.043414
v -0.366736 0.024357 0.043414
v -0.259539 0.024357 0.043414
v -0.259539 0.016010 0.043414
v -0.259539 0.010000 0.098339
v -0.259539 0.024357 0.098339
v -0.309811 0.024357 0.098339
v -0.259539 0.010000 0.098339
v -0.309811 0.024357 0.098339
v -0.370266 0.010000 0.098339
v -0.309811 0.024357 0.098339
v -0.370266 0.024357 0.098339
v -0.370266 0.010000 0.098339
v -0.366736 0.024357 0.043414
v -0.366736 0.024357 0.078476
v -0.309811 0.024357 0.078477
v -0.259539 0.024357 0.043414
v -0.366736 0.024357 0.043414
v -0.309811 0.024357 0.078477
v -0.259539 0.024357 0.043414
v -0.309811 0.024357 0.078477
v -0.308046 0.024357 0.078950
v -0.259539 0.024357 0.043414
v -0.308046 0.024357 0.078950
v -0.306754 0.024357 0.080241
v -0.259539 0.024357 0.043414
v -0.306754 0.024357 0.080241
v -0.306281 0.024357 0.082006
v -0.259539 0.024357 0.098339
v -0.259539 0.024357 0.043414
v -0.306281 0.024357 0.082006
v -0.306281 0.024357 0.089405
v -0.259539 0.024357 0.098339
v -0.306281 0.024357 0.082006
v -0.259539 0.024357 0.098339
v -0.306281 0.024357 0.089405
v -0.306754 0.024357 0.091170
v -0.259539 0.024357 0.098339
v -0.306754 0.024357 0.091170
v -0.308046 0.024357 0.092462
v -0.259539 0.024357 0.098339
v -0.308046 0.024357 0.092462
v -0.309811 0.024357 0.092935
v -0.259539 0.024357 0.098339
v -0.309811 0.024357 0.092935
v -0.309811 0.024357 0.098339
v -0.309811 0.024357 0.098339
v -0.309811 0.024357 0.092935
v -0.370266 0.024357 0.098339
v -0.309811 0.024357 0.092935
v -0.370266 0.024357 0.092935
v -0.370266 0.024357 0.098339
v -0.370266 0.024357 0.098339
v -0.370266 0.031857 0.100906
v -0.370266 0.029967 0.104394
v -0.370266 0.024357 0.098339
v -0.370266 0.031857 0.096638
v -0.370266 0.031857 0.100906
v -0.370266 0.024357 0.098339
v -0.370266 0.024357 0.092935
v -0.370266 0.031857 0.096638
v -0.370266 0.024357 0.092935
v -0.370266 0.031857 0.092935
v -0.370266 0.031857 0.096638
v -0.370266 0.024357 0.098339
v -0.370266 0.029967 0.104394
v -0.370266 0.025406 0.105839
v -0.370266 0.025406 0.105839
v -0.370266 0.019637 0.105839
v -0.370266 0.024357 0.098339
v -0.370266 0.024357 0.098339
v -0.370266 0.019637 0.105839
v -0.370266 0.010000 0.098339
v -0.370266 0.019637 0.105839
v -0.370266 0.010000 0.105839
v -0.370266 0.010000 0.098339
v -0.259539 0.016010 0.043414
v -0.259539 0.016010 0.020127
v -0.366736 0.016010 0.043414
v -0.259539 0.016010 0.020127
v -0.366736 0.016010 0.020127
v -0.366736 0.016010 0.043414
v -0.366736 0.016010 0.020127
v -0.367778 0.016010 0.039526
v -0.366736 0.016010 0.043414
v -0.366736 0.016010 0.020127
v -0.370624 0.016010 0.036680
v -0.367778 0.016010 0.039526
v -0.366736 0.016010 0.020127
v -0.374512 0.016010 0.035639
v -0.370624 0.016010 0.036680
v -0.366736 0.016010 0.020127
v -0.549717 0.016010 0.020127
v -0.374512 0.016010 0.035639
v -0.549717 0.016010 0.020127
v -0.549717 0.016010 0.035639
v -0.374512 0.016010 0.035639
v -0.370266 0.024357 0.092935
v -0.309811 0.024357 0.092935
v -0.370266 0.031857 0.092935
v -0.309811 0.024357 0.092935
v -0.309811 0.031857 0.092935
v -0.370266 0.031857 0.092935
v -0.309811 0.024357 0.092935
v -0.308046 0.024357 0.092462
v -0.309811 0.031857 0.092935
v -0.308046 0.024357 0.092462
v -0.308046 0.031857 0.092462
v -0.309811 0.031857 0.092935
v -0.308046 0.024357 0.092462
v -0.306754 0.024357 0.091170
v -0.308046 0.031857 0.092462
v -0.306754 0.024357 0.091170
v -0.306754 0.031857 0.091170
v -0.308046 0.031857 0.092462
v -0.306754 0.024357 0.091170
v -0.306281 0.024357 0.089405
v -0.306754 0.031857 0.091170
v -0.306281 0.024357 0.089405
v -0.306281 0.031857 0.089405
v -0.306754 0.031857 0.091170
v -0.306281 0.024357 0.089405
v -0.306281 0.024357 0.082006
v -0.306281 0.031857 0.089405
v -0.306281 0.024357 0.082006
v -0.306281 0.031857 0.082006
v -0.306281 0.031857 0.089405
v -0.306281 0.031857 0.082006
v -0.306281 0.024357 0.082006
v -0.306754 0.031857 0.080241
v -0.306281 0.024357 0.082006
v -0.306754 0.024357 0.080241
v -0.306754 0.031857 0.080241
v -0.306754 0.024357 0.080241
v -0.308046 0.024357 0.078950
v -0.306754 0.031857 0.080241
v -0.308046 0.024357 0.078950
v -0.308046 0.031857 0.078949
v -0.306754 0.031857 0.080241
v -0.308046 0.024357 0.078950
v -0.309811 0.024357 0.078477
v -0.308046 0.031857 0.078949
v -0.309811 0.024357 0.078477
v -0.309811 0.031857 0.078476
v -0.308046 0.031857 0.078949
v -0.309811 0.031857 0.078476
v -0.309811 0.024357 0.078477
v -0.366736 0.031857 0.078476
v -0.309811 0.024357 0.078477
v -0.366736 0.024357 0.078476
v -0.366736 0.031857 0.078476
v 0.259539 0.031857 0.096638
v 0.370266 0.031857 0.096638
v 0.370266 0.031857 0.100906
v 0.259539 0.031857 0.096638
v 0.370266 0.031857 0.092935
v 0.370266 0.031857 0.096638
v 0.259539 0.031857 0.096638
v 0.309811 0.031857 0.092935
v 0.370266 0.031857 0.092935
v 0.259539 0.031857 0.096638
v 0.308046 0.031857 0.092462
v 0.309811 0.031857 0.092935
v 0.259539 0.031857 0.096638
v 0.306754 0.031857 0.091170
v 0.308046 0.031857 0.092462
v 0.259539 0.031857 0.096638
v 0.306281 0.031857 0.089405
v 0.306754 0.031857 0.091170
v 0.259539 0.031857 0.096638
v 0.306281 0.031857 0.082006
v 0.306281 0.031857 0.089405
v 0.259539 0.031857 0.096638
v 0.259539 0.031857 0.037404
v 0.306281 0.031857 0.082006
v 0.306281 0.031857 0.082006
v 0.259539 0.031857 0.037404
v 0.306754 0.031857 0.080241
v 0.259539 0.031857 0.037404
v 0.308046 0.031857 0.078949
v 0.306754 0.031857 0.080241
v 0.259539 0.031857 0.037404
v 0.259539 0.031857 0.096638
v 0.182088 0.031857 0.037404
v 0.309811 0.031857 0.078476
v 0.366736 0.031857 0.043414
v 0.366736 0.031857 0.078476
v 0.366736 0.031857 0.043414
v 0.309811 0.031857 0.078476
v 0.308046 0.031857 0.078949
v 0.366736 0.031857 0.043414
v 0.308046 0.031857 0.078949
v 0.259539 0.031857 0.037404
v 0.366736 0.031857 0.043414
v 0.259539 0.031857 0.037404
v 0.367778 0.031857 0.039527
v 0.259539 0.021330 0.026195
v 0.367778 0.031857 0.039527
v 0.259539 0.031857 0.037404
v 0.259539 0.021330 0.026195
v 0.259539 0.031857 0.037404
v 0.182088 0.031857 0.037404
v 0.182088 0.021330 0.026195
v 0.259539 0.021330 0.026195
v 0.182088 0.031857 0.037404
v 0.182088 0.021330 0.026195
v 0.182088 0.031857 0.037404
v 0.000000 0.021330 0.026195
v 0.182088 0.031857 0.037404
v 0.000000 0.031857 0.037404
v 0.000000 0.021330 0.026195
v 0.000000 0.031857 0.037404
v -0.182088 0.031857 0.037404
v 0.000000 0.021330 0.026195
v -0.182088 0.031857 0.037404
v -0.182088 0.021330 0.026195
v 0.000000 0.021330 0.026195
v 0.367778 0.031857 0.039527
v 0.259539 0.021330 0.026195
v 0.370624 0.031857 0.036681
v 0.370624 0.031857 0.036681
v 0.259539 0.021330 0.026195
v 0.374512 0.031857 0.035639
v 0.374512 0.031857 0.035639
v 0.259539 0.021330 0.026195
v 0.374512 0.021330 0.026195
v -0.182088 0.031857 0.096638
v -0.148690 0.031857 0.092935
v -0.002271 0.031857 0.092935
v -0.182088 0.031857 0.096638
v -0.150455 0.031857 0.092462
v -0.148690 0.031857 0.092935
v -0.151747 0.031857 0.091170
v -0.150455 0.031857 0.092462
v -0.182088 0.031857 0.096638
v -0.182088 0.031857 0.096638
v -0.152220 0.031857 0.089405
v -0.151747 0.031857 0.091170
v -0.182088 0.031857 0.096638
v -0.152220 0.031857 0.082006
v -0.152220 0.031857 0.089405
v -0.151747 0.031857 0.080241
v -0.152220 0.031857 0.082006
v -0.182088 0.031857 0.096638
v -0.151747 0.031857 0.080241
v -0.182088 0.031857 0.096638
v -0.182088 0.031857 0.037404
v -0.182088 0.031857 0.037404
v -0.150455 0.031857 0.078949
v -0.151747 0.031857 0.080241
v -0.182088 0.031857 0.037404
v -0.148690 0.031857 0.078476
v -0.150455 0.031857 0.078949
v 0.000000 0.031857 0.037404
v -0.148690 0.031857 0.078476
v -0.182088 0.031857 0.037404
v -0.148690 0.031857 0.078476
v 0.000000 0.031857 0.037404
v -0.002271 0.031857 0.078476
v 0.000000 0.031857 0.078476
v -0.002271 0.031857 0.078476
v 0.000000 0.031857 0.037404
v -0.002271 0.031857 0.078476
v 0.000000 0.031857 0.078476
v -0.002271 0.031857 0.092935
v 0.000000 0.031857 0.078476
v 0.000000 0.031857 0.096638
v -0.002271 0.031857 0.092935
v -0.182088 0.031857 0.096638
v -0.002271 0.031857 0.092935
v 0.000000 0.031857 0.096638
v -0.182088 0.031857 0.096638
v 0.000000 0.031857 0.096638
v -0.182088 0.031857 0.100906
v -0.182088 0.031857 0.100906
v -0.259539 0.031857 0.100906
v -0.182088 0.031857 0.096638
v -0.259539 0.029967 0.104394
v -0.259539 0.031857 0.100906
v -0.182088 0.031857 0.100906
v -0.370266 0.031857 0.100906
v -0.259539 0.031857 0.100906
v -0.259539 0.029967 0.104394
v -0.370266 0.029967 0.104394
v -0.370266 0.031857 0.100906
v -0.259539 0.029967 0.104394
v -0.370266 0.029967 0.104394
v -0.259539 0.029967 0.104394
v -0.259539 0.025406 0.105839
v -0.370266 0.025406 0.105839
v -0.370266 0.029967 0.104394
v -0.259539 0.025406 0.105839
v -0.370266 0.019637 0.105839
v -0.370266 0.025406 0.105839
v -0.259539 0.025406 0.105839
v -0.259539 0.019637 0.105839
v -0.370266 0.019637 0.105839
v -0.259539 0.025406 0.105839
v -0.370266 0.010000 0.105839
v -0.370266 0.019637 0.105839
v -0.259539 0.019637 0.105839
v -0.259539 0.010000 0.105839
v -0.370266 0.010000 0.105839
v -0.259539 0.019637 0.105839
v -0.259539 0.010000 0.105839
v -0.259539 0.019637 0.105839
v -0.182088 0.019637 0.105839
v -0.182088 0.010000 0.105839
v -0.259539 0.010000 0.105839
v -0.182088 0.019637 0.105839
v -0.182088 0.010000 0.105839
v -0.182088 0.019637 0.105839
v 0.000000 0.019637 0.105839
v 0.000000 0.010000 0.105839
v -0.182088 0.010000 0.105839
v 0.000000 0.019637 0.105839
v -0.259539 0.019637 0.105839
v -0.259539 0.025406 0.105839
v -0.182088 0.025406 0.105839
v -0.182088 0.025406 0.105839
v -0.259539 0.025406 0.105839
v -0.182088 0.029967 0.104394
v -0.259539 0.025406 0.105839
v -0.259539 0.029967 0.104394
v -0.182088 0.029967 0.104394
v -0.182088 0.029967 0.104394
v -0.259539 0.029967 0.104394
v -0.182088 0.031857 0.100906
v -0.182088 0.029967 0.104394
v -0.182088 0.031857 0.100906
v 0.000000 0.029967 0.104394
v -0.182088 0.031857 0.100906
v 0.000000 0.031857 0.100906
v 0.000000 0.029967 0.104394
v 0.000000 0.031857 0.100906
v 0.182088 0.031857 0.100906
v 0.000000 0.029967 0.104394
v 0.000000 0.031857 0.100906
v 0.000000 0.031857 0.096638
v 0.182088 0.031857 0.100906
v 0.000000 0.031857 0.096638
v 0.000000 0.031857 0.100906
v -0.182088 0.031857 0.100906
v 0.182088 0.031857 0.100906
v 0.182088 0.029967 0.104394
v 0.000000 0.029967 0.104394
v -0.182088 0.025406 0.105839
v -0.182088 0.029967 0.104394
v 0.000000 0.025406 0.105839
v -0.182088 0.029967 0.104394
v 0.000000 0.029967 0.104394
v 0.000000 0.025406 0.105839
v 0.000000 0.029967 0.104394
v 0.182088 0.029967 0.104394
v 0.000000 0.025406 0.105839
v 0.182088 0.029967 0.104394
v 0.182088 0.025406 0.105839
v 0.000000 0.025406 0.105839
v 0.000000 0.031857 0.037404
v 0.148690 0.031857 0.078476
v 0.002271 0.031857 0.078476
v 0.002271 0.031857 0.078476
v 0.000000 0.031857 0.078476
v 0.000000 0.031857 0.037404
v 0.000000 0.031857 0.078476
v 0.002271 0.031857 0.078476
v 0.002271 0.031857 0.092935
v 0.000000 0.031857 0.096638
v 0.000000 0.031857 0.078476
v 0.002271 0.031857 0.092935
v 0.002271 0.031857 0.092935
v 0.182088 0.031857 0.096638
v 0.000000 0.031857 0.096638
v 0.000000 0.031857 0.096638
v 0.182088 0.031857 0.096638
v 0.182088 0.031857 0.100906
v 0.259539 0.031857 0.100906
v 0.182088 0.031857 0.100906
v 0.182088 0.031857 0.096638
v 0.182088 0.031857 0.100906
v 0.259539 0.031857 0.100906
v 0.182088 0.029967 0.104394
v 0.259539 0.031857 0.100906
v 0.259539 0.029967 0.104394
v 0.182088 0.029967 0.104394
v 0.182088 0.029967 0.104394
v 0.259539 0.029967 0.104394
v 0.182088 0.025406 0.105839
v 0.259539 0.029967 0.104394
v 0.259539 0.025406 0.105839
v 0.182088 0.025406 0.105839
v 0.259539 0.025406 0.105839
v 0.259539 0.019637 0.105839
v 0.182088 0.025406 0.105839
v 0.259539 0.019637 0.105839
v 0.182088 0.019637 0.105839
v 0.182088 0.025406 0.105839
v 0.182088 0.025406 0.105839
v 0.182088 0.019637 0.105839
v 0.000000 0.025406 0.105839
v 0.182088 0.019637 0.105839
v 0.000000 0.019637 0.105839
v 0.000000 0.025406 0.105839
v 0.000000 0.019637 0.105839
v -0.182088 0.019637 0.105839
v 0.000000 0.025406 0.105839
v -0.182088 0.019637 0.105839
v -0.182088 0.025406 0.105839
v 0.000000 0.025406 0.105839
v -0.182088 0.019637 0.105839
v -0.259539 0.019637 0.105839
v -0.182088 0.025406 0.105839
v 0.148690 0.031857 0.092935
v 0.182088 0.031857 0.096638
v 0.002271 0.031857 0.092935
v 0.150455 0.031857 0.092462
v 0.182088 0.031857 0.096638
v 0.148690 0.031857 0.092935
v 0.150455 0.031857 0.092462
v 0.151747 0.031857 0.091170
v 0.182088 0.031857 0.096638
v 0.152220 0.031857 0.089405
v 0.182088 0.031857 0.096638
v 0.151747 0.031857 0.091170
v 0.152220 0.031857 0.082006
v 0.182088 0.031857 0.096638
v 0.152220 0.031857 0.089405
v 0.152220 0.031857 0.082006
v 0.151747 0.031857 0.080241
v 0.182088 0.031857 0.096638
v 0.182088 0.010000 0.105839
v 0.000000 0.010000 0.105839
v 0.000000 0.019637 0.105839
v 0.182088 0.019637 0.105839
v 0.182088 0.010000 0.105839
v 0.000000 0.019637 0.105839
v 0.259539 0.010000 0.105839
v 0.182088 0.010000 0.105839
v 0.182088 0.019637 0.105839
v 0.259539 0.019637 0.105839
v 0.259539 0.010000 0.105839
v 0.182088 0.019637 0.105839
v 0.259539 0.019637 0.105839
v 0.370266 0.019637 0.105839
v 0.259539 0.010000 0.105839
v 0.370266 0.019637 0.105839
v 0.259539 0.019637 0.105839
v 0.259539 0.025406 0.105839
v 0.370266 0.025406 0.105839
v 0.370266 0.019637 0.105839
v 0.259539 0.025406 0.105839
v 0.370266 0.029967 0.104394
v 0.370266 0.025406 0.105839
v 0.259539 0.025406 0.105839
v 0.259539 0.029967 0.104394
v 0.370266 0.029967 0.104394
v 0.259539 0.025406 0.105839
v 0.370266 0.031857 0.100906
v 0.370266 0.029967 0.104394
v 0.259539 0.029967 0.104394
v 0.259539 0.031857 0.100906
v 0.370266 0.031857 0.100906
v 0.259539 0.029967 0.104394
v 0.259539 0.031857 0.100906
v 0.259539 0.031857 0.096638
v 0.370266 0.031857 0.100906
v 0.259539 0.031857 0.096638
v 0.259539 0.031857 0.100906
v 0.182088 0.031857 0.096638
v 0.259539 0.031857 0.096638
v 0.182088 0.031857 0.096638
v 0.182088 0.031857 0.037404
v 0.182088 0.031857 0.096638
v 0.151747 0.031857 0.080241
v 0.182088 0.031857 0.037404
v 0.150455 0.031857 0.078949
v 0.182088 0.031857 0.037404
v 0.151747 0.031857 0.080241
v 0.148690 0.031857 0.078476
v 0.182088 0.031857 0.037404
v 0.150455 0.031857 0.078949
v 0.148690 0.031857 0.078476
v 0.000000 0.031857 0.037404
v 0.182088 0.031857 0.037404
v 0.370266 0.019637 0.105839
v 0.370266 0.010000 0.105839
v 0.259539 0.010000 0.105839
v -0.259539 0.010000 0.020127
v -0.259539 0.016010 0.020127
v -0.259539 0.010000 0.043414
v -0.259539 0.016010 0.020127
v -0.259539 0.016010 0.043414
v -0.259539 0.010000 0.043414
v -0.259539 0.010000 0.098339
v -0.259539 0.010000 0.043414
v -0.259539 0.016010 0.043414
v -0.259539 0.024357 0.098339
v -0.259539 0.010000 0.098339
v -0.259539 0.016010 0.043414
v -0.259539 0.016010 0.043414
v -0.259539 0.024357 0.043414
v -0.259539 0.024357 0.098339
v -0.448472 0.010000 0.073300
v -0.423073 0.035399 0.090290
v -0.432542 0.010000 0.078628
v -0.423073 0.035399 0.090290
v -0.415108 0.027434 0.090290
v -0.432542 0.010000 0.078628
v -0.448472 0.010000 0.042493
v -0.423073 0.035399 0.042493
v -0.448472 0.010000 0.073300
v -0.423073 0.035399 0.042493
v -0.423073 0.035399 0.090290
v -0.448472 0.010000 0.073300
v -0.423073 0.035399 0.042493
v -0.417264 0.041208 0.042493
v -0.423073 0.035399 0.090290
v -0.417264 0.041208 0.042493
v -0.417264 0.041208 0.090290
v -0.423073 0.035399 0.090290
v -0.405163 0.034358 0.090290
v -0.405163 0.034358 0.042493
v -0.409299 0.033243 0.090290
v -0.405163 0.034358 0.042493
v -0.409299 0.033243 0.042493
v -0.409299 0.033243 0.090290
v -0.417264 0.041208 0.042493
v -0.416139 0.045354 0.042493
v -0.417264 0.041208 0.090290
v -0.416139 0.045354 0.042493
v -0.416139 0.045354 0.090290
v -0.417264 0.041208 0.090290
v -0.432542 0.010000 0.078628
v -0.432542 0.010000 0.042493
v -0.448472 0.010000 0.073300
v -0.432542 0.010000 0.042493
v -0.448472 0.010000 0.042493
v -0.448472 0.010000 0.073300
v 0.448472 0.010000 0.073300
v 0.432542 0.010000 0.078628
v 0.423073 0.035399 0.090290
v 0.432542 0.010000 0.078628
v 0.415108 0.027434 0.090290
v 0.423073 0.035399 0.090290
v 0.432542 0.010000 0.042493
v 0.415108 0.027434 0.042493
v 0.432542 0.010000 0.078628
v 0.415108 0.027434 0.042493
v 0.415108 0.027434 0.090290
v 0.432542 0.010000 0.078628
v 0.415108 0.027434 0.090290
v 0.415108 0.027434 0.042493
v 0.409299 0.033243 0.090290
v 0.415108 0.027434 0.042493
v 0.409299 0.033243 0.042493
v 0.409299 0.033243 0.090290
v -0.366736 0.016010 0.043414
v -0.367778 0.016010 0.039526
v -0.366736 0.024357 0.043414
v -0.366736 0.031857 0.078476
v -0.366736 0.024357 0.078476
v -0.366736 0.031857 0.043414
v -0.366736 0.024357 0.078476
v -0.366736 0.024357 0.043414
v -0.366736 0.031857 0.043414
v -0.366736 0.024357 0.043414
v -0.367778 0.031857 0.039527
v -0.366736 0.031857 0.043414
v -0.367778 0.016010 0.039526
v -0.367778 0.031857 0.039527
v -0.366736 0.024357 0.043414
v -0.367778 0.031857 0.039527
v -0.367778 0.016010 0.039526
v -0.370624 0.031857 0.036681
v -0.367778 0.016010 0.039526
v -0.370624 0.016010 0.036680
v -0.370624 0.031857 0.036681
v -0.370624 0.031857 0.036681
v -0.370624 0.016010 0.036680
v -0.374512 0.031857 0.035639
v -0.370624 0.016010 0.036680
v -0.374512 0.016010 0.035639
v -0.374512 0.031857 0.035639
v -0.374512 0.031857 0.035639
v -0.374512 0.016010 0.035639
v -0.549717 0.016010 0.035639
v -0.549717 0.031857 0.035639
v -0.374512 0.031857 0.035639
v -0.549717 0.016010 0.035639
v -0.148690 0.031857 0.078476
v -0.002271 0.031857 0.078476
v -0.002271 0.024357 0.078476
v -0.148690 0.024357 0.078476
v -0.148690 0.031857 0.078476
v -0.002271 0.024357 0.078476
v -0.148690 0.024357 0.078476
v -0.150455 0.024357 0.078949
v -0.148690 0.031857 0.078476
v -0.150455 0.024357 0.078949
v -0.150455 0.031857 0.078949
v -0.148690 0.031857 0.078476
v -0.150455 0.031857 0.078949
v -0.150455 0.024357 0.078949
v -0.151747 0.031857 0.080241
v -0.150455 0.024357 0.078949
v -0.151747 0.024357 0.080241
v -0.151747 0.031857 0.080241
v -0.151747 0.031857 0.080241
v -0.151747 0.024357 0.080241
v -0.152220 0.031857 0.082006
v -0.151747 0.024357 0.080241
v -0.152220 0.024357 0.082006
v -0.152220 0.031857 0.082006
v -0.152220 0.024357 0.082006
v -0.152220 0.024357 0.089405
v -0.152220 0.031857 0.082006
v -0.152220 0.024357 0.089405
v -0.152220 0.031857 0.089405
v -0.152220 0.031857 0.082006
v -0.152220 0.031857 0.089405
v -0.152220 0.024357 0.089405
v -0.151747 0.031857 0.091170
v -0.152220 0.024357 0.089405
v -0.151747 0.024357 0.091170
v -0.151747 0.031857 0.091170
v -0.151747 0.031857 0.091170
v -0.151747 0.024357 0.091170
v -0.150455 0.031857 0.092462
v -0.151747 0.024357 0.091170
v -0.150455 0.024357 0.092462
v -0.150455 0.031857 0.092462
v -0.150455 0.024357 0.092462
v -0.148690 0.024357 0.092935
v -0.150455 0.031857 0.092462
v -0.148690 0.024357 0.092935
v -0.148690 0.031857 0.092935
v -0.150455 0.031857 0.092462
v -0.148690 0.024357 0.092935
v -0.002271 0.024357 0.092935
v -0.148690 0.031857 0.092935
v -0.002271 0.024357 0.092935
v -0.002271 0.031857 0.092935
v -0.148690 0.031857 0.092935
v 0.405163 0.034358 0.090290
v 0.409299 0.033243 0.090290
v 0.405163 0.034358 0.042493
v 0.409299 0.033243 0.090290
v 0.409299 0.033243 0.042493
v 0.405163 0.034358 0.042493
v 0.416139 0.045354 0.090290
v 0.416139 0.045354 0.042493
v 0.417264 0.041208 0.090290
v 0.416139 0.045354 0.042493
v 0.417264 0.041208 0.042493
v 0.417264 0.041208 0.090290
v 0.448472 0.010000 0.042493
v 0.432542 0.010000 0.042493
v 0.448472 0.010000 0.073300
v 0.432542 0.010000 0.042493
v 0.432542 0.010000 0.078628
v 0.448472 0.010000 0.073300
v 0.542134 0.232044 0.090290
v 0.539508 0.235444 0.090290
v 0.542134 0.232044 0.062734
v 0.539508 0.235444 0.090290
v 0.539508 0.235444 0.062734
v 0.542134 0.232044 0.062734
v 0.537823 0.221638 0.090290
v 0.537823 0.221638 0.062734
v 0.533575 0.221085 0.090290
v 0.537823 0.221638 0.062734
v 0.533575 0.221085 0.062734
v 0.533575 0.221085 0.090290
v 0.627623 0.184442 0.062734
v 0.545413 0.218494 0.062734
v 0.545413 0.218494 0.090290
v 0.545413 0.218494 0.090290
v 0.545413 0.218494 0.062734
v 0.537823 0.221638 0.090290
v 0.545413 0.218494 0.062734
v 0.537823 0.221638 0.062734
v 0.537823 0.221638 0.090290
v 0.545413 0.218494 0.090290
v 0.549724 0.228900 0.090290
v 0.627623 0.184442 0.062734
v 0.549724 0.228900 0.090290
v 0.631933 0.194848 0.062734
v 0.627623 0.184442 0.062734
v 0.545413 0.218494 0.090290
v 0.537823 0.221638 0.090290
v 0.549724 0.228900 0.090290
v 0.537823 0.221638 0.090290
v 0.542134 0.232044 0.090290
v 0.549724 0.228900 0.090290
v 0.537823 0.221638 0.090290
v 0.533575 0.221085 0.090290
v 0.542134 0.232044 0.090290
v 0.533575 0.221085 0.090290
v 0.539508 0.235444 0.090290
v 0.542134 0.232044 0.090290
v 0.533562 0.679924 0.090290
v 0.533562 0.679924 0.062734
v 0.537823 0.679377 0.090290
v 0.533562 0.679924 0.062734
v 0.537823 0.679377 0.062734
v 0.537823 0.679377 0.090290
v 0.539521 0.665576 0.090290
v 0.542134 0.668971 0.090290
v 0.539521 0.665576 0.062734
v 0.542134 0.668971 0.090290
v 0.542134 0.668971 0.062734
v 0.539521 0.665576 0.062734
v 0.631933 0.706167 0.062734
v 0.549724 0.672114 0.062734
v 0.549724 0.672114 0.090290
v 0.549724 0.672114 0.090290
v 0.549724 0.672114 0.062734
v 0.542134 0.668971 0.090290
v 0.549724 0.672114 0.062734
v 0.542134 0.668971 0.062734
v 0.542134 0.668971 0.090290
v 0.545413 0.682521 0.090290
v 0.627623 0.716573 0.062734
v 0.549724 0.672114 0.090290
v 0.627623 0.716573 0.062734
v 0.631933 0.706167 0.062734
v 0.549724 0.672114 0.090290
v 0.584468 0.456139 0.090290
v 0.580742 0.458276 0.090290
v 0.584468 0.456139 0.062734
v 0.580742 0.458276 0.090290
v 0.580742 0.458276 0.062734
v 0.584468 0.456139 0.062734
v 0.580756 0.442739 0.090290
v 0.584468 0.444875 0.090290
v 0.580756 0.442739 0.062734
v 0.584468 0.444875 0.090290
v 0.584468 0.444875 0.062734
v 0.580756 0.442739 0.062734
v 0.681667 0.444875 0.062734
v 0.592684 0.444875 0.062734
v 0.592684 0.444875 0.090290
v 0.592684 0.444875 0.090290
v 0.592684 0.444875 0.062734
v 0.584468 0.444875 0.090290
v 0.592684 0.444875 0.062734
v 0.584468 0.444875 0.062734
v 0.584468 0.444875 0.090290
v 0.592684 0.456139 0.090290
v 0.681667 0.456139 0.062734
v 0.592684 0.444875 0.090290
v 0.681667 0.456139 0.062734
v 0.681667 0.444875 0.062734
v 0.592684 0.444875 0.090290
v 0.682828 0.303211 0.059408
v 0.558398 0.303211 0.059408
v 0.558398 0.298614 0.061313
v 0.682828 0.298614 0.061313
v 0.682828 0.303211 0.059408
v 0.558398 0.298614 0.061313
v 0.682828 0.298614 0.061313
v 0.558398 0.298614 0.061313
v 0.682828 0.296709 0.065910
v 0.558398 0.298614 0.061313
v 0.558398 0.296709 0.065910
v 0.682828 0.296709 0.065910
v 0.682828 0.296709 0.065910
v 0.558398 0.296709 0.065910
v 0.682828 0.298614 0.070508
v 0.558398 0.296709 0.065910
v 0.558398 0.298614 0.070508
v 0.682828 0.298614 0.070508
v 0.682828 0.298614 0.070508
v 0.558398 0.298614 0.070508
v 0.682828 0.303211 0.072412
v 0.558398 0.298614 0.070508
v 0.558398 0.303211 0.072412
v 0.682828 0.303211 0.072412
v 0.682828 0.303211 0.072412
v 0.558398 0.303211 0.072412
v 0.682828 0.307809 0.070508
v 0.558398 0.303211 0.072412
v 0.558398 0.307809 0.070508
v 0.682828 0.307809 0.070508
v 0.682828 0.307809 0.070508
v 0.558398 0.307809 0.070508
v 0.558398 0.309713 0.065910
v 0.682828 0.309713 0.065910
v 0.682828 0.307809 0.070508
v 0.558398 0.309713 0.065910
v 0.682828 0.309713 0.065910
v 0.558398 0.309713 0.065910
v 0.682828 0.307809 0.061313
v 0.558398 0.309713 0.065910
v 0.558398 0.307809 0.061313
v 0.682828 0.307809 0.061313
v 0.682828 0.307809 0.061313
v 0.558398 0.307809 0.061313
v 0.682828 0.303211 0.059408
v 0.558398 0.307809 0.061313
v 0.558398 0.303211 0.059408
v 0.682828 0.303211 0.059408
v -0.259539 0.031857 0.037404
v -0.366736 0.031857 0.043414
v -0.367778 0.031857 0.039527
v -0.306281 0.031857 0.082006
v -0.259539 0.031857 0.037404
v -0.259539 0.031857 0.096638
v -0.259539 0.031857 0.037404
v -0.306281 0.031857 0.082006
v -0.306754 0.031857 0.080241
v -0.308046 0.031857 0.078949
v -0.259539 0.031857 0.037404
v -0.306754 0.031857 0.080241
v -0.308046 0.031857 0.078949
v -0.366736 0.031857 0.043414
v -0.259539 0.031857 0.037404
v -0.308046 0.031857 0.078949
v -0.309811 0.031857 0.078476
v -0.366736 0.031857 0.043414
v -0.366736 0.031857 0.043414
v -0.309811 0.031857 0.078476
v -0.366736 0.031857 0.078476
v -0.306281 0.031857 0.082006
v -0.259539 0.031857 0.096638
v -0.306281 0.031857 0.089405
v -0.306281 0.031857 0.089405
v -0.259539 0.031857 0.096638
v -0.306754 0.031857 0.091170
v -0.306754 0.031857 0.091170
v -0.259539 0.031857 0.096638
v -0.308046 0.031857 0.092462
v -0.309811 0.031857 0.092935
v -0.308046 0.031857 0.092462
v -0.259539 0.031857 0.096638
v -0.309811 0.031857 0.092935
v -0.259539 0.031857 0.096638
v -0.370266 0.031857 0.092935
v -0.370266 0.031857 0.092935
v -0.259539 0.031857 0.096638
v -0.370266 0.031857 0.096638
v -0.370266 0.031857 0.096638
v -0.259539 0.031857 0.096638
v -0.370266 0.031857 0.100906
v -0.259539 0.031857 0.096638
v -0.259539 0.031857 0.100906
v -0.370266 0.031857 0.100906
v -0.259539 0.031857 0.100906
v -0.259539 0.031857 0.096638
v -0.182088 0.031857 0.096638
v -0.182088 0.031857 0.096638
v -0.259539 0.031857 0.096638
v -0.182088 0.031857 0.037404
v -0.259539 0.031857 0.096638
v -0.259539 0.031857 0.037404
v -0.182088 0.031857 0.037404
v -0.182088 0.031857 0.037404
v -0.259539 0.031857 0.037404
v -0.182088 0.021330 0.026195
v -0.259539 0.031857 0.037404
v -0.259539 0.021330 0.026195
v -0.182088 0.021330 0.026195
v -0.259539 0.031857 0.037404
v -0.367778 0.031857 0.039527
v -0.259539 0.021330 0.026195
v -0.259539 0.021330 0.026195
v -0.367778 0.031857 0.039527
v -0.370624 0.031857 0.036681
v -0.259539 0.021330 0.026195
v -0.370624 0.031857 0.036681
v -0.374512 0.031857 0.035639
v -0.259539 0.021330 0.026195
v -0.374512 0.031857 0.035639
v -0.374512 0.021330 0.026195
v -0.374512 0.021330 0.026195
v -0.374512 0.031857 0.035639
v -0.549717 0.021330 0.026195
v -0.374512 0.031857 0.035639
v -0.549717 0.031857 0.035639
v -0.549717 0.021330 0.026195
v -0.416139 0.045354 0.090290
v -0.405163 0.034358 0.090290
v -0.417264 0.041208 0.090290
v -0.405163 0.034358 0.090290
v -0.409299 0.033243 0.090290
v -0.417264 0.041208 0.090290
v -0.417264 0.041208 0.090290
v -0.409299 0.033243 0.090290
v -0.415108 0.027434 0.090290
v -0.423073 0.035399 0.090290
v -0.417264 0.041208 0.090290
v -0.415108 0.027434 0.090290
v 0.409299 0.867771 0.090290
v 0.405153 0.866647 0.090290
v 0.409299 0.867771 0.062734
v 0.405153 0.866647 0.090290
v 0.405153 0.866647 0.062734
v 0.409299 0.867771 0.062734
v 0.417264 0.859807 0.090290
v 0.417264 0.859807 0.062734
v 0.416149 0.855671 0.090290
v 0.417264 0.859807 0.062734
v 0.416149 0.855671 0.062734
v 0.416149 0.855671 0.090290
v 0.417264 0.859807 0.090290
v 0.423073 0.865616 0.090290
v 0.417264 0.859807 0.062734
v 0.423073 0.865616 0.090290
v 0.423073 0.865616 0.062734
v 0.417264 0.859807 0.062734
v 0.485993 0.928536 0.062734
v 0.423073 0.865616 0.062734
v 0.423073 0.865616 0.090290
v -0.409299 0.033243 0.090290
v -0.409299 0.033243 0.042493
v -0.415108 0.027434 0.090290
v -0.409299 0.033243 0.042493
v -0.415108 0.027434 0.042493
v -0.415108 0.027434 0.090290
v -0.415108 0.027434 0.090290
v -0.415108 0.027434 0.042493
v -0.432542 0.010000 0.078628
v -0.415108 0.027434 0.042493
v -0.432542 0.010000 0.042493
v -0.432542 0.010000 0.078628
v 0.423073 0.865616 0.090290
v 0.415108 0.873580 0.090290
v 0.485993 0.928536 0.062734
v 0.415108 0.873580 0.090290
v 0.478029 0.936501 0.062734
v 0.485993 0.928536 0.062734
v 0.423073 0.865616 0.090290
v 0.417264 0.859807 0.090290
v 0.415108 0.873580 0.090290
v 0.417264 0.859807 0.090290
v 0.409299 0.867771 0.090290
v 0.415108 0.873580 0.090290
v 0.417264 0.859807 0.090290
v 0.416149 0.855671 0.090290
v 0.409299 0.867771 0.090290
v 0.416149 0.855671 0.090290
v 0.405153 0.866647 0.090290
v 0.409299 0.867771 0.090290
v 0.215063 0.990015 0.090290
v 0.215063 0.990015 0.062734
v 0.218463 0.992641 0.090290
v 0.215063 0.990015 0.062734
v 0.218463 0.992641 0.062734
v 0.218463 0.992641 0.090290
v 0.229422 0.984083 0.090290
v 0.228870 0.988331 0.090290
v 0.229422 0.984083 0.062734
v 0.228870 0.988331 0.090290
v 0.228870 0.988331 0.062734
v 0.229422 0.984083 0.062734
v 0.228870 0.988331 0.090290
v 0.232013 0.995920 0.090290
v 0.228870 0.988331 0.062734
v 0.232013 0.995920 0.090290
v 0.232013 0.995920 0.062734
v 0.228870 0.988331 0.062734
v 0.266066 1.078130 0.062734
v 0.232013 0.995920 0.062734
v 0.232013 0.995920 0.090290
v 0.423073 0.035399 0.090290
v 0.415108 0.027434 0.090290
v 0.417264 0.041208 0.090290
v 0.415108 0.027434 0.090290
v 0.409299 0.033243 0.090290
v 0.417264 0.041208 0.090290
v 0.409299 0.033243 0.090290
v 0.405163 0.034358 0.090290
v 0.417264 0.041208 0.090290
v 0.405163 0.034358 0.090290
v 0.416139 0.045354 0.090290
v 0.417264 0.041208 0.090290
v 0.221607 1.000231 0.090290
v 0.255659 1.082440 0.062734
v 0.232013 0.995920 0.090290
v 0.255659 1.082440 0.062734
v 0.266066 1.078130 0.062734
v 0.232013 0.995920 0.090290
v 0.232013 0.995920 0.090290
v 0.228870 0.988331 0.090290
v 0.221607 1.000231 0.090290
v 0.228870 0.988331 0.090290
v 0.218463 0.992641 0.090290
v 0.221607 1.000231 0.090290
v 0.228870 0.988331 0.090290
v 0.229422 0.984083 0.090290
v 0.218463 0.992641 0.090290
v 0.229422 0.984083 0.090290
v 0.215063 0.990015 0.090290
v 0.218463 0.992641 0.090290
v -0.542134 0.232044 0.062734
v -0.539508 0.235444 0.062734
v -0.542134 0.232044 0.090290
v -0.539508 0.235444 0.062734
v -0.539508 0.235444 0.090290
v -0.542134 0.232044 0.090290
v -0.533575 0.221085 0.062734
v -0.537823 0.221638 0.062734
v -0.533575 0.221085 0.090290
v -0.537823 0.221638 0.062734
v -0.537823 0.221638 0.090290
v -0.533575 0.221085 0.090290
v -0.537823 0.221638 0.062734
v -0.545413 0.218494 0.062734
v -0.537823 0.221638 0.090290
v -0.545413 0.218494 0.062734
v -0.545413 0.218494 0.090290
v -0.537823 0.221638 0.090290
v -0.545413 0.218494 0.062734
v -0.627623 0.184442 0.062734
v -0.545413 0.218494 0.090290
v 0.448472 0.010000 0.042493
v 0.448472 0.010000 0.073300
v 0.423073 0.035399 0.042493
v 0.448472 0.010000 0.073300
v 0.423073 0.035399 0.090290
v 0.423073 0.035399 0.042493
v 0.417264 0.041208 0.042493
v 0.423073 0.035399 0.042493
v 0.423073 0.035399 0.090290
v 0.417264 0.041208 0.090290
v 0.417264 0.041208 0.042493
v 0.423073 0.035399 0.090290
v 0.555050 0.017855 0.098691
v 0.370266 0.017855 0.098691
v 0.555050 0.019759 0.103289
v 0.370266 0.017855 0.098691
v 0.370266 0.019759 0.103289
v 0.555050 0.019759 0.103289
v 0.555050 0.019759 0.103289
v 0.370266 0.019759 0.103289
v 0.555050 0.024357 0.105193
v 0.370266 0.019759 0.103289
v 0.370266 0.024357 0.105193
v 0.555050 0.024357 0.105193
v 0.555050 0.024357 0.105193
v 0.370266 0.024357 0.105193
v 0.555050 0.028954 0.103289
v 0.370266 0.024357 0.105193
v 0.370266 0.028954 0.103289
v 0.555050 0.028954 0.103289
v 0.555050 0.028954 0.103289
v 0.370266 0.028954 0.103289
v 0.555050 0.030859 0.098691
v 0.370266 0.028954 0.103289
v 0.370266 0.030859 0.098691
v 0.555050 0.030859 0.098691
v 0.555050 0.030859 0.098691
v 0.370266 0.030859 0.098691
v 0.555050 0.028954 0.094094
v 0.370266 0.030859 0.098691
v 0.370266 0.028954 0.094094
v 0.555050 0.028954 0.094094
v 0.555050 0.028954 0.094094
v 0.370266 0.028954 0.094094
v 0.555050 0.024357 0.092190
v 0.370266 0.028954 0.094094
v 0.370266 0.024357 0.092190
v 0.555050 0.024357 0.092190
v 0.555050 0.024357 0.092190
v 0.370266 0.024357 0.092190
v 0.555050 0.019759 0.094094
v 0.370266 0.024357 0.092190
v 0.370266 0.019759 0.094094
v 0.555050 0.019759 0.094094
v 0.555050 0.019759 0.094094
v 0.370266 0.019759 0.094094
v 0.555050 0.017855 0.098691
v 0.370266 0.019759 0.094094
v 0.370266 0.017855 0.098691
v 0.555050 0.017855 0.098691
v 0.542134 0.232044 0.090290
v 0.542134 0.232044 0.062734
v 0.549724 0.228900 0.090290
v 0.542134 0.232044 0.062734
v 0.549724 0.228900 0.062734
v 0.549724 0.228900 0.090290
v 0.549724 0.228900 0.090290
v 0.549724 0.228900 0.062734
v 0.631933 0.194848 0.062734
v -0.627623 0.184442 0.062734
v -0.631933 0.194848 0.062734
v -0.545413 0.218494 0.090290
v -0.631933 0.194848 0.062734
v -0.549724 0.228900 0.090290
v -0.545413 0.218494 0.090290
v -0.552422 0.281045 0.059408
v -0.552422 0.285643 0.061313
v -0.675793 0.281045 0.059408
v -0.552422 0.285643 0.061313
v -0.675793 0.285643 0.061313
v -0.675793 0.281045 0.059408
v -0.552422 0.285643 0.061313
v -0.552422 0.287547 0.065910
v -0.675793 0.285643 0.061313
v -0.552422 0.287547 0.065910
v -0.675793 0.287547 0.065910
v -0.675793 0.285643 0.061313
v -0.675793 0.287547 0.065910
v -0.552422 0.287547 0.065910
v -0.675793 0.285643 0.070508
v -0.552422 0.287547 0.065910
v -0.552422 0.285643 0.070508
v -0.675793 0.285643 0.070508
v -0.552422 0.285643 0.070508
v -0.552422 0.281045 0.072412
v -0.675793 0.285643 0.070508
v -0.552422 0.281045 0.072412
v -0.675793 0.281045 0.072412
v -0.675793 0.285643 0.070508
v -0.552422 0.281045 0.072412
v -0.552422 0.276448 0.070508
v -0.675793 0.281045 0.072412
v -0.552422 0.276448 0.070508
v -0.675793 0.276448 0.070508
v -0.675793 0.281045 0.072412
v -0.552422 0.276448 0.070508
v -0.552422 0.274544 0.065910
v -0.675793 0.276448 0.070508
v -0.552422 0.274544 0.065910
v -0.675793 0.274544 0.065910
v -0.675793 0.276448 0.070508
v -0.675793 0.274544 0.065910
v -0.552422 0.274544 0.065910
v -0.675793 0.276448 0.061313
v -0.552422 0.274544 0.065910
v -0.552422 0.276448 0.061313
v -0.675793 0.276448 0.061313
v -0.552422 0.276448 0.061313
v -0.552422 0.281045 0.059408
v -0.675793 0.276448 0.061313
v -0.552422 0.281045 0.059408
v -0.675793 0.281045 0.059408
v -0.675793 0.276448 0.061313
v -0.584468 0.456139 0.090290
v -0.584468 0.456139 0.062734
v -0.580742 0.458276 0.090290
v -0.584468 0.456139 0.062734
v -0.580742 0.458276 0.062734
v -0.580742 0.458276 0.090290
v -0.580756 0.442739 0.062734
v -0.584468 0.444875 0.062734
v -0.580756 0.442739 0.090290
v -0.584468 0.444875 0.062734
v -0.584468 0.444875 0.090290
v -0.580756 0.442739 0.090290
v -0.584468 0.444875 0.062734
v -0.592684 0.444875 0.062734
v -0.584468 0.444875 0.090290
v -0.592684 0.444875 0.062734
v -0.592684 0.444875 0.090290
v -0.584468 0.444875 0.090290
v -0.592684 0.444875 0.062734
v -0.681667 0.444875 0.062734
v -0.592684 0.444875 0.090290
v 0.537823 0.679377 0.090290
v 0.537823 0.679377 0.062734
v 0.545413 0.682521 0.090290
v 0.537823 0.679377 0.062734
v 0.545413 0.682521 0.062734
v 0.545413 0.682521 0.090290
v 0.545413 0.682521 0.090290
v 0.545413 0.682521 0.062734
v 0.627623 0.716573 0.062734
v -0.681667 0.444875 0.062734
v -0.681667 0.456139 0.062734
v -0.592684 0.444875 0.090290
v -0.681667 0.456139 0.062734
v -0.592684 0.456139 0.090290
v -0.592684 0.444875 0.090290
v -0.537823 0.679377 0.062734
v -0.533562 0.679924 0.062734
v -0.537823 0.679377 0.090290
v -0.533562 0.679924 0.062734
v -0.533562 0.679924 0.090290
v -0.537823 0.679377 0.090290
v -0.539521 0.665576 0.090290
v -0.539521 0.665576 0.062734
v -0.542134 0.668971 0.090290
v -0.539521 0.665576 0.062734
v -0.542134 0.668970 0.062734
v -0.542134 0.668971 0.090290
v -0.542134 0.668970 0.062734
v -0.549724 0.672114 0.062734
v -0.542134 0.668971 0.090290
v -0.549724 0.672114 0.062734
v -0.549724 0.672114 0.090290
v -0.542134 0.668971 0.090290
v -0.549724 0.672114 0.062734
v -0.631933 0.706167 0.062734
v -0.549724 0.672114 0.090290
v 0.545413 0.682521 0.090290
v 0.549724 0.672114 0.090290
v 0.537823 0.679377 0.090290
v 0.549724 0.672114 0.090290
v 0.542134 0.668971 0.090290
v 0.537823 0.679377 0.090290
v 0.542134 0.668971 0.090290
v 0.539521 0.665576 0.090290
v 0.537823 0.679377 0.090290
v 0.539521 0.665576 0.090290
v 0.533562 0.679924 0.090290
v 0.537823 0.679377 0.090290
v -0.545413 0.682521 0.062734
v -0.545413 0.682521 0.090290
v -0.627623 0.716573 0.062734
v -0.545413 0.682521 0.090290
v -0.545413 0.682521 0.062734
v -0.537823 0.679377 0.090290
v -0.545413 0.682521 0.062734
v -0.537823 0.679377 0.062734
v -0.537823 0.679377 0.090290
v -0.549724 0.672114 0.090290
v -0.631933 0.706167 0.062734
v -0.545413 0.682521 0.090290
v -0.631933 0.706167 0.062734
v -0.627623 0.716573 0.062734
v -0.545413 0.682521 0.090290
v -0.545413 0.682521 0.090290
v -0.537823 0.679377 0.090290
v -0.549724 0.672114 0.090290
v -0.537823 0.679377 0.090290
v -0.542134 0.668971 0.090290
v -0.549724 0.672114 0.090290
v -0.539521 0.665576 0.090290
v -0.542134 0.668971 0.090290
v -0.537823 0.679377 0.090290
v -0.533562 0.679924 0.090290
v -0.539521 0.665576 0.090290
v -0.537823 0.679377 0.090290
v 0.592684 0.456139 0.090290
v 0.592684 0.456139 0.062734
v 0.681667 0.456139 0.062734
v 0.592684 0.456139 0.090290
v 0.584468 0.456139 0.090290
v 0.592684 0.456139 0.062734
v 0.584468 0.456139 0.090290
v 0.584468 0.456139 0.062734
v 0.592684 0.456139 0.062734
v -0.409299 0.867771 0.090290
v -0.409299 0.867771 0.062734
v -0.405153 0.866647 0.090290
v -0.409299 0.867771 0.062734
v -0.405153 0.866647 0.062734
v -0.405153 0.866647 0.090290
v -0.416149 0.855671 0.062734
v -0.417264 0.859807 0.062734
v -0.416149 0.855671 0.090290
v -0.417264 0.859807 0.062734
v -0.417264 0.859807 0.090290
v -0.416149 0.855671 0.090290
v -0.485993 0.928536 0.062734
v -0.478029 0.936501 0.062734
v -0.423073 0.865616 0.090290
v -0.478029 0.936501 0.062734
v -0.415108 0.873580 0.090290
v -0.423073 0.865616 0.090290
v -0.218463 0.992641 0.090290
v -0.218463 0.992641 0.062734
v -0.215063 0.990015 0.090290
v -0.218463 0.992641 0.062734
v -0.215063 0.990015 0.062734
v -0.215063 0.990015 0.090290
v -0.229422 0.984083 0.090290
v -0.229422 0.984083 0.062734
v -0.228870 0.988331 0.090290
v -0.229422 0.984083 0.062734
v -0.228870 0.988331 0.062734
v -0.228870 0.988331 0.090290
v -0.221607 1.000231 0.062734
v -0.221607 1.000231 0.090290
v -0.255659 1.082440 0.062734
v -0.221607 1.000231 0.090290
v -0.221607 1.000231 0.062734
v -0.218463 0.992641 0.090290
v -0.221607 1.000231 0.062734
v -0.218463 0.992641 0.062734
v -0.218463 0.992641 0.090290
v -0.266066 1.078130 0.062734
v -0.255659 1.082440 0.062734
v -0.232013 0.995920 0.090290
v -0.255659 1.082440 0.062734
v -0.221607 1.000231 0.090290
v -0.232013 0.995920 0.090290
v 0.005632 1.034976 0.090290
v 0.005632 1.034976 0.062734
v 0.007768 1.031249 0.090290
v 0.005632 1.034976 0.062734
v 0.007768 1.031249 0.062734
v 0.007768 1.031249 0.090290
v -0.007768 1.031263 0.090290
v -0.007768 1.031263 0.062734
v -0.005632 1.034976 0.090290
v -0.007768 1.031263 0.062734
v -0.005632 1.034976 0.062734
v -0.005632 1.034976 0.090290
v -0.005632 1.034976 0.062734
v -0.005632 1.043191 0.062734
v -0.005632 1.034976 0.090290
v -0.005632 1.043191 0.062734
v -0.005632 1.043191 0.090290
v -0.005632 1.034976 0.090290
v -0.005632 1.043191 0.062734
v -0.005632 1.132174 0.062734
v -0.005632 1.043191 0.090290
v 0.592684 0.456139 0.090290
v 0.592684 0.444875 0.090290
v 0.584468 0.456139 0.090290
v 0.592684 0.444875 0.090290
v 0.584468 0.444875 0.090290
v 0.584468 0.456139 0.090290
v 0.584468 0.444875 0.090290
v 0.580756 0.442739 0.090290
v 0.584468 0.456139 0.090290
v 0.580756 0.442739 0.090290
v 0.580742 0.458276 0.090290
v 0.584468 0.456139 0.090290
v 0.005632 1.043191 0.062734
v 0.005632 1.043191 0.090290
v 0.005632 1.132174 0.062734
v 0.005632 1.043191 0.090290
v 0.005632 1.043191 0.062734
v 0.005632 1.034976 0.090290
v 0.005632 1.043191 0.062734
v 0.005632 1.034976 0.062734
v 0.005632 1.034976 0.090290
v -0.005632 1.132174 0.062734
v 0.005632 1.132174 0.062734
v -0.005632 1.043191 0.090290
v 0.005632 1.132174 0.062734
v 0.005632 1.043191 0.090290
v -0.005632 1.043191 0.090290
v 0.259539 0.019193 0.143262
v 0.259539 0.019193 0.124996
v 0.259539 0.000000 0.143262
v 0.259539 0.019193 0.124996
v 0.259539 0.000000 0.124996
v 0.259539 0.000000 0.143262
v 0.263144 0.010000 0.140487
v 0.263144 0.000000 0.140487
v 0.263144 0.010000 0.119562
v 0.263144 0.000000 0.140487
v 0.263144 0.000000 0.119562
v 0.263144 0.010000 0.119562
v 0.479701 0.010000 0.140487
v 0.489066 0.000000 0.140487
v 0.367763 0.000000 0.140487
v 0.367763 0.010000 0.140487
v 0.479701 0.010000 0.140487
v 0.367763 0.000000 0.140487
v 0.367763 0.010000 0.140487
v 0.367763 0.000000 0.140487
v 0.263144 0.010000 0.140487
v 0.367763 0.000000 0.140487
v 0.263144 0.000000 0.140487
v 0.263144 0.010000 0.140487
v 0.314910 0.010000 0.081277
v 0.343881 0.031487 0.081277
v 0.314910 0.010000 0.091216
v 0.343881 0.031487 0.081277
v 0.343881 0.031487 0.091216
v 0.314910 0.010000 0.091216
v 0.343881 0.031487 0.091216
v 0.343881 0.031487 0.081277
v 0.383297 0.067211 0.091216
v 0.343881 0.031487 0.081277
v 0.383297 0.067211 0.081277
v 0.383297 0.067211 0.091216
v 0.383297 0.067211 0.091216
v 0.383297 0.067211 0.081277
v 0.419021 0.106626 0.091216
v 0.383297 0.067211 0.081277
v 0.419021 0.106626 0.081277
v 0.419021 0.106626 0.091216
v 0.419021 0.106626 0.091216
v 0.419021 0.106626 0.081277
v 0.450709 0.149353 0.091216
v 0.419021 0.106626 0.081277
v 0.450709 0.149353 0.081277
v 0.450709 0.149353 0.091216
v 0.450709 0.149353 0.091216
v 0.450709 0.149353 0.081277
v 0.478057 0.194981 0.091216
v 0.450709 0.149353 0.081277
v 0.478057 0.194981 0.081277
v 0.478057 0.194981 0.091216
v 0.478057 0.194981 0.091216
v 0.478057 0.194981 0.081277
v 0.500801 0.243069 0.091216
v 0.478057 0.194981 0.081277
v 0.500801 0.243069 0.081277
v 0.500801 0.243069 0.091216
v 0.500801 0.243069 0.091216
v 0.500801 0.243069 0.081277
v 0.518722 0.293155 0.091216
v 0.500801 0.243069 0.081277
v 0.518722 0.293155 0.081277
v 0.518722 0.293155 0.091216
v 0.518722 0.293155 0.091216
v 0.518722 0.293155 0.081277
v 0.531648 0.344756 0.091216
v 0.518722 0.293155 0.081277
v 0.531648 0.344756 0.081277
v 0.531648 0.344756 0.091216
v 0.531648 0.344756 0.091216
v 0.531648 0.344756 0.081277
v 0.539453 0.397376 0.091216
v 0.531648 0.344756 0.081277
v 0.539453 0.397376 0.081277
v 0.539453 0.397376 0.091216
v 0.539453 0.397376 0.091216
v 0.539453 0.397376 0.081277
v 0.542063 0.450507 0.091216
v 0.539453 0.397376 0.081277
v 0.542063 0.450507 0.081277
v 0.542063 0.450507 0.091216
v 0.542063 0.450507 0.091216
v 0.542063 0.450507 0.081277
v 0.539453 0.503639 0.091216
v 0.542063 0.450507 0.081277
v 0.539453 0.503639 0.081277
v 0.539453 0.503639 0.091216
v 0.539453 0.503639 0.091216
v 0.539453 0.503639 0.081277
v 0.531648 0.556259 0.081277
v 0.531648 0.556259 0.091216
v 0.539453 0.503639 0.091216
v 0.531648 0.556259 0.081277
v 0.531648 0.556259 0.091216
v 0.531648 0.556259 0.081277
v 0.518722 0.607860 0.091216
v 0.531648 0.556259 0.081277
v 0.518722 0.607860 0.081277
v 0.518722 0.607860 0.091216
v 0.518722 0.607860 0.091216
v 0.518722 0.607860 0.081277
v 0.500801 0.657946 0.091216
v 0.518722 0.607860 0.081277
v 0.500801 0.657946 0.081277
v 0.500801 0.657946 0.091216
v 0.675793 0.281045 0.059408
v 0.552422 0.281045 0.059408
v 0.675793 0.276448 0.061313
v 0.552422 0.281045 0.059408
v 0.552422 0.276448 0.061313
v 0.675793 0.276448 0.061313
v 0.675793 0.276448 0.061313
v 0.552422 0.276448 0.061313
v 0.552422 0.274544 0.065910
v 0.675793 0.274544 0.065910
v 0.675793 0.276448 0.061313
v 0.552422 0.274544 0.065910
v 0.675793 0.274544 0.065910
v 0.552422 0.274544 0.065910
v 0.675793 0.276448 0.070508
v 0.552422 0.274544 0.065910
v 0.552422 0.276448 0.070508
v 0.675793 0.276448 0.070508
v 0.675793 0.276448 0.070508
v 0.552422 0.276448 0.070508
v 0.675793 0.281045 0.072412
v 0.552422 0.276448 0.070508
v 0.552422 0.281045 0.072412
v 0.675793 0.281045 0.072412
v 0.675793 0.281045 0.072412
v 0.552422 0.281045 0.072412
v 0.675793 0.285643 0.070508
v 0.552422 0.281045 0.072412
v 0.552422 0.285643 0.070508
v 0.675793 0.285643 0.070508
v 0.675793 0.285643 0.070508
v 0.552422 0.285643 0.070508
v 0.552422 0.287547 0.065910
v 0.675793 0.287547 0.065910
v 0.675793 0.285643 0.070508
v 0.552422 0.287547 0.065910
v 0.675793 0.287547 0.065910
v 0.552422 0.287547 0.065910
v 0.675793 0.285643 0.061313
v 0.552422 0.287547 0.065910
v 0.552422 0.285643 0.061313
v 0.675793 0.285643 0.061313
v 0.675793 0.285643 0.061313
v 0.552422 0.285643 0.061313
v 0.675793 0.281045 0.059408
v 0.552422 0.285643 0.061313
v 0.552422 0.281045 0.059408
v 0.675793 0.281045 0.059408
v 0.415108 0.873580 0.090290
v 0.415108 0.873580 0.062734
v 0.478029 0.936501 0.062734
v 0.415108 0.873580 0.090290
v 0.409299 0.867771 0.090290
v 0.415108 0.873580 0.062734
v 0.409299 0.867771 0.090290
v 0.409299 0.867771 0.062734
v 0.415108 0.873580 0.062734
v 0.301154 0.901217 0.091216
v 0.322564 0.933258 0.091216
v 0.368328 0.899317 0.091216
v 0.343881 0.869528 0.091216
v 0.301154 0.901217 0.091216
v 0.368328 0.899317 0.091216
v 0.343881 0.869528 0.091216
v 0.368328 0.899317 0.091216
v 0.410546 0.861053 0.091216
v 0.383297 0.833804 0.091216
v 0.343881 0.869528 0.091216
v 0.410546 0.861053 0.091216
v 0.383297 0.833804 0.091216
v 0.410546 0.861053 0.091216
v 0.419021 0.794389 0.091216
v 0.410546 0.861053 0.091216
v 0.448809 0.818836 0.091216
v 0.419021 0.794389 0.091216
v 0.419021 0.794389 0.091216
v 0.448809 0.818836 0.091216
v 0.450709 0.751662 0.091216
v 0.448809 0.818836 0.091216
v 0.482751 0.773071 0.091216
v 0.450709 0.751662 0.091216
v 0.450709 0.751662 0.091216
v 0.482751 0.773071 0.091216
v 0.512043 0.724200 0.091216
v 0.478057 0.706034 0.091216
v 0.450709 0.751662 0.091216
v 0.512043 0.724200 0.091216
v 0.478057 0.706034 0.091216
v 0.512043 0.724200 0.091216
v 0.500801 0.657946 0.091216
v 0.512043 0.724200 0.091216
v 0.536404 0.672693 0.091216
v 0.500801 0.657946 0.091216
v -0.157353 0.969229 0.091216
v -0.168539 1.006106 0.091216
v -0.105751 0.982155 0.091216
v -0.168539 1.006106 0.091216
v -0.113269 1.019951 0.091216
v -0.105751 0.982155 0.091216
v -0.113269 1.019951 0.091216
v -0.056909 1.028311 0.091216
v -0.105751 0.982155 0.091216
v -0.056909 1.028311 0.091216
v -0.053131 0.989960 0.091216
v -0.105751 0.982155 0.091216
v -0.056909 1.028311 0.091216
v 0.000000 1.031107 0.091216
v -0.053131 0.989960 0.091216
v 0.000000 1.031107 0.091216
v 0.000000 0.992571 0.091216
v -0.053131 0.989960 0.091216
v 0.000000 0.992571 0.091216
v 0.000000 1.031107 0.091216
v 0.053131 0.989960 0.091216
v 0.000000 1.031107 0.091216
v 0.056909 1.028311 0.091216
v 0.053131 0.989960 0.091216
v 0.053131 0.989960 0.091216
v 0.056909 1.028311 0.091216
v 0.105751 0.982155 0.091216
v 0.056909 1.028311 0.091216
v 0.113269 1.019951 0.091216
v 0.105751 0.982155 0.091216
v 0.105751 0.982155 0.091216
v 0.113269 1.019951 0.091216
v 0.168539 1.006106 0.091216
v 0.157353 0.969229 0.091216
v 0.105751 0.982155 0.091216
v 0.168539 1.006106 0.091216
v 0.157353 0.969229 0.091216
v 0.168539 1.006106 0.091216
v 0.207439 0.951308 0.091216
v 0.168539 1.006106 0.091216
v 0.222186 0.986911 0.091216
v 0.207439 0.951308 0.091216
v 0.207439 0.951308 0.091216
v 0.222186 0.986911 0.091216
v 0.255527 0.928565 0.091216
v 0.222186 0.986911 0.091216
v 0.273693 0.962550 0.091216
v 0.255527 0.928565 0.091216
v 0.255527 0.928565 0.091216
v 0.273693 0.962550 0.091216
v 0.322564 0.933258 0.091216
v 0.301154 0.901217 0.091216
v 0.255527 0.928565 0.091216
v 0.322564 0.933258 0.091216
v -0.536404 0.672693 0.091216
v -0.512043 0.724200 0.091216
v -0.500801 0.657946 0.091216
v -0.512043 0.724200 0.091216
v -0.478057 0.706034 0.091216
v -0.500801 0.657946 0.091216
v -0.478057 0.706034 0.091216
v -0.512043 0.724200 0.091216
v -0.450709 0.751662 0.091216
v -0.512043 0.724200 0.091216
v -0.482751 0.773071 0.091216
v -0.450709 0.751662 0.091216
v -0.482751 0.773071 0.091216
v -0.448809 0.818836 0.091216
v -0.450709 0.751662 0.091216
v -0.448809 0.818836 0.091216
v -0.419021 0.794389 0.091216
v -0.450709 0.751662 0.091216
v -0.448809 0.818836 0.091216
v -0.410546 0.861053 0.091216
v -0.419021 0.794389 0.091216
v -0.410546 0.861053 0.091216
v -0.383297 0.833804 0.091216
v -0.419021 0.794389 0.091216
v -0.383297 0.833804 0.091216
v -0.410546 0.861053 0.091216
v -0.343881 0.869528 0.091216
v -0.410546 0.861053 0.091216
v -0.368328 0.899317 0.091216
v -0.343881 0.869528 0.091216
v -0.368328 0.899317 0.091216
v -0.322564 0.933258 0.091216
v -0.343881 0.869528 0.091216
v -0.322564 0.933258 0.091216
v -0.301154 0.901217 0.091216
v -0.343881 0.869528 0.091216
v -0.322564 0.933258 0.091216
v -0.273693 0.962550 0.091216
v -0.301154 0.901217 0.091216
v -0.273693 0.962550 0.091216
v -0.255527 0.928564 0.091216
v -0.301154 0.901217 0.091216
v -0.255527 0.928564 0.091216
v -0.273693 0.962550 0.091216
v -0.207439 0.951308 0.091216
v -0.273693 0.962550 0.091216
v -0.222186 0.986911 0.091216
v -0.207439 0.951308 0.091216
v -0.222186 0.986911 0.091216
v -0.168539 1.006106 0.091216
v -0.207439 0.951308 0.091216
v -0.168539 1.006106 0.091216
v -0.157353 0.969229 0.091216
v -0.207439 0.951308 0.091216
v -0.577803 0.393599 0.091216
v -0.580599 0.450507 0.091216
v -0.542063 0.450507 0.091216
v -0.542063 0.450507 0.091216
v -0.580599 0.450507 0.091216
v -0.539453 0.503639 0.091216
v -0.580599 0.450507 0.091216
v -0.577804 0.507416 0.091216
v -0.539453 0.503639 0.091216
v -0.577804 0.507416 0.091216
v -0.569443 0.563777 0.091216
v -0.539453 0.503639 0.091216
v -0.569443 0.563777 0.091216
v -0.531648 0.556259 0.091216
v -0.539453 0.503639 0.091216
v -0.569443 0.563777 0.091216
v -0.555599 0.619046 0.091216
v -0.531648 0.556259 0.091216
v -0.555599 0.619046 0.091216
v -0.518722 0.607860 0.091216
v -0.531648 0.556259 0.091216
v -0.555599 0.619046 0.091216
v -0.536404 0.672693 0.091216
v -0.518722 0.607860 0.091216
v -0.536404 0.672693 0.091216
v -0.500801 0.657946 0.091216
v -0.518722 0.607860 0.091216
v -0.343881 0.031487 0.091216
v -0.314910 0.010000 0.091216
v -0.377488 0.010000 0.091216
v -0.383297 0.067211 0.091216
v -0.343881 0.031487 0.091216
v -0.377488 0.010000 0.091216
v -0.410546 0.039962 0.091216
v -0.383297 0.067211 0.091216
v -0.377488 0.010000 0.091216
v -0.383297 0.067211 0.091216
v -0.410546 0.039962 0.091216
v -0.419021 0.106626 0.091216
v -0.410546 0.039962 0.091216
v -0.448809 0.082179 0.091216
v -0.419021 0.106626 0.091216
v -0.419021 0.106626 0.091216
v -0.448809 0.082179 0.091216
v -0.450709 0.149353 0.091216
v -0.448809 0.082179 0.091216
v -0.482751 0.127944 0.091216
v -0.450709 0.149353 0.091216
v -0.450709 0.149353 0.091216
v -0.482751 0.127944 0.091216
v -0.478057 0.194981 0.091216
v -0.482751 0.127944 0.091216
v -0.512043 0.176815 0.091216
v -0.478057 0.194981 0.091216
v -0.512043 0.176815 0.091216
v -0.536404 0.228322 0.091216
v -0.478057 0.194981 0.091216
v -0.536404 0.228322 0.091216
v -0.500801 0.243069 0.091216
v -0.478057 0.194981 0.091216
v -0.536404 0.228322 0.091216
v -0.555599 0.281969 0.091216
v -0.500801 0.243069 0.091216
v -0.555599 0.281969 0.091216
v -0.518722 0.293155 0.091216
v -0.500801 0.243069 0.091216
v -0.518722 0.293155 0.091216
v -0.555599 0.281969 0.091216
v -0.531648 0.344756 0.091216
v -0.555599 0.281969 0.091216
v -0.569443 0.337238 0.091216
v -0.531648 0.344756 0.091216
v -0.569443 0.337238 0.091216
v -0.577803 0.393599 0.091216
v -0.531648 0.344756 0.091216
v -0.577803 0.393599 0.091216
v -0.539453 0.397376 0.091216
v -0.531648 0.344756 0.091216
v -0.539453 0.397376 0.091216
v -0.577803 0.393599 0.091216
v -0.542063 0.450507 0.091216
v 0.444531 0.005977 0.060534
v 0.498751 0.067802 0.060534
v 0.444531 0.005977 0.106730
v 0.498751 0.067802 0.060534
v 0.498751 0.067802 0.106730
v 0.444531 0.005977 0.106730
v 0.498751 0.067802 0.060534
v 0.544437 0.136177 0.060534
v 0.498751 0.067802 0.106730
v 0.544437 0.136177 0.060534
v 0.544437 0.136177 0.106730
v 0.498751 0.067802 0.106730
v 0.544437 0.136177 0.060534
v 0.580807 0.209929 0.060534
v 0.544437 0.136177 0.106730
v 0.580807 0.209929 0.060534
v 0.580807 0.209929 0.106730
v 0.544437 0.136177 0.106730
v 0.580807 0.209929 0.060534
v 0.607240 0.287798 0.060534
v 0.580807 0.209929 0.106730
v 0.607240 0.287798 0.060534
v 0.607240 0.287798 0.106730
v 0.580807 0.209929 0.106730
v 0.607240 0.287798 0.060534
v 0.623283 0.368450 0.060534
v 0.607240 0.287798 0.106730
v 0.623283 0.368450 0.060534
v 0.623283 0.368450 0.106730
v 0.607240 0.287798 0.106730
v 0.623283 0.368450 0.060534
v 0.628661 0.450507 0.060534
v 0.623283 0.368450 0.106730
v 0.628661 0.450507 0.060534
v 0.628661 0.450507 0.106730
v 0.623283 0.368450 0.106730
v 0.628661 0.450507 0.060534
v 0.623284 0.532564 0.060534
v 0.628661 0.450507 0.106730
v 0.623284 0.532564 0.060534
v 0.623284 0.532564 0.106730
v 0.628661 0.450507 0.106730
v 0.444531 0.005977 0.106730
v -0.000000 0.005976 0.106730
v 0.444531 0.005977 0.060534
v -0.000000 0.005976 0.106730
v -0.000000 0.005976 0.060534
v 0.444531 0.005977 0.060534
v -0.000000 0.005976 0.106730
v -0.444531 0.005976 0.106730
v -0.000000 0.005976 0.060534
v -0.444531 0.005976 0.106730
v -0.444531 0.005976 0.060534
v -0.000000 0.005976 0.060534
v -0.544437 0.136176 0.060534
v -0.498751 0.067802 0.060534
v -0.544437 0.136176 0.106730
v -0.498751 0.067802 0.060534
v -0.498751 0.067802 0.106730
v -0.544437 0.136176 0.106730
v -0.498751 0.067802 0.060534
v -0.444531 0.005976 0.060534
v -0.498751 0.067802 0.106730
v -0.444531 0.005976 0.060534
v -0.444531 0.005976 0.106730
v -0.498751 0.067802 0.106730
v -0.498751 0.833212 0.060534
v -0.544437 0.764838 0.060534
v -0.498751 0.833212 0.106730
v -0.544437 0.764838 0.060534
v -0.544437 0.764838 0.106730
v -0.498751 0.833212 0.106730
v -0.544437 0.764838 0.060534
v -0.580808 0.691086 0.060534
v -0.544437 0.764838 0.106730
v -0.580808 0.691086 0.060534
v -0.580808 0.691086 0.106730
v -0.544437 0.764838 0.106730
v -0.580808 0.691086 0.060534
v -0.607241 0.613217 0.060534
v -0.580808 0.691086 0.106730
v -0.607241 0.613217 0.060534
v -0.607241 0.613217 0.106730
v -0.580808 0.691086 0.106730
v -0.607241 0.613217 0.060534
v -0.623284 0.532564 0.060534
v -0.607241 0.613217 0.106730
v -0.623284 0.532564 0.060534
v -0.623284 0.532564 0.106730
v -0.607241 0.613217 0.106730
v -0.623284 0.532564 0.060534
v -0.628662 0.450507 0.060534
v -0.623284 0.532564 0.106730
v -0.628662 0.450507 0.060534
v -0.628662 0.450507 0.106730
v -0.623284 0.532564 0.106730
v -0.628662 0.450507 0.060534
v -0.623284 0.368451 0.060534
v -0.628662 0.450507 0.106730
v -0.623284 0.368451 0.060534
v -0.623284 0.368451 0.106730
v -0.628662 0.450507 0.106730
v -0.623284 0.368451 0.060534
v -0.607241 0.287798 0.060534
v -0.623284 0.368451 0.106730
v -0.607241 0.287798 0.060534
v -0.607241 0.287798 0.106730
v -0.623284 0.368451 0.106730
v -0.607241 0.287798 0.060534
v -0.580808 0.209929 0.060534
v -0.607241 0.287798 0.106730
v -0.580808 0.209929 0.060534
v -0.580808 0.209929 0.106730
v -0.607241 0.287798 0.106730
v -0.580808 0.209929 0.060534
v -0.544437 0.136176 0.060534
v -0.580808 0.209929 0.106730
v -0.544437 0.136176 0.060534
v -0.544437 0.136176 0.106730
v -0.580808 0.209929 0.106730
v 0.162710 1.057748 0.060534
v 0.082057 1.073791 0.060534
v 0.162710 1.057748 0.106730
v 0.082057 1.073791 0.060534
v 0.082057 1.073791 0.106730
v 0.162710 1.057748 0.106730
v 0.082057 1.073791 0.060534
v 0.000000 1.079169 0.060534
v 0.082057 1.073791 0.106730
v 0.000000 1.079169 0.060534
v 0.000000 1.079169 0.106730
v 0.082057 1.073791 0.106730
v 0.000000 1.079169 0.060534
v -0.082057 1.073791 0.060534
v 0.000000 1.079169 0.106730
v -0.082057 1.073791 0.060534
v -0.082057 1.073791 0.106730
v 0.000000 1.079169 0.106730
v -0.082057 1.073791 0.060534
v -0.162710 1.057748 0.060534
v -0.082057 1.073791 0.106730
v -0.162710 1.057748 0.060534
v -0.162710 1.057748 0.106730
v -0.082057 1.073791 0.106730
v -0.162710 1.057748 0.060534
v -0.240578 1.031315 0.060534
v -0.162710 1.057748 0.106730
v -0.240578 1.031315 0.060534
v -0.240578 1.031315 0.106730
v -0.162710 1.057748 0.106730
v -0.240578 1.031315 0.060534
v -0.314331 0.994945 0.060534
v -0.240578 1.031315 0.106730
v -0.314331 0.994945 0.060534
v -0.314331 0.994945 0.106730
v -0.240578 1.031315 0.106730
v -0.314331 0.994945 0.060534
v -0.382705 0.949258 0.060534
v -0.314331 0.994945 0.106730
v -0.382705 0.949258 0.060534
v -0.382705 0.949258 0.106730
v -0.314331 0.994945 0.106730
v -0.382705 0.949258 0.060534
v -0.444531 0.895038 0.060534
v -0.382705 0.949258 0.106730
v -0.444531 0.895038 0.060534
v -0.444531 0.895038 0.106730
v -0.382705 0.949258 0.106730
v -0.444531 0.895038 0.060534
v -0.498751 0.833212 0.060534
v -0.444531 0.895038 0.106730
v -0.498751 0.833212 0.060534
v -0.498751 0.833212 0.106730
v -0.444531 0.895038 0.106730
v 0.623284 0.532564 0.060534
v 0.607241 0.613217 0.060534
v 0.623284 0.532564 0.106730
v 0.607241 0.613217 0.060534
v 0.607241 0.613217 0.106730
v 0.623284 0.532564 0.106730
v 0.607241 0.613217 0.060534
v 0.580808 0.691086 0.060534
v 0.607241 0.613217 0.106730
v 0.580808 0.691086 0.060534
v 0.580808 0.691086 0.106730
v 0.607241 0.613217 0.106730
v 0.580808 0.691086 0.060534
v 0.544437 0.764838 0.060534
v 0.580808 0.691086 0.106730
v 0.544437 0.764838 0.060534
v 0.544437 0.764838 0.106730
v 0.580808 0.691086 0.106730
v 0.544437 0.764838 0.060534
v 0.498751 0.833212 0.060534
v 0.544437 0.764838 0.106730
v 0.498751 0.833212 0.060534
v 0.498751 0.833212 0.106730
v 0.544437 0.764838 0.106730
v 0.498751 0.833212 0.060534
v 0.444531 0.895038 0.060534
v 0.498751 0.833212 0.106730
v 0.444531 0.895038 0.060534
v 0.444531 0.895038 0.106730
v 0.498751 0.833212 0.106730
v 0.444531 0.895038 0.060534
v 0.382705 0.949258 0.060534
v 0.444531 0.895038 0.106730
v 0.382705 0.949258 0.060534
v 0.382705 0.949258 0.106730
v 0.444531 0.895038 0.106730
v 0.382705 0.949258 0.060534
v 0.314331 0.994945 0.060534
v 0.382705 0.949258 0.106730
v 0.314331 0.994945 0.060534
v 0.314331 0.994945 0.106730
v 0.382705 0.949258 0.106730
v 0.314331 0.994945 0.060534
v 0.240579 1.031315 0.060534
v 0.314331 0.994945 0.106730
v 0.240579 1.031315 0.060534
v 0.240579 1.031315 0.106730
v 0.314331 0.994945 0.106730
v 0.240579 1.031315 0.060534
v 0.162710 1.057748 0.060534
v 0.240579 1.031315 0.106730
v 0.162710 1.057748 0.060534
v 0.162710 1.057748 0.106730
v 0.240579 1.031315 0.106730
v 0.002271 0.024357 -0.078476
v 0.002271 0.031857 -0.078476
v 0.002271 0.024357 -0.092935
v 0.002271 0.031857 -0.078476
v 0.002271 0.031857 -0.092935
v 0.002271 0.024357 -0.092935
v 0.366736 0.016010 -0.043414
v 0.366736 0.024357 -0.043414
v 0.259539 0.016010 -0.043414
v 0.366736 0.024357 -0.043414
v 0.259539 0.024357 -0.043414
v 0.259539 0.016010 -0.043414
v 0.259539 0.010000 -0.098339
v 0.259539 0.024357 -0.098339
v 0.309811 0.024357 -0.098339
v 0.259539 0.010000 -0.098339
v 0.309811 0.024357 -0.098339
v 0.370266 0.010000 -0.098339
v 0.309811 0.024357 -0.098339
v 0.370266 0.024357 -0.098339
v 0.370266 0.010000 -0.098339
v 0.366736 0.024357 -0.043414
v 0.366736 0.024357 -0.078476
v 0.309811 0.024357 -0.078477
v 0.259539 0.024357 -0.043414
v 0.366736 0.024357 -0.043414
v 0.309811 0.024357 -0.078477
v 0.259539 0.024357 -0.043414
v 0.309811 0.024357 -0.078477
v 0.308046 0.024357 -0.078950
v 0.259539 0.024357 -0.043414
v 0.308046 0.024357 -0.078950
v 0.306754 0.024357 -0.080241
v 0.259539 0.024357 -0.043414
v 0.306754 0.024357 -0.080241
v 0.306281 0.024357 -0.082006
v 0.259539 0.024357 -0.098339
v 0.259539 0.024357 -0.043414
v 0.306281 0.024357 -0.082006
v 0.306281 0.024357 -0.089405
v 0.259539 0.024357 -0.098339
v 0.306281 0.024357 -0.082006
v 0.259539 0.024357 -0.098339
v 0.306281 0.024357 -0.089405
v 0.306754 0.024357 -0.091170
v 0.259539 0.024357 -0.098339
v 0.306754 0.024357 -0.091170
v 0.308046 0.024357 -0.092462
v 0.259539 0.024357 -0.098339
v 0.308046 0.024357 -0.092462
v 0.309811 0.024357 -0.092935
v 0.259539 0.024357 -0.098339
v 0.309811 0.024357 -0.092935
v 0.309811 0.024357 -0.098339
v 0.309811 0.024357 -0.098339
v 0.309811 0.024357 -0.092935
v 0.370266 0.024357 -0.098339
v 0.309811 0.024357 -0.092935
v 0.370266 0.024357 -0.092935
v 0.370266 0.024357 -0.098339
v 0.370266 0.024357 -0.098339
v 0.370266 0.031857 -0.100906
v 0.370266 0.029967 -0.104394
v 0.370266 0.024357 -0.098339
v 0.370266 0.031857 -0.096638
v 0.370266 0.031857 -0.100906
v 0.370266 0.024357 -0.098339
v 0.370266 0.024357 -0.092935
v 0.370266 0.031857 -0.096638
v 0.370266 0.024357 -0.092935
v 0.370266 0.031857 -0.092935
v 0.370266 0.031857 -0.096638
v 0.370266 0.024357 -0.098339
v 0.370266 0.029967 -0.104394
v 0.370266 0.025406 -0.105839
v 0.370266 0.025406 -0.105839
v 0.370266 0.019637 -0.105839
v 0.370266 0.024357 -0.098339
v 0.370266 0.024357 -0.098339
v 0.370266 0.019637 -0.105839
v 0.370266 0.010000 -0.098339
v 0.370266 0.019637 -0.105839
v 0.370266 0.010000 -0.105839
v 0.370266 0.010000 -0.098339
v 0.218463 0.992641 0.090290
v 0.218463 0.992641 0.062734
v 0.221607 1.000231 0.090290
v 0.218463 0.992641 0.062734
v 0.221607 1.000231 0.062734
v 0.221607 1.000231 0.090290
v 0.221607 1.000231 0.090290
v 0.221607 1.000231 0.062734
v 0.255659 1.082440 0.062734
v 0.370266 0.024357 -0.092935
v 0.309811 0.024357 -0.092935
v 0.370266 0.031857 -0.092935
v 0.309811 0.024357 -0.092935
v 0.309811 0.031857 -0.092935
v 0.370266 0.031857 -0.092935
v 0.309811 0.024357 -0.092935
v 0.308046 0.024357 -0.092462
v 0.309811 0.031857 -0.092935
v 0.308046 0.024357 -0.092462
v 0.308046 0.031857 -0.092462
v 0.309811 0.031857 -0.092935
v 0.308046 0.024357 -0.092462
v 0.306754 0.024357 -0.091170
v 0.308046 0.031857 -0.092462
v 0.306754 0.024357 -0.091170
v 0.306754 0.031857 -0.091170
v 0.308046 0.031857 -0.092462
v 0.306754 0.024357 -0.091170
v 0.306281 0.024357 -0.089405
v 0.306754 0.031857 -0.091170
v 0.306281 0.024357 -0.089405
v 0.306281 0.031857 -0.089405
v 0.306754 0.031857 -0.091170
v 0.306281 0.024357 -0.089405
v 0.306281 0.024357 -0.082006
v 0.306281 0.031857 -0.089405
v 0.306281 0.024357 -0.082006
v 0.306281 0.031857 -0.082006
v 0.306281 0.031857 -0.089405
v 0.306281 0.031857 -0.082006
v 0.306281 0.024357 -0.082006
v 0.306754 0.031857 -0.080241
v 0.306281 0.024357 -0.082006
v 0.306754 0.024357 -0.080241
v 0.306754 0.031857 -0.080241
v 0.306754 0.024357 -0.080241
v 0.308046 0.024357 -0.078950
v 0.306754 0.031857 -0.080241
v 0.308046 0.024357 -0.078950
v 0.308046 0.031857 -0.078949
v 0.306754 0.031857 -0.080241
v 0.308046 0.031857 -0.078949
v 0.308046 0.024357 -0.078950
v 0.309811 0.031857 -0.078476
v 0.308046 0.024357 -0.078950
v 0.309811 0.024357 -0.078477
v 0.309811 0.031857 -0.078476
v 0.309811 0.031857 -0.078476
v 0.309811 0.024357 -0.078477
v 0.366736 0.031857 -0.078476
v 0.309811 0.024357 -0.078477
v 0.366736 0.024357 -0.078476
v 0.366736 0.031857 -0.078476
v -0.002271 0.031857 -0.092935
v -0.002271 0.031857 -0.078476
v -0.002271 0.024357 -0.092935
v -0.002271 0.031857 -0.078476
v -0.002271 0.024357 -0.078476
v -0.002271 0.024357 -0.092935
v -0.366736 0.016010 -0.043414
v -0.259539 0.016010 -0.043414
v -0.366736 0.024357 -0.043414
v -0.259539 0.016010 -0.043414
v -0.259539 0.024357 -0.043414
v -0.366736 0.024357 -0.043414
v -0.259539 0.024357 -0.043414
v -0.259539 0.016010 -0.043414
v -0.259539 0.024357 -0.098339
v -0.259539 0.024357 -0.098339
v -0.259539 0.016010 -0.043414
v -0.259539 0.010000 -0.098339
v -0.259539 0.016010 -0.043414
v -0.259539 0.010000 -0.043414
v -0.259539 0.010000 -0.098339
v -0.259539 0.016010 -0.043414
v -0.259539 0.016010 -0.020127
v -0.259539 0.010000 -0.043414
v -0.259539 0.016010 -0.020127
v -0.259539 0.010000 -0.020127
v -0.259539 0.010000 -0.043414
v -0.370266 0.024357 -0.098339
v -0.309811 0.024357 -0.098339
v -0.370266 0.010000 -0.098339
v -0.309811 0.024357 -0.098339
v -0.259539 0.010000 -0.098339
v -0.370266 0.010000 -0.098339
v -0.259539 0.024357 -0.098339
v -0.259539 0.010000 -0.098339
v -0.309811 0.024357 -0.098339
v -0.549724 0.228900 0.062734
v -0.549724 0.228900 0.090290
v -0.631933 0.194848 0.062734
v -0.549724 0.228900 0.062734
v -0.542134 0.232044 0.062734
v -0.549724 0.228900 0.090290
v -0.542134 0.232044 0.062734
v -0.542134 0.232044 0.090290
v -0.549724 0.228900 0.090290
v -0.370266 0.024357 -0.092935
v -0.309811 0.024357 -0.092935
v -0.370266 0.024357 -0.098339
v -0.309811 0.024357 -0.092935
v -0.309811 0.024357 -0.098339
v -0.370266 0.024357 -0.098339
v -0.309811 0.024357 -0.092935
v -0.259539 0.024357 -0.098339
v -0.309811 0.024357 -0.098339
v -0.308046 0.024357 -0.092462
v -0.259539 0.024357 -0.098339
v -0.309811 0.024357 -0.092935
v -0.306754 0.024357 -0.091170
v -0.259539 0.024357 -0.098339
v -0.308046 0.024357 -0.092462
v -0.306281 0.024357 -0.089405
v -0.259539 0.024357 -0.098339
v -0.306754 0.024357 -0.091170
v -0.306281 0.024357 -0.089405
v -0.306281 0.024357 -0.082006
v -0.259539 0.024357 -0.098339
v -0.306281 0.024357 -0.082006
v -0.259539 0.024357 -0.043414
v -0.259539 0.024357 -0.098339
v -0.306754 0.024357 -0.080241
v -0.259539 0.024357 -0.043414
v -0.306281 0.024357 -0.082006
v -0.308046 0.024357 -0.078950
v -0.259539 0.024357 -0.043414
v -0.306754 0.024357 -0.080241
v -0.309811 0.024357 -0.078477
v -0.259539 0.024357 -0.043414
v -0.308046 0.024357 -0.078950
v -0.366736 0.024357 -0.043414
v -0.259539 0.024357 -0.043414
v -0.309811 0.024357 -0.078477
v -0.366736 0.024357 -0.078476
v -0.366736 0.024357 -0.043414
v -0.309811 0.024357 -0.078477
v -0.539508 0.235444 0.090290
v -0.533575 0.221085 0.090290
v -0.542134 0.232044 0.090290
v -0.533575 0.221085 0.090290
v -0.537823 0.221638 0.090290
v -0.542134 0.232044 0.090290
v -0.542134 0.232044 0.090290
v -0.537823 0.221638 0.090290
v -0.549724 0.228900 0.090290
v -0.537823 0.221638 0.090290
v -0.545413 0.218494 0.090290
v -0.549724 0.228900 0.090290
v -0.370266 0.010000 -0.105839
v -0.370266 0.019637 -0.105839
v -0.370266 0.010000 -0.098339
v -0.370266 0.019637 -0.105839
v -0.370266 0.024357 -0.098339
v -0.370266 0.010000 -0.098339
v -0.370266 0.019637 -0.105839
v -0.370266 0.025406 -0.105839
v -0.370266 0.024357 -0.098339
v -0.370266 0.029967 -0.104394
v -0.370266 0.024357 -0.098339
v -0.370266 0.025406 -0.105839
v -0.370266 0.031857 -0.092935
v -0.370266 0.024357 -0.092935
v -0.370266 0.031857 -0.096638
v -0.370266 0.024357 -0.092935
v -0.370266 0.024357 -0.098339
v -0.370266 0.031857 -0.096638
v -0.370266 0.031857 -0.096638
v -0.370266 0.024357 -0.098339
v -0.370266 0.031857 -0.100906
v -0.370266 0.031857 -0.100906
v -0.370266 0.024357 -0.098339
v -0.370266 0.029967 -0.104394
v -0.549717 0.021330 0.026195
v -0.549717 0.021330 -0.000000
v -0.374512 0.021330 0.026195
v -0.549717 0.021330 -0.000000
v -0.374512 0.021330 -0.000000
v -0.374512 0.021330 0.026195
v 0.000000 0.021330 -0.000000
v 0.000000 0.021330 0.026195
v -0.182088 0.021330 -0.000000
v 0.000000 0.021330 0.026195
v -0.182088 0.021330 0.026195
v -0.182088 0.021330 -0.000000
v -0.182088 0.021330 -0.000000
v -0.182088 0.021330 0.026195
v -0.259539 0.021330 -0.000000
v -0.182088 0.021330 0.026195
v -0.259539 0.021330 0.026195
v -0.259539 0.021330 -0.000000
v -0.259539 0.021330 0.026195
v -0.374512 0.021330 0.026195
v -0.259539 0.021330 -0.000000
v -0.374512 0.021330 0.026195
v -0.374512 0.021330 -0.000000
v -0.259539 0.021330 -0.000000
v -0.374512 0.021330 -0.000000
v -0.374512 0.021330 -0.026195
v -0.259539 0.021330 -0.000000
v -0.374512 0.021330 -0.000000
v -0.549717 0.021330 -0.000000
v -0.374512 0.021330 -0.026195
v -0.549717 0.021330 -0.000000
v -0.549717 0.021330 -0.026195
v -0.374512 0.021330 -0.026195
v -0.374512 0.021330 -0.026195
v -0.259539 0.021330 -0.026195
v -0.259539 0.021330 -0.000000
v -0.259539 0.021330 -0.026195
v -0.182088 0.021330 -0.026195
v -0.259539 0.021330 -0.000000
v -0.182088 0.021330 -0.026195
v -0.182088 0.021330 -0.000000
v -0.259539 0.021330 -0.000000
v -0.182088 0.021330 -0.026195
v 0.000000 0.021330 -0.026195
v -0.182088 0.021330 -0.000000
v 0.000000 0.021330 -0.026195
v 0.000000 0.021330 -0.000000
v -0.182088 0.021330 -0.000000
v 0.000000 0.021330 -0.000000
v 0.000000 0.021330 -0.026195
v 0.182088 0.021330 -0.000000
v 0.000000 0.021330 0.026195
v 0.000000 0.021330 -0.000000
v 0.182088 0.021330 -0.000000
v 0.182088 0.021330 0.026195
v 0.000000 0.021330 0.026195
v 0.182088 0.021330 -0.000000
v 0.182088 0.021330 0.026195
v 0.182088 0.021330 -0.000000
v 0.259539 0.021330 -0.000000
v 0.259539 0.021330 0.026195
v 0.182088 0.021330 0.026195
v 0.259539 0.021330 -0.000000
v 0.374512 0.021330 0.026195
v 0.259539 0.021330 0.026195
v 0.259539 0.021330 -0.000000
v 0.374512 0.021330 -0.000000
v 0.374512 0.021330 0.026195
v 0.259539 0.021330 -0.000000
v 0.374512 0.021330 -0.026195
v 0.374512 0.021330 -0.000000
v 0.259539 0.021330 -0.000000
v 0.259539 0.021330 -0.026195
v 0.374512 0.021330 -0.026195
v 0.259539 0.021330 -0.000000
v 0.182088 0.021330 -0.026195
v 0.259539 0.021330 -0.026195
v 0.259539 0.021330 -0.000000
v 0.182088 0.021330 -0.000000
v 0.182088 0.021330 -0.026195
v 0.259539 0.021330 -0.000000
v 0.000000 0.021330 -0.026195
v 0.182088 0.021330 -0.026195
v 0.182088 0.021330 -0.000000
v 0.148690 0.031857 -0.078476
v 0.000000 0.031857 -0.037404
v 0.002271 0.031857 -0.078476
v 0.000000 0.031857 -0.078476
v 0.002271 0.031857 -0.078476
v 0.000000 0.031857 -0.037404
v 0.002271 0.031857 -0.078476
v 0.000000 0.031857 -0.078476
v 0.002271 0.031857 -0.092935
v 0.000000 0.031857 -0.078476
v 0.000000 0.031857 -0.096638
v 0.002271 0.031857 -0.092935
v 0.182088 0.031857 -0.096638
v 0.002271 0.031857 -0.092935
v 0.000000 0.031857 -0.096638
v 0.182088 0.031857 -0.096638
v 0.148690 0.031857 -0.092935
v 0.002271 0.031857 -0.092935
v 0.182088 0.031857 -0.096638
v 0.150455 0.031857 -0.092462
v 0.148690 0.031857 -0.092935
v 0.151747 0.031857 -0.091170
v 0.150455 0.031857 -0.092462
v 0.182088 0.031857 -0.096638
v 0.182088 0.031857 -0.096638
v 0.152220 0.031857 -0.089405
v 0.151747 0.031857 -0.091170
v 0.182088 0.031857 -0.096638
v 0.152220 0.031857 -0.082006
v 0.152220 0.031857 -0.089405
v 0.151747 0.031857 -0.080241
v 0.152220 0.031857 -0.082006
v 0.182088 0.031857 -0.096638
v 0.151747 0.031857 -0.080241
v 0.182088 0.031857 -0.096638
v 0.182088 0.031857 -0.037404
v 0.182088 0.031857 -0.037404
v 0.150455 0.031857 -0.078949
v 0.151747 0.031857 -0.080241
v 0.182088 0.031857 -0.037404
v 0.148690 0.031857 -0.078476
v 0.150455 0.031857 -0.078949
v 0.000000 0.031857 -0.037404
v 0.148690 0.031857 -0.078476
v 0.182088 0.031857 -0.037404
v 0.000000 0.031857 -0.037404
v 0.182088 0.031857 -0.037404
v 0.000000 0.021330 -0.026195
v 0.000000 0.031857 -0.037404
v 0.000000 0.021330 -0.026195
v -0.182088 0.031857 -0.037404
v 0.000000 0.021330 -0.026195
v -0.182088 0.021330 -0.026195
v -0.182088 0.031857 -0.037404
v -0.182088 0.021330 -0.026195
v -0.259539 0.021330 -0.026195
v -0.182088 0.031857 -0.037404
v -0.259539 0.021330 -0.026195
v -0.259539 0.031857 -0.037404
v -0.182088 0.031857 -0.037404
v 0.182088 0.031857 -0.037404
v 0.182088 0.021330 -0.026195
v 0.000000 0.021330 -0.026195
v -0.259539 0.031857 -0.037404
v -0.308046 0.031857 -0.078949
v -0.306754 0.031857 -0.080241
v -0.306281 0.031857 -0.082006
v -0.259539 0.031857 -0.037404
v -0.306754 0.031857 -0.080241
v -0.259539 0.021330 -0.026195
v -0.367778 0.031857 -0.039527
v -0.259539 0.031857 -0.037404
v -0.366736 0.031857 -0.043414
v -0.259539 0.031857 -0.037404
v -0.367778 0.031857 -0.039527
v -0.366736 0.031857 -0.043414
v -0.308046 0.031857 -0.078949
v -0.259539 0.031857 -0.037404
v -0.366736 0.031857 -0.043414
v -0.309811 0.031857 -0.078476
v -0.308046 0.031857 -0.078949
v -0.309811 0.031857 -0.078476
v -0.366736 0.031857 -0.043414
v -0.366736 0.031857 -0.078476
v -0.367778 0.031857 -0.039527
v -0.259539 0.021330 -0.026195
v -0.370624 0.031857 -0.036681
v -0.370624 0.031857 -0.036681
v -0.259539 0.021330 -0.026195
v -0.374512 0.031857 -0.035639
v -0.374512 0.031857 -0.035639
v -0.259539 0.021330 -0.026195
v -0.374512 0.021330 -0.026195
v -0.374512 0.031857 -0.035639
v -0.374512 0.021330 -0.026195
v -0.549717 0.031857 -0.035639
v -0.374512 0.021330 -0.026195
v -0.549717 0.021330 -0.026195
v -0.549717 0.031857 -0.035639
v -0.370266 0.025406 -0.105839
v -0.370266 0.019637 -0.105839
v -0.259539 0.025406 -0.105839
v -0.370266 0.029967 -0.104394
v -0.370266 0.025406 -0.105839
v -0.259539 0.025406 -0.105839
v -0.259539 0.029967 -0.104394
v -0.370266 0.029967 -0.104394
v -0.259539 0.025406 -0.105839
v -0.370266 0.031857 -0.100906
v -0.370266 0.029967 -0.104394
v -0.259539 0.029967 -0.104394
v -0.259539 0.031857 -0.100906
v -0.370266 0.031857 -0.100906
v -0.259539 0.029967 -0.104394
v -0.259539 0.031857 -0.100906
v -0.259539 0.031857 -0.096638
v -0.370266 0.031857 -0.100906
v -0.259539 0.031857 -0.096638
v -0.259539 0.031857 -0.100906
v -0.182088 0.031857 -0.096638
v -0.259539 0.031857 -0.096638
v -0.182088 0.031857 -0.096638
v -0.182088 0.031857 -0.037404
v -0.182088 0.031857 -0.096638
v -0.151747 0.031857 -0.080241
v -0.182088 0.031857 -0.037404
v -0.150455 0.031857 -0.078949
v -0.182088 0.031857 -0.037404
v -0.151747 0.031857 -0.080241
v -0.148690 0.031857 -0.078476
v -0.182088 0.031857 -0.037404
v -0.150455 0.031857 -0.078949
v -0.148690 0.031857 -0.078476
v 0.000000 0.031857 -0.037404
v -0.182088 0.031857 -0.037404
v 0.000000 0.031857 -0.037404
v -0.148690 0.031857 -0.078476
v -0.002271 0.031857 -0.078476
v -0.002271 0.031857 -0.078476
v 0.000000 0.031857 -0.078476
v 0.000000 0.031857 -0.037404
v 0.000000 0.031857 -0.078476
v -0.002271 0.031857 -0.078476
v -0.002271 0.031857 -0.092935
v 0.000000 0.031857 -0.096638
v 0.000000 0.031857 -0.078476
v -0.002271 0.031857 -0.092935
v -0.002271 0.031857 -0.092935
v -0.182088 0.031857 -0.096638
v 0.000000 0.031857 -0.096638
v 0.000000 0.031857 -0.096638
v -0.182088 0.031857 -0.096638
v -0.182088 0.031857 -0.100906
v 0.000000 0.031857 -0.100906
v 0.000000 0.031857 -0.096638
v -0.182088 0.031857 -0.100906
v -0.148690 0.031857 -0.092935
v -0.182088 0.031857 -0.096638
v -0.002271 0.031857 -0.092935
v -0.150455 0.031857 -0.092462
v -0.182088 0.031857 -0.096638
v -0.148690 0.031857 -0.092935
v -0.150455 0.031857 -0.092462
v -0.151747 0.031857 -0.091170
v -0.182088 0.031857 -0.096638
v -0.152220 0.031857 -0.089405
v -0.182088 0.031857 -0.096638
v -0.151747 0.031857 -0.091170
v -0.152220 0.031857 -0.082006
v -0.182088 0.031857 -0.096638
v -0.152220 0.031857 -0.089405
v -0.152220 0.031857 -0.082006
v -0.151747 0.031857 -0.080241
v -0.182088 0.031857 -0.096638
v -0.259539 0.031857 -0.037404
v -0.259539 0.031857 -0.096638
v -0.182088 0.031857 -0.037404
v -0.259539 0.031857 -0.096638
v -0.259539 0.031857 -0.037404
v -0.306281 0.031857 -0.082006
v -0.259539 0.031857 -0.096638
v -0.306281 0.031857 -0.082006
v -0.306281 0.031857 -0.089405
v -0.259539 0.031857 -0.096638
v -0.306281 0.031857 -0.089405
v -0.306754 0.031857 -0.091170
v -0.259539 0.031857 -0.096638
v -0.306754 0.031857 -0.091170
v -0.308046 0.031857 -0.092462
v -0.259539 0.031857 -0.096638
v -0.308046 0.031857 -0.092462
v -0.309811 0.031857 -0.092935
v -0.259539 0.031857 -0.096638
v -0.309811 0.031857 -0.092935
v -0.370266 0.031857 -0.092935
v -0.259539 0.031857 -0.096638
v -0.370266 0.031857 -0.092935
v -0.370266 0.031857 -0.096638
v -0.259539 0.031857 -0.096638
v -0.370266 0.031857 -0.096638
v -0.370266 0.031857 -0.100906
v 0.182088 0.031857 -0.096638
v 0.000000 0.031857 -0.096638
v 0.182088 0.031857 -0.100906
v 0.000000 0.031857 -0.096638
v 0.000000 0.031857 -0.100906
v 0.182088 0.031857 -0.100906
v 0.182088 0.031857 -0.100906
v 0.000000 0.031857 -0.100906
v 0.000000 0.029967 -0.104394
v 0.000000 0.031857 -0.100906
v -0.182088 0.031857 -0.100906
v 0.000000 0.029967 -0.104394
v -0.182088 0.031857 -0.100906
v -0.182088 0.029967 -0.104394
v 0.000000 0.029967 -0.104394
v -0.259539 0.031857 -0.100906
v -0.182088 0.031857 -0.100906
v -0.182088 0.031857 -0.096638
v -0.182088 0.031857 -0.100906
v -0.259539 0.031857 -0.100906
v -0.259539 0.029967 -0.104394
v -0.182088 0.029967 -0.104394
v -0.182088 0.031857 -0.100906
v -0.259539 0.029967 -0.104394
v -0.182088 0.029967 -0.104394
v -0.259539 0.029967 -0.104394
v -0.259539 0.025406 -0.105839
v -0.182088 0.025406 -0.105839
v -0.182088 0.029967 -0.104394
v -0.259539 0.025406 -0.105839
v -0.259539 0.025406 -0.105839
v -0.259539 0.019637 -0.105839
v -0.182088 0.025406 -0.105839
v -0.259539 0.019637 -0.105839
v -0.182088 0.019637 -0.105839
v -0.182088 0.025406 -0.105839
v -0.182088 0.025406 -0.105839
v -0.182088 0.019637 -0.105839
v 0.000000 0.025406 -0.105839
v -0.182088 0.019637 -0.105839
v 0.000000 0.019637 -0.105839
v 0.000000 0.025406 -0.105839
v 0.370266 0.031857 -0.092935
v 0.259539 0.031857 -0.096638
v 0.370266 0.031857 -0.096638
v 0.370266 0.031857 -0.096638
v 0.259539 0.031857 -0.096638
v 0.370266 0.031857 -0.100906
v 0.259539 0.031857 -0.096638
v 0.259539 0.031857 -0.100906
v 0.370266 0.031857 -0.100906
v 0.370266 0.031857 -0.100906
v 0.259539 0.031857 -0.100906
v 0.259539 0.029967 -0.104394
v 0.259539 0.029967 -0.104394
v 0.259539 0.031857 -0.100906
v 0.182088 0.029967 -0.104394
v 0.259539 0.029967 -0.104394
v 0.182088 0.029967 -0.104394
v 0.182088 0.025406 -0.105839
v 0.182088 0.025406 -0.105839
v 0.182088 0.029967 -0.104394
v 0.000000 0.025406 -0.105839
v 0.182088 0.019637 -0.105839
v 0.182088 0.025406 -0.105839
v 0.000000 0.025406 -0.105839
v 0.000000 0.019637 -0.105839
v 0.182088 0.019637 -0.105839
v 0.000000 0.025406 -0.105839
v 0.182088 0.010000 -0.105839
v 0.182088 0.019637 -0.105839
v 0.000000 0.019637 -0.105839
v 0.000000 0.010000 -0.105839
v 0.182088 0.010000 -0.105839
v 0.000000 0.019637 -0.105839
v -0.182088 0.010000 -0.105839
v 0.000000 0.010000 -0.105839
v 0.000000 0.019637 -0.105839
v -0.182088 0.019637 -0.105839
v -0.182088 0.010000 -0.105839
v 0.000000 0.019637 -0.105839
v -0.259539 0.010000 -0.105839
v -0.182088 0.010000 -0.105839
v -0.182088 0.019637 -0.105839
v -0.259539 0.019637 -0.105839
v -0.259539 0.010000 -0.105839
v -0.182088 0.019637 -0.105839
v -0.370266 0.010000 -0.105839
v -0.259539 0.010000 -0.105839
v -0.259539 0.019637 -0.105839
v -0.370266 0.019637 -0.105839
v -0.370266 0.010000 -0.105839
v -0.259539 0.019637 -0.105839
v -0.370266 0.019637 -0.105839
v -0.259539 0.019637 -0.105839
v -0.259539 0.025406 -0.105839
v 0.182088 0.010000 -0.105839
v 0.259539 0.010000 -0.105839
v 0.182088 0.019637 -0.105839
v 0.259539 0.010000 -0.105839
v 0.259539 0.019637 -0.105839
v 0.182088 0.019637 -0.105839
v 0.182088 0.019637 -0.105839
v 0.259539 0.019637 -0.105839
v 0.182088 0.025406 -0.105839
v 0.259539 0.019637 -0.105839
v 0.259539 0.025406 -0.105839
v 0.182088 0.025406 -0.105839
v 0.259539 0.025406 -0.105839
v 0.259539 0.029967 -0.104394
v 0.182088 0.025406 -0.105839
v 0.370266 0.029967 -0.104394
v 0.259539 0.029967 -0.104394
v 0.259539 0.025406 -0.105839
v 0.370266 0.029967 -0.104394
v 0.370266 0.031857 -0.100906
v 0.259539 0.029967 -0.104394
v 0.370266 0.025406 -0.105839
v 0.370266 0.029967 -0.104394
v 0.259539 0.025406 -0.105839
v 0.370266 0.019637 -0.105839
v 0.370266 0.025406 -0.105839
v 0.259539 0.025406 -0.105839
v 0.259539 0.019637 -0.105839
v 0.370266 0.019637 -0.105839
v 0.259539 0.025406 -0.105839
v 0.259539 0.019637 -0.105839
v 0.259539 0.010000 -0.105839
v 0.370266 0.019637 -0.105839
v 0.259539 0.010000 -0.105839
v 0.370266 0.010000 -0.105839
v 0.370266 0.019637 -0.105839
v -0.182088 0.029967 -0.104394
v -0.182088 0.025406 -0.105839
v 0.000000 0.025406 -0.105839
v 0.000000 0.029967 -0.104394
v -0.182088 0.029967 -0.104394
v 0.000000 0.025406 -0.105839
v 0.182088 0.029967 -0.104394
v 0.000000 0.029967 -0.104394
v 0.000000 0.025406 -0.105839
v 0.182088 0.029967 -0.104394
v 0.182088 0.031857 -0.100906
v 0.000000 0.029967 -0.104394
v 0.259539 0.031857 -0.100906
v 0.182088 0.031857 -0.100906
v 0.182088 0.029967 -0.104394
v 0.182088 0.031857 -0.100906
v 0.259539 0.031857 -0.100906
v 0.182088 0.031857 -0.096638
v 0.259539 0.031857 -0.100906
v 0.259539 0.031857 -0.096638
v 0.182088 0.031857 -0.096638
v 0.182088 0.031857 -0.096638
v 0.259539 0.031857 -0.096638
v 0.182088 0.031857 -0.037404
v 0.259539 0.031857 -0.096638
v 0.259539 0.031857 -0.037404
v 0.182088 0.031857 -0.037404
v 0.182088 0.031857 -0.037404
v 0.259539 0.031857 -0.037404
v 0.182088 0.021330 -0.026195
v 0.259539 0.031857 -0.037404
v 0.259539 0.021330 -0.026195
v 0.182088 0.021330 -0.026195
v 0.259539 0.031857 -0.037404
v 0.367778 0.031857 -0.039527
v 0.259539 0.021330 -0.026195
v 0.259539 0.021330 -0.026195
v 0.367778 0.031857 -0.039527
v 0.370624 0.031857 -0.036681
v 0.259539 0.021330 -0.026195
v 0.370624 0.031857 -0.036681
v 0.374512 0.031857 -0.035639
v 0.259539 0.021330 -0.026195
v 0.374512 0.031857 -0.035639
v 0.374512 0.021330 -0.026195
v 0.259539 0.031857 -0.037404
v 0.366736 0.031857 -0.043414
v 0.367778 0.031857 -0.039527
v 0.366736 0.031857 -0.043414
v 0.309811 0.031857 -0.078476
v 0.366736 0.031857 -0.078476
v 0.308046 0.031857 -0.078949
v 0.309811 0.031857 -0.078476
v 0.366736 0.031857 -0.043414
v 0.308046 0.031857 -0.078949
v 0.366736 0.031857 -0.043414
v 0.259539 0.031857 -0.037404
v 0.308046 0.031857 -0.078949
v 0.259539 0.031857 -0.037404
v 0.306754 0.031857 -0.080241
v 0.259539 0.031857 -0.037404
v 0.306281 0.031857 -0.082006
v 0.306754 0.031857 -0.080241
v 0.306281 0.031857 -0.082006
v 0.259539 0.031857 -0.037404
v 0.259539 0.031857 -0.096638
v 0.306281 0.031857 -0.082006
v 0.259539 0.031857 -0.096638
v 0.306281 0.031857 -0.089405
v 0.306281 0.031857 -0.089405
v 0.259539 0.031857 -0.096638
v 0.306754 0.031857 -0.091170
v 0.306754 0.031857 -0.091170
v 0.259539 0.031857 -0.096638
v 0.308046 0.031857 -0.092462
v 0.309811 0.031857 -0.092935
v 0.308046 0.031857 -0.092462
v 0.259539 0.031857 -0.096638
v 0.309811 0.031857 -0.092935
v 0.259539 0.031857 -0.096638
v 0.370266 0.031857 -0.092935
v -0.682828 0.303211 0.059408
v -0.558398 0.303211 0.059408
v -0.682828 0.307809 0.061313
v -0.558398 0.303211 0.059408
v -0.558398 0.307809 0.061313
v -0.682828 0.307809 0.061313
v -0.558398 0.307809 0.061313
v -0.558398 0.309713 0.065910
v -0.682828 0.307809 0.061313
v -0.558398 0.309713 0.065910
v -0.682828 0.309713 0.065910
v -0.682828 0.307809 0.061313
v -0.558398 0.309713 0.065910
v -0.558398 0.307809 0.070508
v -0.682828 0.309713 0.065910
v -0.558398 0.307809 0.070508
v -0.682828 0.307809 0.070508
v -0.682828 0.309713 0.065910
v -0.558398 0.307809 0.070508
v -0.558398 0.303211 0.072412
v -0.682828 0.307809 0.070508
v -0.558398 0.303211 0.072412
v -0.682828 0.303211 0.072412
v -0.682828 0.307809 0.070508
v -0.558398 0.303211 0.072412
v -0.558398 0.298614 0.070508
v -0.682828 0.303211 0.072412
v -0.558398 0.298614 0.070508
v -0.682828 0.298614 0.070508
v -0.682828 0.303211 0.072412
v -0.682828 0.298614 0.070508
v -0.558398 0.298614 0.070508
v -0.682828 0.296709 0.065910
v -0.558398 0.298614 0.070508
v -0.558398 0.296709 0.065910
v -0.682828 0.296709 0.065910
v -0.558398 0.296709 0.065910
v -0.558398 0.298614 0.061313
v -0.682828 0.296709 0.065910
v -0.558398 0.298614 0.061313
v -0.682828 0.298614 0.061313
v -0.682828 0.296709 0.065910
v -0.558398 0.298614 0.061313
v -0.558398 0.303211 0.059408
v -0.682828 0.298614 0.061313
v -0.558398 0.303211 0.059408
v -0.682828 0.303211 0.059408
v -0.682828 0.298614 0.061313
v -0.448472 0.010000 -0.073300
v -0.432542 0.010000 -0.078628
v -0.423073 0.035399 -0.090290
v -0.432542 0.010000 -0.078628
v -0.415108 0.027434 -0.090290
v -0.423073 0.035399 -0.090290
v -0.432542 0.010000 -0.042493
v -0.415108 0.027434 -0.042493
v -0.432542 0.010000 -0.078628
v -0.415108 0.027434 -0.042493
v -0.415108 0.027434 -0.090290
v -0.432542 0.010000 -0.078628
v -0.415108 0.027434 -0.090290
v -0.415108 0.027434 -0.042493
v -0.409299 0.033243 -0.042493
v -0.409299 0.033243 -0.090290
v -0.415108 0.027434 -0.090290
v -0.409299 0.033243 -0.042493
v -0.405163 0.034358 -0.090290
v -0.409299 0.033243 -0.090290
v -0.405163 0.034358 -0.042493
v -0.409299 0.033243 -0.090290
v -0.409299 0.033243 -0.042493
v -0.405163 0.034358 -0.042493
v -0.416139 0.045354 -0.090290
v -0.416139 0.045354 -0.042493
v -0.417264 0.041208 -0.090290
v -0.416139 0.045354 -0.042493
v -0.417264 0.041208 -0.042493
v -0.417264 0.041208 -0.090290
v -0.448472 0.010000 -0.042493
v -0.432542 0.010000 -0.042493
v -0.448472 0.010000 -0.073300
v -0.432542 0.010000 -0.042493
v -0.432542 0.010000 -0.078628
v -0.448472 0.010000 -0.073300
v 0.448472 0.010000 -0.073300
v 0.423073 0.035399 -0.090290
v 0.432542 0.010000 -0.078628
v 0.423073 0.035399 -0.090290
v 0.415108 0.027434 -0.090290
v 0.432542 0.010000 -0.078628
v 0.448472 0.010000 -0.042493
v 0.423073 0.035399 -0.042493
v 0.448472 0.010000 -0.073300
v 0.423073 0.035399 -0.042493
v 0.423073 0.035399 -0.090290
v 0.448472 0.010000 -0.073300
v 0.423073 0.035399 -0.042493
v 0.417264 0.041208 -0.042493
v 0.423073 0.035399 -0.090290
v 0.417264 0.041208 -0.042493
v 0.417264 0.041208 -0.090290
v 0.423073 0.035399 -0.090290
v 0.409299 0.033243 -0.042493
v 0.415108 0.027434 -0.042493
v 0.409299 0.033243 -0.090290
v 0.415108 0.027434 -0.042493
v 0.415108 0.027434 -0.090290
v 0.409299 0.033243 -0.090290
v 0.415108 0.027434 -0.090290
v 0.415108 0.027434 -0.042493
v 0.432542 0.010000 -0.078628
v 0.415108 0.027434 -0.042493
v 0.432542 0.010000 -0.042493
v 0.432542 0.010000 -0.078628
v 0.405163 0.034358 -0.090290
v 0.405163 0.034358 -0.042493
v 0.409299 0.033243 -0.090290
v 0.405163 0.034358 -0.042493
v 0.409299 0.033243 -0.042493
v 0.409299 0.033243 -0.090290
v 0.417264 0.041208 -0.042493
v 0.416139 0.045354 -0.042493
v 0.417264 0.041208 -0.090290
v 0.416139 0.045354 -0.042493
v 0.416139 0.045354 -0.090290
v 0.417264 0.041208 -0.090290
v 0.432542 0.010000 -0.078628
v 0.432542 0.010000 -0.042493
v 0.448472 0.010000 -0.073300
v 0.432542 0.010000 -0.042493
v 0.448472 0.010000 -0.042493
v 0.448472 0.010000 -0.073300
v 0.370266 0.017855 -0.098691
v 0.370266 0.019759 -0.094094
v 0.555050 0.017855 -0.098691
v 0.370266 0.019759 -0.094094
v 0.555050 0.019759 -0.094094
v 0.555050 0.017855 -0.098691
v 0.370266 0.019759 -0.094094
v 0.370266 0.024357 -0.092190
v 0.555050 0.019759 -0.094094
v 0.370266 0.024357 -0.092190
v 0.555050 0.024357 -0.092190
v 0.555050 0.019759 -0.094094
v 0.370266 0.024357 -0.092190
v 0.370266 0.028954 -0.094094
v 0.555050 0.024357 -0.092190
v 0.370266 0.028954 -0.094094
v 0.555050 0.028954 -0.094094
v 0.555050 0.024357 -0.092190
v 0.370266 0.028954 -0.094094
v 0.370266 0.030859 -0.098691
v 0.555050 0.028954 -0.094094
v 0.370266 0.030859 -0.098691
v 0.555050 0.030859 -0.098691
v 0.555050 0.028954 -0.094094
v 0.370266 0.030859 -0.098691
v 0.370266 0.028954 -0.103289
v 0.555050 0.030859 -0.098691
v 0.370266 0.028954 -0.103289
v 0.555050 0.028954 -0.103289
v 0.555050 0.030859 -0.098691
v 0.370266 0.028954 -0.103289
v 0.370266 0.024357 -0.105193
v 0.555050 0.028954 -0.103289
v 0.370266 0.024357 -0.105193
v 0.555050 0.024357 -0.105193
v 0.555050 0.028954 -0.103289
v 0.370266 0.024357 -0.105193
v 0.370266 0.019759 -0.103289
v 0.555050 0.024357 -0.105193
v 0.370266 0.019759 -0.103289
v 0.555050 0.019759 -0.103289
v 0.555050 0.024357 -0.105193
v 0.370266 0.019759 -0.103289
v 0.370266 0.017855 -0.098691
v 0.555050 0.019759 -0.103289
v 0.370266 0.017855 -0.098691
v 0.555050 0.017855 -0.098691
v 0.555050 0.019759 -0.103289
v 0.542134 0.232044 -0.090290
v 0.542134 0.232044 -0.062734
v 0.539508 0.235444 -0.090290
v 0.542134 0.232044 -0.062734
v 0.539508 0.235444 -0.062734
v 0.539508 0.235444 -0.090290
v 0.533575 0.221085 -0.062734
v 0.537823 0.221638 -0.062734
v 0.533575 0.221085 -0.090290
v 0.537823 0.221638 -0.062734
v 0.537823 0.221638 -0.090290
v 0.533575 0.221085 -0.090290
v 0.537823 0.221638 -0.062734
v 0.545413 0.218494 -0.062734
v 0.537823 0.221638 -0.090290
v 0.545413 0.218494 -0.062734
v 0.545413 0.218494 -0.090290
v 0.537823 0.221638 -0.090290
v 0.545413 0.218494 -0.062734
v 0.627623 0.184442 -0.062734
v 0.545413 0.218494 -0.090290
v -0.592684 0.456139 0.062734
v -0.592684 0.456139 0.090290
v -0.681667 0.456139 0.062734
v -0.592684 0.456139 0.062734
v -0.584468 0.456139 0.062734
v -0.592684 0.456139 0.090290
v -0.584468 0.456139 0.062734
v -0.584468 0.456139 0.090290
v -0.592684 0.456139 0.090290
v 0.545413 0.218494 -0.090290
v 0.627623 0.184442 -0.062734
v 0.549724 0.228900 -0.090290
v 0.627623 0.184442 -0.062734
v 0.631933 0.194848 -0.062734
v 0.549724 0.228900 -0.090290
v 0.537823 0.679377 -0.062734
v 0.533562 0.679924 -0.062734
v 0.537823 0.679377 -0.090290
v 0.533562 0.679924 -0.062734
v 0.533562 0.679924 -0.090290
v 0.537823 0.679377 -0.090290
v 0.539521 0.665576 -0.090290
v 0.539521 0.665576 -0.062734
v 0.542134 0.668971 -0.090290
v 0.539521 0.665576 -0.062734
v 0.542134 0.668971 -0.062734
v 0.542134 0.668971 -0.090290
v 0.542134 0.668971 -0.062734
v 0.549724 0.672114 -0.062734
v 0.542134 0.668971 -0.090290
v 0.549724 0.672114 -0.062734
v 0.549724 0.672114 -0.090290
v 0.542134 0.668971 -0.090290
v 0.549724 0.672114 -0.062734
v 0.631933 0.706167 -0.062734
v 0.549724 0.672114 -0.090290
v -0.580742 0.458276 0.090290
v -0.580756 0.442739 0.090290
v -0.584468 0.456139 0.090290
v -0.580756 0.442739 0.090290
v -0.584468 0.444875 0.090290
v -0.584468 0.456139 0.090290
v -0.584468 0.456139 0.090290
v -0.584468 0.444875 0.090290
v -0.592684 0.456139 0.090290
v -0.584468 0.444875 0.090290
v -0.592684 0.444875 0.090290
v -0.592684 0.456139 0.090290
v 0.631933 0.706167 -0.062734
v 0.627623 0.716573 -0.062734
v 0.549724 0.672114 -0.090290
v 0.627623 0.716573 -0.062734
v 0.545413 0.682521 -0.090290
v 0.549724 0.672114 -0.090290
v 0.545413 0.682521 -0.090290
v 0.537823 0.679377 -0.090290
v 0.549724 0.672114 -0.090290
v 0.537823 0.679377 -0.090290
v 0.542134 0.668971 -0.090290
v 0.549724 0.672114 -0.090290
v 0.539521 0.665576 -0.090290
v 0.542134 0.668971 -0.090290
v 0.537823 0.679377 -0.090290
v 0.533562 0.679924 -0.090290
v 0.539521 0.665576 -0.090290
v 0.537823 0.679377 -0.090290
v -0.417264 0.859807 0.090290
v -0.417264 0.859807 0.062734
v -0.423073 0.865616 0.090290
v -0.417264 0.859807 0.062734
v -0.423073 0.865616 0.062734
v -0.423073 0.865616 0.090290
v -0.423073 0.865616 0.062734
v -0.485993 0.928536 0.062734
v -0.423073 0.865616 0.090290
v 0.584468 0.456139 -0.090290
v 0.584468 0.456139 -0.062734
v 0.580742 0.458276 -0.090290
v 0.584468 0.456139 -0.062734
v 0.580742 0.458276 -0.062734
v 0.580742 0.458276 -0.090290
v 0.580756 0.442739 -0.090290
v 0.580756 0.442739 -0.062734
v 0.584468 0.444875 -0.090290
v 0.580756 0.442739 -0.062734
v 0.584468 0.444875 -0.062734
v 0.584468 0.444875 -0.090290
v 0.584468 0.444875 -0.062734
v 0.592684 0.444875 -0.062734
v 0.584468 0.444875 -0.090290
v 0.592684 0.444875 -0.062734
v 0.592684 0.444875 -0.090290
v 0.584468 0.444875 -0.090290
v 0.592684 0.444875 -0.062734
v 0.681667 0.444875 -0.062734
v 0.592684 0.444875 -0.090290
v -0.415108 0.873580 0.062734
v -0.415108 0.873580 0.090290
v -0.478029 0.936501 0.062734
v -0.415108 0.873580 0.062734
v -0.409299 0.867771 0.062734
v -0.415108 0.873580 0.090290
v -0.409299 0.867771 0.062734
v -0.409299 0.867771 0.090290
v -0.415108 0.873580 0.090290
v 0.592684 0.456139 -0.062734
v 0.592684 0.456139 -0.090290
v 0.681667 0.456139 -0.062734
v 0.592684 0.456139 -0.090290
v 0.592684 0.456139 -0.062734
v 0.584468 0.456139 -0.090290
v 0.592684 0.456139 -0.062734
v 0.584468 0.456139 -0.062734
v 0.584468 0.456139 -0.090290
v 0.681667 0.444875 -0.062734
v 0.681667 0.456139 -0.062734
v 0.592684 0.444875 -0.090290
v 0.681667 0.456139 -0.062734
v 0.592684 0.456139 -0.090290
v 0.592684 0.444875 -0.090290
v 0.592684 0.456139 -0.090290
v 0.584468 0.456139 -0.090290
v 0.592684 0.444875 -0.090290
v 0.584468 0.456139 -0.090290
v 0.584468 0.444875 -0.090290
v 0.592684 0.444875 -0.090290
v 0.580756 0.442739 -0.090290
v 0.584468 0.444875 -0.090290
v 0.584468 0.456139 -0.090290
v 0.580742 0.458276 -0.090290
v 0.580756 0.442739 -0.090290
v 0.584468 0.456139 -0.090290
v -0.405153 0.866647 0.090290
v -0.416149 0.855671 0.090290
v -0.409299 0.867771 0.090290
v -0.416149 0.855671 0.090290
v -0.417264 0.859807 0.090290
v -0.409299 0.867771 0.090290
v -0.409299 0.867771 0.090290
v -0.417264 0.859807 0.090290
v -0.415108 0.873580 0.090290
v -0.417264 0.859807 0.090290
v -0.423073 0.865616 0.090290
v -0.415108 0.873580 0.090290
v 0.558398 0.303211 -0.059409
v 0.558398 0.307809 -0.061313
v 0.682828 0.303211 -0.059409
v 0.558398 0.307809 -0.061313
v 0.682828 0.307809 -0.061313
v 0.682828 0.303211 -0.059409
v 0.558398 0.307809 -0.061313
v 0.558398 0.309713 -0.065910
v 0.682828 0.307809 -0.061313
v 0.558398 0.309713 -0.065910
v 0.682828 0.309713 -0.065910
v 0.682828 0.307809 -0.061313
v 0.682828 0.309713 -0.065910
v 0.558398 0.309713 -0.065910
v 0.682828 0.307809 -0.070508
v 0.558398 0.309713 -0.065910
v 0.558398 0.307809 -0.070508
v 0.682828 0.307809 -0.070508
v 0.558398 0.307809 -0.070508
v 0.558398 0.303211 -0.072412
v 0.682828 0.307809 -0.070508
v 0.558398 0.303211 -0.072412
v 0.682828 0.303211 -0.072412
v 0.682828 0.307809 -0.070508
v 0.558398 0.303211 -0.072412
v 0.558398 0.298614 -0.070508
v 0.682828 0.303211 -0.072412
v 0.558398 0.298614 -0.070508
v 0.682828 0.298614 -0.070508
v 0.682828 0.303211 -0.072412
v 0.558398 0.298614 -0.070508
v 0.558398 0.296709 -0.065910
v 0.682828 0.298614 -0.070508
v 0.558398 0.296709 -0.065910
v 0.682828 0.296709 -0.065910
v 0.682828 0.298614 -0.070508
v 0.558398 0.296709 -0.065910
v 0.558398 0.298614 -0.061313
v 0.682828 0.296709 -0.065910
v 0.558398 0.298614 -0.061313
v 0.682828 0.298614 -0.061313
v 0.682828 0.296709 -0.065910
v 0.682828 0.298614 -0.061313
v 0.558398 0.298614 -0.061313
v 0.682828 0.303211 -0.059409
v 0.558398 0.298614 -0.061313
v 0.558398 0.303211 -0.059409
v 0.682828 0.303211 -0.059409
v -0.228870 0.988331 0.090290
v -0.228870 0.988331 0.062734
v -0.232013 0.995920 0.090290
v -0.228870 0.988331 0.062734
v -0.232013 0.995920 0.062734
v -0.232013 0.995920 0.090290
v -0.232013 0.995920 0.062734
v -0.266066 1.078130 0.062734
v -0.232013 0.995920 0.090290
v 0.552422 0.281045 -0.059409
v 0.552422 0.285643 -0.061313
v 0.675793 0.281045 -0.059409
v 0.552422 0.285643 -0.061313
v 0.675793 0.285643 -0.061313
v 0.675793 0.281045 -0.059409
v 0.552422 0.285643 -0.061313
v 0.552422 0.287547 -0.065910
v 0.675793 0.285643 -0.061313
v 0.552422 0.287547 -0.065910
v 0.675793 0.287547 -0.065910
v 0.675793 0.285643 -0.061313
v 0.675793 0.287547 -0.065910
v 0.552422 0.287547 -0.065910
v 0.675793 0.285643 -0.070508
v 0.552422 0.287547 -0.065910
v 0.552422 0.285643 -0.070508
v 0.675793 0.285643 -0.070508
v 0.552422 0.285643 -0.070508
v 0.552422 0.281045 -0.072412
v 0.675793 0.285643 -0.070508
v 0.552422 0.281045 -0.072412
v 0.675793 0.281045 -0.072412
v 0.675793 0.285643 -0.070508
v 0.552422 0.281045 -0.072412
v 0.552422 0.276448 -0.070508
v 0.675793 0.281045 -0.072412
v 0.552422 0.276448 -0.070508
v 0.675793 0.276448 -0.070508
v 0.675793 0.281045 -0.072412
v 0.552422 0.276448 -0.070508
v 0.552422 0.274544 -0.065910
v 0.675793 0.276448 -0.070508
v 0.552422 0.274544 -0.065910
v 0.675793 0.274544 -0.065910
v 0.675793 0.276448 -0.070508
v 0.675793 0.274544 -0.065910
v 0.552422 0.274544 -0.065910
v 0.675793 0.276448 -0.061313
v 0.552422 0.274544 -0.065910
v 0.552422 0.276448 -0.061313
v 0.675793 0.276448 -0.061313
v 0.552422 0.276448 -0.061313
v 0.552422 0.281045 -0.059409
v 0.675793 0.276448 -0.061313
v 0.552422 0.281045 -0.059409
v 0.675793 0.281045 -0.059409
v 0.675793 0.276448 -0.061313
v 0.409299 0.867771 -0.090290
v 0.409299 0.867771 -0.062734
v 0.405153 0.866647 -0.090290
v 0.409299 0.867771 -0.062734
v 0.405153 0.866647 -0.062734
v 0.405153 0.866647 -0.090290
v 0.416149 0.855671 -0.062734
v 0.417264 0.859807 -0.062734
v 0.416149 0.855671 -0.090290
v 0.417264 0.859807 -0.062734
v 0.417264 0.859807 -0.090290
v 0.416149 0.855671 -0.090290
v 0.415108 0.873580 -0.062734
v 0.415108 0.873580 -0.090290
v 0.478029 0.936501 -0.062734
v 0.415108 0.873580 -0.090290
v 0.415108 0.873580 -0.062734
v 0.409299 0.867771 -0.090290
v 0.415108 0.873580 -0.062734
v 0.409299 0.867771 -0.062734
v 0.409299 0.867771 -0.090290
v 0.423073 0.865616 -0.090290
v 0.485993 0.928536 -0.062734
v 0.415108 0.873580 -0.090290
v 0.485993 0.928536 -0.062734
v 0.478029 0.936501 -0.062734
v 0.415108 0.873580 -0.090290
v 0.218463 0.992641 -0.062734
v 0.215063 0.990015 -0.062734
v 0.218463 0.992641 -0.090290
v 0.215063 0.990015 -0.062734
v 0.215063 0.990015 -0.090290
v 0.218463 0.992641 -0.090290
v 0.229422 0.984083 -0.090290
v 0.229422 0.984083 -0.062734
v 0.228870 0.988331 -0.090290
v 0.229422 0.984083 -0.062734
v 0.228870 0.988331 -0.062734
v 0.228870 0.988331 -0.090290
v 0.266066 1.078130 -0.062734
v 0.255659 1.082440 -0.062734
v 0.232013 0.995920 -0.090290
v 0.255659 1.082440 -0.062734
v 0.221607 1.000231 -0.090290
v 0.232013 0.995920 -0.090290
v -0.539508 0.235444 -0.090290
v -0.539508 0.235444 -0.062734
v -0.542134 0.232044 -0.090290
v -0.539508 0.235444 -0.062734
v -0.542134 0.232044 -0.062734
v -0.542134 0.232044 -0.090290
v -0.537823 0.221638 -0.090290
v -0.537823 0.221638 -0.062734
v -0.533575 0.221085 -0.090290
v -0.537823 0.221638 -0.062734
v -0.533575 0.221085 -0.062734
v -0.533575 0.221085 -0.090290
v -0.627623 0.184442 -0.062734
v -0.545413 0.218494 -0.062734
v -0.545413 0.218494 -0.090290
v -0.545413 0.218494 -0.090290
v -0.545413 0.218494 -0.062734
v -0.537823 0.221638 -0.090290
v -0.545413 0.218494 -0.062734
v -0.537823 0.221638 -0.062734
v -0.537823 0.221638 -0.090290
v -0.549724 0.228900 -0.090290
v -0.631933 0.194848 -0.062734
v -0.545413 0.218494 -0.090290
v -0.631933 0.194848 -0.062734
v -0.627623 0.184442 -0.062734
v -0.545413 0.218494 -0.090290
v -0.545413 0.218494 -0.090290
v -0.537823 0.221638 -0.090290
v -0.549724 0.228900 -0.090290
v -0.537823 0.221638 -0.090290
v -0.542134 0.232044 -0.090290
v -0.549724 0.228900 -0.090290
v -0.537823 0.221638 -0.090290
v -0.533575 0.221085 -0.090290
v -0.542134 0.232044 -0.090290
v -0.533575 0.221085 -0.090290
v -0.539508 0.235444 -0.090290
v -0.542134 0.232044 -0.090290
v -0.618823 0.628555 -0.000000
v -0.618823 0.450507 -0.000000
v -0.618823 0.628555 0.039329
v -0.618823 0.450507 -0.000000
v -0.618823 0.450507 0.039329
v -0.618823 0.628555 0.039329
v -0.618823 0.450507 -0.000000
v -0.618823 0.272460 -0.000000
v -0.618823 0.450507 0.039329
v -0.618823 0.272460 -0.000000
v -0.618823 0.272460 0.039329
v -0.618823 0.450507 0.039329
v -0.618823 0.272460 -0.000000
v -0.618823 0.106546 -0.000000
v -0.618823 0.272460 0.039329
v -0.618823 0.106546 -0.000000
v -0.618823 0.106546 0.039329
v -0.618823 0.272460 0.039329
v -0.618823 0.106546 -0.000000
v -0.618823 0.010000 -0.000000
v -0.618823 0.106546 0.039329
v -0.618823 0.010000 -0.000000
v -0.618823 0.010000 0.039329
v -0.618823 0.106546 0.039329
v -0.618823 0.010000 -0.039329
v -0.618823 0.010000 -0.000000
v -0.618823 0.106546 -0.039329
v -0.618823 0.010000 -0.000000
v -0.618823 0.106546 -0.000000
v -0.618823 0.106546 -0.039329
v -0.618823 0.106546 -0.039329
v -0.618823 0.106546 -0.000000
v -0.618823 0.272460 -0.039329
v -0.618823 0.106546 -0.000000
v -0.618823 0.272460 -0.000000
v -0.618823 0.272460 -0.039329
v -0.618823 0.272460 -0.039329
v -0.618823 0.272460 -0.000000
v -0.618823 0.450507 -0.039329
v -0.618823 0.272460 -0.000000
v -0.618823 0.450507 -0.000000
v -0.618823 0.450507 -0.039329
v -0.618823 0.450507 -0.039329
v -0.618823 0.450507 -0.000000
v -0.618823 0.628555 -0.039329
v -0.618823 0.450507 -0.000000
v -0.618823 0.628555 -0.000000
v -0.618823 0.628555 -0.039329
v -0.618823 0.628555 -0.039329
v -0.618823 0.628555 -0.000000
v -0.618823 1.036216 -0.039329
v -0.618823 0.628555 -0.000000
v -0.618823 1.036216 -0.000000
v -0.618823 1.036216 -0.039329
v -0.618823 1.036216 -0.039329
v -0.618823 1.036216 -0.000000
v -0.486435 1.036216 -0.039329
v -0.618823 1.036216 -0.000000
v -0.486435 1.036216 -0.000000
v -0.486435 1.036216 -0.039329
v -0.486435 1.036216 -0.039329
v -0.486435 1.036216 -0.000000
v -0.343961 1.036216 -0.039329
v -0.486435 1.036216 -0.000000
v -0.343961 1.036216 -0.000000
v -0.343961 1.036216 -0.039329
v -0.343961 1.036216 -0.039329
v -0.343961 1.036216 -0.000000
v -0.178047 1.114989 -0.039329
v -0.343961 1.036216 -0.000000
v -0.178047 1.114989 -0.000000
v -0.178047 1.114989 -0.039329
v -0.178047 1.114989 -0.039329
v -0.178047 1.114989 -0.000000
v 0.000000 1.138430 -0.039329
v -0.178047 1.114989 -0.000000
v 0.000000 1.138430 -0.000000
v 0.000000 1.138430 -0.039329
v 0.622693 0.628555 -0.000000
v 0.622693 1.036216 -0.000000
v 0.622693 0.628555 0.039329
v 0.622693 1.036216 -0.000000
v 0.622693 1.036216 0.039329
v 0.622693 0.628555 0.039329
v 0.622693 1.036216 -0.000000
v 0.343961 1.036216 -0.000000
v 0.622693 1.036216 0.039329
v 0.343961 1.036216 -0.000000
v 0.343961 1.036216 0.039329
v 0.622693 1.036216 0.039329
v 0.343961 1.036216 -0.000000
v 0.178047 1.114989 -0.000000
v 0.343961 1.036216 0.039329
v 0.178047 1.114989 -0.000000
v 0.178047 1.114989 0.039329
v 0.343961 1.036216 0.039329
v 0.178047 1.114989 -0.000000
v 0.000000 1.138430 -0.000000
v 0.178047 1.114989 0.039329
v 0.000000 1.138430 -0.000000
v 0.000000 1.138430 0.039329
v 0.178047 1.114989 0.039329
v 0.000000 1.138430 -0.000000
v -0.178047 1.114989 -0.000000
v 0.000000 1.138430 0.039329
v -0.178047 1.114989 -0.000000
v -0.178047 1.114989 0.039329
v 0.000000 1.138430 0.039329
v -0.178047 1.114989 -0.000000
v -0.343961 1.036216 -0.000000
v -0.178047 1.114989 0.039329
v -0.343961 1.036216 -0.000000
v -0.343961 1.036216 0.039329
v -0.178047 1.114989 0.039329
v -0.343961 1.036216 -0.000000
v -0.486435 1.036216 -0.000000
v -0.343961 1.036216 0.039329
v -0.486435 1.036216 -0.000000
v -0.486435 1.036216 0.039329
v -0.343961 1.036216 0.039329
v -0.486435 1.036216 -0.000000
v -0.618823 1.036216 -0.000000
v -0.486435 1.036216 0.039329
v -0.618823 1.036216 -0.000000
v -0.618823 1.036216 0.039329
v -0.486435 1.036216 0.039329
v -0.618823 1.036216 -0.000000
v -0.618823 0.628555 -0.000000
v -0.618823 1.036216 0.039329
v -0.618823 0.628555 -0.000000
v -0.618823 0.628555 0.039329
v -0.618823 1.036216 0.039329
v 0.000000 1.138430 -0.039329
v 0.000000 1.138430 -0.000000
v 0.178047 1.114989 -0.039329
v 0.000000 1.138430 -0.000000
v 0.178047 1.114989 -0.000000
v 0.178047 1.114989 -0.039329
v 0.178047 1.114989 -0.039329
v 0.178047 1.114989 -0.000000
v 0.343961 1.036216 -0.039329
v 0.178047 1.114989 -0.000000
v 0.343961 1.036216 -0.000000
v 0.343961 1.036216 -0.039329
v 0.343961 1.036216 -0.039329
v 0.343961 1.036216 -0.000000
v 0.622693 1.036216 -0.039329
v 0.343961 1.036216 -0.000000
v 0.622693 1.036216 -0.000000
v 0.622693 1.036216 -0.039329
v 0.622693 1.036216 -0.039329
v 0.622693 1.036216 -0.000000
v 0.622693 0.628555 -0.039329
v 0.622693 1.036216 -0.000000
v 0.622693 0.628555 -0.000000
v 0.622693 0.628555 -0.039329
v 0.622693 0.628555 -0.039329
v 0.622693 0.628555 -0.000000
v 0.622693 0.450507 -0.039329
v 0.622693 0.628555 -0.000000
v 0.622693 0.450507 -0.000000
v 0.622693 0.450507 -0.039329
v 0.622693 0.450507 -0.039329
v 0.622693 0.450507 -0.000000
v 0.622693 0.272460 -0.039329
v 0.622693 0.450507 -0.000000
v 0.622693 0.272460 -0.000000
v 0.622693 0.272460 -0.039329
v 0.622693 0.272460 -0.039329
v 0.622693 0.272460 -0.000000
v 0.622693 0.106546 -0.039329
v 0.622693 0.272460 -0.000000
v 0.622693 0.106546 -0.000000
v 0.622693 0.106546 -0.039329
v 0.622693 0.106546 -0.039329
v 0.622693 0.106546 -0.000000
v 0.622693 0.010000 -0.039329
v 0.622693 0.106546 -0.000000
v 0.622693 0.010000 -0.000000
v 0.622693 0.010000 -0.039329
v 0.622693 0.010000 -0.000000
v 0.622693 0.106546 -0.000000
v 0.622693 0.010000 0.039329
v 0.622693 0.106546 -0.000000
v 0.622693 0.106546 0.039329
v 0.622693 0.010000 0.039329
v 0.622693 0.106546 -0.000000
v 0.622693 0.272460 -0.000000
v 0.622693 0.106546 0.039329
v 0.622693 0.272460 -0.000000
v 0.622693 0.272460 0.039329
v 0.622693 0.106546 0.039329
v 0.622693 0.272460 -0.000000
v 0.622693 0.450507 -0.000000
v 0.622693 0.272460 0.039329
v 0.622693 0.450507 -0.000000
v 0.622693 0.450507 0.039329
v 0.622693 0.272460 0.039329
v 0.622693 0.450507 -0.000000
v 0.622693 0.628555 -0.000000
v 0.622693 0.450507 0.039329
v 0.622693 0.628555 -0.000000
v 0.622693 0.628555 0.039329
v 0.622693 0.450507 0.039329
v -0.584468 0.456139 -0.090290
v -0.580742 0.458276 -0.090290
v -0.584468 0.456139 -0.062734
v -0.580742 0.458276 -0.090290
v -0.580742 0.458276 -0.062734
v -0.584468 0.456139 -0.062734
v -0.584468 0.444875 -0.090290
v -0.584468 0.444875 -0.062734
v -0.580756 0.442739 -0.090290
v -0.584468 0.444875 -0.062734
v -0.580756 0.442739 -0.062734
v -0.580756 0.442739 -0.090290
v -0.681667 0.444875 -0.062734
v -0.592684 0.444875 -0.062734
v -0.592684 0.444875 -0.090290
v -0.592684 0.444875 -0.090290
v -0.592684 0.444875 -0.062734
v -0.584468 0.444875 -0.090290
v -0.592684 0.444875 -0.062734
v -0.584468 0.444875 -0.062734
v -0.584468 0.444875 -0.090290
v -0.592684 0.456139 -0.090290
v -0.681667 0.456139 -0.062734
v -0.592684 0.444875 -0.090290
v -0.681667 0.456139 -0.062734
v -0.681667 0.444875 -0.062734
v -0.592684 0.444875 -0.090290
v -0.592684 0.444875 -0.090290
v -0.584468 0.444875 -0.090290
v -0.592684 0.456139 -0.090290
v -0.584468 0.444875 -0.090290
v -0.584468 0.456139 -0.090290
v -0.592684 0.456139 -0.090290
v -0.584468 0.444875 -0.090290
v -0.580756 0.442739 -0.090290
v -0.584468 0.456139 -0.090290
v -0.580756 0.442739 -0.090290
v -0.580742 0.458276 -0.090290
v -0.584468 0.456139 -0.090290
v -0.533562 0.679924 -0.090290
v -0.533562 0.679924 -0.062734
v -0.537823 0.679377 -0.090290
v -0.533562 0.679924 -0.062734
v -0.537823 0.679377 -0.062734
v -0.537823 0.679377 -0.090290
v -0.539521 0.665576 -0.090290
v -0.542134 0.668971 -0.090290
v -0.539521 0.665576 -0.062734
v -0.542134 0.668971 -0.090290
v -0.542134 0.668970 -0.062734
v -0.539521 0.665576 -0.062734
v -0.631933 0.706167 -0.062734
v -0.549724 0.672114 -0.062734
v -0.549724 0.672114 -0.090290
v -0.549724 0.672114 -0.090290
v -0.549724 0.672114 -0.062734
v -0.542134 0.668971 -0.090290
v -0.549724 0.672114 -0.062734
v -0.542134 0.668970 -0.062734
v -0.542134 0.668971 -0.090290
v -0.549724 0.672114 -0.090290
v -0.545413 0.682521 -0.090290
v -0.631933 0.706167 -0.062734
v -0.545413 0.682521 -0.090290
v -0.627623 0.716573 -0.062734
v -0.631933 0.706167 -0.062734
v -0.409299 0.867771 -0.090290
v -0.405153 0.866647 -0.090290
v -0.409299 0.867771 -0.062734
v -0.405153 0.866647 -0.090290
v -0.405153 0.866647 -0.062734
v -0.409299 0.867771 -0.062734
v -0.417264 0.859807 -0.090290
v -0.417264 0.859807 -0.062734
v -0.416149 0.855671 -0.090290
v -0.417264 0.859807 -0.062734
v -0.416149 0.855671 -0.062734
v -0.416149 0.855671 -0.090290
v -0.417264 0.859807 -0.090290
v -0.423073 0.865616 -0.090290
v -0.417264 0.859807 -0.062734
v -0.423073 0.865616 -0.090290
v -0.423073 0.865616 -0.062734
v -0.417264 0.859807 -0.062734
v -0.485993 0.928536 -0.062734
v -0.423073 0.865616 -0.062734
v -0.423073 0.865616 -0.090290
v -0.215063 0.990015 0.090290
v -0.229422 0.984083 0.090290
v -0.218463 0.992641 0.090290
v -0.229422 0.984083 0.090290
v -0.228870 0.988331 0.090290
v -0.218463 0.992641 0.090290
v -0.218463 0.992641 0.090290
v -0.228870 0.988331 0.090290
v -0.221607 1.000231 0.090290
v -0.228870 0.988331 0.090290
v -0.232013 0.995920 0.090290
v -0.221607 1.000231 0.090290
v -0.415108 0.873580 -0.090290
v -0.478029 0.936501 -0.062734
v -0.423073 0.865616 -0.090290
v -0.478029 0.936501 -0.062734
v -0.485993 0.928536 -0.062734
v -0.423073 0.865616 -0.090290
v -0.423073 0.865616 -0.090290
v -0.417264 0.859807 -0.090290
v -0.415108 0.873580 -0.090290
v -0.417264 0.859807 -0.090290
v -0.409299 0.867771 -0.090290
v -0.415108 0.873580 -0.090290
v -0.417264 0.859807 -0.090290
v -0.416149 0.855671 -0.090290
v -0.409299 0.867771 -0.090290
v -0.416149 0.855671 -0.090290
v -0.405153 0.866647 -0.090290
v -0.409299 0.867771 -0.090290
v -0.218463 0.992641 -0.090290
v -0.215063 0.990015 -0.090290
v -0.218463 0.992641 -0.062734
v -0.215063 0.990015 -0.090290
v -0.215063 0.990015 -0.062734
v -0.218463 0.992641 -0.062734
v -0.229422 0.984083 -0.090290
v -0.228870 0.988331 -0.090290
v -0.229422 0.984083 -0.062734
v -0.228870 0.988331 -0.090290
v -0.228870 0.988331 -0.062734
v -0.229422 0.984083 -0.062734
v -0.228870 0.988331 -0.090290
v -0.232013 0.995920 -0.090290
v -0.228870 0.988331 -0.062734
v -0.232013 0.995920 -0.090290
v -0.232013 0.995920 -0.062734
v -0.228870 0.988331 -0.062734
v -0.266066 1.078130 -0.062734
v -0.232013 0.995920 -0.062734
v -0.232013 0.995920 -0.090290
v 0.007768 1.031249 0.090290
v -0.007768 1.031263 0.090290
v 0.005632 1.034976 0.090290
v -0.007768 1.031263 0.090290
v -0.005632 1.034976 0.090290
v 0.005632 1.034976 0.090290
v 0.005632 1.034976 0.090290
v -0.005632 1.034976 0.090290
v 0.005632 1.043191 0.090290
v -0.005632 1.034976 0.090290
v -0.005632 1.043191 0.090290
v 0.005632 1.043191 0.090290
v -0.221607 1.000231 -0.090290
v -0.255659 1.082440 -0.062734
v -0.232013 0.995920 -0.090290
v -0.255659 1.082440 -0.062734
v -0.266066 1.078130 -0.062734
v -0.232013 0.995920 -0.090290
v -0.232013 0.995920 -0.090290
v -0.228870 0.988331 -0.090290
v -0.221607 1.000231 -0.090290
v -0.228870 0.988331 -0.090290
v -0.218463 0.992641 -0.090290
v -0.221607 1.000231 -0.090290
v -0.228870 0.988331 -0.090290
v -0.229422 0.984083 -0.090290
v -0.218463 0.992641 -0.090290
v -0.229422 0.984083 -0.090290
v -0.215063 0.990015 -0.090290
v -0.218463 0.992641 -0.090290
v 0.005632 1.034976 -0.090290
v 0.007768 1.031249 -0.090290
v 0.005632 1.034976 -0.062734
v 0.007768 1.031249 -0.090290
v 0.007768 1.031249 -0.062734
v 0.005632 1.034976 -0.062734
v -0.007768 1.031263 -0.090290
v -0.005632 1.034976 -0.090290
v -0.007768 1.031263 -0.062734
v -0.005632 1.034976 -0.090290
v -0.005632 1.034976 -0.062734
v -0.007768 1.031263 -0.062734
v -0.005632 1.132174 -0.062734
v -0.005632 1.043191 -0.062734
v -0.005632 1.043191 -0.090290
v -0.005632 1.043191 -0.090290
v -0.005632 1.043191 -0.062734
v -0.005632 1.034976 -0.090290
v -0.005632 1.043191 -0.062734
v -0.005632 1.034976 -0.062734
v -0.005632 1.034976 -0.090290
v 0.005632 1.043191 -0.090290
v 0.005632 1.132174 -0.062734
v -0.005632 1.043191 -0.090290
v 0.005632 1.132174 -0.062734
v -0.005632 1.132174 -0.062734
v -0.005632 1.043191 -0.090290
v -0.005632 1.043191 -0.090290
v -0.005632 1.034976 -0.090290
v 0.005632 1.043191 -0.090290
v -0.005632 1.034976 -0.090290
v 0.005632 1.034976 -0.090290
v 0.005632 1.043191 -0.090290
v -0.005632 1.034976 -0.090290
v -0.007768 1.031263 -0.090290
v 0.005632 1.034976 -0.090290
v -0.007768 1.031263 -0.090290
v 0.007768 1.031249 -0.090290
v 0.005632 1.034976 -0.090290
v 0.259539 0.000000 -0.124996
v 0.259539 0.019193 -0.124996
v 0.259539 0.000000 -0.143262
v 0.259539 0.019193 -0.124996
v 0.259539 0.019193 -0.143262
v 0.259539 0.000000 -0.143262
v 0.263144 0.000000 -0.119562
v 0.263144 0.000000 -0.140487
v 0.263144 0.010000 -0.119562
v 0.263144 0.000000 -0.140487
v 0.263144 0.010000 -0.140487
v 0.263144 0.010000 -0.119562
v 0.263144 0.000000 -0.140487
v 0.367763 0.000000 -0.140487
v 0.263144 0.010000 -0.140487
v 0.367763 0.000000 -0.140487
v 0.367763 0.010000 -0.140487
v 0.263144 0.010000 -0.140487
v 0.479701 0.010000 -0.140487
v 0.367763 0.010000 -0.140487
v 0.367763 0.000000 -0.140487
v 0.489066 0.000000 -0.140487
v 0.479701 0.010000 -0.140487
v 0.367763 0.000000 -0.140487
v 0.437123 0.003086 0.143262
v 0.457011 0.012097 0.143262
v 0.415508 0.000000 0.143262
v 0.457011 0.012097 0.143262
v 0.465283 0.019193 0.143262
v 0.415508 0.000000 0.143262
v 0.465283 0.019193 0.143262
v 0.259539 0.019193 0.143262
v 0.415508 0.000000 0.143262
v 0.259539 0.019193 0.143262
v 0.259539 0.000000 0.143262
v 0.415508 0.000000 0.143262
v 0.478057 0.194981 -0.081277
v 0.450709 0.149353 -0.081277
v 0.478057 0.194981 -0.091216
v 0.450709 0.149353 -0.081277
v 0.450709 0.149353 -0.091216
v 0.478057 0.194981 -0.091216
v 0.450709 0.149353 -0.081277
v 0.419021 0.106626 -0.081277
v 0.450709 0.149353 -0.091216
v 0.419021 0.106626 -0.081277
v 0.419021 0.106626 -0.091216
v 0.450709 0.149353 -0.091216
v 0.419021 0.106626 -0.081277
v 0.383297 0.067211 -0.081277
v 0.419021 0.106626 -0.091216
v 0.383297 0.067211 -0.081277
v 0.383297 0.067211 -0.091216
v 0.419021 0.106626 -0.091216
v 0.383297 0.067211 -0.081277
v 0.343881 0.031487 -0.081277
v 0.383297 0.067211 -0.091216
v 0.343881 0.031487 -0.081277
v 0.343881 0.031487 -0.091216
v 0.383297 0.067211 -0.091216
v 0.343881 0.031487 -0.091216
v 0.343881 0.031487 -0.081277
v 0.314910 0.010000 -0.091216
v 0.343881 0.031487 -0.081277
v 0.314910 0.010000 -0.081277
v 0.314910 0.010000 -0.091216
v 0.500801 0.657946 -0.081278
v 0.518722 0.607860 -0.081278
v 0.500801 0.657946 -0.091217
v 0.518722 0.607860 -0.081278
v 0.518722 0.607860 -0.091217
v 0.500801 0.657946 -0.091217
v 0.518722 0.607860 -0.081278
v 0.531648 0.556259 -0.081278
v 0.518722 0.607860 -0.091217
v 0.531648 0.556259 -0.081278
v 0.531648 0.556259 -0.091217
v 0.518722 0.607860 -0.091217
v 0.531648 0.556259 -0.091217
v 0.531648 0.556259 -0.081278
v 0.539453 0.503639 -0.091217
v 0.531648 0.556259 -0.081278
v 0.539453 0.503639 -0.081278
v 0.539453 0.503639 -0.091217
v 0.539453 0.503639 -0.081278
v 0.542063 0.450507 -0.081278
v 0.539453 0.503639 -0.091217
v 0.542063 0.450507 -0.081278
v 0.542063 0.450507 -0.091217
v 0.539453 0.503639 -0.091217
v 0.542063 0.450507 -0.081278
v 0.539453 0.397376 -0.081278
v 0.542063 0.450507 -0.091217
v 0.539453 0.397376 -0.081278
v 0.539453 0.397376 -0.091217
v 0.542063 0.450507 -0.091217
v 0.539453 0.397376 -0.081278
v 0.531648 0.344756 -0.081277
v 0.539453 0.397376 -0.091217
v 0.531648 0.344756 -0.081277
v 0.531648 0.344756 -0.091217
v 0.539453 0.397376 -0.091217
v 0.531648 0.344756 -0.081277
v 0.518722 0.293155 -0.081277
v 0.531648 0.344756 -0.091217
v 0.518722 0.293155 -0.081277
v 0.518722 0.293155 -0.091217
v 0.531648 0.344756 -0.091217
v 0.518722 0.293155 -0.081277
v 0.500801 0.243069 -0.081277
v 0.518722 0.293155 -0.091217
v 0.500801 0.243069 -0.081277
v 0.500801 0.243069 -0.091216
v 0.518722 0.293155 -0.091217
v 0.500801 0.243069 -0.081277
v 0.478057 0.194981 -0.081277
v 0.500801 0.243069 -0.091216
v 0.478057 0.194981 -0.081277
v 0.478057 0.194981 -0.091216
v 0.500801 0.243069 -0.091216
v 0.410546 0.039962 0.062734
v 0.448809 0.082179 0.062734
v 0.493961 0.019987 0.062734
v 0.512043 0.176815 0.062734
v 0.561857 0.150189 0.062734
v 0.482751 0.127944 0.062734
v 0.561857 0.150189 0.062734
v 0.529715 0.096563 0.062734
v 0.482751 0.127944 0.062734
v 0.482751 0.127944 0.062734
v 0.529715 0.096563 0.062734
v 0.448809 0.082179 0.062734
v 0.529715 0.096563 0.062734
v 0.492239 0.046090 0.062734
v 0.448809 0.082179 0.062734
v 0.448809 0.082179 0.062734
v 0.492239 0.046090 0.062734
v 0.493961 0.019987 0.062734
v 0.493961 0.019987 0.062734
v 0.492239 0.046090 0.062734
v 0.535669 0.010000 0.062734
v 0.482942 0.010000 0.062734
v 0.493961 0.019987 0.062734
v 0.535669 0.010000 0.062734
v 0.410546 0.039962 0.062734
v 0.493961 0.019987 0.062734
v 0.482942 0.010000 0.062734
v 0.377488 0.010000 0.062734
v 0.410546 0.039962 0.062734
v 0.482942 0.010000 0.062734
v 0.536404 0.672693 0.062734
v 0.588588 0.694309 0.062734
v 0.555599 0.619046 0.062734
v 0.588588 0.694309 0.062734
v 0.609651 0.635443 0.062734
v 0.555599 0.619046 0.062734
v 0.555599 0.619046 0.062734
v 0.609651 0.635443 0.062734
v 0.569443 0.563777 0.062734
v 0.609651 0.635443 0.062734
v 0.624842 0.574796 0.062734
v 0.569443 0.563777 0.062734
v 0.569443 0.563777 0.062734
v 0.624842 0.574796 0.062734
v 0.577804 0.507416 0.062734
v 0.624842 0.574796 0.062734
v 0.634016 0.512952 0.062734
v 0.577804 0.507416 0.062734
v 0.577804 0.507416 0.062734
v 0.634016 0.512952 0.062734
v 0.637083 0.450507 0.062734
v 0.580599 0.450507 0.062734
v 0.577804 0.507416 0.062734
v 0.637083 0.450507 0.062734
v 0.580599 0.450507 0.062734
v 0.637083 0.450507 0.062734
v 0.634015 0.388062 0.062734
v 0.577803 0.393599 0.062734
v 0.580599 0.450507 0.062734
v 0.634015 0.388062 0.062734
v 0.577803 0.393599 0.062734
v 0.634015 0.388062 0.062734
v 0.569443 0.337238 0.062734
v 0.634015 0.388062 0.062734
v 0.624842 0.326219 0.062734
v 0.569443 0.337238 0.062734
v 0.569443 0.337238 0.062734
v 0.624842 0.326219 0.062734
v 0.555599 0.281969 0.062734
v 0.624842 0.326219 0.062734
v 0.609650 0.265572 0.062734
v 0.555599 0.281969 0.062734
v 0.555599 0.281969 0.062734
v 0.609650 0.265572 0.062734
v 0.588588 0.206706 0.062734
v 0.536404 0.228322 0.062734
v 0.555599 0.281969 0.062734
v 0.588588 0.206706 0.062734
v 0.536404 0.228322 0.062734
v 0.588588 0.206706 0.062734
v 0.512043 0.176815 0.062734
v 0.588588 0.206706 0.062734
v 0.561857 0.150189 0.062734
v 0.512043 0.176815 0.062734
v 0.634015 0.388062 -0.062734
v 0.637083 0.450507 -0.062734
v 0.580599 0.450507 -0.062734
v 0.580599 0.450507 -0.062734
v 0.637083 0.450507 -0.062734
v 0.577804 0.507416 -0.062734
v 0.637083 0.450507 -0.062734
v 0.634016 0.512952 -0.062734
v 0.577804 0.507416 -0.062734
v 0.634016 0.512952 -0.062734
v 0.624842 0.574796 -0.062734
v 0.577804 0.507416 -0.062734
v 0.624842 0.574796 -0.062734
v 0.569443 0.563777 -0.062734
v 0.577804 0.507416 -0.062734
v 0.624842 0.574796 -0.062734
v 0.609651 0.635443 -0.062734
v 0.569443 0.563777 -0.062734
v 0.609651 0.635443 -0.062734
v 0.555599 0.619046 -0.062734
v 0.569443 0.563777 -0.062734
v 0.609651 0.635443 -0.062734
v 0.588588 0.694309 -0.062734
v 0.555599 0.619046 -0.062734
v 0.588588 0.694309 -0.062734
v 0.536404 0.672693 -0.062734
v 0.555599 0.619046 -0.062734
v 0.448809 0.082179 -0.062734
v 0.410546 0.039962 -0.062734
v 0.493961 0.019987 -0.062734
v 0.493961 0.019987 -0.062734
v 0.410546 0.039962 -0.062734
v 0.482942 0.010000 -0.062734
v 0.493961 0.019987 -0.062734
v 0.482942 0.010000 -0.062734
v 0.535669 0.010000 -0.062734
v 0.492239 0.046090 -0.062734
v 0.493961 0.019987 -0.062734
v 0.535669 0.010000 -0.062734
v 0.492239 0.046090 -0.062734
v 0.448809 0.082179 -0.062734
v 0.493961 0.019987 -0.062734
v 0.492239 0.046090 -0.062734
v 0.529715 0.096563 -0.062734
v 0.448809 0.082179 -0.062734
v 0.529715 0.096563 -0.062734
v 0.482751 0.127944 -0.062734
v 0.448809 0.082179 -0.062734
v 0.529715 0.096563 -0.062734
v 0.561857 0.150189 -0.062734
v 0.482751 0.127944 -0.062734
v 0.561857 0.150189 -0.062734
v 0.512043 0.176815 -0.062734
v 0.482751 0.127944 -0.062734
v 0.561857 0.150189 -0.062734
v 0.588588 0.206706 -0.062734
v 0.512043 0.176815 -0.062734
v 0.588588 0.206706 -0.062734
v 0.536404 0.228322 -0.062734
v 0.512043 0.176815 -0.062734
v 0.536404 0.228322 -0.062734
v 0.588588 0.206706 -0.062734
v 0.555599 0.281969 -0.062734
v 0.588588 0.206706 -0.062734
v 0.609650 0.265572 -0.062734
v 0.555599 0.281969 -0.062734
v 0.609650 0.265572 -0.062734
v 0.624842 0.326219 -0.062734
v 0.555599 0.281969 -0.062734
v 0.624842 0.326219 -0.062734
v 0.569443 0.337238 -0.062734
v 0.555599 0.281969 -0.062734
v 0.624842 0.326219 -0.062734
v 0.634015 0.388062 -0.062734
v 0.569443 0.337238 -0.062734
v 0.634015 0.388062 -0.062734
v 0.577803 0.393599 -0.062734
v 0.569443 0.337238 -0.062734
v 0.577803 0.393599 -0.062734
v 0.634015 0.388062 -0.062734
v 0.580599 0.450507 -0.062734
v 0.410546 0.039962 -0.062734
v 0.377488 0.010000 -0.062734
v 0.482942 0.010000 -0.062734
v 0.580599 0.450507 -0.062734
v 0.577804 0.507416 -0.062734
v 0.580599 0.450507 -0.091217
v 0.577804 0.507416 -0.062734
v 0.577804 0.507416 -0.091217
v 0.580599 0.450507 -0.091217
v 0.577804 0.507416 -0.062734
v 0.569443 0.563777 -0.062734
v 0.577804 0.507416 -0.091217
v 0.569443 0.563777 -0.062734
v 0.569443 0.563777 -0.091217
v 0.577804 0.507416 -0.091217
v 0.569443 0.563777 -0.062734
v 0.555599 0.619046 -0.062734
v 0.569443 0.563777 -0.091217
v 0.555599 0.619046 -0.062734
v 0.555599 0.619046 -0.091217
v 0.569443 0.563777 -0.091217
v 0.555599 0.619046 -0.091217
v 0.555599 0.619046 -0.062734
v 0.536404 0.672693 -0.091217
v 0.555599 0.619046 -0.062734
v 0.536404 0.672693 -0.062734
v 0.536404 0.672693 -0.091217
v 0.377488 0.010000 -0.062734
v 0.410546 0.039962 -0.062734
v 0.377488 0.010000 -0.091216
v 0.410546 0.039962 -0.062734
v 0.410546 0.039962 -0.091216
v 0.377488 0.010000 -0.091216
v 0.410546 0.039962 -0.062734
v 0.448809 0.082179 -0.062734
v 0.410546 0.039962 -0.091216
v 0.448809 0.082179 -0.062734
v 0.448809 0.082179 -0.091216
v 0.410546 0.039962 -0.091216
v 0.448809 0.082179 -0.091216
v 0.448809 0.082179 -0.062734
v 0.482751 0.127944 -0.091216
v 0.448809 0.082179 -0.062734
v 0.482751 0.127944 -0.062734
v 0.482751 0.127944 -0.091216
v 0.482751 0.127944 -0.062734
v 0.512043 0.176815 -0.062734
v 0.482751 0.127944 -0.091216
v 0.512043 0.176815 -0.062734
v 0.512043 0.176815 -0.091216
v 0.482751 0.127944 -0.091216
v 0.512043 0.176815 -0.062734
v 0.536404 0.228322 -0.062734
v 0.512043 0.176815 -0.091216
v 0.536404 0.228322 -0.062734
v 0.536404 0.228322 -0.091216
v 0.512043 0.176815 -0.091216
v 0.536404 0.228322 -0.062734
v 0.555599 0.281969 -0.062734
v 0.536404 0.228322 -0.091216
v 0.555599 0.281969 -0.062734
v 0.555599 0.281969 -0.091217
v 0.536404 0.228322 -0.091216
v 0.555599 0.281969 -0.062734
v 0.569443 0.337238 -0.062734
v 0.555599 0.281969 -0.091217
v 0.569443 0.337238 -0.062734
v 0.569443 0.337238 -0.091217
v 0.555599 0.281969 -0.091217
v 0.569443 0.337238 -0.062734
v 0.577803 0.393599 -0.062734
v 0.569443 0.337238 -0.091217
v 0.577803 0.393599 -0.062734
v 0.577803 0.393599 -0.091216
v 0.569443 0.337238 -0.091217
v 0.577803 0.393599 -0.062734
v 0.580599 0.450507 -0.062734
v 0.577803 0.393599 -0.091216
v 0.580599 0.450507 -0.062734
v 0.580599 0.450507 -0.091217
v 0.577803 0.393599 -0.091216
v -0.322564 0.933258 -0.062734
v -0.353944 0.980223 -0.062734
v -0.368328 0.899317 -0.062734
v -0.353944 0.980223 -0.062734
v -0.404161 0.942980 -0.062734
v -0.368328 0.899317 -0.062734
v -0.368328 0.899317 -0.062734
v -0.404161 0.942980 -0.062734
v -0.450486 0.900993 -0.062734
v -0.410546 0.861053 -0.062734
v -0.368328 0.899317 -0.062734
v -0.450486 0.900993 -0.062734
v -0.410546 0.861053 -0.062734
v -0.450486 0.900993 -0.062734
v -0.492472 0.854669 -0.062734
v -0.448809 0.818836 -0.062734
v -0.410546 0.861053 -0.062734
v -0.492472 0.854669 -0.062734
v -0.448809 0.818836 -0.062734
v -0.492472 0.854669 -0.062734
v -0.482751 0.773071 -0.062734
v -0.492472 0.854669 -0.062734
v -0.529715 0.804452 -0.062734
v -0.482751 0.773071 -0.062734
v -0.482751 0.773071 -0.062734
v -0.529715 0.804452 -0.062734
v -0.561857 0.750826 -0.062734
v -0.512043 0.724200 -0.062734
v -0.482751 0.773071 -0.062734
v -0.561857 0.750826 -0.062734
v -0.512043 0.724200 -0.062734
v -0.561857 0.750826 -0.062734
v -0.588588 0.694309 -0.062734
v -0.536404 0.672693 -0.062734
v -0.512043 0.724200 -0.062734
v -0.588588 0.694309 -0.062734
v 0.168539 1.006106 -0.062734
v 0.184935 1.060158 -0.062734
v 0.113269 1.019951 -0.062734
v 0.184935 1.060158 -0.062734
v 0.124289 1.075349 -0.062734
v 0.113269 1.019951 -0.062734
v 0.124289 1.075349 -0.062734
v 0.062445 1.084523 -0.062734
v 0.113269 1.019951 -0.062734
v 0.062445 1.084523 -0.062734
v 0.056909 1.028311 -0.062734
v 0.113269 1.019951 -0.062734
v 0.062445 1.084523 -0.062734
v 0.000000 1.087590 -0.062734
v 0.056909 1.028311 -0.062734
v 0.000000 1.087590 -0.062734
v 0.000000 1.031107 -0.062734
v 0.056909 1.028311 -0.062734
v 0.000000 1.031107 -0.062734
v 0.000000 1.087590 -0.062734
v -0.056909 1.028311 -0.062734
v 0.000000 1.087590 -0.062734
v -0.062445 1.084523 -0.062734
v -0.056909 1.028311 -0.062734
v -0.056909 1.028311 -0.062734
v -0.062445 1.084523 -0.062734
v -0.113269 1.019951 -0.062734
v -0.062445 1.084523 -0.062734
v -0.124289 1.075349 -0.062734
v -0.113269 1.019951 -0.062734
v -0.113269 1.019951 -0.062734
v -0.124289 1.075349 -0.062734
v -0.184935 1.060158 -0.062734
v -0.168539 1.006106 -0.062734
v -0.113269 1.019951 -0.062734
v -0.184935 1.060158 -0.062734
v -0.168539 1.006106 -0.062734
v -0.184935 1.060158 -0.062734
v -0.222186 0.986911 -0.062734
v -0.184935 1.060158 -0.062734
v -0.243801 1.039096 -0.062734
v -0.222186 0.986911 -0.062734
v -0.222186 0.986911 -0.062734
v -0.243801 1.039096 -0.062734
v -0.300319 1.012365 -0.062734
v -0.273693 0.962550 -0.062734
v -0.222186 0.986911 -0.062734
v -0.300319 1.012365 -0.062734
v -0.273693 0.962550 -0.062734
v -0.300319 1.012365 -0.062734
v -0.322564 0.933258 -0.062734
v -0.300319 1.012365 -0.062734
v -0.353944 0.980223 -0.062734
v -0.322564 0.933258 -0.062734
v 0.536404 0.672693 -0.062734
v 0.588588 0.694309 -0.062734
v 0.512043 0.724200 -0.062734
v 0.588588 0.694309 -0.062734
v 0.561857 0.750826 -0.062734
v 0.512043 0.724200 -0.062734
v 0.512043 0.724200 -0.062734
v 0.561857 0.750826 -0.062734
v 0.482751 0.773071 -0.062734
v 0.561857 0.750826 -0.062734
v 0.529715 0.804452 -0.062734
v 0.482751 0.773071 -0.062734
v 0.529715 0.804452 -0.062734
v 0.492472 0.854669 -0.062734
v 0.482751 0.773071 -0.062734
v 0.492472 0.854669 -0.062734
v 0.448809 0.818836 -0.062734
v 0.482751 0.773071 -0.062734
v 0.448809 0.818836 -0.062734
v 0.492472 0.854669 -0.062734
v 0.410546 0.861053 -0.062734
v 0.492472 0.854669 -0.062734
v 0.450486 0.900993 -0.062734
v 0.410546 0.861053 -0.062734
v 0.410546 0.861053 -0.062734
v 0.450486 0.900993 -0.062734
v 0.368328 0.899317 -0.062734
v 0.450486 0.900993 -0.062734
v 0.404161 0.942980 -0.062734
v 0.368328 0.899317 -0.062734
v 0.404161 0.942980 -0.062734
v 0.353944 0.980223 -0.062734
v 0.368328 0.899317 -0.062734
v 0.353944 0.980223 -0.062734
v 0.322564 0.933258 -0.062734
v 0.368328 0.899317 -0.062734
v 0.322564 0.933258 -0.062734
v 0.353944 0.980223 -0.062734
v 0.273693 0.962550 -0.062734
v 0.353944 0.980223 -0.062734
v 0.300319 1.012365 -0.062734
v 0.273693 0.962550 -0.062734
v 0.300319 1.012365 -0.062734
v 0.243801 1.039096 -0.062734
v 0.273693 0.962550 -0.062734
v 0.243801 1.039096 -0.062734
v 0.222186 0.986911 -0.062734
v 0.273693 0.962550 -0.062734
v 0.243801 1.039096 -0.062734
v 0.184935 1.060158 -0.062734
v 0.222186 0.986911 -0.062734
v 0.184935 1.060158 -0.062734
v 0.168539 1.006106 -0.062734
v 0.222186 0.986911 -0.062734
v -0.555050 0.017855 -0.098691
v -0.370266 0.017855 -0.098691
v -0.555050 0.019759 -0.103289
v -0.370266 0.017855 -0.098691
v -0.370266 0.019759 -0.103289
v -0.555050 0.019759 -0.103289
v -0.555050 0.019759 -0.103289
v -0.370266 0.019759 -0.103289
v -0.555050 0.024357 -0.105193
v -0.370266 0.019759 -0.103289
v -0.370266 0.024357 -0.105193
v -0.555050 0.024357 -0.105193
v -0.555050 0.024357 -0.105193
v -0.370266 0.024357 -0.105193
v -0.555050 0.028954 -0.103289
v -0.370266 0.024357 -0.105193
v -0.370266 0.028954 -0.103289
v -0.555050 0.028954 -0.103289
v -0.555050 0.028954 -0.103289
v -0.370266 0.028954 -0.103289
v -0.555050 0.030859 -0.098691
v -0.370266 0.028954 -0.103289
v -0.370266 0.030859 -0.098691
v -0.555050 0.030859 -0.098691
v -0.555050 0.030859 -0.098691
v -0.370266 0.030859 -0.098691
v -0.555050 0.028954 -0.094094
v -0.370266 0.030859 -0.098691
v -0.370266 0.028954 -0.094094
v -0.555050 0.028954 -0.094094
v -0.555050 0.028954 -0.094094
v -0.370266 0.028954 -0.094094
v -0.555050 0.024357 -0.092190
v -0.370266 0.028954 -0.094094
v -0.370266 0.024357 -0.092190
v -0.555050 0.024357 -0.092190
v -0.555050 0.024357 -0.092190
v -0.370266 0.024357 -0.092190
v -0.555050 0.019759 -0.094094
v -0.370266 0.024357 -0.092190
v -0.370266 0.019759 -0.094094
v -0.555050 0.019759 -0.094094
v -0.555050 0.019759 -0.094094
v -0.370266 0.019759 -0.094094
v -0.555050 0.017855 -0.098691
v -0.370266 0.019759 -0.094094
v -0.370266 0.017855 -0.098691
v -0.555050 0.017855 -0.098691
v 0.150455 0.024357 -0.092462
v 0.151747 0.024357 -0.091170
v 0.148690 0.024357 -0.092935
v 0.151747 0.024357 -0.091170
v 0.152220 0.024357 -0.089405
v 0.148690 0.024357 -0.092935
v 0.152220 0.024357 -0.089405
v 0.152220 0.024357 -0.082006
v 0.148690 0.024357 -0.092935
v 0.152220 0.024357 -0.082006
v 0.151747 0.024357 -0.080241
v 0.148690 0.024357 -0.092935
v 0.151747 0.024357 -0.080241
v 0.150455 0.024357 -0.078949
v 0.148690 0.024357 -0.092935
v 0.150455 0.024357 -0.078949
v 0.148690 0.024357 -0.078476
v 0.148690 0.024357 -0.092935
v 0.148690 0.024357 -0.078476
v 0.002271 0.024357 -0.078476
v 0.148690 0.024357 -0.092935
v 0.002271 0.024357 -0.078476
v 0.002271 0.024357 -0.092935
v 0.148690 0.024357 -0.092935
v 0.577803 0.393599 -0.091216
v 0.580599 0.450507 -0.091217
v 0.542063 0.450507 -0.091217
v 0.542063 0.450507 -0.091217
v 0.580599 0.450507 -0.091217
v 0.539453 0.503639 -0.091217
v 0.580599 0.450507 -0.091217
v 0.577804 0.507416 -0.091217
v 0.539453 0.503639 -0.091217
v 0.539453 0.503639 -0.091217
v 0.577804 0.507416 -0.091217
v 0.531648 0.556259 -0.091217
v 0.577804 0.507416 -0.091217
v 0.569443 0.563777 -0.091217
v 0.531648 0.556259 -0.091217
v 0.569443 0.563777 -0.091217
v 0.555599 0.619046 -0.091217
v 0.531648 0.556259 -0.091217
v 0.555599 0.619046 -0.091217
v 0.518722 0.607860 -0.091217
v 0.531648 0.556259 -0.091217
v 0.555599 0.619046 -0.091217
v 0.536404 0.672693 -0.091217
v 0.518722 0.607860 -0.091217
v 0.536404 0.672693 -0.091217
v 0.500801 0.657946 -0.091217
v 0.518722 0.607860 -0.091217
v 0.343881 0.031487 -0.091216
v 0.314910 0.010000 -0.091216
v 0.377488 0.010000 -0.091216
v 0.383297 0.067211 -0.091216
v 0.343881 0.031487 -0.091216
v 0.377488 0.010000 -0.091216
v 0.410546 0.039962 -0.091216
v 0.383297 0.067211 -0.091216
v 0.377488 0.010000 -0.091216
v 0.383297 0.067211 -0.091216
v 0.410546 0.039962 -0.091216
v 0.419021 0.106626 -0.091216
v 0.410546 0.039962 -0.091216
v 0.448809 0.082179 -0.091216
v 0.419021 0.106626 -0.091216
v 0.419021 0.106626 -0.091216
v 0.448809 0.082179 -0.091216
v 0.450709 0.149353 -0.091216
v 0.448809 0.082179 -0.091216
v 0.482751 0.127944 -0.091216
v 0.450709 0.149353 -0.091216
v 0.450709 0.149353 -0.091216
v 0.482751 0.127944 -0.091216
v 0.478057 0.194981 -0.091216
v 0.482751 0.127944 -0.091216
v 0.512043 0.176815 -0.091216
v 0.478057 0.194981 -0.091216
v 0.512043 0.176815 -0.091216
v 0.536404 0.228322 -0.091216
v 0.478057 0.194981 -0.091216
v 0.536404 0.228322 -0.091216
v 0.500801 0.243069 -0.091216
v 0.478057 0.194981 -0.091216
v 0.536404 0.228322 -0.091216
v 0.555599 0.281969 -0.091217
v 0.500801 0.243069 -0.091216
v 0.555599 0.281969 -0.091217
v 0.518722 0.293155 -0.091217
v 0.500801 0.243069 -0.091216
v 0.518722 0.293155 -0.091217
v 0.555599 0.281969 -0.091217
v 0.531648 0.344756 -0.091217
v 0.555599 0.281969 -0.091217
v 0.569443 0.337238 -0.091217
v 0.531648 0.344756 -0.091217
v 0.569443 0.337238 -0.091217
v 0.577803 0.393599 -0.091216
v 0.531648 0.344756 -0.091217
v 0.577803 0.393599 -0.091216
v 0.539453 0.397376 -0.091217
v 0.531648 0.344756 -0.091217
v 0.539453 0.397376 -0.091217
v 0.577803 0.393599 -0.091216
v 0.542063 0.450507 -0.091217
v -0.259539 0.019193 -0.143262
v -0.259539 0.019193 -0.124996
v -0.259539 0.000000 -0.143262
v -0.259539 0.019193 -0.124996
v -0.259539 0.000000 -0.124996
v -0.259539 0.000000 -0.143262
v 0.259539 0.019193 -0.143262
v 0.259539 0.019193 -0.124996
v 0.465283 0.019193 -0.143262
v 0.465283 0.019193 -0.143262
v 0.259539 0.019193 -0.124996
v 0.465283 0.019193 -0.106731
v 0.259539 0.019193 -0.124996
v 0.259539 0.019193 -0.106731
v 0.465283 0.019193 -0.106731
v 0.259539 0.019193 -0.106731
v 0.259539 0.019193 -0.124996
v 0.000000 0.019193 -0.106731
v 0.259539 0.019193 -0.124996
v 0.000000 0.019193 -0.124996
v 0.000000 0.019193 -0.106731
v 0.000000 0.019193 -0.124996
v -0.259539 0.019193 -0.124996
v 0.000000 0.019193 -0.106731
v -0.259539 0.019193 -0.124996
v -0.259539 0.019193 -0.106731
v 0.000000 0.019193 -0.106731
v -0.259539 0.019193 -0.106731
v -0.259539 0.019193 -0.124996
v -0.465283 0.019193 -0.106731
v -0.259539 0.019193 -0.124996
v -0.465283 0.019193 -0.143262
v -0.465283 0.019193 -0.106731
v -0.259539 0.019193 -0.124996
v -0.259539 0.019193 -0.143262
v -0.465283 0.019193 -0.143262
v 0.259539 0.016010 -0.043414
v 0.259539 0.016010 -0.020127
v 0.366736 0.016010 -0.043414
v 0.259539 0.016010 -0.020127
v 0.366736 0.016010 -0.020127
v 0.366736 0.016010 -0.043414
v 0.366736 0.016010 -0.020127
v 0.367778 0.016010 -0.039526
v 0.366736 0.016010 -0.043414
v 0.366736 0.016010 -0.020127
v 0.370624 0.016010 -0.036680
v 0.367778 0.016010 -0.039526
v 0.366736 0.016010 -0.020127
v 0.374512 0.016010 -0.035639
v 0.370624 0.016010 -0.036680
v 0.366736 0.016010 -0.020127
v 0.549717 0.016010 -0.020127
v 0.374512 0.016010 -0.035639
v 0.549717 0.016010 -0.020127
v 0.549717 0.016010 -0.035639
v 0.374512 0.016010 -0.035639
v -0.322564 0.933258 -0.091217
v -0.322564 0.933258 -0.062734
v -0.368328 0.899317 -0.062734
v -0.368328 0.899317 -0.091217
v -0.322564 0.933258 -0.091217
v -0.368328 0.899317 -0.062734
v -0.368328 0.899317 -0.091217
v -0.368328 0.899317 -0.062734
v -0.410546 0.861053 -0.062734
v -0.410546 0.861053 -0.091217
v -0.368328 0.899317 -0.091217
v -0.410546 0.861053 -0.062734
v -0.410546 0.861053 -0.091217
v -0.410546 0.861053 -0.062734
v -0.448809 0.818836 -0.062734
v -0.448809 0.818836 -0.091217
v -0.410546 0.861053 -0.091217
v -0.448809 0.818836 -0.062734
v -0.448809 0.818836 -0.091217
v -0.448809 0.818836 -0.062734
v -0.482751 0.773071 -0.062734
v -0.482751 0.773071 -0.091217
v -0.448809 0.818836 -0.091217
v -0.482751 0.773071 -0.062734
v -0.482751 0.773071 -0.091217
v -0.482751 0.773071 -0.062734
v -0.512043 0.724200 -0.062734
v -0.512043 0.724200 -0.091217
v -0.482751 0.773071 -0.091217
v -0.512043 0.724200 -0.062734
v -0.512043 0.724200 -0.091217
v -0.512043 0.724200 -0.062734
v -0.536404 0.672693 -0.091217
v -0.512043 0.724200 -0.062734
v -0.536404 0.672693 -0.062734
v -0.536404 0.672693 -0.091217
v 0.168539 1.006106 -0.091217
v 0.168539 1.006106 -0.062734
v 0.113269 1.019951 -0.091217
v 0.168539 1.006106 -0.062734
v 0.113269 1.019951 -0.062734
v 0.113269 1.019951 -0.091217
v 0.113269 1.019951 -0.091217
v 0.113269 1.019951 -0.062734
v 0.056909 1.028311 -0.091217
v 0.113269 1.019951 -0.062734
v 0.056909 1.028311 -0.062734
v 0.056909 1.028311 -0.091217
v 0.056909 1.028311 -0.062734
v 0.000000 1.031107 -0.062734
v 0.056909 1.028311 -0.091217
v 0.000000 1.031107 -0.062734
v 0.000000 1.031107 -0.091217
v 0.056909 1.028311 -0.091217
v 0.000000 1.031107 -0.091217
v 0.000000 1.031107 -0.062734
v -0.056909 1.028311 -0.091217
v 0.000000 1.031107 -0.062734
v -0.056909 1.028311 -0.062734
v -0.056909 1.028311 -0.091217
v -0.056909 1.028311 -0.091217
v -0.056909 1.028311 -0.062734
v -0.113269 1.019951 -0.062734
v -0.113269 1.019951 -0.091217
v -0.056909 1.028311 -0.091217
v -0.113269 1.019951 -0.062734
v -0.113269 1.019951 -0.091217
v -0.113269 1.019951 -0.062734
v -0.168539 1.006106 -0.062734
v -0.168539 1.006106 -0.091217
v -0.113269 1.019951 -0.091217
v -0.168539 1.006106 -0.062734
v -0.168539 1.006106 -0.091217
v -0.168539 1.006106 -0.062734
v -0.222186 0.986911 -0.062734
v -0.222186 0.986911 -0.091217
v -0.168539 1.006106 -0.091217
v -0.222186 0.986911 -0.062734
v -0.222186 0.986911 -0.091217
v -0.222186 0.986911 -0.062734
v -0.273693 0.962550 -0.062734
v -0.273693 0.962550 -0.091217
v -0.222186 0.986911 -0.091217
v -0.273693 0.962550 -0.062734
v -0.273693 0.962550 -0.091217
v -0.273693 0.962550 -0.062734
v -0.322564 0.933258 -0.062734
v -0.322564 0.933258 -0.091217
v -0.273693 0.962550 -0.091217
v -0.322564 0.933258 -0.062734
v 0.536404 0.672693 -0.091217
v 0.536404 0.672693 -0.062734
v 0.512043 0.724200 -0.091217
v 0.536404 0.672693 -0.062734
v 0.512043 0.724200 -0.062734
v 0.512043 0.724200 -0.091217
v 0.512043 0.724200 -0.091217
v 0.512043 0.724200 -0.062734
v 0.482751 0.773071 -0.091217
v 0.512043 0.724200 -0.062734
v 0.482751 0.773071 -0.062734
v 0.482751 0.773071 -0.091217
v 0.482751 0.773071 -0.091217
v 0.482751 0.773071 -0.062734
v 0.448809 0.818836 -0.091217
v 0.482751 0.773071 -0.062734
v 0.448809 0.818836 -0.062734
v 0.448809 0.818836 -0.091217
v 0.448809 0.818836 -0.062734
v 0.410546 0.861053 -0.062734
v 0.448809 0.818836 -0.091217
v 0.410546 0.861053 -0.062734
v 0.410546 0.861053 -0.091217
v 0.448809 0.818836 -0.091217
v 0.410546 0.861053 -0.062734
v 0.368328 0.899317 -0.062734
v 0.410546 0.861053 -0.091217
v 0.368328 0.899317 -0.062734
v 0.368328 0.899317 -0.091217
v 0.410546 0.861053 -0.091217
v 0.368328 0.899317 -0.062734
v 0.322564 0.933258 -0.062734
v 0.368328 0.899317 -0.091217
v 0.322564 0.933258 -0.062734
v 0.322564 0.933258 -0.091217
v 0.368328 0.899317 -0.091217
v 0.322564 0.933258 -0.062734
v 0.273693 0.962550 -0.062734
v 0.322564 0.933258 -0.091217
v 0.273693 0.962550 -0.062734
v 0.273693 0.962550 -0.091217
v 0.322564 0.933258 -0.091217
v 0.273693 0.962550 -0.091217
v 0.273693 0.962550 -0.062734
v 0.222186 0.986911 -0.091217
v 0.273693 0.962550 -0.062734
v 0.222186 0.986911 -0.062734
v 0.222186 0.986911 -0.091217
v 0.222186 0.986911 -0.091217
v 0.222186 0.986911 -0.062734
v 0.168539 1.006106 -0.091217
v 0.222186 0.986911 -0.062734
v 0.168539 1.006106 -0.062734
v 0.168539 1.006106 -0.091217
v 0.536404 0.672693 -0.091217
v 0.512043 0.724200 -0.091217
v 0.500801 0.657946 -0.091217
v 0.512043 0.724200 -0.091217
v 0.478057 0.706034 -0.091217
v 0.500801 0.657946 -0.091217
v 0.478057 0.706034 -0.091217
v 0.512043 0.724200 -0.091217
v 0.450709 0.751662 -0.091217
v 0.512043 0.724200 -0.091217
v 0.482751 0.773071 -0.091217
v 0.450709 0.751662 -0.091217
v 0.482751 0.773071 -0.091217
v 0.448809 0.818836 -0.091217
v 0.450709 0.751662 -0.091217
v 0.448809 0.818836 -0.091217
v 0.419021 0.794389 -0.091217
v 0.450709 0.751662 -0.091217
v 0.448809 0.818836 -0.091217
v 0.410546 0.861053 -0.091217
v 0.419021 0.794389 -0.091217
v 0.410546 0.861053 -0.091217
v 0.383297 0.833804 -0.091217
v 0.419021 0.794389 -0.091217
v 0.383297 0.833804 -0.091217
v 0.410546 0.861053 -0.091217
v 0.343881 0.869528 -0.091217
v 0.410546 0.861053 -0.091217
v 0.368328 0.899317 -0.091217
v 0.343881 0.869528 -0.091217
v 0.343881 0.869528 -0.091217
v 0.368328 0.899317 -0.091217
v 0.301154 0.901217 -0.091217
v 0.368328 0.899317 -0.091217
v 0.322564 0.933258 -0.091217
v 0.301154 0.901217 -0.091217
v 0.301154 0.901217 -0.091217
v 0.322564 0.933258 -0.091217
v 0.255527 0.928565 -0.091217
v 0.322564 0.933258 -0.091217
v 0.273693 0.962550 -0.091217
v 0.255527 0.928565 -0.091217
v 0.273693 0.962550 -0.091217
v 0.222186 0.986911 -0.091217
v 0.255527 0.928565 -0.091217
v 0.222186 0.986911 -0.091217
v 0.207439 0.951308 -0.091217
v 0.255527 0.928565 -0.091217
v 0.222186 0.986911 -0.091217
v 0.168539 1.006106 -0.091217
v 0.207439 0.951308 -0.091217
v 0.168539 1.006106 -0.091217
v 0.157353 0.969229 -0.091217
v 0.207439 0.951308 -0.091217
v 0.157353 0.969229 -0.091217
v 0.168539 1.006106 -0.091217
v 0.105751 0.982155 -0.091217
v 0.168539 1.006106 -0.091217
v 0.113269 1.019951 -0.091217
v 0.105751 0.982155 -0.091217
v 0.113269 1.019951 -0.091217
v 0.056909 1.028311 -0.091217
v 0.105751 0.982155 -0.091217
v 0.056909 1.028311 -0.091217
v 0.053131 0.989960 -0.091217
v 0.105751 0.982155 -0.091217
v 0.056909 1.028311 -0.091217
v 0.000000 1.031107 -0.091217
v 0.053131 0.989960 -0.091217
v 0.000000 1.031107 -0.091217
v 0.000000 0.992571 -0.091217
v 0.053131 0.989960 -0.091217
v 0.000000 0.992571 -0.091217
v 0.000000 1.031107 -0.091217
v -0.053131 0.989960 -0.091217
v 0.000000 1.031107 -0.091217
v -0.056909 1.028311 -0.091217
v -0.053131 0.989960 -0.091217
v -0.053131 0.989960 -0.091217
v -0.056909 1.028311 -0.091217
v -0.105751 0.982155 -0.091217
v -0.056909 1.028311 -0.091217
v -0.113269 1.019951 -0.091217
v -0.105751 0.982155 -0.091217
v -0.105751 0.982155 -0.091217
v -0.113269 1.019951 -0.091217
v -0.168539 1.006106 -0.091217
v -0.157353 0.969229 -0.091217
v -0.105751 0.982155 -0.091217
v -0.168539 1.006106 -0.091217
v -0.157353 0.969229 -0.091217
v -0.168539 1.006106 -0.091217
v -0.207439 0.951308 -0.091217
v -0.168539 1.006106 -0.091217
v -0.222186 0.986911 -0.091217
v -0.207439 0.951308 -0.091217
v -0.207439 0.951308 -0.091217
v -0.222186 0.986911 -0.091217
v -0.273693 0.962550 -0.091217
v -0.255527 0.928564 -0.091217
v -0.207439 0.951308 -0.091217
v -0.273693 0.962550 -0.091217
v -0.255527 0.928564 -0.091217
v -0.273693 0.962550 -0.091217
v -0.301154 0.901217 -0.091217
v -0.273693 0.962550 -0.091217
v -0.322564 0.933258 -0.091217
v -0.301154 0.901217 -0.091217
v -0.301154 0.901217 -0.091217
v -0.322564 0.933258 -0.091217
v -0.343881 0.869528 -0.091217
v -0.322564 0.933258 -0.091217
v -0.368328 0.899317 -0.091217
v -0.343881 0.869528 -0.091217
v -0.343881 0.869528 -0.091217
v -0.368328 0.899317 -0.091217
v -0.410546 0.861053 -0.091217
v -0.383297 0.833804 -0.091217
v -0.343881 0.869528 -0.091217
v -0.410546 0.861053 -0.091217
v -0.383297 0.833804 -0.091217
v -0.410546 0.861053 -0.091217
v -0.419021 0.794389 -0.091217
v -0.410546 0.861053 -0.091217
v -0.448809 0.818836 -0.091217
v -0.419021 0.794389 -0.091217
v -0.419021 0.794389 -0.091217
v -0.448809 0.818836 -0.091217
v -0.450709 0.751662 -0.091217
v -0.448809 0.818836 -0.091217
v -0.482751 0.773071 -0.091217
v -0.450709 0.751662 -0.091217
v -0.450709 0.751662 -0.091217
v -0.482751 0.773071 -0.091217
v -0.512043 0.724200 -0.091217
v -0.478057 0.706034 -0.091217
v -0.450709 0.751662 -0.091217
v -0.512043 0.724200 -0.091217
v -0.478057 0.706034 -0.091217
v -0.512043 0.724200 -0.091217
v -0.500801 0.657946 -0.091217
v -0.512043 0.724200 -0.091217
v -0.536404 0.672693 -0.091217
v -0.500801 0.657946 -0.091217
v -0.478057 0.194981 -0.091216
v -0.512043 0.176815 -0.091216
v -0.482751 0.127944 -0.091216
v -0.450709 0.149353 -0.091216
v -0.478057 0.194981 -0.091216
v -0.482751 0.127944 -0.091216
v -0.450709 0.149353 -0.091216
v -0.482751 0.127944 -0.091216
v -0.448809 0.082179 -0.091216
v -0.419021 0.106626 -0.091216
v -0.450709 0.149353 -0.091216
v -0.448809 0.082179 -0.091216
v -0.419021 0.106626 -0.091216
v -0.448809 0.082179 -0.091216
v -0.410546 0.039962 -0.091216
v -0.383297 0.067211 -0.091216
v -0.419021 0.106626 -0.091216
v -0.410546 0.039962 -0.091216
v -0.383297 0.067211 -0.091216
v -0.410546 0.039962 -0.091216
v -0.377488 0.010000 -0.091216
v -0.343881 0.031487 -0.091216
v -0.383297 0.067211 -0.091216
v -0.377488 0.010000 -0.091216
v -0.314910 0.010000 -0.091216
v -0.343881 0.031487 -0.091216
v -0.377488 0.010000 -0.091216
v -0.500801 0.657946 -0.091217
v -0.536404 0.672693 -0.091217
v -0.518722 0.607860 -0.091217
v -0.536404 0.672693 -0.091217
v -0.555599 0.619046 -0.091217
v -0.518722 0.607860 -0.091217
v -0.518722 0.607860 -0.091217
v -0.555599 0.619046 -0.091217
v -0.531648 0.556259 -0.091217
v -0.555599 0.619046 -0.091217
v -0.569443 0.563777 -0.091217
v -0.531648 0.556259 -0.091217
v -0.531648 0.556259 -0.091217
v -0.569443 0.563777 -0.091217
v -0.539453 0.503639 -0.091217
v -0.569443 0.563777 -0.091217
v -0.577804 0.507416 -0.091217
v -0.539453 0.503639 -0.091217
v -0.539453 0.503639 -0.091217
v -0.577804 0.507416 -0.091217
v -0.580599 0.450507 -0.091217
v -0.542063 0.450507 -0.091217
v -0.539453 0.503639 -0.091217
v -0.580599 0.450507 -0.091217
v -0.542063 0.450507 -0.091217
v -0.580599 0.450507 -0.091217
v -0.577803 0.393599 -0.091216
v -0.539453 0.397376 -0.091217
v -0.542063 0.450507 -0.091217
v -0.577803 0.393599 -0.091216
v -0.539453 0.397376 -0.091217
v -0.577803 0.393599 -0.091216
v -0.531648 0.344756 -0.091217
v -0.577803 0.393599 -0.091216
v -0.569443 0.337238 -0.091216
v -0.531648 0.344756 -0.091217
v -0.531648 0.344756 -0.091217
v -0.569443 0.337238 -0.091216
v -0.555599 0.281969 -0.091217
v -0.518722 0.293155 -0.091217
v -0.531648 0.344756 -0.091217
v -0.555599 0.281969 -0.091217
v -0.518722 0.293155 -0.091217
v -0.555599 0.281969 -0.091217
v -0.500801 0.243069 -0.091216
v -0.555599 0.281969 -0.091217
v -0.536404 0.228322 -0.091216
v -0.500801 0.243069 -0.091216
v -0.500801 0.243069 -0.091216
v -0.536404 0.228322 -0.091216
v -0.478057 0.194981 -0.091216
v -0.536404 0.228322 -0.091216
v -0.512043 0.176815 -0.091216
v -0.478057 0.194981 -0.091216
v 0.259539 0.010000 -0.020127
v 0.259539 0.016010 -0.020127
v 0.259539 0.010000 -0.043414
v 0.259539 0.016010 -0.020127
v 0.259539 0.016010 -0.043414
v 0.259539 0.010000 -0.043414
v 0.259539 0.010000 -0.098339
v 0.259539 0.010000 -0.043414
v 0.259539 0.016010 -0.043414
v 0.259539 0.024357 -0.098339
v 0.259539 0.010000 -0.098339
v 0.259539 0.016010 -0.043414
v 0.259539 0.016010 -0.043414
v 0.259539 0.024357 -0.043414
v 0.259539 0.024357 -0.098339
v 0.000000 0.979091 0.034244
v 0.000000 0.966654 0.034244
v 0.000000 0.979091 0.026550
v 0.000000 0.966654 0.034244
v 0.000000 0.966654 0.026550
v 0.000000 0.979091 0.026550
v 0.000000 0.928765 0.034244
v 0.000000 0.966654 0.034244
v 0.000000 0.920955 0.039116
v 0.000000 0.920955 0.039116
v 0.000000 0.966654 0.034244
v 0.000000 0.974812 0.039116
v 0.000000 0.974812 0.039116
v 0.000000 0.966654 0.034244
v 0.000000 0.979091 0.034244
v 0.000000 0.979091 0.034244
v 0.000000 0.982091 0.039116
v 0.000000 0.974812 0.039116
v 0.000000 0.982091 0.039116
v 0.000000 0.979091 0.034244
v 0.000000 1.036216 0.039116
v 0.000000 1.036216 0.039116
v 0.000000 0.979091 0.034244
v 0.000000 1.029216 0.034244
v 0.000000 1.029216 0.034244
v 0.000000 1.036216 -0.000000
v 0.000000 1.036216 0.039116
v 0.000000 1.029216 -0.000000
v 0.000000 1.036216 -0.000000
v 0.000000 1.029216 0.034244
v 0.000000 1.029216 -0.000000
v 0.000000 1.029216 -0.034244
v 0.000000 1.036216 -0.000000
v 0.000000 1.036216 -0.000000
v 0.000000 1.029216 -0.034244
v 0.000000 1.036216 -0.039116
v 0.000000 0.979091 -0.034244
v 0.000000 1.036216 -0.039116
v 0.000000 1.029216 -0.034244
v 0.000000 1.036216 -0.039116
v 0.000000 0.979091 -0.034244
v 0.000000 0.974812 -0.039116
v 0.000000 0.974812 -0.039116
v 0.000000 0.979091 -0.034244
v 0.000000 0.966654 -0.034244
v 0.000000 0.966654 -0.034244
v 0.000000 0.920955 -0.039116
v 0.000000 0.974812 -0.039116
v 0.000000 0.928765 -0.034244
v 0.000000 0.920955 -0.039116
v 0.000000 0.966654 -0.034244
v 0.000000 0.928765 -0.034244
v 0.000000 0.916327 -0.026550
v 0.000000 0.920955 -0.039116
v 0.000000 0.916327 -0.026550
v 0.000000 0.916327 -0.034244
v 0.000000 0.920955 -0.039116
v 0.000000 0.916327 -0.034244
v 0.000000 0.594108 -0.039116
v 0.000000 0.920955 -0.039116
v 0.000000 0.916327 -0.034244
v 0.000000 0.592381 -0.036193
v 0.000000 0.594108 -0.039116
v 0.000000 0.916327 -0.034244
v 0.000000 0.595211 -0.034244
v 0.000000 0.592381 -0.036193
v 0.000000 0.595211 -0.000000
v 0.000000 0.592381 -0.036193
v 0.000000 0.595211 -0.034244
v 0.000000 0.592381 -0.036193
v 0.000000 0.595211 -0.000000
v 0.000000 0.588137 -0.034960
v 0.000000 0.588137 -0.034960
v 0.000000 0.595211 -0.000000
v 0.000000 0.588137 -0.000000
v 0.000000 0.595211 0.034244
v 0.000000 0.588137 -0.000000
v 0.000000 0.595211 -0.000000
v 0.000000 0.592381 0.036193
v 0.000000 0.588137 -0.000000
v 0.000000 0.595211 0.034244
v 0.000000 0.592381 0.036193
v 0.000000 0.595211 0.034244
v 0.000000 0.916327 0.034244
v 0.000000 0.592381 0.036193
v 0.000000 0.916327 0.034244
v 0.000000 0.594108 0.039116
v 0.000000 0.594108 0.039116
v 0.000000 0.916327 0.034244
v 0.000000 0.920955 0.039116
v 0.000000 0.916327 0.034244
v 0.000000 0.920955 0.026550
v 0.000000 0.920955 0.039116
v 0.000000 0.920955 0.026550
v 0.000000 0.928765 0.034244
v 0.000000 0.920955 0.039116
v 0.000000 0.928765 0.026550
v 0.000000 0.928765 0.034244
v 0.000000 0.920955 0.026550
v 0.000000 0.588137 -0.000000
v 0.000000 0.592381 0.036193
v 0.000000 0.588137 0.034960
v 0.000000 0.928765 -0.026550
v 0.000000 0.916327 -0.026550
v 0.000000 0.928765 -0.034244
v 0.000000 0.916327 0.026550
v 0.000000 0.920955 0.026550
v 0.000000 0.916327 0.034244
v -0.000000 0.312877 0.034960
v 0.023899 0.314968 0.034960
v 0.005528 0.310621 0.039116
v 0.005528 0.310621 0.039116
v 0.023899 0.314968 0.034960
v 0.033135 0.310533 0.039116
v 0.023899 0.314968 0.034960
v 0.047072 0.321177 0.034960
v 0.033135 0.310533 0.039116
v 0.033135 0.310533 0.039116
v 0.047072 0.321177 0.034960
v 0.053646 0.317215 0.039116
v 0.047072 0.321177 0.034960
v 0.068815 0.331316 0.034960
v 0.053646 0.317215 0.039116
v 0.053646 0.317215 0.039116
v 0.068815 0.331316 0.034960
v 0.073832 0.327318 0.039116
v 0.068815 0.331316 0.034960
v 0.088467 0.345076 0.034960
v 0.073832 0.327318 0.039116
v 0.073832 0.327318 0.039116
v 0.088467 0.345076 0.034960
v 0.092506 0.340671 0.039116
v 0.088467 0.345076 0.034960
v 0.108859 0.356837 0.039116
v 0.092506 0.340671 0.039116
v 0.105431 0.362040 0.034960
v 0.108859 0.356837 0.039116
v 0.088467 0.345076 0.034960
v 0.105431 0.362040 0.034960
v 0.122306 0.375145 0.039116
v 0.108859 0.356837 0.039116
v 0.119191 0.381692 0.034960
v 0.122306 0.375145 0.039116
v 0.105431 0.362040 0.034960
v 0.119191 0.381692 0.034960
v 0.132460 0.394578 0.039116
v 0.122306 0.375145 0.039116
v 0.129330 0.403435 0.034960
v 0.132460 0.394578 0.039116
v 0.119191 0.381692 0.034960
v 0.129330 0.403435 0.034960
v 0.142126 0.429578 0.039116
v 0.132460 0.394578 0.039116
v 0.135539 0.426608 0.034960
v 0.142126 0.429578 0.039116
v 0.129330 0.403435 0.034960
v 0.135539 0.426608 0.034960
v 0.137630 0.450507 0.034960
v 0.142126 0.429578 0.039116
v 0.142126 0.429578 0.039116
v 0.137630 0.450507 0.034960
v 0.143601 0.450507 0.039116
v 0.143601 0.450507 0.039116
v 0.137630 0.450507 0.034960
v 0.142126 0.471436 0.039116
v 0.142126 0.471436 0.039116
v 0.137630 0.450507 0.034960
v 0.135539 0.474406 0.034960
v 0.129330 0.497579 0.034960
v 0.142126 0.471436 0.039116
v 0.135539 0.474406 0.034960
v 0.131860 0.508084 0.039116
v 0.142126 0.471436 0.039116
v 0.129330 0.497579 0.034960
v 0.119191 0.519322 0.034960
v 0.131860 0.508084 0.039116
v 0.129330 0.497579 0.034960
v 0.121597 0.527096 0.039116
v 0.131860 0.508084 0.039116
v 0.119191 0.519322 0.034960
v 0.105431 0.538974 0.034960
v 0.121597 0.527096 0.039116
v 0.119191 0.519322 0.034960
v 0.107975 0.545231 0.039116
v 0.121597 0.527096 0.039116
v 0.105431 0.538974 0.034960
v 0.088467 0.555938 0.034960
v 0.107975 0.545231 0.039116
v 0.105431 0.538974 0.034960
v 0.091341 0.561320 0.039116
v 0.107975 0.545231 0.039116
v 0.088467 0.555938 0.034960
v 0.068815 0.569698 0.034960
v 0.091341 0.561320 0.039116
v 0.088467 0.555938 0.034960
v 0.072215 0.574630 0.039116
v 0.091341 0.561320 0.039116
v 0.068815 0.569698 0.034960
v 0.072215 0.574630 0.039116
v 0.068815 0.569698 0.034960
v 0.051253 0.584669 0.039116
v 0.051253 0.584669 0.039116
v 0.068815 0.569698 0.034960
v 0.047072 0.579837 0.034960
v 0.051253 0.584669 0.039116
v 0.047072 0.579837 0.034960
v 0.029256 0.591164 0.039116
v 0.029256 0.591164 0.039116
v 0.047072 0.579837 0.034960
v 0.023899 0.586046 0.034960
v 0.029256 0.591164 0.039116
v 0.023899 0.586046 0.034960
v 0.000000 0.594108 0.039116
v 0.000000 0.594108 0.039116
v 0.023899 0.586046 0.034960
v 0.000000 0.588137 0.034960
v 0.142126 0.471436 -0.039116
v 0.137630 0.450507 -0.034960
v 0.143601 0.450507 -0.039116
v 0.135539 0.474406 -0.034960
v 0.137630 0.450507 -0.034960
v 0.142126 0.471436 -0.039116
v 0.135539 0.474406 -0.034960
v 0.142126 0.471436 -0.039116
v 0.129330 0.497579 -0.034960
v 0.129330 0.497579 -0.034960
v 0.142126 0.471436 -0.039116
v 0.131860 0.508084 -0.039116
v 0.129330 0.497579 -0.034960
v 0.131860 0.508084 -0.039116
v 0.119191 0.519322 -0.034960
v 0.119191 0.519322 -0.034960
v 0.131860 0.508084 -0.039116
v 0.124382 0.522319 -0.039116
v 0.119191 0.519322 -0.034960
v 0.124382 0.522319 -0.039116
v 0.105431 0.538974 -0.034960
v 0.105431 0.538974 -0.034960
v 0.124382 0.522319 -0.039116
v 0.107975 0.545231 -0.039116
v 0.105431 0.538974 -0.034960
v 0.107975 0.545231 -0.039116
v 0.088467 0.555938 -0.034960
v 0.088467 0.555938 -0.034960
v 0.107975 0.545231 -0.039116
v 0.091341 0.561320 -0.039116
v 0.088467 0.555938 -0.034960
v 0.091341 0.561320 -0.039116
v 0.068815 0.569698 -0.034960
v 0.068815 0.569698 -0.034960
v 0.091341 0.561320 -0.039116
v 0.072215 0.574630 -0.039116
v 0.051253 0.584669 -0.039116
v 0.068815 0.569698 -0.034960
v 0.072215 0.574630 -0.039116
v 0.047072 0.579837 -0.034960
v 0.068815 0.569698 -0.034960
v 0.051253 0.584669 -0.039116
v 0.029256 0.591164 -0.039116
v 0.047072 0.579837 -0.034960
v 0.051253 0.584669 -0.039116
v 0.023899 0.586046 -0.034960
v 0.047072 0.579837 -0.034960
v 0.029256 0.591164 -0.039116
v 0.029256 0.591164 -0.039116
v 0.004610 0.591932 -0.039116
v 0.023899 0.586046 -0.034960
v 0.023899 0.586046 -0.034960
v 0.004610 0.591932 -0.039116
v 0.000000 0.588137 -0.034960
v 0.005528 0.310620 -0.039116
v 0.023899 0.314968 -0.034960
v -0.000000 0.312877 -0.034960
v 0.033135 0.310533 -0.039116
v 0.023899 0.314968 -0.034960
v 0.005528 0.310620 -0.039116
v 0.033135 0.310533 -0.039116
v 0.047072 0.321177 -0.034960
v 0.023899 0.314968 -0.034960
v 0.053646 0.317215 -0.039116
v 0.047072 0.321177 -0.034960
v 0.033135 0.310533 -0.039116
v 0.053646 0.317215 -0.039116
v 0.068815 0.331316 -0.034960
v 0.047072 0.321177 -0.034960
v 0.073832 0.327318 -0.039116
v 0.068815 0.331316 -0.034960
v 0.053646 0.317215 -0.039116
v 0.073832 0.327318 -0.039116
v 0.088467 0.345076 -0.034960
v 0.068815 0.331316 -0.034960
v 0.092506 0.340671 -0.039116
v 0.088467 0.345076 -0.034960
v 0.073832 0.327318 -0.039116
v 0.092506 0.340671 -0.039116
v 0.108859 0.356837 -0.039116
v 0.088467 0.345076 -0.034960
v 0.088467 0.345076 -0.034960
v 0.108859 0.356837 -0.039116
v 0.105431 0.362040 -0.034960
v 0.108859 0.356837 -0.039116
v 0.122306 0.375145 -0.039116
v 0.105431 0.362040 -0.034960
v 0.105431 0.362040 -0.034960
v 0.122306 0.375145 -0.039116
v 0.119191 0.381692 -0.034960
v 0.122306 0.375145 -0.039116
v 0.132460 0.394578 -0.039116
v 0.119191 0.381692 -0.034960
v 0.119191 0.381692 -0.034960
v 0.132460 0.394578 -0.039116
v 0.129330 0.403435 -0.034960
v 0.132460 0.394578 -0.039116
v 0.142126 0.429578 -0.039116
v 0.129330 0.403435 -0.034960
v 0.129330 0.403435 -0.034960
v 0.142126 0.429578 -0.039116
v 0.135539 0.426608 -0.034960
v 0.142126 0.429578 -0.039116
v 0.137630 0.450507 -0.034960
v 0.135539 0.426608 -0.034960
v 0.143601 0.450507 -0.039116
v 0.137630 0.450507 -0.034960
v 0.142126 0.429578 -0.039116
v -0.000000 0.136591 -0.039116
v 0.000000 0.082734 -0.039116
v 0.188536 0.235918 -0.039116
v 0.000000 0.082734 -0.039116
v 0.188536 0.021330 -0.039116
v 0.188536 0.235918 -0.039116
v 0.000000 0.021330 -0.039116
v 0.188536 0.021330 -0.039116
v 0.000000 0.082734 -0.039116
v 0.005528 0.310620 -0.039116
v -0.000000 0.306906 -0.039116
v -0.000000 0.136591 -0.039116
v 0.005528 0.310620 -0.039116
v -0.000000 0.136591 -0.039116
v 0.188536 0.235918 -0.039116
v 0.033135 0.310533 -0.039116
v 0.005528 0.310620 -0.039116
v 0.188536 0.235918 -0.039116
v 0.033135 0.310533 -0.039116
v 0.188536 0.235918 -0.039116
v 0.053646 0.317215 -0.039116
v 0.053646 0.317215 -0.039116
v 0.188536 0.235918 -0.039116
v 0.073832 0.327318 -0.039116
v 0.073832 0.327318 -0.039116
v 0.188536 0.235918 -0.039116
v 0.092506 0.340671 -0.039116
v 0.092506 0.340671 -0.039116
v 0.188536 0.235918 -0.039116
v 0.108859 0.356837 -0.039116
v 0.108859 0.356837 -0.039116
v 0.188536 0.235918 -0.039116
v 0.122306 0.375145 -0.039116
v 0.122306 0.375145 -0.039116
v 0.188536 0.235918 -0.039116
v 0.132460 0.394578 -0.039116
v 0.132460 0.394578 -0.039116
v 0.188536 0.235918 -0.039116
v 0.142126 0.429578 -0.039116
v 0.142126 0.429578 -0.039116
v 0.188536 0.235918 -0.039116
v 0.188536 0.450507 -0.039116
v 0.142126 0.429578 -0.039116
v 0.188536 0.450507 -0.039116
v 0.143601 0.450507 -0.039116
v 0.143601 0.450507 -0.039116
v 0.188536 0.450507 -0.039116
v 0.142126 0.471436 -0.039116
v 0.142126 0.471436 -0.039116
v 0.188536 0.450507 -0.039116
v 0.131860 0.508084 -0.039116
v 0.131860 0.508084 -0.039116
v 0.188536 0.450507 -0.039116
v 0.188536 0.743361 -0.039116
v 0.188536 0.743361 -0.039116
v 0.124382 0.522319 -0.039116
v 0.131860 0.508084 -0.039116
v 0.124382 0.522319 -0.039116
v 0.188536 0.743361 -0.039116
v 0.107975 0.545231 -0.039116
v 0.107975 0.545231 -0.039116
v 0.188536 0.743361 -0.039116
v 0.091341 0.561320 -0.039116
v 0.091341 0.561320 -0.039116
v 0.188536 0.743361 -0.039116
v 0.072215 0.574630 -0.039116
v 0.072215 0.574630 -0.039116
v 0.188536 0.743361 -0.039116
v 0.051253 0.584669 -0.039116
v 0.051253 0.584669 -0.039116
v 0.188536 0.743361 -0.039116
v 0.029256 0.591164 -0.039116
v 0.029256 0.591164 -0.039116
v 0.188536 0.743361 -0.039116
v 0.004610 0.591932 -0.039116
v 0.004610 0.591932 -0.039116
v 0.188536 0.743361 -0.039116
v 0.000000 0.920955 -0.039116
v 0.004610 0.591932 -0.039116
v 0.000000 0.920955 -0.039116
v 0.000000 0.594108 -0.039116
v 0.188536 0.743361 -0.039116
v 0.000000 0.974812 -0.039116
v 0.000000 0.920955 -0.039116
v 0.574216 0.021330 -0.039116
v 0.574216 0.235918 -0.039116
v 0.381376 0.021330 -0.039116
v 0.381376 0.021330 -0.039116
v 0.574216 0.235918 -0.039116
v 0.381376 0.235918 -0.039116
v 0.381376 0.021330 -0.039116
v 0.381376 0.235918 -0.039116
v 0.188536 0.021330 -0.039116
v 0.188536 0.021330 -0.039116
v 0.381376 0.235918 -0.039116
v 0.188536 0.235918 -0.039116
v 0.381376 0.235918 -0.039116
v 0.381376 0.450507 -0.039116
v 0.188536 0.235918 -0.039116
v 0.188536 0.235918 -0.039116
v 0.381376 0.450507 -0.039116
v 0.188536 0.450507 -0.039116
v 0.381376 0.450507 -0.039116
v 0.381376 0.743361 -0.039116
v 0.188536 0.450507 -0.039116
v 0.188536 0.450507 -0.039116
v 0.381376 0.743361 -0.039116
v 0.188536 0.743361 -0.039116
v 0.381376 0.743361 -0.039116
v 0.381376 1.036216 -0.039116
v 0.188536 0.743361 -0.039116
v 0.188536 0.743361 -0.039116
v 0.381376 1.036216 -0.039116
v 0.188536 1.036216 -0.039116
v 0.188536 0.743361 -0.039116
v 0.188536 1.036216 -0.039116
v 0.000000 0.974812 -0.039116
v 0.000000 0.974812 -0.039116
v 0.188536 1.036216 -0.039116
v 0.000000 1.036216 -0.039116
v 0.574216 0.235918 -0.039116
v 0.574216 0.450507 -0.039116
v 0.381376 0.235918 -0.039116
v 0.381376 0.235918 -0.039116
v 0.574216 0.450507 -0.039116
v 0.381376 0.450507 -0.039116
v 0.574216 0.450507 -0.039116
v 0.574216 0.743361 -0.039116
v 0.381376 0.450507 -0.039116
v 0.381376 0.450507 -0.039116
v 0.574216 0.743361 -0.039116
v 0.381376 0.743361 -0.039116
v 0.574216 0.743361 -0.039116
v 0.574216 1.036216 -0.039116
v 0.381376 0.743361 -0.039116
v 0.381376 0.743361 -0.039116
v 0.574216 1.036216 -0.039116
v 0.381376 1.036216 -0.039116
v 0.188536 0.743361 0.039116
v 0.381376 0.450507 0.039116
v 0.188536 0.450507 0.039116
v 0.381376 0.743361 0.039116
v 0.381376 0.450507 0.039116
v 0.188536 0.743361 0.039116
v 0.188536 1.036216 0.039116
v 0.381376 0.743361 0.039116
v 0.188536 0.743361 0.039116
v 0.381376 1.036216 0.039116
v 0.381376 0.743361 0.039116
v 0.188536 1.036216 0.039116
v 0.381376 1.036216 0.039116
v 0.574216 1.036216 0.039116
v 0.381376 0.743361 0.039116
v 0.381376 0.743361 0.039116
v 0.574216 1.036216 0.039116
v 0.574216 0.743361 0.039116
v 0.574216 0.743361 0.039116
v 0.574216 0.450507 0.039116
v 0.381376 0.743361 0.039116
v 0.381376 0.743361 0.039116
v 0.574216 0.450507 0.039116
v 0.381376 0.450507 0.039116
v 0.381376 0.450507 0.039116
v 0.574216 0.450507 0.039116
v 0.381376 0.235918 0.039116
v 0.381376 0.450507 0.039116
v 0.381376 0.235918 0.039116
v 0.188536 0.450507 0.039116
v 0.188536 0.450507 0.039116
v 0.381376 0.235918 0.039116
v 0.188536 0.235918 0.039116
v 0.381376 0.235918 0.039116
v 0.381376 0.021330 0.039116
v 0.188536 0.235918 0.039116
v 0.188536 0.235918 0.039116
v 0.381376 0.021330 0.039116
v 0.188536 0.021330 0.039116
v 0.188536 0.235918 0.039116
v 0.188536 0.021330 0.039116
v 0.000000 0.082733 0.039116
v 0.000000 0.082733 0.039116
v 0.188536 0.021330 0.039116
v 0.000000 0.021330 0.039116
v 0.188536 0.235918 0.039116
v 0.000000 0.082733 0.039116
v -0.000000 0.136591 0.039116
v 0.381376 0.235918 0.039116
v 0.574216 0.021330 0.039116
v 0.381376 0.021330 0.039116
v 0.574216 0.235918 0.039116
v 0.574216 0.021330 0.039116
v 0.381376 0.235918 0.039116
v 0.381376 0.235918 0.039116
v 0.574216 0.450507 0.039116
v 0.574216 0.235918 0.039116
v 0.005528 0.310621 0.039116
v -0.000000 0.136591 0.039116
v -0.000000 0.306906 0.039116
v -0.000000 0.136591 0.039116
v 0.005528 0.310621 0.039116
v 0.188536 0.235918 0.039116
v 0.033135 0.310533 0.039116
v 0.188536 0.235918 0.039116
v 0.005528 0.310621 0.039116
v 0.053646 0.317215 0.039116
v 0.188536 0.235918 0.039116
v 0.033135 0.310533 0.039116
v 0.053646 0.317215 0.039116
v 0.073832 0.327318 0.039116
v 0.188536 0.235918 0.039116
v 0.073832 0.327318 0.039116
v 0.092506 0.340671 0.039116
v 0.188536 0.235918 0.039116
v 0.092506 0.340671 0.039116
v 0.108859 0.356837 0.039116
v 0.188536 0.235918 0.039116
v 0.108859 0.356837 0.039116
v 0.122306 0.375145 0.039116
v 0.188536 0.235918 0.039116
v 0.122306 0.375145 0.039116
v 0.132460 0.394578 0.039116
v 0.188536 0.235918 0.039116
v 0.132460 0.394578 0.039116
v 0.142126 0.429578 0.039116
v 0.188536 0.235918 0.039116
v 0.188536 0.235918 0.039116
v 0.142126 0.429578 0.039116
v 0.188536 0.450507 0.039116
v 0.142126 0.429578 0.039116
v 0.143601 0.450507 0.039116
v 0.188536 0.450507 0.039116
v 0.142126 0.471436 0.039116
v 0.188536 0.450507 0.039116
v 0.143601 0.450507 0.039116
v 0.131860 0.508084 0.039116
v 0.188536 0.450507 0.039116
v 0.142126 0.471436 0.039116
v 0.188536 0.450507 0.039116
v 0.131860 0.508084 0.039116
v 0.188536 0.743361 0.039116
v 0.131860 0.508084 0.039116
v 0.121597 0.527096 0.039116
v 0.188536 0.743361 0.039116
v 0.121597 0.527096 0.039116
v 0.107975 0.545231 0.039116
v 0.188536 0.743361 0.039116
v 0.107975 0.545231 0.039116
v 0.091341 0.561320 0.039116
v 0.188536 0.743361 0.039116
v 0.091341 0.561320 0.039116
v 0.072215 0.574630 0.039116
v 0.188536 0.743361 0.039116
v 0.072215 0.574630 0.039116
v 0.051253 0.584669 0.039116
v 0.188536 0.743361 0.039116
v 0.051253 0.584669 0.039116
v 0.029256 0.591164 0.039116
v 0.188536 0.743361 0.039116
v 0.029256 0.591164 0.039116
v 0.000000 0.920955 0.039116
v 0.188536 0.743361 0.039116
v 0.000000 0.920955 0.039116
v 0.188536 1.036216 0.039116
v 0.188536 0.743361 0.039116
v 0.000000 0.974812 0.039116
v 0.188536 1.036216 0.039116
v 0.000000 0.920955 0.039116
v 0.000000 0.974812 0.039116
v 0.000000 1.036216 0.039116
v 0.188536 1.036216 0.039116
v 0.000000 0.920955 0.039116
v 0.029256 0.591164 0.039116
v 0.000000 0.594108 0.039116
v -0.000000 0.312877 -0.034398
v -0.047072 0.321177 -0.034398
v -0.023899 0.314968 -0.034398
v -0.047072 0.321177 -0.034398
v -0.000000 0.312877 -0.034398
v -0.068815 0.331316 -0.034398
v -0.068815 0.331316 -0.034398
v -0.000000 0.312877 -0.034398
v -0.088467 0.345076 -0.034398
v -0.088467 0.345076 -0.034398
v -0.000000 0.312877 -0.034398
v -0.105431 0.362040 -0.034398
v -0.105431 0.362040 -0.034398
v -0.000000 0.312877 -0.034398
v -0.119191 0.381692 -0.034398
v -0.119191 0.381692 -0.034398
v -0.000000 0.312877 -0.034398
v -0.129330 0.403435 -0.034398
v -0.129330 0.403435 -0.034398
v -0.000000 0.312877 -0.034398
v -0.135539 0.426608 -0.034398
v -0.135539 0.426608 -0.034398
v -0.000000 0.312877 -0.034398
v -0.000000 0.450507 -0.034398
v -0.135539 0.426608 -0.034398
v -0.000000 0.450507 -0.034398
v -0.137630 0.450507 -0.034398
v -0.000000 0.450507 -0.034398
v -0.135539 0.474406 -0.034398
v -0.137630 0.450507 -0.034398
v -0.000000 0.588137 -0.034398
v -0.135539 0.474406 -0.034398
v -0.000000 0.450507 -0.034398
v -0.000000 0.588137 -0.034398
v -0.129330 0.497579 -0.034398
v -0.135539 0.474406 -0.034398
v -0.000000 0.588137 -0.034398
v -0.119191 0.519322 -0.034398
v -0.129330 0.497579 -0.034398
v -0.000000 0.588137 -0.034398
v -0.105431 0.538974 -0.034398
v -0.119191 0.519322 -0.034398
v -0.000000 0.588137 -0.034398
v -0.088467 0.555938 -0.034398
v -0.105431 0.538974 -0.034398
v -0.000000 0.588137 -0.034398
v -0.068815 0.569698 -0.034398
v -0.088467 0.555938 -0.034398
v -0.000000 0.588137 -0.034398
v -0.047072 0.579837 -0.034398
v -0.068815 0.569698 -0.034398
v -0.000000 0.588137 -0.034398
v -0.023899 0.586046 -0.034398
v -0.047072 0.579837 -0.034398
v 0.366736 0.016010 -0.043414
v 0.367778 0.016010 -0.039526
v 0.366736 0.024357 -0.043414
v 0.366736 0.031857 -0.078476
v 0.366736 0.024357 -0.078476
v 0.366736 0.031857 -0.043414
v 0.366736 0.024357 -0.078476
v 0.366736 0.024357 -0.043414
v 0.366736 0.031857 -0.043414
v 0.366736 0.024357 -0.043414
v 0.367778 0.031857 -0.039527
v 0.366736 0.031857 -0.043414
v 0.367778 0.016010 -0.039526
v 0.367778 0.031857 -0.039527
v 0.366736 0.024357 -0.043414
v 0.367778 0.031857 -0.039527
v 0.367778 0.016010 -0.039526
v 0.370624 0.031857 -0.036681
v 0.367778 0.016010 -0.039526
v 0.370624 0.016010 -0.036680
v 0.370624 0.031857 -0.036681
v 0.370624 0.031857 -0.036681
v 0.370624 0.016010 -0.036680
v 0.374512 0.031857 -0.035639
v 0.370624 0.016010 -0.036680
v 0.374512 0.016010 -0.035639
v 0.374512 0.031857 -0.035639
v -0.143601 0.450507 0.039116
v -0.142126 0.471436 0.039116
v -0.137630 0.450507 0.034960
v -0.137630 0.450507 0.034960
v -0.142126 0.471436 0.039116
v -0.135539 0.474406 0.034960
v -0.135539 0.474406 0.034960
v -0.142126 0.471436 0.039116
v -0.129330 0.497579 0.034960
v -0.129330 0.497579 0.034960
v -0.142126 0.471436 0.039116
v -0.131860 0.508084 0.039116
v -0.129330 0.497579 0.034960
v -0.131860 0.508084 0.039116
v -0.119191 0.519322 0.034960
v -0.119191 0.519322 0.034960
v -0.131860 0.508084 0.039116
v -0.121597 0.527096 0.039116
v -0.119191 0.519322 0.034960
v -0.121597 0.527096 0.039116
v -0.105431 0.538974 0.034960
v -0.105431 0.538974 0.034960
v -0.121597 0.527096 0.039116
v -0.107975 0.545231 0.039116
v -0.105431 0.538974 0.034960
v -0.107975 0.545231 0.039116
v -0.088467 0.555938 0.034960
v -0.088467 0.555938 0.034960
v -0.107975 0.545231 0.039116
v -0.091341 0.561320 0.039116
v -0.088467 0.555938 0.034960
v -0.091341 0.561320 0.039116
v -0.068815 0.569698 0.034960
v -0.068815 0.569698 0.034960
v -0.091341 0.561320 0.039116
v -0.072215 0.574630 0.039116
v -0.072215 0.574630 0.039116
v -0.051253 0.584669 0.039116
v -0.068815 0.569698 0.034960
v -0.068815 0.569698 0.034960
v -0.051253 0.584669 0.039116
v -0.047072 0.579837 0.034960
v -0.051253 0.584669 0.039116
v -0.029256 0.591164 0.039116
v -0.047072 0.579837 0.034960
v -0.047072 0.579837 0.034960
v -0.029256 0.591164 0.039116
v -0.023899 0.586046 0.034960
v -0.029256 0.591164 0.039116
v -0.000000 0.594108 0.039116
v -0.023899 0.586046 0.034960
v -0.023899 0.586046 0.034960
v -0.000000 0.594108 0.039116
v -0.000000 0.588137 0.034960
v 0.000000 0.021330 -0.039116
v 0.000000 0.082734 -0.039116
v -0.188536 0.021330 -0.039116
v -0.188536 0.021330 -0.039116
v 0.000000 0.082734 -0.039116
v -0.188536 0.235918 -0.039116
v 0.000000 0.082734 -0.039116
v 0.000000 0.136591 -0.039116
v -0.188536 0.235918 -0.039116
v -0.188536 0.235918 -0.039116
v -0.073832 0.327318 -0.039116
v -0.092506 0.340671 -0.039116
v -0.188536 0.235918 -0.039116
v -0.053646 0.317215 -0.039116
v -0.073832 0.327318 -0.039116
v -0.188536 0.235918 -0.039116
v -0.033135 0.310533 -0.039116
v -0.053646 0.317215 -0.039116
v -0.005528 0.310620 -0.039116
v -0.033135 0.310533 -0.039116
v -0.188536 0.235918 -0.039116
v 0.000000 0.136591 -0.039116
v -0.005528 0.310620 -0.039116
v -0.188536 0.235918 -0.039116
v 0.000000 0.136591 -0.039116
v 0.000000 0.306906 -0.039116
v -0.005528 0.310620 -0.039116
v -0.574216 0.021330 -0.039116
v -0.381376 0.021330 -0.039116
v -0.574216 0.235918 -0.039116
v -0.574216 0.235918 -0.039116
v -0.381376 0.021330 -0.039116
v -0.381376 0.235918 -0.039116
v -0.381376 0.021330 -0.039116
v -0.188536 0.021330 -0.039116
v -0.381376 0.235918 -0.039116
v -0.381376 0.235918 -0.039116
v -0.188536 0.021330 -0.039116
v -0.188536 0.235918 -0.039116
v -0.381376 0.235918 -0.039116
v -0.188536 0.235918 -0.039116
v -0.381376 0.450507 -0.039116
v -0.381376 0.450507 -0.039116
v -0.188536 0.235918 -0.039116
v -0.188536 0.450507 -0.039116
v -0.381376 0.450507 -0.039116
v -0.188536 0.450507 -0.039116
v -0.381376 0.743361 -0.039116
v -0.381376 0.743361 -0.039116
v -0.188536 0.450507 -0.039116
v -0.188536 0.743361 -0.039116
v -0.381376 0.743361 -0.039116
v -0.188536 0.743361 -0.039116
v -0.381376 1.036216 -0.039116
v -0.381376 1.036216 -0.039116
v -0.188536 0.743361 -0.039116
v -0.188536 1.036216 -0.039116
v -0.000000 0.974812 -0.039116
v -0.188536 1.036216 -0.039116
v -0.188536 0.743361 -0.039116
v -0.000000 1.036216 -0.039116
v -0.188536 1.036216 -0.039116
v -0.000000 0.974812 -0.039116
v -0.000000 0.974812 -0.039116
v -0.188536 0.743361 -0.039116
v -0.000000 0.920955 -0.039116
v -0.574216 1.036216 -0.039116
v -0.381376 0.743361 -0.039116
v -0.381376 1.036216 -0.039116
v -0.574216 0.743361 -0.039116
v -0.381376 0.743361 -0.039116
v -0.574216 1.036216 -0.039116
v -0.574216 0.743361 -0.039116
v -0.381376 0.450507 -0.039116
v -0.381376 0.743361 -0.039116
v -0.574216 0.450507 -0.039116
v -0.381376 0.450507 -0.039116
v -0.574216 0.743361 -0.039116
v -0.574216 0.450507 -0.039116
v -0.381376 0.235918 -0.039116
v -0.381376 0.450507 -0.039116
v -0.574216 0.235918 -0.039116
v -0.381376 0.235918 -0.039116
v -0.574216 0.450507 -0.039116
v -0.000000 0.920955 -0.039116
v -0.004610 0.591932 -0.039116
v -0.000000 0.594108 -0.039116
v -0.000000 0.920955 -0.039116
v -0.188536 0.743361 -0.039116
v -0.004610 0.591932 -0.039116
v -0.188536 0.743361 -0.039116
v -0.029256 0.591164 -0.039116
v -0.004610 0.591932 -0.039116
v -0.188536 0.743361 -0.039116
v -0.051253 0.584669 -0.039116
v -0.029256 0.591164 -0.039116
v -0.188536 0.743361 -0.039116
v -0.072215 0.574630 -0.039116
v -0.051253 0.584669 -0.039116
v -0.188536 0.743361 -0.039116
v -0.091341 0.561320 -0.039116
v -0.072215 0.574630 -0.039116
v -0.188536 0.743361 -0.039116
v -0.107975 0.545231 -0.039116
v -0.091341 0.561320 -0.039116
v -0.188536 0.743361 -0.039116
v -0.124382 0.522319 -0.039116
v -0.107975 0.545231 -0.039116
v -0.124382 0.522319 -0.039116
v -0.188536 0.743361 -0.039116
v -0.131860 0.508084 -0.039116
v -0.188536 0.450507 -0.039116
v -0.131860 0.508084 -0.039116
v -0.188536 0.743361 -0.039116
v -0.188536 0.450507 -0.039116
v -0.142126 0.471436 -0.039116
v -0.131860 0.508084 -0.039116
v -0.188536 0.450507 -0.039116
v -0.143601 0.450507 -0.039116
v -0.142126 0.471436 -0.039116
v -0.188536 0.450507 -0.039116
v -0.142126 0.429578 -0.039116
v -0.143601 0.450507 -0.039116
v -0.188536 0.235918 -0.039116
v -0.142126 0.429578 -0.039116
v -0.188536 0.450507 -0.039116
v -0.188536 0.235918 -0.039116
v -0.132460 0.394578 -0.039116
v -0.142126 0.429578 -0.039116
v -0.188536 0.235918 -0.039116
v -0.122306 0.375145 -0.039116
v -0.132460 0.394578 -0.039116
v -0.188536 0.235918 -0.039116
v -0.108859 0.356837 -0.039116
v -0.122306 0.375145 -0.039116
v -0.188536 0.235918 -0.039116
v -0.092506 0.340671 -0.039116
v -0.108859 0.356837 -0.039116
v 0.148690 0.031857 -0.078476
v 0.002271 0.031857 -0.078476
v 0.002271 0.024357 -0.078476
v 0.148690 0.024357 -0.078476
v 0.148690 0.031857 -0.078476
v 0.002271 0.024357 -0.078476
v 0.148690 0.031857 -0.078476
v 0.148690 0.024357 -0.078476
v 0.150455 0.031857 -0.078949
v 0.148690 0.024357 -0.078476
v 0.150455 0.024357 -0.078949
v 0.150455 0.031857 -0.078949
v 0.150455 0.031857 -0.078949
v 0.150455 0.024357 -0.078949
v 0.151747 0.031857 -0.080241
v 0.150455 0.024357 -0.078949
v 0.151747 0.024357 -0.080241
v 0.151747 0.031857 -0.080241
v 0.151747 0.031857 -0.080241
v 0.151747 0.024357 -0.080241
v 0.152220 0.031857 -0.082006
v 0.151747 0.024357 -0.080241
v 0.152220 0.024357 -0.082006
v 0.152220 0.031857 -0.082006
v 0.152220 0.024357 -0.082006
v 0.152220 0.024357 -0.089405
v 0.152220 0.031857 -0.082006
v 0.152220 0.024357 -0.089405
v 0.152220 0.031857 -0.089405
v 0.152220 0.031857 -0.082006
v 0.152220 0.024357 -0.089405
v 0.151747 0.024357 -0.091170
v 0.152220 0.031857 -0.089405
v 0.151747 0.024357 -0.091170
v 0.151747 0.031857 -0.091170
v 0.152220 0.031857 -0.089405
v 0.151747 0.031857 -0.091170
v 0.151747 0.024357 -0.091170
v 0.150455 0.031857 -0.092462
v 0.151747 0.024357 -0.091170
v 0.150455 0.024357 -0.092462
v 0.150455 0.031857 -0.092462
v 0.150455 0.024357 -0.092462
v 0.148690 0.024357 -0.092935
v 0.150455 0.031857 -0.092462
v 0.148690 0.024357 -0.092935
v 0.148690 0.031857 -0.092935
v 0.150455 0.031857 -0.092462
v 0.148690 0.024357 -0.092935
v 0.002271 0.024357 -0.092935
v 0.148690 0.031857 -0.092935
v 0.002271 0.024357 -0.092935
v 0.002271 0.031857 -0.092935
v 0.148690 0.031857 -0.092935
v -0.381376 0.743361 0.039116
v -0.188536 0.743361 0.039116
v -0.381376 0.450507 0.039116
v -0.381376 0.450507 0.039116
v -0.188536 0.743361 0.039116
v -0.188536 0.450507 0.039116
v -0.381376 0.743361 0.039116
v -0.188536 1.036216 0.039116
v -0.188536 0.743361 0.039116
v -0.381376 1.036216 0.039116
v -0.188536 1.036216 0.039116
v -0.381376 0.743361 0.039116
v -0.381376 1.036216 0.039116
v -0.381376 0.743361 0.039116
v -0.574216 1.036216 0.039116
v -0.574216 1.036216 0.039116
v -0.381376 0.743361 0.039116
v -0.574216 0.743361 0.039116
v -0.574216 0.743361 0.039116
v -0.381376 0.743361 0.039116
v -0.574216 0.450507 0.039116
v -0.574216 0.450507 0.039116
v -0.381376 0.743361 0.039116
v -0.381376 0.450507 0.039116
v -0.381376 0.450507 0.039116
v -0.381376 0.235918 0.039116
v -0.574216 0.450507 0.039116
v -0.381376 0.450507 0.039116
v -0.188536 0.450507 0.039116
v -0.381376 0.235918 0.039116
v -0.381376 0.235918 0.039116
v -0.188536 0.450507 0.039116
v -0.188536 0.235918 0.039116
v -0.381376 0.235918 0.039116
v -0.188536 0.235918 0.039116
v -0.381376 0.021330 0.039116
v -0.381376 0.021330 0.039116
v -0.188536 0.235918 0.039116
v -0.188536 0.021330 0.039116
v 0.000000 0.082733 0.039116
v -0.188536 0.021330 0.039116
v -0.188536 0.235918 0.039116
v 0.000000 0.021330 0.039116
v -0.188536 0.021330 0.039116
v 0.000000 0.082733 0.039116
v 0.000000 0.082733 0.039116
v -0.188536 0.235918 0.039116
v 0.000000 0.136591 0.039116
v -0.574216 0.021330 0.039116
v -0.381376 0.235918 0.039116
v -0.381376 0.021330 0.039116
v -0.574216 0.235918 0.039116
v -0.381376 0.235918 0.039116
v -0.574216 0.021330 0.039116
v -0.574216 0.450507 0.039116
v -0.381376 0.235918 0.039116
v -0.574216 0.235918 0.039116
v -0.000000 1.036216 0.039116
v -0.000000 0.974812 0.039116
v -0.188536 1.036216 0.039116
v -0.000000 0.974812 0.039116
v -0.000000 0.920955 0.039116
v -0.188536 1.036216 0.039116
v -0.188536 1.036216 0.039116
v -0.000000 0.920955 0.039116
v -0.188536 0.743361 0.039116
v -0.000000 0.920955 0.039116
v -0.029256 0.591164 0.039116
v -0.188536 0.743361 0.039116
v -0.029256 0.591164 0.039116
v -0.051253 0.584669 0.039116
v -0.188536 0.743361 0.039116
v -0.051253 0.584669 0.039116
v -0.072215 0.574630 0.039116
v -0.188536 0.743361 0.039116
v -0.072215 0.574630 0.039116
v -0.091341 0.561320 0.039116
v -0.188536 0.743361 0.039116
v -0.091341 0.561320 0.039116
v -0.107975 0.545231 0.039116
v -0.188536 0.743361 0.039116
v -0.107975 0.545231 0.039116
v -0.121597 0.527096 0.039116
v -0.188536 0.743361 0.039116
v -0.121597 0.527096 0.039116
v -0.131860 0.508084 0.039116
v -0.188536 0.743361 0.039116
v -0.131860 0.508084 0.039116
v -0.188536 0.450507 0.039116
v -0.188536 0.743361 0.039116
v -0.188536 0.450507 0.039116
v -0.131860 0.508084 0.039116
v -0.142126 0.471436 0.039116
v -0.188536 0.450507 0.039116
v -0.142126 0.471436 0.039116
v -0.143601 0.450507 0.039116
v -0.143601 0.450507 0.039116
v -0.142126 0.429578 0.039116
v -0.188536 0.450507 0.039116
v -0.142126 0.429578 0.039116
v -0.188536 0.235918 0.039116
v -0.188536 0.450507 0.039116
v -0.142126 0.429578 0.039116
v -0.132460 0.394578 0.039116
v -0.188536 0.235918 0.039116
v -0.132460 0.394578 0.039116
v -0.122306 0.375145 0.039116
v -0.188536 0.235918 0.039116
v -0.122306 0.375145 0.039116
v -0.108859 0.356837 0.039116
v -0.188536 0.235918 0.039116
v -0.029256 0.591164 0.039116
v -0.000000 0.920955 0.039116
v -0.000000 0.594108 0.039116
v -0.108859 0.356837 0.039116
v -0.092506 0.340671 0.039116
v -0.188536 0.235918 0.039116
v -0.092506 0.340671 0.039116
v -0.073832 0.327318 0.039116
v -0.188536 0.235918 0.039116
v -0.073832 0.327318 0.039116
v -0.053646 0.317215 0.039116
v -0.188536 0.235918 0.039116
v -0.188536 0.235918 0.039116
v -0.053646 0.317215 0.039116
v -0.033135 0.310533 0.039116
v -0.188536 0.235918 0.039116
v -0.033135 0.310533 0.039116
v -0.005528 0.310621 0.039116
v -0.005528 0.310621 0.039116
v 0.000000 0.136591 0.039116
v -0.188536 0.235918 0.039116
v 0.000000 0.136591 0.039116
v -0.005528 0.310621 0.039116
v 0.000000 0.306906 0.039116
v -0.002271 0.024357 -0.092935
v -0.002271 0.024357 -0.078476
v -0.148690 0.024357 -0.092935
v -0.002271 0.024357 -0.078476
v -0.148690 0.024357 -0.078476
v -0.148690 0.024357 -0.092935
v -0.148690 0.024357 -0.078476
v -0.150455 0.024357 -0.078949
v -0.148690 0.024357 -0.092935
v -0.150455 0.024357 -0.078949
v -0.151747 0.024357 -0.080241
v -0.148690 0.024357 -0.092935
v -0.151747 0.024357 -0.080241
v -0.152220 0.024357 -0.082006
v -0.148690 0.024357 -0.092935
v -0.152220 0.024357 -0.082006
v -0.152220 0.024357 -0.089405
v -0.148690 0.024357 -0.092935
v -0.152220 0.024357 -0.089405
v -0.151747 0.024357 -0.091170
v -0.148690 0.024357 -0.092935
v -0.151747 0.024357 -0.091170
v -0.150455 0.024357 -0.092462
v -0.148690 0.024357 -0.092935
v -0.055714 0.963654 -0.000000
v -0.055714 0.966654 0.026550
v -0.055714 0.982091 -0.000000
v -0.055714 0.982091 -0.000000
v -0.055714 0.966654 0.026550
v -0.055714 0.979091 0.026550
v -0.055714 0.982091 -0.000000
v -0.055714 0.979091 0.026550
v -0.055714 1.029216 -0.000000
v -0.055714 1.029216 -0.000000
v -0.055714 0.979091 0.026550
v -0.055714 0.979091 0.034244
v -0.055714 1.029216 -0.000000
v -0.055714 0.979091 0.034244
v -0.055714 1.029216 0.034244
v -0.055714 0.931765 -0.000000
v -0.055714 0.928765 0.026550
v -0.055714 0.963654 -0.000000
v -0.055714 0.963654 -0.000000
v -0.055714 0.928765 0.026550
v -0.055714 0.966654 0.026550
v -0.055714 0.928765 0.026550
v -0.055714 0.966654 0.034244
v -0.055714 0.966654 0.026550
v -0.055714 0.928765 0.034244
v -0.055714 0.966654 0.034244
v -0.055714 0.928765 0.026550
v -0.055714 0.979091 -0.034244
v -0.055714 1.029216 -0.000000
v -0.055714 1.029216 -0.034244
v -0.055714 0.979091 -0.026550
v -0.055714 1.029216 -0.000000
v -0.055714 0.979091 -0.034244
v -0.055714 0.979091 -0.026550
v -0.055714 0.982091 -0.000000
v -0.055714 1.029216 -0.000000
v -0.055714 0.966654 -0.026550
v -0.055714 0.982091 -0.000000
v -0.055714 0.979091 -0.026550
v -0.055714 0.963654 -0.000000
v -0.055714 0.982091 -0.000000
v -0.055714 0.966654 -0.026550
v -0.055714 0.928765 -0.026550
v -0.055714 0.963654 -0.000000
v -0.055714 0.966654 -0.026550
v -0.055714 0.931765 -0.000000
v -0.055714 0.963654 -0.000000
v -0.055714 0.928765 -0.026550
v -0.055714 0.928765 -0.026550
v -0.055714 0.913327 -0.000000
v -0.055714 0.931765 -0.000000
v -0.055714 0.913327 -0.000000
v -0.055714 0.928765 0.026550
v -0.055714 0.931765 -0.000000
v -0.055714 0.916327 0.026550
v -0.055714 0.928765 0.026550
v -0.055714 0.913327 -0.000000
v -0.055714 0.913327 -0.000000
v -0.055714 0.595211 0.034244
v -0.055714 0.916327 0.026550
v -0.055714 0.595211 0.034244
v -0.055714 0.916327 0.034244
v -0.055714 0.916327 0.026550
v -0.055714 0.916327 -0.026550
v -0.055714 0.913327 -0.000000
v -0.055714 0.928765 -0.026550
v -0.055714 0.916327 -0.026550
v -0.055714 0.595212 -0.034244
v -0.055714 0.913327 -0.000000
v -0.055714 0.913327 -0.000000
v -0.055714 0.595212 -0.034244
v -0.055714 0.595211 -0.000000
v -0.055714 0.595211 -0.000000
v -0.055714 0.595211 0.034244
v -0.055714 0.913327 -0.000000
v -0.055714 0.916327 -0.034244
v -0.055714 0.595212 -0.034244
v -0.055714 0.916327 -0.026550
v -0.055714 0.966654 -0.034244
v -0.055714 0.928765 -0.026550
v -0.055714 0.966654 -0.026550
v -0.055714 0.928765 -0.034244
v -0.055714 0.928765 -0.026550
v -0.055714 0.966654 -0.034244
v -0.000000 0.979091 -0.034244
v -0.000000 0.966654 -0.034244
v -0.000000 0.979091 -0.026550
v -0.000000 0.979091 -0.026550
v -0.000000 0.966654 -0.034244
v -0.000000 0.966654 -0.026550
v -0.000000 0.928765 0.026550
v -0.000000 0.920955 0.026550
v -0.000000 0.928765 0.034244
v -0.000000 0.928765 0.034244
v -0.000000 0.920955 0.026550
v -0.000000 0.920955 0.039116
v -0.000000 0.920955 0.026550
v -0.000000 0.916327 0.034244
v -0.000000 0.920955 0.039116
v -0.000000 0.916327 0.034244
v -0.000000 0.594108 0.039116
v -0.000000 0.920955 0.039116
v -0.000000 0.595211 0.034244
v -0.000000 0.594108 0.039116
v -0.000000 0.916327 0.034244
v -0.000000 0.595211 0.034244
v -0.000000 0.588137 0.034960
v -0.000000 0.594108 0.039116
v -0.000000 0.595211 0.034244
v -0.000000 0.588137 -0.000000
v -0.000000 0.588137 0.034960
v -0.000000 0.595211 -0.000000
v -0.000000 0.588137 -0.000000
v -0.000000 0.595211 0.034244
v -0.000000 0.595211 -0.034244
v -0.000000 0.588137 -0.000000
v -0.000000 0.595211 -0.000000
v -0.000000 0.592381 -0.036193
v -0.000000 0.588137 -0.000000
v -0.000000 0.595211 -0.034244
v -0.000000 0.592381 -0.036193
v -0.000000 0.595211 -0.034244
v -0.000000 0.916327 -0.034244
v -0.000000 0.592381 -0.036193
v -0.000000 0.916327 -0.034244
v -0.000000 0.594108 -0.039116
v -0.000000 0.594108 -0.039116
v -0.000000 0.916327 -0.034244
v -0.000000 0.920955 -0.039116
v -0.000000 0.916327 -0.034244
v -0.000000 0.916327 -0.026550
v -0.000000 0.920955 -0.039116
v -0.000000 0.916327 -0.026550
v -0.000000 0.928765 -0.034244
v -0.000000 0.920955 -0.039116
v -0.000000 0.928765 -0.034244
v -0.000000 0.966654 -0.034244
v -0.000000 0.920955 -0.039116
v -0.000000 0.920955 -0.039116
v -0.000000 0.966654 -0.034244
v -0.000000 0.974812 -0.039116
v -0.000000 0.974812 -0.039116
v -0.000000 0.966654 -0.034244
v -0.000000 0.979091 -0.034244
v -0.000000 0.979091 -0.034244
v -0.000000 1.036216 -0.039116
v -0.000000 0.974812 -0.039116
v -0.000000 0.588137 -0.000000
v -0.000000 0.592381 -0.036193
v -0.000000 0.588137 -0.034960
v -0.000000 0.928765 -0.026550
v -0.000000 0.928765 -0.034244
v -0.000000 0.916327 -0.026550
v -0.000000 0.966654 0.026550
v -0.000000 0.966654 0.034244
v -0.000000 0.979091 0.026550
v -0.000000 0.966654 0.034244
v -0.000000 0.979091 0.034244
v -0.000000 0.979091 0.026550
v -0.000000 0.928765 0.034244
v -0.000000 0.920955 0.039116
v -0.000000 0.966654 0.034244
v -0.000000 0.966654 0.034244
v -0.000000 0.920955 0.039116
v -0.000000 0.974812 0.039116
v -0.000000 0.974812 0.039116
v -0.000000 0.979091 0.034244
v -0.000000 0.966654 0.034244
v -0.000000 0.979091 0.034244
v -0.000000 0.974812 0.039116
v -0.000000 1.036216 0.039116
v -0.000000 0.979091 0.034244
v -0.000000 1.036216 0.039116
v -0.000000 1.029216 0.034244
v -0.000000 1.036216 -0.000000
v -0.000000 1.029216 0.034244
v -0.000000 1.036216 0.039116
v -0.000000 1.029216 -0.000000
v -0.000000 1.029216 0.034244
v -0.000000 1.036216 -0.000000
v -0.000000 1.029216 -0.000000
v -0.000000 1.036216 -0.000000
v -0.000000 1.029216 -0.034244
v -0.000000 1.029216 -0.034244
v -0.000000 1.036216 -0.000000
v -0.000000 1.036216 -0.039116
v -0.000000 1.036216 -0.039116
v -0.000000 0.979091 -0.034244
v -0.000000 1.029216 -0.034244
v -0.549717 0.016010 -0.035639
v -0.549717 0.016010 -0.020127
v -0.374512 0.016010 -0.035639
v -0.549717 0.016010 -0.020127
v -0.366736 0.016010 -0.020127
v -0.374512 0.016010 -0.035639
v -0.374512 0.016010 -0.035639
v -0.366736 0.016010 -0.020127
v -0.370624 0.016010 -0.036680
v -0.370624 0.016010 -0.036680
v -0.366736 0.016010 -0.020127
v -0.367778 0.016010 -0.039526
v -0.367778 0.016010 -0.039526
v -0.366736 0.016010 -0.020127
v -0.366736 0.016010 -0.043414
v -0.366736 0.016010 -0.020127
v -0.259539 0.016010 -0.020127
v -0.366736 0.016010 -0.043414
v -0.259539 0.016010 -0.020127
v -0.259539 0.016010 -0.043414
v -0.366736 0.016010 -0.043414
v 0.489066 0.000000 -0.000000
v 0.489066 0.000000 -0.140487
v 0.367763 0.000000 -0.140487
v 0.367763 0.000000 -0.000000
v 0.489066 0.000000 -0.000000
v 0.367763 0.000000 -0.140487
v 0.367763 0.000000 -0.000000
v 0.367763 0.000000 -0.140487
v 0.263144 0.000000 -0.119562
v 0.263144 0.000000 -0.000000
v 0.367763 0.000000 -0.000000
v 0.263144 0.000000 -0.119562
v 0.263144 0.000000 -0.119562
v 0.000000 0.000000 -0.119562
v 0.263144 0.000000 -0.000000
v 0.263144 0.000000 -0.140487
v 0.263144 0.000000 -0.119562
v 0.367763 0.000000 -0.140487
v 0.489066 0.000000 0.140487
v 0.489066 0.000000 -0.000000
v 0.367763 0.000000 0.140487
v 0.489066 0.000000 -0.000000
v 0.367763 0.000000 -0.000000
v 0.367763 0.000000 0.140487
v 0.367763 0.000000 0.140487
v 0.367763 0.000000 -0.000000
v 0.263144 0.000000 0.119562
v 0.367763 0.000000 -0.000000
v 0.263144 0.000000 -0.000000
v 0.263144 0.000000 0.119562
v 0.000000 0.000000 0.119562
v 0.263144 0.000000 0.119562
v 0.263144 0.000000 -0.000000
v 0.000000 0.000000 -0.000000
v 0.000000 0.000000 0.119562
v 0.263144 0.000000 -0.000000
v 0.000000 0.000000 -0.119562
v 0.000000 0.000000 -0.000000
v 0.263144 0.000000 -0.000000
v 0.000000 0.000000 -0.000000
v 0.000000 0.000000 -0.119562
v -0.263144 0.000000 -0.000000
v 0.000000 0.000000 -0.119562
v -0.263144 0.000000 -0.119562
v -0.263144 0.000000 -0.000000
v -0.367763 0.000000 -0.000000
v -0.263144 0.000000 -0.000000
v -0.263144 0.000000 -0.119562
v -0.367763 0.000000 -0.140487
v -0.367763 0.000000 -0.000000
v -0.263144 0.000000 -0.119562
v -0.263144 0.000000 -0.119562
v -0.263143 0.000000 -0.140487
v -0.367763 0.000000 -0.140487
v 0.263144 0.000000 0.119562
v 0.263144 0.000000 0.140487
v 0.367763 0.000000 0.140487
v 0.000000 0.000000 0.119562
v 0.000000 0.000000 -0.000000
v -0.263144 0.000000 -0.000000
v -0.263144 0.000000 0.119562
v 0.000000 0.000000 0.119562
v -0.263144 0.000000 -0.000000
v -0.263144 0.000000 -0.000000
v -0.367763 0.000000 -0.000000
v -0.263144 0.000000 0.119562
v -0.367763 0.000000 -0.000000
v -0.367763 0.000000 0.140487
v -0.263144 0.000000 0.119562
v -0.263143 0.000000 0.140487
v -0.263144 0.000000 0.119562
v -0.367763 0.000000 0.140487
v -0.263144 0.010000 -0.140487
v -0.263143 0.000000 -0.140487
v -0.263144 0.010000 -0.119562
v -0.263143 0.000000 -0.140487
v -0.263144 0.000000 -0.119562
v -0.263144 0.010000 -0.119562
v -0.367763 0.010000 -0.140487
v -0.367763 0.000000 -0.140487
v -0.263144 0.010000 -0.140487
v -0.367763 0.000000 -0.140487
v -0.263143 0.000000 -0.140487
v -0.263144 0.010000 -0.140487
v -0.263144 0.010000 0.039329
v -0.314910 0.010000 0.081277
v -0.367763 0.010000 0.039329
v -0.314910 0.010000 0.081277
v -0.367763 0.010000 0.081277
v -0.367763 0.010000 0.039329
v -0.263144 0.010000 -0.000000
v -0.263144 0.010000 0.039329
v -0.367763 0.010000 0.039329
v 0.000000 0.010000 0.039329
v -0.263144 0.010000 0.039329
v -0.263144 0.010000 -0.000000
v 0.000000 0.010000 0.039329
v 0.000000 0.010000 0.119562
v -0.263144 0.010000 0.039329
v 0.000000 0.010000 0.119562
v -0.263144 0.010000 0.119562
v -0.263144 0.010000 0.039329
v -0.263144 0.010000 0.039329
v -0.263144 0.010000 0.119562
v -0.314910 0.010000 0.081277
v -0.263144 0.010000 0.119562
v -0.314910 0.010000 0.091216
v -0.314910 0.010000 0.081277
v -0.263144 0.010000 0.140487
v -0.314910 0.010000 0.091216
v -0.263144 0.010000 0.119562
v -0.263144 0.010000 0.140487
v -0.367763 0.010000 0.140487
v -0.314910 0.010000 0.091216
v -0.367763 0.010000 0.140487
v -0.377488 0.010000 0.091216
v -0.314910 0.010000 0.091216
v 0.000000 0.010000 -0.000000
v 0.000000 0.010000 0.039329
v -0.263144 0.010000 -0.000000
v -0.263144 0.010000 -0.039329
v 0.000000 0.010000 -0.039329
v -0.263144 0.010000 -0.000000
v 0.000000 0.010000 -0.039329
v 0.000000 0.010000 -0.000000
v -0.263144 0.010000 -0.000000
v 0.000000 0.010000 -0.000000
v 0.000000 0.010000 -0.039329
v 0.263144 0.010000 -0.000000
v 0.000000 0.010000 0.039329
v 0.000000 0.010000 -0.000000
v 0.263144 0.010000 -0.000000
v 0.263144 0.010000 0.039329
v 0.000000 0.010000 0.039329
v 0.263144 0.010000 -0.000000
v 0.000000 0.010000 0.119562
v 0.000000 0.010000 0.039329
v 0.263144 0.010000 0.039329
v 0.263144 0.010000 0.119562
v 0.000000 0.010000 0.119562
v 0.263144 0.010000 0.039329
v 0.263144 0.010000 0.119562
v 0.263144 0.010000 0.039329
v 0.314910 0.010000 0.081277
v 0.314910 0.010000 0.091216
v 0.263144 0.010000 0.119562
v 0.314910 0.010000 0.081277
v 0.314910 0.010000 0.091216
v 0.263144 0.010000 0.140487
v 0.263144 0.010000 0.119562
v 0.367763 0.010000 0.140487
v 0.263144 0.010000 0.140487
v 0.314910 0.010000 0.091216
v 0.377488 0.010000 0.091216
v 0.367763 0.010000 0.140487
v 0.314910 0.010000 0.091216
v 0.367763 0.010000 0.140487
v 0.377488 0.010000 0.091216
v 0.479701 0.010000 0.140487
v 0.377488 0.010000 0.091216
v 0.482942 0.010000 0.124064
v 0.479701 0.010000 0.140487
v 0.482942 0.010000 0.062734
v 0.482942 0.010000 0.124064
v 0.377488 0.010000 0.091216
v 0.377488 0.010000 0.062734
v 0.482942 0.010000 0.062734
v 0.377488 0.010000 0.091216
v 0.367763 0.010000 0.081277
v 0.314910 0.010000 0.081277
v 0.367763 0.010000 0.039329
v 0.314910 0.010000 0.081277
v 0.263144 0.010000 0.039329
v 0.367763 0.010000 0.039329
v 0.263144 0.010000 0.039329
v 0.263144 0.010000 -0.000000
v 0.367763 0.010000 0.039329
v 0.263144 0.010000 -0.000000
v 0.367763 0.010000 -0.000000
v 0.367763 0.010000 0.039329
v -0.263144 0.010000 -0.119562
v 0.000000 0.010000 -0.119562
v -0.263144 0.010000 -0.039329
v 0.000000 0.010000 -0.119562
v 0.000000 0.010000 -0.039329
v -0.263144 0.010000 -0.039329
v 0.000000 0.010000 -0.039329
v 0.000000 0.010000 -0.119562
v 0.263144 0.010000 -0.039329
v 0.000000 0.010000 -0.039329
v 0.263144 0.010000 -0.039329
v 0.263144 0.010000 -0.000000
v 0.263144 0.010000 -0.000000
v 0.263144 0.010000 -0.039329
v 0.367763 0.010000 -0.039329
v 0.367763 0.010000 -0.000000
v 0.263144 0.010000 -0.000000
v 0.367763 0.010000 -0.039329
v 0.622693 0.010000 -0.000000
v 0.367763 0.010000 -0.000000
v 0.367763 0.010000 -0.039329
v 0.367763 0.010000 -0.000000
v 0.622693 0.010000 -0.000000
v 0.367763 0.010000 0.039329
v 0.622693 0.010000 -0.000000
v 0.622693 0.010000 0.039329
v 0.367763 0.010000 0.039329
v 0.622693 0.010000 -0.039329
v 0.622693 0.010000 -0.000000
v 0.367763 0.010000 -0.039329
v 0.000000 0.010000 -0.119562
v 0.263144 0.010000 -0.119562
v 0.263144 0.010000 -0.039329
v 0.263144 0.010000 -0.039329
v 0.263144 0.010000 -0.119562
v 0.314910 0.010000 -0.081277
v 0.263144 0.010000 -0.039329
v 0.314910 0.010000 -0.081277
v 0.367763 0.010000 -0.039329
v 0.314910 0.010000 -0.081277
v 0.367763 0.010000 -0.081277
v 0.367763 0.010000 -0.039329
v -0.377488 0.010000 -0.091216
v -0.367763 0.010000 -0.140487
v -0.314910 0.010000 -0.091216
v -0.367763 0.010000 -0.140487
v -0.263144 0.010000 -0.140487
v -0.314910 0.010000 -0.091216
v -0.314910 0.010000 -0.091216
v -0.263144 0.010000 -0.140487
v -0.263144 0.010000 -0.119562
v -0.314910 0.010000 -0.091216
v -0.263144 0.010000 -0.119562
v -0.314910 0.010000 -0.081277
v -0.263144 0.010000 -0.119562
v -0.263144 0.010000 -0.039329
v -0.314910 0.010000 -0.081277
v -0.314910 0.010000 -0.081277
v -0.263144 0.010000 -0.039329
v -0.367763 0.010000 -0.039329
v -0.263144 0.010000 -0.039329
v -0.263144 0.010000 -0.000000
v -0.367763 0.010000 -0.039329
v -0.263144 0.010000 -0.000000
v -0.367763 0.010000 -0.000000
v -0.367763 0.010000 -0.039329
v -0.367763 0.010000 -0.000000
v -0.263144 0.010000 -0.000000
v -0.367763 0.010000 0.039329
v -0.623343 0.010000 -0.000000
v -0.367763 0.010000 -0.000000
v -0.367763 0.010000 0.039329
v -0.623343 0.010000 0.039329
v -0.623343 0.010000 -0.000000
v -0.367763 0.010000 0.039329
v -0.367763 0.010000 -0.000000
v -0.623343 0.010000 -0.000000
v -0.367763 0.010000 -0.039329
v -0.623343 0.010000 -0.000000
v -0.623343 0.010000 -0.039329
v -0.367763 0.010000 -0.039329
v -0.367763 0.010000 -0.081277
v -0.314910 0.010000 -0.081277
v -0.367763 0.010000 -0.039329
v 0.263144 0.010000 -0.119562
v 0.314910 0.010000 -0.091216
v 0.314910 0.010000 -0.081277
v 0.263144 0.010000 -0.140487
v 0.314910 0.010000 -0.091216
v 0.263144 0.010000 -0.119562
v 0.263144 0.010000 -0.140487
v 0.367763 0.010000 -0.140487
v 0.314910 0.010000 -0.091216
v 0.367763 0.010000 -0.140487
v 0.377488 0.010000 -0.091216
v 0.314910 0.010000 -0.091216
v 0.367763 0.010000 -0.140487
v 0.479701 0.010000 -0.140487
v 0.377488 0.010000 -0.091216
v 0.479701 0.010000 -0.140487
v 0.482942 0.010000 -0.124064
v 0.377488 0.010000 -0.091216
v 0.482942 0.010000 -0.124064
v 0.482942 0.010000 -0.062734
v 0.377488 0.010000 -0.091216
v 0.482942 0.010000 -0.062734
v 0.377488 0.010000 -0.062734
v 0.377488 0.010000 -0.091216
v 0.536404 0.672693 0.091216
v 0.536404 0.672693 0.062734
v 0.555599 0.619046 0.062734
v 0.555599 0.619046 0.091216
v 0.536404 0.672693 0.091216
v 0.555599 0.619046 0.062734
v 0.555599 0.619046 0.091216
v 0.555599 0.619046 0.062734
v 0.569443 0.563777 0.091216
v 0.555599 0.619046 0.062734
v 0.569443 0.563777 0.062734
v 0.569443 0.563777 0.091216
v 0.569443 0.563777 0.091216
v 0.569443 0.563777 0.062734
v 0.577804 0.507416 0.091216
v 0.569443 0.563777 0.062734
v 0.577804 0.507416 0.062734
v 0.577804 0.507416 0.091216
v 0.577804 0.507416 0.091216
v 0.577804 0.507416 0.062734
v 0.580599 0.450507 0.091216
v 0.577804 0.507416 0.062734
v 0.580599 0.450507 0.062734
v 0.580599 0.450507 0.091216
v 0.580599 0.450507 0.091216
v 0.580599 0.450507 0.062734
v 0.577803 0.393599 0.091216
v 0.580599 0.450507 0.062734
v 0.577803 0.393599 0.062734
v 0.577803 0.393599 0.091216
v 0.577803 0.393599 0.091216
v 0.577803 0.393599 0.062734
v 0.569443 0.337238 0.091216
v 0.577803 0.393599 0.062734
v 0.569443 0.337238 0.062734
v 0.569443 0.337238 0.091216
v 0.569443 0.337238 0.091216
v 0.569443 0.337238 0.062734
v 0.555599 0.281969 0.091216
v 0.569443 0.337238 0.062734
v 0.555599 0.281969 0.062734
v 0.555599 0.281969 0.091216
v 0.555599 0.281969 0.091216
v 0.555599 0.281969 0.062734
v 0.536404 0.228322 0.091216
v 0.555599 0.281969 0.062734
v 0.536404 0.228322 0.062734
v 0.536404 0.228322 0.091216
v 0.536404 0.228322 0.091216
v 0.536404 0.228322 0.062734
v 0.512043 0.176815 0.091216
v 0.536404 0.228322 0.062734
v 0.512043 0.176815 0.062734
v 0.512043 0.176815 0.091216
v 0.512043 0.176815 0.091216
v 0.512043 0.176815 0.062734
v 0.482751 0.127944 0.091216
v 0.512043 0.176815 0.062734
v 0.482751 0.127944 0.062734
v 0.482751 0.127944 0.091216
v 0.482751 0.127944 0.091216
v 0.482751 0.127944 0.062734
v 0.448809 0.082179 0.062734
v 0.448809 0.082179 0.091216
v 0.482751 0.127944 0.091216
v 0.448809 0.082179 0.062734
v 0.448809 0.082179 0.091216
v 0.448809 0.082179 0.062734
v 0.410546 0.039962 0.091216
v 0.448809 0.082179 0.062734
v 0.410546 0.039962 0.062734
v 0.410546 0.039962 0.091216
v 0.377488 0.010000 0.091216
v 0.410546 0.039962 0.091216
v 0.410546 0.039962 0.062734
v 0.377488 0.010000 0.062734
v 0.377488 0.010000 0.091216
v 0.410546 0.039962 0.062734
v -0.309811 0.024357 -0.092935
v -0.370266 0.024357 -0.092935
v -0.370266 0.031857 -0.092935
v -0.309811 0.031857 -0.092935
v -0.309811 0.024357 -0.092935
v -0.370266 0.031857 -0.092935
v -0.308046 0.024357 -0.092462
v -0.309811 0.024357 -0.092935
v -0.309811 0.031857 -0.092935
v -0.308046 0.031857 -0.092462
v -0.308046 0.024357 -0.092462
v -0.309811 0.031857 -0.092935
v -0.306754 0.024357 -0.091170
v -0.308046 0.024357 -0.092462
v -0.308046 0.031857 -0.092462
v -0.306754 0.031857 -0.091170
v -0.306754 0.024357 -0.091170
v -0.308046 0.031857 -0.092462
v -0.306281 0.024357 -0.089405
v -0.306754 0.024357 -0.091170
v -0.306754 0.031857 -0.091170
v -0.306281 0.031857 -0.089405
v -0.306281 0.024357 -0.089405
v -0.306754 0.031857 -0.091170
v -0.306281 0.024357 -0.082006
v -0.306281 0.024357 -0.089405
v -0.306281 0.031857 -0.089405
v -0.306281 0.031857 -0.082006
v -0.306281 0.024357 -0.082006
v -0.306281 0.031857 -0.089405
v -0.306281 0.031857 -0.082006
v -0.306754 0.031857 -0.080241
v -0.306281 0.024357 -0.082006
v -0.306754 0.031857 -0.080241
v -0.306754 0.024357 -0.080241
v -0.306281 0.024357 -0.082006
v -0.308046 0.024357 -0.078950
v -0.306754 0.024357 -0.080241
v -0.306754 0.031857 -0.080241
v -0.308046 0.031857 -0.078949
v -0.308046 0.024357 -0.078950
v -0.306754 0.031857 -0.080241
v -0.309811 0.024357 -0.078477
v -0.308046 0.024357 -0.078950
v -0.308046 0.031857 -0.078949
v -0.309811 0.031857 -0.078476
v -0.309811 0.024357 -0.078477
v -0.308046 0.031857 -0.078949
v -0.309811 0.031857 -0.078476
v -0.366736 0.031857 -0.078476
v -0.309811 0.024357 -0.078477
v -0.366736 0.031857 -0.078476
v -0.366736 0.024357 -0.078476
v -0.309811 0.024357 -0.078477
v 0.478057 0.194981 0.091216
v 0.512043 0.176815 0.091216
v 0.482751 0.127944 0.091216
v 0.450709 0.149353 0.091216
v 0.478057 0.194981 0.091216
v 0.482751 0.127944 0.091216
v 0.450709 0.149353 0.091216
v 0.482751 0.127944 0.091216
v 0.448809 0.082179 0.091216
v 0.419021 0.106626 0.091216
v 0.450709 0.149353 0.091216
v 0.448809 0.082179 0.091216
v 0.419021 0.106626 0.091216
v 0.448809 0.082179 0.091216
v 0.410546 0.039962 0.091216
v 0.383297 0.067211 0.091216
v 0.419021 0.106626 0.091216
v 0.410546 0.039962 0.091216
v 0.383297 0.067211 0.091216
v 0.410546 0.039962 0.091216
v 0.377488 0.010000 0.091216
v 0.343881 0.031487 0.091216
v 0.383297 0.067211 0.091216
v 0.377488 0.010000 0.091216
v 0.314910 0.010000 0.091216
v 0.343881 0.031487 0.091216
v 0.377488 0.010000 0.091216
v 0.500801 0.657946 0.091216
v 0.536404 0.672693 0.091216
v 0.518722 0.607860 0.091216
v 0.536404 0.672693 0.091216
v 0.555599 0.619046 0.091216
v 0.518722 0.607860 0.091216
v 0.518722 0.607860 0.091216
v 0.555599 0.619046 0.091216
v 0.531648 0.556259 0.091216
v 0.555599 0.619046 0.091216
v 0.569443 0.563777 0.091216
v 0.531648 0.556259 0.091216
v 0.531648 0.556259 0.091216
v 0.569443 0.563777 0.091216
v 0.577804 0.507416 0.091216
v 0.539453 0.503639 0.091216
v 0.531648 0.556259 0.091216
v 0.577804 0.507416 0.091216
v 0.539453 0.503639 0.091216
v 0.577804 0.507416 0.091216
v 0.580599 0.450507 0.091216
v 0.542063 0.450507 0.091216
v 0.539453 0.503639 0.091216
v 0.580599 0.450507 0.091216
v 0.542063 0.450507 0.091216
v 0.580599 0.450507 0.091216
v 0.577803 0.393599 0.091216
v 0.539453 0.397376 0.091216
v 0.542063 0.450507 0.091216
v 0.577803 0.393599 0.091216
v 0.539453 0.397376 0.091216
v 0.577803 0.393599 0.091216
v 0.531648 0.344756 0.091216
v 0.577803 0.393599 0.091216
v 0.569443 0.337238 0.091216
v 0.531648 0.344756 0.091216
v 0.531648 0.344756 0.091216
v 0.569443 0.337238 0.091216
v 0.555599 0.281969 0.091216
v 0.518722 0.293155 0.091216
v 0.531648 0.344756 0.091216
v 0.555599 0.281969 0.091216
v 0.518722 0.293155 0.091216
v 0.555599 0.281969 0.091216
v 0.500801 0.243069 0.091216
v 0.555599 0.281969 0.091216
v 0.536404 0.228322 0.091216
v 0.500801 0.243069 0.091216
v 0.500801 0.243069 0.091216
v 0.536404 0.228322 0.091216
v 0.478057 0.194981 0.091216
v 0.536404 0.228322 0.091216
v 0.512043 0.176815 0.091216
v 0.478057 0.194981 0.091216
v -0.367778 0.016010 -0.039526
v -0.366736 0.016010 -0.043414
v -0.366736 0.024357 -0.043414
v -0.549717 0.031857 -0.035639
v -0.549717 0.016010 -0.035639
v -0.374512 0.031857 -0.035639
v -0.549717 0.016010 -0.035639
v -0.374512 0.016010 -0.035639
v -0.374512 0.031857 -0.035639
v -0.374512 0.016010 -0.035639
v -0.370624 0.016010 -0.036680
v -0.374512 0.031857 -0.035639
v -0.370624 0.016010 -0.036680
v -0.370624 0.031857 -0.036681
v -0.374512 0.031857 -0.035639
v -0.370624 0.016010 -0.036680
v -0.367778 0.016010 -0.039526
v -0.370624 0.031857 -0.036681
v -0.367778 0.016010 -0.039526
v -0.367778 0.031857 -0.039527
v -0.370624 0.031857 -0.036681
v -0.367778 0.031857 -0.039527
v -0.367778 0.016010 -0.039526
v -0.366736 0.024357 -0.043414
v -0.367778 0.031857 -0.039527
v -0.366736 0.024357 -0.043414
v -0.366736 0.031857 -0.043414
v -0.366736 0.031857 -0.043414
v -0.366736 0.024357 -0.043414
v -0.366736 0.024357 -0.078476
v -0.366736 0.031857 -0.078476
v -0.366736 0.031857 -0.043414
v -0.366736 0.024357 -0.078476
v -0.002271 0.031857 -0.092935
v -0.002271 0.024357 -0.092935
v -0.148690 0.031857 -0.092935
v -0.002271 0.024357 -0.092935
v -0.148690 0.024357 -0.092935
v -0.148690 0.031857 -0.092935
v -0.148690 0.031857 -0.092935
v -0.148690 0.024357 -0.092935
v -0.150455 0.031857 -0.092462
v -0.148690 0.024357 -0.092935
v -0.150455 0.024357 -0.092462
v -0.150455 0.031857 -0.092462
v -0.150455 0.031857 -0.092462
v -0.150455 0.024357 -0.092462
v -0.151747 0.024357 -0.091170
v -0.151747 0.031857 -0.091170
v -0.150455 0.031857 -0.092462
v -0.151747 0.024357 -0.091170
v -0.151747 0.031857 -0.091170
v -0.151747 0.024357 -0.091170
v -0.152220 0.024357 -0.089405
v -0.152220 0.031857 -0.089405
v -0.151747 0.031857 -0.091170
v -0.152220 0.024357 -0.089405
v -0.152220 0.031857 -0.089405
v -0.152220 0.024357 -0.089405
v -0.152220 0.031857 -0.082006
v -0.152220 0.024357 -0.089405
v -0.152220 0.024357 -0.082006
v -0.152220 0.031857 -0.082006
v -0.152220 0.031857 -0.082006
v -0.152220 0.024357 -0.082006
v -0.151747 0.024357 -0.080241
v -0.151747 0.031857 -0.080241
v -0.152220 0.031857 -0.082006
v -0.151747 0.024357 -0.080241
v -0.151747 0.031857 -0.080241
v -0.151747 0.024357 -0.080241
v -0.150455 0.024357 -0.078949
v -0.150455 0.031857 -0.078949
v -0.151747 0.031857 -0.080241
v -0.150455 0.024357 -0.078949
v -0.150455 0.031857 -0.078949
v -0.150455 0.024357 -0.078949
v -0.148690 0.031857 -0.078476
v -0.150455 0.024357 -0.078949
v -0.148690 0.024357 -0.078476
v -0.148690 0.031857 -0.078476
v -0.148690 0.031857 -0.078476
v -0.148690 0.024357 -0.078476
v -0.002271 0.024357 -0.078476
v -0.002271 0.031857 -0.078476
v -0.148690 0.031857 -0.078476
v -0.002271 0.024357 -0.078476
v -0.259539 0.000000 0.124996
v -0.259539 0.019193 0.124996
v -0.259539 0.000000 0.143262
v -0.259539 0.019193 0.124996
v -0.259539 0.019193 0.143262
v -0.259539 0.000000 0.143262
v -0.259539 0.019193 0.143262
v -0.259539 0.019193 0.124996
v -0.465283 0.019193 0.143262
v -0.465283 0.019193 0.143262
v -0.259539 0.019193 0.124996
v -0.465283 0.019193 0.106731
v -0.259539 0.019193 0.124996
v -0.259539 0.019193 0.106731
v -0.465283 0.019193 0.106731
v -0.259539 0.019193 0.106731
v -0.259539 0.019193 0.124996
v 0.000000 0.019193 0.106731
v -0.259539 0.019193 0.124996
v 0.000000 0.019193 0.124996
v 0.000000 0.019193 0.106731
v 0.000000 0.019193 0.124996
v 0.259539 0.019193 0.124996
v 0.000000 0.019193 0.106731
v 0.259539 0.019193 0.124996
v 0.259539 0.019193 0.106731
v 0.000000 0.019193 0.106731
v 0.259539 0.019193 0.106731
v 0.259539 0.019193 0.124996
v 0.465283 0.019193 0.106731
v 0.259539 0.019193 0.124996
v 0.465283 0.019193 0.143262
v 0.465283 0.019193 0.106731
v 0.259539 0.019193 0.124996
v 0.259539 0.019193 0.143262
v 0.465283 0.019193 0.143262
v -0.423073 0.035399 -0.090290
v -0.415108 0.027434 -0.090290
v -0.417264 0.041208 -0.090290
v -0.415108 0.027434 -0.090290
v -0.409299 0.033243 -0.090290
v -0.417264 0.041208 -0.090290
v -0.409299 0.033243 -0.090290
v -0.405163 0.034358 -0.090290
v -0.417264 0.041208 -0.090290
v -0.405163 0.034358 -0.090290
v -0.416139 0.045354 -0.090290
v -0.417264 0.041208 -0.090290
v -0.263144 0.000000 0.119562
v -0.263143 0.000000 0.140487
v -0.263144 0.010000 0.119562
v -0.263143 0.000000 0.140487
v -0.263144 0.010000 0.140487
v -0.263144 0.010000 0.119562
v -0.263143 0.000000 0.140487
v -0.367763 0.000000 0.140487
v -0.263144 0.010000 0.140487
v -0.367763 0.000000 0.140487
v -0.367763 0.010000 0.140487
v -0.263144 0.010000 0.140487
v 0.000000 0.021330 -0.039116
v 0.188536 0.021330 -0.000000
v 0.188536 0.021330 -0.039116
v 0.188536 0.021330 -0.039116
v 0.188536 0.021330 -0.000000
v 0.381376 0.021330 -0.039116
v 0.381376 0.021330 -0.039116
v 0.188536 0.021330 -0.000000
v 0.381376 0.021330 -0.000000
v 0.381376 0.021330 -0.000000
v 0.574216 0.021330 -0.000000
v 0.381376 0.021330 -0.039116
v 0.381376 0.021330 -0.000000
v 0.574216 0.021330 0.039116
v 0.574216 0.021330 -0.000000
v 0.381376 0.021330 0.039116
v 0.574216 0.021330 0.039116
v 0.381376 0.021330 -0.000000
v 0.381376 0.021330 -0.000000
v 0.188536 0.021330 0.039116
v 0.381376 0.021330 0.039116
v 0.188536 0.021330 -0.000000
v 0.188536 0.021330 0.039116
v 0.381376 0.021330 -0.000000
v 0.000000 0.021330 0.000000
v 0.188536 0.021330 0.039116
v 0.188536 0.021330 -0.000000
v 0.000000 0.021330 0.000000
v 0.188536 0.021330 -0.000000
v 0.000000 0.021330 -0.039116
v 0.381376 0.021330 -0.039116
v 0.574216 0.021330 -0.000000
v 0.574216 0.021330 -0.039116
v 0.000000 0.021330 0.039116
v 0.188536 0.021330 0.039116
v 0.000000 0.021330 0.000000
v -0.448472 0.010000 -0.042493
v -0.448472 0.010000 -0.073300
v -0.423073 0.035399 -0.042493
v -0.448472 0.010000 -0.073300
v -0.423073 0.035399 -0.090290
v -0.423073 0.035399 -0.042493
v -0.417264 0.041208 -0.042493
v -0.423073 0.035399 -0.042493
v -0.423073 0.035399 -0.090290
v -0.417264 0.041208 -0.090290
v -0.417264 0.041208 -0.042493
v -0.423073 0.035399 -0.090290
v 0.416139 0.045354 -0.090290
v 0.405163 0.034358 -0.090290
v 0.417264 0.041208 -0.090290
v 0.405163 0.034358 -0.090290
v 0.409299 0.033243 -0.090290
v 0.417264 0.041208 -0.090290
v 0.417264 0.041208 -0.090290
v 0.409299 0.033243 -0.090290
v 0.415108 0.027434 -0.090290
v 0.423073 0.035399 -0.090290
v 0.417264 0.041208 -0.090290
v 0.415108 0.027434 -0.090290
v 0.574216 0.450507 -0.000000
v 0.574216 0.450507 -0.039116
v 0.574216 0.235918 -0.000000
v 0.574216 0.235918 -0.000000
v 0.574216 0.450507 -0.039116
v 0.574216 0.235918 -0.039116
v 0.574216 0.235918 -0.000000
v 0.574216 0.235918 -0.039116
v 0.574216 0.021330 -0.000000
v 0.574216 0.021330 -0.000000
v 0.574216 0.235918 -0.039116
v 0.574216 0.021330 -0.039116
v 0.574216 0.450507 -0.000000
v 0.574216 0.743361 -0.039116
v 0.574216 0.450507 -0.039116
v 0.574216 0.743361 -0.000000
v 0.574216 0.743361 -0.039116
v 0.574216 0.450507 -0.000000
v 0.574216 0.743361 -0.000000
v 0.574216 1.036216 -0.039116
v 0.574216 0.743361 -0.039116
v 0.574216 1.036215 -0.000000
v 0.574216 1.036216 -0.039116
v 0.574216 0.743361 -0.000000
v 0.574216 0.743361 -0.000000
v 0.574216 1.036216 0.039116
v 0.574216 1.036215 -0.000000
v 0.574216 0.743361 0.039116
v 0.574216 1.036216 0.039116
v 0.574216 0.743361 -0.000000
v 0.574216 0.450507 -0.000000
v 0.574216 0.743361 0.039116
v 0.574216 0.743361 -0.000000
v 0.574216 0.450507 0.039116
v 0.574216 0.743361 0.039116
v 0.574216 0.450507 -0.000000
v 0.574216 0.235918 -0.000000
v 0.574216 0.450507 0.039116
v 0.574216 0.450507 -0.000000
v 0.574216 0.235918 0.039116
v 0.574216 0.450507 0.039116
v 0.574216 0.235918 -0.000000
v 0.574216 0.021330 -0.000000
v 0.574216 0.235918 0.039116
v 0.574216 0.235918 -0.000000
v 0.574216 0.021330 0.039116
v 0.574216 0.235918 0.039116
v 0.574216 0.021330 -0.000000
v 0.129330 0.403435 0.034960
v 0.135539 0.426608 -0.000000
v 0.135539 0.426608 0.034960
v 0.129330 0.403435 -0.000000
v 0.135539 0.426608 -0.000000
v 0.129330 0.403435 0.034960
v 0.119191 0.381692 0.034960
v 0.129330 0.403435 -0.000000
v 0.129330 0.403435 0.034960
v 0.119191 0.381692 -0.000000
v 0.129330 0.403435 -0.000000
v 0.119191 0.381692 0.034960
v 0.105431 0.362040 0.034960
v 0.119191 0.381692 -0.000000
v 0.119191 0.381692 0.034960
v 0.105431 0.362040 -0.000000
v 0.119191 0.381692 -0.000000
v 0.105431 0.362040 0.034960
v 0.088467 0.345076 0.034960
v 0.105431 0.362040 -0.000000
v 0.105431 0.362040 0.034960
v 0.088467 0.345076 -0.000000
v 0.105431 0.362040 -0.000000
v 0.088467 0.345076 0.034960
v 0.068815 0.331316 0.034960
v 0.088467 0.345076 -0.000000
v 0.088467 0.345076 0.034960
v 0.068815 0.331316 -0.000000
v 0.088467 0.345076 -0.000000
v 0.068815 0.331316 0.034960
v 0.047072 0.321177 0.034960
v 0.068815 0.331316 -0.000000
v 0.068815 0.331316 0.034960
v 0.047072 0.321177 -0.000000
v 0.068815 0.331316 -0.000000
v 0.047072 0.321177 0.034960
v 0.023899 0.314968 0.034960
v 0.047072 0.321177 -0.000000
v 0.047072 0.321177 0.034960
v 0.023899 0.314968 -0.000000
v 0.047072 0.321177 -0.000000
v 0.023899 0.314968 0.034960
v -0.000000 0.312877 0.034960
v 0.023899 0.314968 -0.000000
v 0.023899 0.314968 0.034960
v -0.000000 0.312877 -0.000000
v 0.023899 0.314968 -0.000000
v -0.000000 0.312877 0.034960
v -0.000000 0.312877 -0.034960
v 0.023899 0.314968 -0.000000
v -0.000000 0.312877 -0.000000
v 0.023899 0.314968 -0.034960
v 0.023899 0.314968 -0.000000
v -0.000000 0.312877 -0.034960
v 0.023899 0.314968 -0.034960
v 0.047072 0.321177 -0.000000
v 0.023899 0.314968 -0.000000
v 0.047072 0.321177 -0.034960
v 0.047072 0.321177 -0.000000
v 0.023899 0.314968 -0.034960
v 0.047072 0.321177 -0.034960
v 0.068815 0.331316 -0.000000
v 0.047072 0.321177 -0.000000
v 0.068815 0.331316 -0.034960
v 0.068815 0.331316 -0.000000
v 0.047072 0.321177 -0.034960
v 0.068815 0.331316 -0.034960
v 0.088467 0.345076 -0.000000
v 0.068815 0.331316 -0.000000
v 0.088467 0.345076 -0.034960
v 0.088467 0.345076 -0.000000
v 0.068815 0.331316 -0.034960
v 0.088467 0.345076 -0.034960
v 0.105431 0.362040 -0.000000
v 0.088467 0.345076 -0.000000
v 0.105431 0.362040 -0.034960
v 0.105431 0.362040 -0.000000
v 0.088467 0.345076 -0.034960
v 0.105431 0.362040 -0.034960
v 0.119191 0.381692 -0.000000
v 0.105431 0.362040 -0.000000
v 0.119191 0.381692 -0.034960
v 0.119191 0.381692 -0.000000
v 0.105431 0.362040 -0.034960
v 0.119191 0.381692 -0.034960
v 0.129330 0.403435 -0.000000
v 0.119191 0.381692 -0.000000
v 0.129330 0.403435 -0.034960
v 0.129330 0.403435 -0.000000
v 0.119191 0.381692 -0.034960
v 0.129330 0.403435 -0.034960
v 0.135539 0.426608 -0.000000
v 0.129330 0.403435 -0.000000
v 0.135539 0.426608 -0.034960
v 0.135539 0.426608 -0.000000
v 0.129330 0.403435 -0.034960
v 0.135539 0.426608 -0.034960
v 0.137630 0.450507 -0.000000
v 0.135539 0.426608 -0.000000
v 0.137630 0.450507 -0.034960
v 0.137630 0.450507 -0.000000
v 0.135539 0.426608 -0.034960
v 0.135539 0.474406 -0.034960
v 0.137630 0.450507 -0.000000
v 0.137630 0.450507 -0.034960
v 0.135539 0.474406 -0.000000
v 0.137630 0.450507 -0.000000
v 0.135539 0.474406 -0.034960
v 0.129330 0.497579 -0.034960
v 0.135539 0.474406 -0.000000
v 0.135539 0.474406 -0.034960
v 0.129330 0.497579 -0.000000
v 0.135539 0.474406 -0.000000
v 0.129330 0.497579 -0.034960
v 0.119191 0.519322 -0.034960
v 0.129330 0.497579 -0.000000
v 0.129330 0.497579 -0.034960
v 0.119191 0.519322 -0.000000
v 0.129330 0.497579 -0.000000
v 0.119191 0.519322 -0.034960
v 0.105431 0.538974 -0.034960
v 0.119191 0.519322 -0.000000
v 0.119191 0.519322 -0.034960
v 0.105431 0.538974 -0.000000
v 0.119191 0.519322 -0.000000
v 0.105431 0.538974 -0.034960
v 0.088467 0.555938 -0.034960
v 0.105431 0.538974 -0.000000
v 0.105431 0.538974 -0.034960
v 0.088467 0.555938 -0.000000
v 0.105431 0.538974 -0.000000
v 0.088467 0.555938 -0.034960
v 0.068815 0.569698 -0.034960
v 0.088467 0.555938 -0.000000
v 0.088467 0.555938 -0.034960
v 0.068815 0.569698 -0.000000
v 0.088467 0.555938 -0.000000
v 0.068815 0.569698 -0.034960
v 0.047072 0.579837 -0.034960
v 0.068815 0.569698 -0.000000
v 0.068815 0.569698 -0.034960
v 0.047072 0.579837 -0.000000
v 0.068815 0.569698 -0.000000
v 0.047072 0.579837 -0.034960
v 0.023899 0.586046 -0.034960
v 0.047072 0.579837 -0.000000
v 0.047072 0.579837 -0.034960
v 0.023899 0.586046 -0.000000
v 0.047072 0.579837 -0.000000
v 0.023899 0.586046 -0.034960
v 0.023899 0.586046 0.034960
v 0.047072 0.579837 0.034960
v 0.023899 0.586046 -0.000000
v 0.023899 0.586046 -0.000000
v 0.047072 0.579837 0.034960
v 0.047072 0.579837 -0.000000
v 0.047072 0.579837 0.034960
v 0.068815 0.569698 0.034960
v 0.047072 0.579837 -0.000000
v 0.047072 0.579837 -0.000000
v 0.068815 0.569698 0.034960
v 0.068815 0.569698 -0.000000
v 0.068815 0.569698 0.034960
v 0.088467 0.555938 0.034960
v 0.068815 0.569698 -0.000000
v 0.068815 0.569698 -0.000000
v 0.088467 0.555938 0.034960
v 0.088467 0.555938 -0.000000
v 0.088467 0.555938 0.034960
v 0.105431 0.538974 0.034960
v 0.088467 0.555938 -0.000000
v 0.088467 0.555938 -0.000000
v 0.105431 0.538974 0.034960
v 0.105431 0.538974 -0.000000
v 0.105431 0.538974 0.034960
v 0.119191 0.519322 0.034960
v 0.105431 0.538974 -0.000000
v 0.105431 0.538974 -0.000000
v 0.119191 0.519322 0.034960
v 0.119191 0.519322 -0.000000
v 0.119191 0.519322 0.034960
v 0.129330 0.497579 0.034960
v 0.119191 0.519322 -0.000000
v 0.119191 0.519322 -0.000000
v 0.129330 0.497579 0.034960
v 0.129330 0.497579 -0.000000
v 0.129330 0.497579 0.034960
v 0.135539 0.474406 0.034960
v 0.129330 0.497579 -0.000000
v 0.129330 0.497579 -0.000000
v 0.135539 0.474406 0.034960
v 0.135539 0.474406 -0.000000
v 0.135539 0.474406 0.034960
v 0.137630 0.450507 0.034960
v 0.135539 0.474406 -0.000000
v 0.135539 0.474406 -0.000000
v 0.137630 0.450507 0.034960
v 0.137630 0.450507 -0.000000
v 0.135539 0.426608 0.034960
v 0.137630 0.450507 -0.000000
v 0.137630 0.450507 0.034960
v 0.135539 0.426608 -0.000000
v 0.137630 0.450507 -0.000000
v 0.135539 0.426608 0.034960
v 0.023899 0.586046 -0.034960
v 0.000000 0.588137 -0.034960
v 0.023899 0.586046 -0.000000
v 0.023899 0.586046 -0.000000
v 0.000000 0.588137 -0.034960
v 0.000000 0.588137 -0.000000
v 0.023899 0.586046 -0.000000
v 0.000000 0.588137 -0.000000
v 0.023899 0.586046 0.034960
v 0.023899 0.586046 0.034960
v 0.000000 0.588137 -0.000000
v 0.000000 0.588137 0.034960
v 0.549724 0.228900 -0.062734
v 0.549724 0.228900 -0.090290
v 0.631933 0.194848 -0.062734
v 0.549724 0.228900 -0.062734
v 0.542134 0.232044 -0.062734
v 0.549724 0.228900 -0.090290
v 0.542134 0.232044 -0.062734
v 0.542134 0.232044 -0.090290
v 0.549724 0.228900 -0.090290
v 0.055714 0.093892 0.000000
v 0.055714 0.090892 0.026550
v 0.055714 0.075454 0.000000
v 0.055714 0.075454 0.000000
v 0.055714 0.090892 0.026550
v 0.055714 0.078454 0.026550
v 0.055714 0.075454 0.000000
v 0.055714 0.078454 0.026550
v 0.055714 0.028330 0.000000
v 0.055714 0.028330 0.000000
v 0.055714 0.078454 0.026550
v 0.055714 0.078454 0.034244
v 0.055714 0.028330 0.000000
v 0.055714 0.078454 0.034244
v 0.055714 0.028330 0.034244
v 0.055714 0.125780 0.000000
v 0.055714 0.128780 0.026550
v 0.055714 0.093892 0.000000
v 0.055714 0.093892 0.000000
v 0.055714 0.128780 0.026550
v 0.055714 0.090892 0.026550
v 0.055714 0.128780 0.026550
v 0.055714 0.090892 0.034244
v 0.055714 0.090892 0.026550
v 0.055714 0.128780 0.034244
v 0.055714 0.090892 0.034244
v 0.055714 0.128780 0.026550
v 0.055714 0.078454 -0.034244
v 0.055714 0.028330 0.000000
v 0.055714 0.028330 -0.034244
v 0.055714 0.078454 -0.026550
v 0.055714 0.028330 0.000000
v 0.055714 0.078454 -0.034244
v 0.055714 0.078454 -0.026550
v 0.055714 0.075454 0.000000
v 0.055714 0.028330 0.000000
v 0.055714 0.090892 -0.026550
v 0.055714 0.075454 0.000000
v 0.055714 0.078454 -0.026550
v 0.055714 0.093892 0.000000
v 0.055714 0.075454 0.000000
v 0.055714 0.090892 -0.026550
v 0.055714 0.128780 -0.026550
v 0.055714 0.093892 0.000000
v 0.055714 0.090892 -0.026550
v 0.055714 0.125780 0.000000
v 0.055714 0.093892 0.000000
v 0.055714 0.128780 -0.026550
v 0.055714 0.128780 -0.026550
v 0.055714 0.144218 0.000000
v 0.055714 0.125780 0.000000
v 0.055714 0.144218 0.000000
v 0.055714 0.128780 0.026550
v 0.055714 0.125780 0.000000
v 0.055714 0.141218 0.026550
v 0.055714 0.128780 0.026550
v 0.055714 0.144218 0.000000
v 0.055714 0.305802 -0.000000
v 0.055714 0.141218 0.026550
v 0.055714 0.144218 0.000000
v 0.055714 0.305802 0.034244
v 0.055714 0.141218 0.026550
v 0.055714 0.305802 -0.000000
v 0.055714 0.305802 0.034244
v 0.055714 0.141218 0.034244
v 0.055714 0.141218 0.026550
v 0.055714 0.090892 -0.034244
v 0.055714 0.128780 -0.026550
v 0.055714 0.090892 -0.026550
v 0.055714 0.128780 -0.034244
v 0.055714 0.128780 -0.026550
v 0.055714 0.090892 -0.034244
v 0.055714 0.141218 -0.026550
v 0.055714 0.144218 0.000000
v 0.055714 0.128780 -0.026550
v 0.055714 0.141218 -0.026550
v 0.055714 0.305802 -0.000000
v 0.055714 0.144218 0.000000
v 0.055714 0.305802 -0.034244
v 0.055714 0.305802 -0.000000
v 0.055714 0.141218 -0.026550
v 0.055714 0.141218 -0.034244
v 0.055714 0.305802 -0.034244
v 0.055714 0.141218 -0.026550
v 0.055714 0.028330 -0.034244
v 0.055714 0.028330 0.000000
v 0.000000 0.028330 -0.034244
v 0.000000 0.028330 -0.034244
v 0.055714 0.028330 0.000000
v 0.000000 0.028330 0.000000
v 0.055714 0.028330 0.000000
v 0.000000 0.028330 0.034244
v 0.000000 0.028330 0.000000
v 0.055714 0.028330 0.034244
v 0.000000 0.028330 0.034244
v 0.055714 0.028330 0.000000
v 0.539508 0.235444 -0.090290
v 0.533575 0.221085 -0.090290
v 0.542134 0.232044 -0.090290
v 0.533575 0.221085 -0.090290
v 0.537823 0.221638 -0.090290
v 0.542134 0.232044 -0.090290
v 0.542134 0.232044 -0.090290
v 0.537823 0.221638 -0.090290
v 0.549724 0.228900 -0.090290
v 0.537823 0.221638 -0.090290
v 0.545413 0.218494 -0.090290
v 0.549724 0.228900 -0.090290
v 0.000000 0.141218 0.026550
v 0.000000 0.141218 0.034244
v 0.000000 0.136591 0.026550
v 0.000000 0.136591 0.026550
v 0.000000 0.141218 0.034244
v -0.000000 0.136591 0.039116
v 0.000000 0.141218 0.034244
v -0.000000 0.306906 0.039116
v -0.000000 0.136591 0.039116
v 0.000000 0.141218 0.034244
v 0.000000 0.308633 0.036193
v -0.000000 0.306906 0.039116
v 0.000000 0.141218 0.034244
v 0.000000 0.305802 0.034244
v 0.000000 0.308633 0.036193
v 0.000000 0.305802 -0.000000
v 0.000000 0.308633 0.036193
v 0.000000 0.305802 0.034244
v 0.000000 0.308633 0.036193
v 0.000000 0.305802 -0.000000
v -0.000000 0.312877 0.034960
v -0.000000 0.312877 0.034960
v 0.000000 0.305802 -0.000000
v -0.000000 0.312877 -0.000000
v 0.000000 0.305802 -0.034244
v -0.000000 0.312877 -0.000000
v 0.000000 0.305802 -0.000000
v 0.000000 0.308633 -0.036193
v -0.000000 0.312877 -0.000000
v 0.000000 0.305802 -0.034244
v 0.000000 0.308633 -0.036193
v 0.000000 0.305802 -0.034244
v 0.000000 0.141218 -0.034244
v 0.000000 0.308633 -0.036193
v 0.000000 0.141218 -0.034244
v -0.000000 0.306906 -0.039116
v -0.000000 0.306906 -0.039116
v 0.000000 0.141218 -0.034244
v -0.000000 0.136591 -0.039116
v 0.000000 0.141218 -0.034244
v 0.000000 0.141218 -0.026550
v -0.000000 0.136591 -0.039116
v -0.000000 0.312877 -0.000000
v 0.000000 0.308633 -0.036193
v -0.000000 0.312877 -0.034960
v 0.000000 0.128780 0.026550
v 0.000000 0.136591 0.026550
v 0.000000 0.128780 0.034244
v 0.000000 0.128780 0.034244
v 0.000000 0.136591 0.026550
v -0.000000 0.136591 0.039116
v 0.000000 0.128780 0.034244
v -0.000000 0.136591 0.039116
v 0.000000 0.090892 0.034244
v 0.000000 0.090892 0.034244
v -0.000000 0.136591 0.039116
v 0.000000 0.082733 0.039116
v 0.000000 0.082733 0.039116
v 0.000000 0.078454 0.034244
v 0.000000 0.090892 0.034244
v 0.000000 0.078454 0.034244
v 0.000000 0.082733 0.039116
v 0.000000 0.021330 0.039116
v 0.000000 0.078454 0.034244
v 0.000000 0.021330 0.039116
v 0.000000 0.028330 0.034244
v 0.000000 0.021330 0.000000
v 0.000000 0.028330 0.034244
v 0.000000 0.021330 0.039116
v 0.000000 0.028330 0.000000
v 0.000000 0.028330 0.034244
v 0.000000 0.021330 0.000000
v 0.000000 0.028330 0.000000
v 0.000000 0.021330 0.000000
v 0.000000 0.028330 -0.034244
v 0.000000 0.028330 -0.034244
v 0.000000 0.021330 0.000000
v 0.000000 0.021330 -0.039116
v 0.000000 0.021330 -0.039116
v 0.000000 0.078454 -0.034244
v 0.000000 0.028330 -0.034244
v 0.000000 0.078454 -0.034244
v 0.000000 0.021330 -0.039116
v 0.000000 0.082734 -0.039116
v 0.000000 0.082734 -0.039116
v 0.000000 0.090892 -0.034244
v 0.000000 0.078454 -0.034244
v -0.000000 0.136591 -0.039116
v 0.000000 0.090892 -0.034244
v 0.000000 0.082734 -0.039116
v 0.000000 0.128780 -0.034244
v 0.000000 0.090892 -0.034244
v -0.000000 0.136591 -0.039116
v 0.000000 0.141218 -0.026550
v 0.000000 0.128780 -0.034244
v -0.000000 0.136591 -0.039116
v 0.000000 0.128780 -0.026550
v 0.000000 0.128780 -0.034244
v 0.000000 0.141218 -0.026550
v 0.000000 0.078454 -0.034244
v 0.000000 0.090892 -0.034244
v 0.000000 0.078454 -0.026550
v 0.000000 0.078454 -0.026550
v 0.000000 0.090892 -0.034244
v 0.000000 0.090892 -0.026550
v 0.000000 0.090892 0.026550
v 0.000000 0.090892 0.034244
v 0.000000 0.078454 0.026550
v 0.000000 0.090892 0.034244
v 0.000000 0.078454 0.034244
v 0.000000 0.078454 0.026550
v 0.545413 0.682521 -0.062734
v 0.545413 0.682521 -0.090290
v 0.627623 0.716573 -0.062734
v 0.545413 0.682521 -0.062734
v 0.537823 0.679377 -0.062734
v 0.545413 0.682521 -0.090290
v 0.537823 0.679377 -0.062734
v 0.537823 0.679377 -0.090290
v 0.545413 0.682521 -0.090290
v 0.259539 0.000000 0.143262
v 0.415508 0.000000 0.164886
v 0.415508 0.000000 0.143262
v 0.259539 0.000000 0.143262
v 0.000000 0.000000 0.164886
v 0.415508 0.000000 0.164886
v 0.259539 0.000000 0.143262
v 0.000000 0.000000 0.124996
v 0.000000 0.000000 0.164886
v 0.259539 0.000000 0.124996
v 0.000000 0.000000 0.124996
v 0.259539 0.000000 0.143262
v -0.415508 0.000000 0.143262
v -0.415508 0.000000 0.164886
v -0.259539 0.000000 0.143262
v -0.259539 0.000000 0.143262
v -0.415508 0.000000 0.164886
v 0.000000 0.000000 0.164886
v -0.259539 0.000000 0.143262
v 0.000000 0.000000 0.164886
v 0.000000 0.000000 0.124996
v -0.259539 0.000000 0.143262
v 0.000000 0.000000 0.124996
v -0.259539 0.000000 0.124996
v -0.414036 0.020726 0.184218
v 0.000000 0.020726 0.184218
v -0.414036 0.020726 0.164886
v 0.000000 0.020726 0.184218
v 0.000000 0.020726 0.164886
v -0.414036 0.020726 0.164886
v 0.000000 0.020726 0.164886
v 0.000000 0.020726 0.184218
v 0.414036 0.020726 0.164886
v 0.000000 0.020726 0.184218
v 0.414036 0.020726 0.184218
v 0.414036 0.020726 0.164886
v 0.417264 0.859807 -0.090290
v 0.417264 0.859807 -0.062734
v 0.423073 0.865616 -0.090290
v 0.417264 0.859807 -0.062734
v 0.423073 0.865616 -0.062734
v 0.423073 0.865616 -0.090290
v 0.423073 0.865616 -0.062734
v 0.485993 0.928536 -0.062734
v 0.423073 0.865616 -0.090290
v -0.413346 0.031857 0.106731
v 0.000000 0.031857 0.106731
v -0.413346 0.031857 0.184218
v 0.000000 0.031857 0.106731
v 0.000000 0.031857 0.184218
v -0.413346 0.031857 0.184218
v 0.000000 0.031857 0.184218
v 0.000000 0.031857 0.106731
v 0.413346 0.031857 0.184218
v 0.000000 0.031857 0.106731
v 0.413346 0.031857 0.106731
v 0.413346 0.031857 0.184218
v 0.405153 0.866647 -0.090290
v 0.416149 0.855671 -0.090290
v 0.409299 0.867771 -0.090290
v 0.416149 0.855671 -0.090290
v 0.417264 0.859807 -0.090290
v 0.409299 0.867771 -0.090290
v 0.409299 0.867771 -0.090290
v 0.417264 0.859807 -0.090290
v 0.415108 0.873580 -0.090290
v 0.417264 0.859807 -0.090290
v 0.423073 0.865616 -0.090290
v 0.415108 0.873580 -0.090290
v 0.414036 0.020726 -0.184218
v 0.000000 0.020726 -0.184218
v 0.414036 0.020726 -0.164886
v 0.000000 0.020726 -0.184218
v 0.000000 0.020726 -0.164886
v 0.414036 0.020726 -0.164886
v 0.000000 0.020726 -0.164886
v 0.000000 0.020726 -0.184218
v -0.414036 0.020726 -0.164886
v 0.000000 0.020726 -0.184218
v -0.414036 0.020726 -0.184218
v -0.414036 0.020726 -0.164886
v -0.415508 0.000000 -0.164886
v 0.000000 -0.000000 -0.164886
v -0.414036 0.020726 -0.164886
v 0.000000 -0.000000 -0.164886
v 0.000000 0.020726 -0.164886
v -0.414036 0.020726 -0.164886
v 0.414036 0.020726 -0.164886
v 0.000000 0.020726 -0.164886
v 0.000000 -0.000000 -0.164886
v 0.415508 0.000000 -0.164886
v 0.414036 0.020726 -0.164886
v 0.000000 -0.000000 -0.164886
v 0.228870 0.988331 -0.090290
v 0.228870 0.988331 -0.062734
v 0.232013 0.995920 -0.090290
v 0.228870 0.988331 -0.062734
v 0.232013 0.995920 -0.062734
v 0.232013 0.995920 -0.090290
v 0.232013 0.995920 -0.062734
v 0.266066 1.078130 -0.062734
v 0.232013 0.995920 -0.090290
v 0.413346 0.031857 -0.106731
v 0.000000 0.031857 -0.106731
v 0.413346 0.031857 -0.184218
v 0.000000 0.031857 -0.106731
v 0.000000 0.031857 -0.184218
v 0.413346 0.031857 -0.184218
v 0.000000 0.031857 -0.184218
v 0.000000 0.031857 -0.106731
v -0.413346 0.031857 -0.184218
v 0.000000 0.031857 -0.106731
v -0.413346 0.031857 -0.106731
v -0.413346 0.031857 -0.184218
v -0.414036 0.020726 -0.184218
v 0.000000 0.020726 -0.184218
v -0.413346 0.031857 -0.184218
v 0.000000 0.020726 -0.184218
v 0.000000 0.031857 -0.184218
v -0.413346 0.031857 -0.184218
v 0.413346 0.031857 -0.184218
v 0.000000 0.031857 -0.184218
v 0.000000 0.020726 -0.184218
v 0.414036 0.020726 -0.184218
v 0.413346 0.031857 -0.184218
v 0.000000 0.020726 -0.184218
v 0.221607 1.000231 -0.062734
v 0.221607 1.000231 -0.090290
v 0.255659 1.082440 -0.062734
v 0.221607 1.000231 -0.062734
v 0.218463 0.992641 -0.062734
v 0.221607 1.000231 -0.090290
v 0.218463 0.992641 -0.062734
v 0.218463 0.992641 -0.090290
v 0.221607 1.000231 -0.090290
v 0.000000 0.021330 0.000000
v 0.000000 0.021330 -0.039116
v -0.188536 0.021330 -0.000000
v -0.188536 0.021330 -0.000000
v 0.000000 0.021330 -0.039116
v -0.188536 0.021330 -0.039116
v -0.188536 0.021330 -0.039116
v -0.381376 0.021330 -0.039116
v -0.188536 0.021330 -0.000000
v -0.188536 0.021330 -0.000000
v -0.381376 0.021330 -0.039116
v -0.381376 0.021330 -0.000000
v -0.381376 0.021330 -0.000000
v -0.381376 0.021330 -0.039116
v -0.574216 0.021330 -0.000000
v -0.574216 0.021330 0.039116
v -0.381376 0.021330 -0.000000
v -0.574216 0.021330 -0.000000
v -0.381376 0.021330 0.039116
v -0.381376 0.021330 -0.000000
v -0.574216 0.021330 0.039116
v -0.188536 0.021330 0.039116
v -0.381376 0.021330 -0.000000
v -0.381376 0.021330 0.039116
v -0.188536 0.021330 -0.000000
v -0.381376 0.021330 -0.000000
v -0.188536 0.021330 0.039116
v -0.188536 0.021330 0.039116
v 0.000000 0.021330 0.000000
v -0.188536 0.021330 -0.000000
v 0.000000 0.021330 0.039116
v 0.000000 0.021330 0.000000
v -0.188536 0.021330 0.039116
v -0.574216 0.021330 -0.000000
v -0.381376 0.021330 -0.039116
v -0.574216 0.021330 -0.039116
v 0.450709 0.751662 0.081277
v 0.478057 0.706034 0.081277
v 0.506276 0.721118 0.081277
v 0.506276 0.721118 0.081277
v 0.478057 0.706034 0.081277
v 0.530362 0.670191 0.081277
v 0.478057 0.706034 0.081277
v 0.500801 0.657946 0.081277
v 0.530362 0.670191 0.081277
v 0.530362 0.670191 0.081277
v 0.500801 0.657946 0.081277
v 0.518722 0.607860 0.081277
v 0.549341 0.617148 0.081277
v 0.530362 0.670191 0.081277
v 0.518722 0.607860 0.081277
v 0.549341 0.617148 0.081277
v 0.518722 0.607860 0.081277
v 0.531648 0.556259 0.081277
v 0.563030 0.562501 0.081277
v 0.549341 0.617148 0.081277
v 0.531648 0.556259 0.081277
v 0.563030 0.562501 0.081277
v 0.531648 0.556259 0.081277
v 0.539453 0.503639 0.081277
v 0.571296 0.506775 0.081277
v 0.563030 0.562501 0.081277
v 0.539453 0.503639 0.081277
v 0.571296 0.506775 0.081277
v 0.539453 0.503639 0.081277
v 0.574060 0.450508 0.081277
v 0.539453 0.503639 0.081277
v 0.542063 0.450507 0.081277
v 0.574060 0.450508 0.081277
v 0.574060 0.450508 0.081277
v 0.542063 0.450507 0.081277
v 0.571296 0.394240 0.081277
v 0.542063 0.450507 0.081277
v 0.539453 0.397376 0.081277
v 0.571296 0.394240 0.081277
v 0.571296 0.394240 0.081277
v 0.539453 0.397376 0.081277
v 0.563030 0.338514 0.081277
v 0.539453 0.397376 0.081277
v 0.531648 0.344756 0.081277
v 0.563030 0.338514 0.081277
v 0.563030 0.338514 0.081277
v 0.531648 0.344756 0.081277
v 0.518722 0.293155 0.081277
v 0.549341 0.283867 0.081277
v 0.563030 0.338514 0.081277
v 0.518722 0.293155 0.081277
v 0.549341 0.283867 0.081277
v 0.518722 0.293155 0.081277
v 0.500801 0.243069 0.081277
v 0.530362 0.230824 0.081277
v 0.549341 0.283867 0.081277
v 0.500801 0.243069 0.081277
v 0.530362 0.230824 0.081277
v 0.500801 0.243069 0.081277
v 0.478057 0.194981 0.081277
v 0.506276 0.179897 0.081277
v 0.530362 0.230824 0.081277
v 0.478057 0.194981 0.081277
v 0.506276 0.179897 0.081277
v 0.478057 0.194981 0.081277
v 0.450709 0.149353 0.081277
v 0.477314 0.131577 0.081277
v 0.506276 0.179897 0.081277
v 0.450709 0.149353 0.081277
v 0.477314 0.131577 0.081277
v 0.450709 0.149353 0.081277
v 0.443755 0.086328 0.081277
v 0.450709 0.149353 0.081277
v 0.419021 0.106626 0.081277
v 0.443755 0.086328 0.081277
v 0.443755 0.086328 0.081277
v 0.419021 0.106626 0.081277
v 0.405922 0.044586 0.081277
v 0.419021 0.106626 0.081277
v 0.383297 0.067211 0.081277
v 0.405922 0.044586 0.081277
v 0.405922 0.044586 0.081277
v 0.383297 0.067211 0.081277
v 0.367763 0.010000 0.081277
v 0.383297 0.067211 0.081277
v 0.343881 0.031487 0.081277
v 0.367763 0.010000 0.081277
v 0.367763 0.010000 0.081277
v 0.343881 0.031487 0.081277
v 0.314910 0.010000 0.081277
v 0.111994 1.013537 0.081277
v 0.056268 1.021803 0.081277
v 0.105751 0.982155 0.081277
v 0.111994 1.013537 0.081277
v 0.105751 0.982155 0.081277
v 0.166641 0.999849 0.081277
v 0.105751 0.982155 0.081277
v 0.157353 0.969229 0.081277
v 0.166641 0.999849 0.081277
v 0.166641 0.999849 0.081277
v 0.157353 0.969229 0.081277
v 0.219683 0.980870 0.081277
v 0.157353 0.969229 0.081277
v 0.207439 0.951308 0.081277
v 0.219683 0.980870 0.081277
v 0.219683 0.980870 0.081277
v 0.207439 0.951308 0.081277
v 0.255527 0.928564 0.081277
v 0.270610 0.956783 0.081277
v 0.219683 0.980870 0.081277
v 0.255527 0.928564 0.081277
v 0.270610 0.956783 0.081277
v 0.255527 0.928564 0.081277
v 0.301154 0.901217 0.081277
v 0.318931 0.927821 0.081277
v 0.270610 0.956783 0.081277
v 0.301154 0.901217 0.081277
v 0.318931 0.927821 0.081277
v 0.301154 0.901217 0.081277
v 0.343881 0.869528 0.081277
v 0.364180 0.894262 0.081277
v 0.318931 0.927821 0.081277
v 0.343881 0.869528 0.081277
v 0.364180 0.894262 0.081277
v 0.343881 0.869528 0.081277
v 0.405922 0.856429 0.081277
v 0.343881 0.869528 0.081277
v 0.383297 0.833804 0.081277
v 0.405922 0.856429 0.081277
v 0.405922 0.856429 0.081277
v 0.383297 0.833804 0.081277
v 0.443755 0.814687 0.081277
v 0.383297 0.833804 0.081277
v 0.419021 0.794389 0.081277
v 0.443755 0.814687 0.081277
v 0.443755 0.814687 0.081277
v 0.419021 0.794389 0.081277
v 0.450709 0.751662 0.081277
v 0.477314 0.769438 0.081277
v 0.443755 0.814687 0.081277
v 0.450709 0.751662 0.081277
v 0.477314 0.769438 0.081277
v 0.450709 0.751662 0.081277
v 0.506276 0.721118 0.081277
v -0.343881 0.869528 0.081277
v -0.364180 0.894262 0.081277
v -0.405922 0.856429 0.081277
v -0.364180 0.894262 0.081277
v -0.343881 0.869528 0.081277
v -0.318931 0.927821 0.081277
v -0.343881 0.869528 0.081277
v -0.301154 0.901217 0.081277
v -0.318931 0.927821 0.081277
v -0.318931 0.927821 0.081277
v -0.301154 0.901217 0.081277
v -0.270610 0.956783 0.081277
v -0.301154 0.901217 0.081277
v -0.255527 0.928564 0.081277
v -0.270610 0.956783 0.081277
v -0.270610 0.956783 0.081277
v -0.255527 0.928564 0.081277
v -0.219683 0.980870 0.081277
v -0.255527 0.928564 0.081277
v -0.207439 0.951308 0.081277
v -0.219683 0.980870 0.081277
v -0.207439 0.951308 0.081277
v -0.157353 0.969230 0.081277
v -0.219683 0.980870 0.081277
v -0.157353 0.969230 0.081277
v -0.166641 0.999849 0.081277
v -0.219683 0.980870 0.081277
v -0.166641 0.999849 0.081277
v -0.157353 0.969230 0.081277
v -0.111994 1.013537 0.081277
v -0.157353 0.969230 0.081277
v -0.105751 0.982155 0.081277
v -0.111994 1.013537 0.081277
v -0.111994 1.013537 0.081277
v -0.105751 0.982155 0.081277
v -0.056268 1.021803 0.081277
v -0.105751 0.982155 0.081277
v -0.053131 0.989960 0.081277
v -0.056268 1.021803 0.081277
v -0.056268 1.021803 0.081277
v -0.053131 0.989960 0.081277
v 0.000000 1.024567 0.081277
v -0.053131 0.989960 0.081277
v 0.000000 0.992571 0.081277
v 0.000000 1.024567 0.081277
v 0.000000 1.024567 0.081277
v 0.000000 0.992571 0.081277
v 0.053131 0.989960 0.081277
v 0.056268 1.021803 0.081277
v 0.000000 1.024567 0.081277
v 0.053131 0.989960 0.081277
v 0.056268 1.021803 0.081277
v 0.053131 0.989960 0.081277
v 0.105751 0.982155 0.081277
v 0.215063 0.990015 -0.090290
v 0.229422 0.984083 -0.090290
v 0.218463 0.992641 -0.090290
v 0.229422 0.984083 -0.090290
v 0.228870 0.988331 -0.090290
v 0.218463 0.992641 -0.090290
v 0.218463 0.992641 -0.090290
v 0.228870 0.988331 -0.090290
v 0.221607 1.000231 -0.090290
v 0.228870 0.988331 -0.090290
v 0.232013 0.995920 -0.090290
v 0.221607 1.000231 -0.090290
v -0.301154 0.901217 0.081277
v -0.343881 0.869528 0.081277
v -0.301154 0.901217 0.091216
v -0.343881 0.869528 0.081277
v -0.343881 0.869528 0.091216
v -0.301154 0.901217 0.091216
v -0.343881 0.869528 0.081277
v -0.383297 0.833804 0.081277
v -0.343881 0.869528 0.091216
v -0.383297 0.833804 0.081277
v -0.383297 0.833804 0.091216
v -0.343881 0.869528 0.091216
v -0.383297 0.833804 0.081277
v -0.419021 0.794389 0.081277
v -0.383297 0.833804 0.091216
v -0.419021 0.794389 0.081277
v -0.419021 0.794389 0.091216
v -0.383297 0.833804 0.091216
v -0.419021 0.794389 0.081277
v -0.450709 0.751662 0.081277
v -0.419021 0.794389 0.091216
v -0.450709 0.751662 0.081277
v -0.450709 0.751662 0.091216
v -0.419021 0.794389 0.091216
v -0.450709 0.751662 0.081277
v -0.478057 0.706034 0.081277
v -0.450709 0.751662 0.091216
v -0.478057 0.706034 0.081277
v -0.478057 0.706034 0.091216
v -0.450709 0.751662 0.091216
v -0.478057 0.706034 0.091216
v -0.478057 0.706034 0.081277
v -0.500801 0.657946 0.091216
v -0.478057 0.706034 0.081277
v -0.500801 0.657946 0.081277
v -0.500801 0.657946 0.091216
v 0.157353 0.969229 0.091216
v 0.157353 0.969229 0.081277
v 0.105751 0.982155 0.091216
v 0.157353 0.969229 0.081277
v 0.105751 0.982155 0.081277
v 0.105751 0.982155 0.091216
v 0.105751 0.982155 0.091216
v 0.105751 0.982155 0.081277
v 0.053131 0.989960 0.091216
v 0.105751 0.982155 0.081277
v 0.053131 0.989960 0.081277
v 0.053131 0.989960 0.091216
v 0.053131 0.989960 0.091216
v 0.053131 0.989960 0.081277
v 0.000000 0.992571 0.091216
v 0.053131 0.989960 0.081277
v 0.000000 0.992571 0.081277
v 0.000000 0.992571 0.091216
v 0.000000 0.992571 0.081277
v -0.053131 0.989960 0.081277
v 0.000000 0.992571 0.091216
v -0.053131 0.989960 0.081277
v -0.053131 0.989960 0.091216
v 0.000000 0.992571 0.091216
v -0.053131 0.989960 0.081277
v -0.105751 0.982155 0.081277
v -0.053131 0.989960 0.091216
v -0.105751 0.982155 0.081277
v -0.105751 0.982155 0.091216
v -0.053131 0.989960 0.091216
v -0.105751 0.982155 0.081277
v -0.157353 0.969230 0.081277
v -0.105751 0.982155 0.091216
v -0.157353 0.969230 0.081277
v -0.157353 0.969229 0.091216
v -0.105751 0.982155 0.091216
v -0.157353 0.969230 0.081277
v -0.207439 0.951308 0.081277
v -0.157353 0.969229 0.091216
v -0.207439 0.951308 0.081277
v -0.207439 0.951308 0.091216
v -0.157353 0.969229 0.091216
v -0.207439 0.951308 0.081277
v -0.255527 0.928564 0.081277
v -0.207439 0.951308 0.091216
v -0.255527 0.928564 0.081277
v -0.255527 0.928564 0.091216
v -0.207439 0.951308 0.091216
v -0.255527 0.928564 0.081277
v -0.301154 0.901217 0.081277
v -0.255527 0.928564 0.091216
v -0.301154 0.901217 0.081277
v -0.301154 0.901217 0.091216
v -0.255527 0.928564 0.091216
v 0.500801 0.657946 0.091216
v 0.500801 0.657946 0.081277
v 0.478057 0.706034 0.091216
v 0.500801 0.657946 0.081277
v 0.478057 0.706034 0.081277
v 0.478057 0.706034 0.091216
v 0.478057 0.706034 0.091216
v 0.478057 0.706034 0.081277
v 0.450709 0.751662 0.091216
v 0.478057 0.706034 0.081277
v 0.450709 0.751662 0.081277
v 0.450709 0.751662 0.091216
v 0.450709 0.751662 0.091216
v 0.450709 0.751662 0.081277
v 0.419021 0.794389 0.081277
v 0.419021 0.794389 0.091216
v 0.450709 0.751662 0.091216
v 0.419021 0.794389 0.081277
v 0.419021 0.794389 0.091216
v 0.419021 0.794389 0.081277
v 0.383297 0.833804 0.081277
v 0.383297 0.833804 0.091216
v 0.419021 0.794389 0.091216
v 0.383297 0.833804 0.081277
v 0.383297 0.833804 0.091216
v 0.383297 0.833804 0.081277
v 0.343881 0.869528 0.081277
v 0.343881 0.869528 0.091216
v 0.383297 0.833804 0.091216
v 0.343881 0.869528 0.081277
v 0.343881 0.869528 0.091216
v 0.343881 0.869528 0.081277
v 0.301154 0.901217 0.081277
v 0.301154 0.901217 0.091216
v 0.343881 0.869528 0.091216
v 0.301154 0.901217 0.081277
v 0.301154 0.901217 0.091216
v 0.301154 0.901217 0.081277
v 0.255527 0.928564 0.081277
v 0.255527 0.928565 0.091216
v 0.301154 0.901217 0.091216
v 0.255527 0.928564 0.081277
v 0.255527 0.928565 0.091216
v 0.255527 0.928564 0.081277
v 0.207439 0.951308 0.081277
v 0.207439 0.951308 0.091216
v 0.255527 0.928565 0.091216
v 0.207439 0.951308 0.081277
v 0.207439 0.951308 0.091216
v 0.207439 0.951308 0.081277
v 0.157353 0.969229 0.081277
v 0.157353 0.969229 0.091216
v 0.207439 0.951308 0.091216
v 0.157353 0.969229 0.081277
v -0.542134 0.232044 -0.090290
v -0.542134 0.232044 -0.062734
v -0.549724 0.228900 -0.090290
v -0.542134 0.232044 -0.062734
v -0.549724 0.228900 -0.062734
v -0.549724 0.228900 -0.090290
v -0.549724 0.228900 -0.090290
v -0.549724 0.228900 -0.062734
v -0.631933 0.194848 -0.062734
v -0.478057 0.194981 0.081277
v -0.450709 0.149353 0.081277
v -0.478057 0.194981 0.091216
v -0.450709 0.149353 0.081277
v -0.450709 0.149353 0.091216
v -0.478057 0.194981 0.091216
v -0.450709 0.149353 0.081277
v -0.419021 0.106626 0.081277
v -0.450709 0.149353 0.091216
v -0.419021 0.106626 0.081277
v -0.419021 0.106626 0.091216
v -0.450709 0.149353 0.091216
v -0.419021 0.106626 0.081277
v -0.383297 0.067211 0.081277
v -0.419021 0.106626 0.091216
v -0.383297 0.067211 0.081277
v -0.383297 0.067211 0.091216
v -0.419021 0.106626 0.091216
v -0.383297 0.067211 0.081277
v -0.343881 0.031487 0.081277
v -0.383297 0.067211 0.091216
v -0.343881 0.031487 0.081277
v -0.343881 0.031487 0.091216
v -0.383297 0.067211 0.091216
v -0.343881 0.031487 0.091216
v -0.343881 0.031487 0.081277
v -0.314910 0.010000 0.091216
v -0.343881 0.031487 0.081277
v -0.314910 0.010000 0.081277
v -0.314910 0.010000 0.091216
v -0.500801 0.657946 0.091216
v -0.500801 0.657946 0.081277
v -0.518722 0.607860 0.091216
v -0.500801 0.657946 0.081277
v -0.518722 0.607860 0.081277
v -0.518722 0.607860 0.091216
v -0.518722 0.607860 0.091216
v -0.518722 0.607860 0.081277
v -0.531648 0.556259 0.091216
v -0.518722 0.607860 0.081277
v -0.531648 0.556259 0.081277
v -0.531648 0.556259 0.091216
v -0.531648 0.556259 0.091216
v -0.531648 0.556259 0.081277
v -0.539453 0.503639 0.091216
v -0.531648 0.556259 0.081277
v -0.539453 0.503639 0.081277
v -0.539453 0.503639 0.091216
v -0.539453 0.503639 0.081277
v -0.542063 0.450507 0.081277
v -0.539453 0.503639 0.091216
v -0.542063 0.450507 0.081277
v -0.542063 0.450507 0.091216
v -0.539453 0.503639 0.091216
v -0.542063 0.450507 0.081277
v -0.539453 0.397376 0.081277
v -0.542063 0.450507 0.091216
v -0.539453 0.397376 0.081277
v -0.539453 0.397376 0.091216
v -0.542063 0.450507 0.091216
v -0.539453 0.397376 0.081277
v -0.531648 0.344756 0.081277
v -0.539453 0.397376 0.091216
v -0.531648 0.344756 0.081277
v -0.531648 0.344756 0.091216
v -0.539453 0.397376 0.091216
v -0.531648 0.344756 0.091216
v -0.531648 0.344756 0.081277
v -0.518722 0.293155 0.091216
v -0.531648 0.344756 0.081277
v -0.518722 0.293155 0.081277
v -0.518722 0.293155 0.091216
v -0.518722 0.293155 0.091216
v -0.518722 0.293155 0.081277
v -0.500801 0.243069 0.091216
v -0.518722 0.293155 0.081277
v -0.500801 0.243069 0.081277
v -0.500801 0.243069 0.091216
v -0.500801 0.243069 0.081277
v -0.478057 0.194981 0.081277
v -0.500801 0.243069 0.091216
v -0.478057 0.194981 0.081277
v -0.478057 0.194981 0.091216
v -0.500801 0.243069 0.091216
v 0.530362 0.230824 0.039329
v 0.530362 0.230824 0.081277
v 0.506276 0.179897 0.081277
v 0.506276 0.179897 0.039329
v 0.530362 0.230824 0.039329
v 0.506276 0.179897 0.081277
v 0.506276 0.179897 0.039329
v 0.506276 0.179897 0.081277
v 0.477314 0.131577 0.081277
v 0.477314 0.131577 0.039329
v 0.506276 0.179897 0.039329
v 0.477314 0.131577 0.081277
v 0.477314 0.131577 0.039329
v 0.477314 0.131577 0.081277
v 0.443755 0.086328 0.081277
v 0.443755 0.086328 0.039329
v 0.477314 0.131577 0.039329
v 0.443755 0.086328 0.081277
v 0.443755 0.086328 0.039329
v 0.443755 0.086328 0.081277
v 0.405922 0.044586 0.039329
v 0.443755 0.086328 0.081277
v 0.405922 0.044586 0.081277
v 0.405922 0.044586 0.039329
v 0.405922 0.044586 0.039329
v 0.405922 0.044586 0.081277
v 0.367763 0.010000 0.081277
v 0.367763 0.010000 0.039329
v 0.405922 0.044586 0.039329
v 0.367763 0.010000 0.081277
v 0.506276 0.721118 0.039329
v 0.506276 0.721118 0.081277
v 0.530362 0.670191 0.081277
v 0.530362 0.670191 0.039329
v 0.506276 0.721118 0.039329
v 0.530362 0.670191 0.081277
v 0.530362 0.670191 0.039329
v 0.530362 0.670191 0.081277
v 0.549341 0.617148 0.081277
v 0.549341 0.617148 0.039329
v 0.530362 0.670191 0.039329
v 0.549341 0.617148 0.081277
v 0.549341 0.617148 0.039329
v 0.549341 0.617148 0.081277
v 0.563030 0.562501 0.081277
v 0.563030 0.562501 0.039329
v 0.549341 0.617148 0.039329
v 0.563030 0.562501 0.081277
v 0.563030 0.562501 0.039329
v 0.563030 0.562501 0.081277
v 0.571296 0.506775 0.039329
v 0.563030 0.562501 0.081277
v 0.571296 0.506775 0.081277
v 0.571296 0.506775 0.039329
v 0.571296 0.506775 0.039329
v 0.571296 0.506775 0.081277
v 0.574060 0.450508 0.039329
v 0.571296 0.506775 0.081277
v 0.574060 0.450508 0.081277
v 0.574060 0.450508 0.039329
v 0.574060 0.450508 0.039329
v 0.574060 0.450508 0.081277
v 0.571296 0.394240 0.081277
v 0.571296 0.394240 0.039329
v 0.574060 0.450508 0.039329
v 0.571296 0.394240 0.081277
v 0.571296 0.394240 0.039329
v 0.571296 0.394240 0.081277
v 0.563030 0.338514 0.039329
v 0.571296 0.394240 0.081277
v 0.563030 0.338514 0.081277
v 0.563030 0.338514 0.039329
v 0.563030 0.338514 0.039329
v 0.563030 0.338514 0.081277
v 0.549341 0.283867 0.081277
v 0.549341 0.283867 0.039329
v 0.563030 0.338514 0.039329
v 0.549341 0.283867 0.081277
v 0.549341 0.283867 0.039329
v 0.549341 0.283867 0.081277
v 0.530362 0.230824 0.081277
v 0.530362 0.230824 0.039329
v 0.549341 0.283867 0.039329
v 0.530362 0.230824 0.081277
v 0.111994 1.013537 0.039329
v 0.111994 1.013537 0.081277
v 0.166641 0.999849 0.039329
v 0.111994 1.013537 0.081277
v 0.166641 0.999849 0.081277
v 0.166641 0.999849 0.039329
v 0.166641 0.999849 0.039329
v 0.166641 0.999849 0.081277
v 0.219683 0.980870 0.039329
v 0.166641 0.999849 0.081277
v 0.219683 0.980870 0.081277
v 0.219683 0.980870 0.039329
v 0.219683 0.980870 0.039329
v 0.219683 0.980870 0.081277
v 0.270610 0.956783 0.081277
v 0.270610 0.956783 0.039329
v 0.219683 0.980870 0.039329
v 0.270610 0.956783 0.081277
v 0.270610 0.956783 0.039329
v 0.270610 0.956783 0.081277
v 0.318931 0.927821 0.039329
v 0.270610 0.956783 0.081277
v 0.318931 0.927821 0.081277
v 0.318931 0.927821 0.039329
v 0.318931 0.927821 0.039329
v 0.318931 0.927821 0.081277
v 0.364180 0.894262 0.039329
v 0.318931 0.927821 0.081277
v 0.364180 0.894262 0.081277
v 0.364180 0.894262 0.039329
v 0.364180 0.894262 0.039329
v 0.364180 0.894262 0.081277
v 0.405922 0.856429 0.081277
v 0.405922 0.856429 0.039329
v 0.364180 0.894262 0.039329
v 0.405922 0.856429 0.081277
v 0.405922 0.856429 0.039329
v 0.405922 0.856429 0.081277
v 0.443755 0.814687 0.039329
v 0.405922 0.856429 0.081277
v 0.443755 0.814687 0.081277
v 0.443755 0.814687 0.039329
v 0.443755 0.814687 0.039329
v 0.443755 0.814687 0.081277
v 0.477314 0.769438 0.039329
v 0.443755 0.814687 0.081277
v 0.477314 0.769438 0.081277
v 0.477314 0.769438 0.039329
v 0.477314 0.769438 0.039329
v 0.477314 0.769438 0.081277
v 0.506276 0.721118 0.039329
v 0.477314 0.769438 0.081277
v 0.506276 0.721118 0.081277
v 0.506276 0.721118 0.039329
v -0.364180 0.894262 0.081277
v -0.318931 0.927821 0.081277
v -0.364180 0.894262 0.039329
v -0.318931 0.927821 0.081277
v -0.318931 0.927821 0.039329
v -0.364180 0.894262 0.039329
v -0.318931 0.927821 0.081277
v -0.270610 0.956783 0.081277
v -0.318931 0.927821 0.039329
v -0.270610 0.956783 0.081277
v -0.270610 0.956783 0.039329
v -0.318931 0.927821 0.039329
v -0.270610 0.956783 0.039329
v -0.270610 0.956783 0.081277
v -0.219683 0.980870 0.039329
v -0.270610 0.956783 0.081277
v -0.219683 0.980870 0.081277
v -0.219683 0.980870 0.039329
v -0.219683 0.980870 0.081277
v -0.166641 0.999849 0.081277
v -0.219683 0.980870 0.039329
v -0.166641 0.999849 0.081277
v -0.166641 0.999849 0.039329
v -0.219683 0.980870 0.039329
v -0.166641 0.999849 0.081277
v -0.111994 1.013537 0.081277
v -0.166641 0.999849 0.039329
v -0.111994 1.013537 0.081277
v -0.111994 1.013537 0.039329
v -0.166641 0.999849 0.039329
v -0.111994 1.013537 0.081277
v -0.056268 1.021803 0.081277
v -0.111994 1.013537 0.039329
v -0.056268 1.021803 0.081277
v -0.056268 1.021803 0.039329
v -0.111994 1.013537 0.039329
v -0.056268 1.021803 0.081277
v 0.000000 1.024567 0.081277
v -0.056268 1.021803 0.039329
v 0.000000 1.024567 0.081277
v 0.000000 1.024567 0.039329
v -0.056268 1.021803 0.039329
v 0.000000 1.024567 0.039329
v 0.000000 1.024567 0.081277
v 0.056268 1.021803 0.039329
v 0.000000 1.024567 0.081277
v 0.056268 1.021803 0.081277
v 0.056268 1.021803 0.039329
v 0.056268 1.021803 0.039329
v 0.056268 1.021803 0.081277
v 0.111994 1.013537 0.039329
v 0.056268 1.021803 0.081277
v 0.111994 1.013537 0.081277
v 0.111994 1.013537 0.039329
v -0.682828 0.303211 -0.059409
v -0.558398 0.303211 -0.059409
v -0.682828 0.298614 -0.061313
v -0.558398 0.303211 -0.059409
v -0.558398 0.298614 -0.061313
v -0.682828 0.298614 -0.061313
v -0.682828 0.298614 -0.061313
v -0.558398 0.298614 -0.061313
v -0.682828 0.296709 -0.065910
v -0.558398 0.298614 -0.061313
v -0.558398 0.296709 -0.065910
v -0.682828 0.296709 -0.065910
v -0.682828 0.296709 -0.065910
v -0.558398 0.296709 -0.065910
v -0.558398 0.298614 -0.070508
v -0.682828 0.298614 -0.070508
v -0.682828 0.296709 -0.065910
v -0.558398 0.298614 -0.070508
v -0.682828 0.298614 -0.070508
v -0.558398 0.298614 -0.070508
v -0.682828 0.303211 -0.072412
v -0.558398 0.298614 -0.070508
v -0.558398 0.303211 -0.072412
v -0.682828 0.303211 -0.072412
v -0.682828 0.303211 -0.072412
v -0.558398 0.303211 -0.072412
v -0.682828 0.307809 -0.070508
v -0.558398 0.303211 -0.072412
v -0.558398 0.307809 -0.070508
v -0.682828 0.307809 -0.070508
v -0.682828 0.307809 -0.070508
v -0.558398 0.307809 -0.070508
v -0.682828 0.309713 -0.065910
v -0.558398 0.307809 -0.070508
v -0.558398 0.309713 -0.065910
v -0.682828 0.309713 -0.065910
v -0.682828 0.309713 -0.065910
v -0.558398 0.309713 -0.065910
v -0.682828 0.307809 -0.061313
v -0.558398 0.309713 -0.065910
v -0.558398 0.307809 -0.061313
v -0.682828 0.307809 -0.061313
v -0.682828 0.307809 -0.061313
v -0.558398 0.307809 -0.061313
v -0.558398 0.303211 -0.059409
v -0.682828 0.303211 -0.059409
v -0.682828 0.307809 -0.061313
v -0.558398 0.303211 -0.059409
v -0.574060 0.450508 0.081277
v -0.571296 0.506775 0.081277
v -0.574060 0.450508 0.039329
v -0.571296 0.506775 0.081277
v -0.571296 0.506775 0.039329
v -0.574060 0.450508 0.039329
v -0.571296 0.506775 0.081277
v -0.563030 0.562501 0.081277
v -0.571296 0.506775 0.039329
v -0.563030 0.562501 0.081277
v -0.563030 0.562501 0.039329
v -0.571296 0.506775 0.039329
v -0.563030 0.562501 0.081277
v -0.549341 0.617148 0.081277
v -0.563030 0.562501 0.039329
v -0.549341 0.617148 0.081277
v -0.549341 0.617148 0.039329
v -0.563030 0.562501 0.039329
v -0.549341 0.617148 0.081277
v -0.530362 0.670191 0.081277
v -0.549341 0.617148 0.039329
v -0.530362 0.670191 0.081277
v -0.530362 0.670191 0.039329
v -0.549341 0.617148 0.039329
v -0.530362 0.670191 0.039329
v -0.530362 0.670191 0.081277
v -0.506276 0.721118 0.039329
v -0.530362 0.670191 0.081277
v -0.506276 0.721118 0.081277
v -0.506276 0.721118 0.039329
v -0.506276 0.721118 0.039329
v -0.506276 0.721118 0.081277
v -0.477314 0.769438 0.039329
v -0.506276 0.721118 0.081277
v -0.477314 0.769438 0.081277
v -0.477314 0.769438 0.039329
v -0.477314 0.769438 0.039329
v -0.477314 0.769438 0.081277
v -0.443755 0.814687 0.039329
v -0.477314 0.769438 0.081277
v -0.443755 0.814687 0.081277
v -0.443755 0.814687 0.039329
v -0.443755 0.814687 0.081277
v -0.405922 0.856429 0.081277
v -0.443755 0.814687 0.039329
v -0.405922 0.856429 0.081277
v -0.405922 0.856429 0.039329
v -0.443755 0.814687 0.039329
v -0.405922 0.856429 0.039329
v -0.405922 0.856429 0.081277
v -0.364180 0.894262 0.039329
v -0.405922 0.856429 0.081277
v -0.364180 0.894262 0.081277
v -0.364180 0.894262 0.039329
v -0.675793 0.281045 -0.059409
v -0.552422 0.281045 -0.059409
v -0.675793 0.276448 -0.061313
v -0.552422 0.281045 -0.059409
v -0.552422 0.276448 -0.061313
v -0.675793 0.276448 -0.061313
v -0.675793 0.276448 -0.061313
v -0.552422 0.276448 -0.061313
v -0.552422 0.274544 -0.065910
v -0.675793 0.274544 -0.065910
v -0.675793 0.276448 -0.061313
v -0.552422 0.274544 -0.065910
v -0.675793 0.274544 -0.065910
v -0.552422 0.274544 -0.065910
v -0.675793 0.276448 -0.070508
v -0.552422 0.274544 -0.065910
v -0.552422 0.276448 -0.070508
v -0.675793 0.276448 -0.070508
v -0.675793 0.276448 -0.070508
v -0.552422 0.276448 -0.070508
v -0.675793 0.281045 -0.072412
v -0.552422 0.276448 -0.070508
v -0.552422 0.281045 -0.072412
v -0.675793 0.281045 -0.072412
v -0.675793 0.281045 -0.072412
v -0.552422 0.281045 -0.072412
v -0.675793 0.285643 -0.070508
v -0.552422 0.281045 -0.072412
v -0.552422 0.285643 -0.070508
v -0.675793 0.285643 -0.070508
v -0.675793 0.285643 -0.070508
v -0.552422 0.285643 -0.070508
v -0.552422 0.287547 -0.065910
v -0.675793 0.287547 -0.065910
v -0.675793 0.285643 -0.070508
v -0.552422 0.287547 -0.065910
v -0.675793 0.287547 -0.065910
v -0.552422 0.287547 -0.065910
v -0.675793 0.285643 -0.061313
v -0.552422 0.287547 -0.065910
v -0.552422 0.285643 -0.061313
v -0.675793 0.285643 -0.061313
v -0.675793 0.285643 -0.061313
v -0.552422 0.285643 -0.061313
v -0.675793 0.281045 -0.059409
v -0.552422 0.285643 -0.061313
v -0.552422 0.281045 -0.059409
v -0.675793 0.281045 -0.059409
v -0.584468 0.456139 -0.090290
v -0.584468 0.456139 -0.062734
v -0.592684 0.456139 -0.090290
v -0.584468 0.456139 -0.062734
v -0.592684 0.456139 -0.062734
v -0.592684 0.456139 -0.090290
v -0.592684 0.456139 -0.090290
v -0.592684 0.456139 -0.062734
v -0.681667 0.456139 -0.062734
v -0.367763 0.010000 0.081277
v -0.405922 0.044586 0.081277
v -0.367763 0.010000 0.039329
v -0.405922 0.044586 0.081277
v -0.405922 0.044586 0.039329
v -0.367763 0.010000 0.039329
v -0.405922 0.044586 0.081277
v -0.443755 0.086328 0.081277
v -0.405922 0.044586 0.039329
v -0.443755 0.086328 0.081277
v -0.443755 0.086328 0.039329
v -0.405922 0.044586 0.039329
v -0.443755 0.086328 0.081277
v -0.477314 0.131577 0.081277
v -0.443755 0.086328 0.039329
v -0.477314 0.131577 0.081277
v -0.477314 0.131577 0.039329
v -0.443755 0.086328 0.039329
v -0.477314 0.131577 0.081277
v -0.506276 0.179897 0.081277
v -0.477314 0.131577 0.039329
v -0.506276 0.179897 0.081277
v -0.506276 0.179897 0.039329
v -0.477314 0.131577 0.039329
v -0.506276 0.179897 0.039329
v -0.506276 0.179897 0.081277
v -0.530362 0.230824 0.039329
v -0.506276 0.179897 0.081277
v -0.530362 0.230824 0.081277
v -0.530362 0.230824 0.039329
v -0.530362 0.230824 0.039329
v -0.530362 0.230824 0.081277
v -0.549341 0.283867 0.039329
v -0.530362 0.230824 0.081277
v -0.549341 0.283867 0.081277
v -0.549341 0.283867 0.039329
v -0.549341 0.283867 0.039329
v -0.549341 0.283867 0.081277
v -0.563029 0.338514 0.039329
v -0.549341 0.283867 0.081277
v -0.563029 0.338514 0.081277
v -0.563029 0.338514 0.039329
v -0.563029 0.338514 0.081277
v -0.571296 0.394240 0.081277
v -0.563029 0.338514 0.039329
v -0.571296 0.394240 0.081277
v -0.571296 0.394240 0.039329
v -0.563029 0.338514 0.039329
v -0.571296 0.394240 0.039329
v -0.571296 0.394240 0.081277
v -0.574060 0.450508 0.039329
v -0.571296 0.394240 0.081277
v -0.574060 0.450508 0.081277
v -0.574060 0.450508 0.039329
v -0.545413 0.682521 -0.090290
v -0.545413 0.682521 -0.062734
v -0.627623 0.716573 -0.062734
v -0.545413 0.682521 -0.090290
v -0.537823 0.679377 -0.090290
v -0.545413 0.682521 -0.062734
v -0.537823 0.679377 -0.090290
v -0.537823 0.679377 -0.062734
v -0.545413 0.682521 -0.062734
v 0.704796 0.450507 0.039329
v 0.701402 0.519589 0.039329
v 0.574060 0.450508 0.039329
v 0.704796 0.450507 0.039329
v 0.574060 0.450508 0.039329
v 0.701402 0.381425 0.039329
v 0.574060 0.450508 0.039329
v 0.571296 0.394240 0.039329
v 0.701402 0.381425 0.039329
v 0.701402 0.381425 0.039329
v 0.571296 0.394240 0.039329
v 0.563030 0.338514 0.039329
v 0.691253 0.313009 0.039329
v 0.701402 0.381425 0.039329
v 0.563030 0.338514 0.039329
v 0.691253 0.313009 0.039329
v 0.563030 0.338514 0.039329
v 0.549341 0.283867 0.039329
v 0.674447 0.245916 0.039329
v 0.691253 0.313009 0.039329
v 0.549341 0.283867 0.039329
v 0.674447 0.245916 0.039329
v 0.549341 0.283867 0.039329
v 0.651146 0.180794 0.039329
v 0.549341 0.283867 0.039329
v 0.530362 0.230824 0.039329
v 0.651146 0.180794 0.039329
v 0.651146 0.180794 0.039329
v 0.530362 0.230824 0.039329
v 0.506276 0.179897 0.039329
v 0.625449 0.118269 0.039329
v 0.651146 0.180794 0.039329
v 0.506276 0.179897 0.039329
v 0.625449 0.118269 0.039329
v 0.506276 0.179897 0.039329
v 0.477314 0.131577 0.039329
v 0.629698 0.058944 0.039329
v 0.625449 0.118269 0.039329
v 0.477314 0.131577 0.039329
v 0.629698 0.058944 0.039329
v 0.477314 0.131577 0.039329
v 0.443755 0.086328 0.039329
v 0.622693 0.010000 0.039329
v 0.629698 0.058944 0.039329
v 0.443755 0.086328 0.039329
v 0.443755 0.086328 0.039329
v 0.405922 0.044586 0.039329
v 0.622693 0.010000 0.039329
v 0.405922 0.044586 0.039329
v 0.367763 0.010000 0.039329
v 0.622693 0.010000 0.039329
v 0.332238 1.072082 0.039329
v 0.270610 0.956783 0.039329
v 0.391563 1.036524 0.039329
v 0.270610 0.956783 0.039329
v 0.318931 0.927821 0.039329
v 0.391563 1.036524 0.039329
v 0.391563 1.036524 0.039329
v 0.318931 0.927821 0.039329
v 0.364180 0.894262 0.039329
v 0.622693 1.036524 0.039329
v 0.391563 1.036524 0.039329
v 0.364180 0.894262 0.039329
v 0.364180 0.894262 0.039329
v 0.405922 0.856429 0.039329
v 0.622693 1.036524 0.039329
v 0.405922 0.856429 0.039329
v 0.443755 0.814687 0.039329
v 0.622693 1.036524 0.039329
v 0.443755 0.814687 0.039329
v 0.477314 0.769438 0.039329
v 0.622693 1.036524 0.039329
v 0.622693 1.036524 0.039329
v 0.477314 0.769438 0.039329
v 0.621574 0.782746 0.039329
v 0.477314 0.769438 0.039329
v 0.506276 0.721118 0.039329
v 0.621574 0.782746 0.039329
v 0.621574 0.782746 0.039329
v 0.506276 0.721118 0.039329
v 0.651146 0.720221 0.039329
v 0.506276 0.721118 0.039329
v 0.530362 0.670191 0.039329
v 0.651146 0.720221 0.039329
v 0.651146 0.720221 0.039329
v 0.530362 0.670191 0.039329
v 0.549341 0.617148 0.039329
v 0.674447 0.655099 0.039329
v 0.651146 0.720221 0.039329
v 0.549341 0.617148 0.039329
v 0.674447 0.655099 0.039329
v 0.549341 0.617148 0.039329
v 0.691253 0.588006 0.039329
v 0.549341 0.617148 0.039329
v 0.563030 0.562501 0.039329
v 0.691253 0.588006 0.039329
v 0.691253 0.588006 0.039329
v 0.563030 0.562501 0.039329
v 0.571296 0.506775 0.039329
v 0.701402 0.519589 0.039329
v 0.691253 0.588006 0.039329
v 0.571296 0.506775 0.039329
v 0.701402 0.519589 0.039329
v 0.571296 0.506775 0.039329
v 0.574060 0.450508 0.039329
v -0.219683 0.980870 0.039329
v -0.166641 0.999849 0.039329
v -0.269714 1.101654 0.039329
v -0.166641 0.999849 0.039329
v -0.204591 1.124955 0.039329
v -0.269714 1.101654 0.039329
v -0.204591 1.124955 0.039329
v -0.166641 0.999849 0.039329
v -0.137499 1.141761 0.039329
v -0.166641 0.999849 0.039329
v -0.111994 1.013537 0.039329
v -0.137499 1.141761 0.039329
v -0.111994 1.013537 0.039329
v -0.056268 1.021803 0.039329
v -0.137499 1.141761 0.039329
v -0.056268 1.021803 0.039329
v -0.069082 1.151909 0.039329
v -0.137499 1.141761 0.039329
v -0.069082 1.151909 0.039329
v -0.056268 1.021803 0.039329
v 0.000000 1.155303 0.039329
v -0.056268 1.021803 0.039329
v 0.000000 1.024567 0.039329
v 0.000000 1.155303 0.039329
v 0.000000 1.155303 0.039329
v 0.000000 1.024567 0.039329
v 0.056268 1.021803 0.039329
v 0.069082 1.151909 0.039329
v 0.000000 1.155303 0.039329
v 0.056268 1.021803 0.039329
v 0.069082 1.151909 0.039329
v 0.056268 1.021803 0.039329
v 0.137499 1.141761 0.039329
v 0.056268 1.021803 0.039329
v 0.111994 1.013537 0.039329
v 0.137499 1.141761 0.039329
v 0.137499 1.141761 0.039329
v 0.111994 1.013537 0.039329
v 0.166641 0.999849 0.039329
v 0.204591 1.124955 0.039329
v 0.137499 1.141761 0.039329
v 0.166641 0.999849 0.039329
v 0.204591 1.124955 0.039329
v 0.166641 0.999849 0.039329
v 0.269714 1.101654 0.039329
v 0.166641 0.999849 0.039329
v 0.219683 0.980870 0.039329
v 0.269714 1.101654 0.039329
v 0.269714 1.101654 0.039329
v 0.219683 0.980870 0.039329
v 0.270610 0.956783 0.039329
v 0.332238 1.072082 0.039329
v 0.269714 1.101654 0.039329
v 0.270610 0.956783 0.039329
v -0.545413 0.682521 -0.090290
v -0.549724 0.672114 -0.090290
v -0.537823 0.679377 -0.090290
v -0.549724 0.672114 -0.090290
v -0.542134 0.668971 -0.090290
v -0.537823 0.679377 -0.090290
v -0.542134 0.668971 -0.090290
v -0.539521 0.665576 -0.090290
v -0.537823 0.679377 -0.090290
v -0.539521 0.665576 -0.090290
v -0.533562 0.679924 -0.090290
v -0.537823 0.679377 -0.090290
v -0.637083 0.450507 0.062734
v -0.634016 0.512952 0.062734
v -0.577804 0.507416 0.062734
v -0.577804 0.507416 0.062734
v -0.634016 0.512952 0.062734
v -0.569443 0.563777 0.062734
v -0.634016 0.512952 0.062734
v -0.624842 0.574796 0.062734
v -0.569443 0.563777 0.062734
v -0.624842 0.574796 0.062734
v -0.609651 0.635443 0.062734
v -0.569443 0.563777 0.062734
v -0.609651 0.635443 0.062734
v -0.555599 0.619046 0.062734
v -0.569443 0.563777 0.062734
v -0.609651 0.635443 0.062734
v -0.588588 0.694309 0.062734
v -0.555599 0.619046 0.062734
v -0.588588 0.694309 0.062734
v -0.536404 0.672693 0.062734
v -0.555599 0.619046 0.062734
v -0.410546 0.039962 0.062734
v -0.377488 0.010000 0.062734
v -0.535669 0.010000 0.062734
v -0.535669 0.010000 0.062734
v -0.492239 0.046090 0.062734
v -0.410546 0.039962 0.062734
v -0.492239 0.046090 0.062734
v -0.448809 0.082179 0.062734
v -0.410546 0.039962 0.062734
v -0.492239 0.046090 0.062734
v -0.529715 0.096563 0.062734
v -0.448809 0.082179 0.062734
v -0.529715 0.096563 0.062734
v -0.482751 0.127944 0.062734
v -0.448809 0.082179 0.062734
v -0.529715 0.096563 0.062734
v -0.561857 0.150189 0.062734
v -0.482751 0.127944 0.062734
v -0.561857 0.150189 0.062734
v -0.512043 0.176815 0.062734
v -0.482751 0.127944 0.062734
v -0.561857 0.150189 0.062734
v -0.588588 0.206706 0.062734
v -0.512043 0.176815 0.062734
v -0.588588 0.206706 0.062734
v -0.536404 0.228322 0.062734
v -0.512043 0.176815 0.062734
v -0.536404 0.228322 0.062734
v -0.588588 0.206706 0.062734
v -0.555599 0.281969 0.062734
v -0.588588 0.206706 0.062734
v -0.609650 0.265572 0.062734
v -0.555599 0.281969 0.062734
v -0.555599 0.281969 0.062734
v -0.609650 0.265572 0.062734
v -0.569443 0.337238 0.062734
v -0.609650 0.265572 0.062734
v -0.624842 0.326219 0.062734
v -0.569443 0.337238 0.062734
v -0.624842 0.326219 0.062734
v -0.634015 0.388062 0.062734
v -0.569443 0.337238 0.062734
v -0.634015 0.388062 0.062734
v -0.577803 0.393599 0.062734
v -0.569443 0.337238 0.062734
v -0.577803 0.393599 0.062734
v -0.634015 0.388062 0.062734
v -0.580599 0.450507 0.062734
v -0.634015 0.388062 0.062734
v -0.637083 0.450507 0.062734
v -0.580599 0.450507 0.062734
v -0.580599 0.450507 0.062734
v -0.637083 0.450507 0.062734
v -0.577804 0.507416 0.062734
v -0.409299 0.867771 -0.090290
v -0.409299 0.867771 -0.062734
v -0.415108 0.873580 -0.090290
v -0.409299 0.867771 -0.062734
v -0.415108 0.873580 -0.062734
v -0.415108 0.873580 -0.090290
v -0.415108 0.873580 -0.090290
v -0.415108 0.873580 -0.062734
v -0.478029 0.936501 -0.062734
v 0.530362 0.230824 -0.081278
v 0.500801 0.243069 -0.081277
v 0.549341 0.283867 -0.081278
v 0.478057 0.194981 -0.081277
v 0.500801 0.243069 -0.081277
v 0.530362 0.230824 -0.081278
v 0.506276 0.179897 -0.081277
v 0.478057 0.194981 -0.081277
v 0.530362 0.230824 -0.081278
v 0.450709 0.149353 -0.081277
v 0.478057 0.194981 -0.081277
v 0.506276 0.179897 -0.081277
v 0.477314 0.131577 -0.081277
v 0.450709 0.149353 -0.081277
v 0.506276 0.179897 -0.081277
v 0.450709 0.149353 -0.081277
v 0.477314 0.131577 -0.081277
v 0.443755 0.086328 -0.081277
v 0.419021 0.106626 -0.081277
v 0.450709 0.149353 -0.081277
v 0.443755 0.086328 -0.081277
v 0.419021 0.106626 -0.081277
v 0.443755 0.086328 -0.081277
v 0.405922 0.044586 -0.081277
v 0.383297 0.067211 -0.081277
v 0.419021 0.106626 -0.081277
v 0.405922 0.044586 -0.081277
v 0.383297 0.067211 -0.081277
v 0.405922 0.044586 -0.081277
v 0.367763 0.010000 -0.081277
v 0.343881 0.031487 -0.081277
v 0.383297 0.067211 -0.081277
v 0.367763 0.010000 -0.081277
v 0.343881 0.031487 -0.081277
v 0.367763 0.010000 -0.081277
v 0.314910 0.010000 -0.081277
v 0.478057 0.706034 -0.081278
v 0.450709 0.751662 -0.081278
v 0.506276 0.721118 -0.081278
v 0.478057 0.706034 -0.081278
v 0.506276 0.721118 -0.081278
v 0.530362 0.670191 -0.081278
v 0.500801 0.657946 -0.081278
v 0.478057 0.706034 -0.081278
v 0.530362 0.670191 -0.081278
v 0.518722 0.607860 -0.081278
v 0.500801 0.657946 -0.081278
v 0.530362 0.670191 -0.081278
v 0.549341 0.617148 -0.081278
v 0.518722 0.607860 -0.081278
v 0.530362 0.670191 -0.081278
v 0.531648 0.556259 -0.081278
v 0.518722 0.607860 -0.081278
v 0.549341 0.617148 -0.081278
v 0.563030 0.562501 -0.081278
v 0.531648 0.556259 -0.081278
v 0.549341 0.617148 -0.081278
v 0.539453 0.503639 -0.081278
v 0.531648 0.556259 -0.081278
v 0.563030 0.562501 -0.081278
v 0.571296 0.506775 -0.081278
v 0.539453 0.503639 -0.081278
v 0.563030 0.562501 -0.081278
v 0.539453 0.503639 -0.081278
v 0.571296 0.506775 -0.081278
v 0.574060 0.450508 -0.081278
v 0.542063 0.450507 -0.081278
v 0.539453 0.503639 -0.081278
v 0.574060 0.450508 -0.081278
v 0.542063 0.450507 -0.081278
v 0.574060 0.450508 -0.081278
v 0.571296 0.394240 -0.081278
v 0.539453 0.397376 -0.081278
v 0.542063 0.450507 -0.081278
v 0.571296 0.394240 -0.081278
v 0.539453 0.397376 -0.081278
v 0.571296 0.394240 -0.081278
v 0.563030 0.338514 -0.081278
v 0.531648 0.344756 -0.081277
v 0.539453 0.397376 -0.081278
v 0.563030 0.338514 -0.081278
v 0.518722 0.293155 -0.081277
v 0.531648 0.344756 -0.081277
v 0.563030 0.338514 -0.081278
v 0.549341 0.283867 -0.081278
v 0.518722 0.293155 -0.081277
v 0.563030 0.338514 -0.081278
v 0.500801 0.243069 -0.081277
v 0.518722 0.293155 -0.081277
v 0.549341 0.283867 -0.081278
v 0.111994 1.013537 -0.081278
v 0.105751 0.982155 -0.081278
v 0.056268 1.021803 -0.081278
v 0.105751 0.982155 -0.081278
v 0.111994 1.013537 -0.081278
v 0.166641 0.999849 -0.081278
v 0.157353 0.969229 -0.081278
v 0.105751 0.982155 -0.081278
v 0.166641 0.999849 -0.081278
v 0.157353 0.969229 -0.081278
v 0.166641 0.999849 -0.081278
v 0.219683 0.980870 -0.081278
v 0.207439 0.951308 -0.081278
v 0.157353 0.969229 -0.081278
v 0.219683 0.980870 -0.081278
v 0.255527 0.928564 -0.081278
v 0.207439 0.951308 -0.081278
v 0.219683 0.980870 -0.081278
v 0.270610 0.956783 -0.081278
v 0.255527 0.928564 -0.081278
v 0.219683 0.980870 -0.081278
v 0.301154 0.901217 -0.081278
v 0.255527 0.928564 -0.081278
v 0.270610 0.956783 -0.081278
v 0.318931 0.927821 -0.081278
v 0.301154 0.901217 -0.081278
v 0.270610 0.956783 -0.081278
v 0.343881 0.869528 -0.081278
v 0.301154 0.901217 -0.081278
v 0.318931 0.927821 -0.081278
v 0.364180 0.894262 -0.081278
v 0.343881 0.869528 -0.081278
v 0.318931 0.927821 -0.081278
v 0.343881 0.869528 -0.081278
v 0.364180 0.894262 -0.081278
v 0.405922 0.856429 -0.081278
v 0.383297 0.833804 -0.081278
v 0.343881 0.869528 -0.081278
v 0.405922 0.856429 -0.081278
v 0.383297 0.833804 -0.081278
v 0.405922 0.856429 -0.081278
v 0.443755 0.814687 -0.081278
v 0.419021 0.794389 -0.081278
v 0.383297 0.833804 -0.081278
v 0.443755 0.814687 -0.081278
v 0.450709 0.751662 -0.081278
v 0.419021 0.794389 -0.081278
v 0.443755 0.814687 -0.081278
v 0.477314 0.769438 -0.081278
v 0.450709 0.751662 -0.081278
v 0.443755 0.814687 -0.081278
v 0.450709 0.751662 -0.081278
v 0.477314 0.769438 -0.081278
v 0.506276 0.721118 -0.081278
v -0.364180 0.894262 -0.081278
v -0.343881 0.869528 -0.081278
v -0.405922 0.856429 -0.081278
v -0.364180 0.894262 -0.081278
v -0.318931 0.927821 -0.081278
v -0.343881 0.869528 -0.081278
v -0.318931 0.927821 -0.081278
v -0.301154 0.901217 -0.081278
v -0.343881 0.869528 -0.081278
v -0.318931 0.927821 -0.081278
v -0.270610 0.956783 -0.081278
v -0.301154 0.901217 -0.081278
v -0.270610 0.956783 -0.081278
v -0.255527 0.928564 -0.081278
v -0.301154 0.901217 -0.081278
v -0.270610 0.956783 -0.081278
v -0.219683 0.980870 -0.081278
v -0.255527 0.928564 -0.081278
v -0.219683 0.980870 -0.081278
v -0.207439 0.951308 -0.081278
v -0.255527 0.928564 -0.081278
v -0.157353 0.969230 -0.081278
v -0.207439 0.951308 -0.081278
v -0.219683 0.980870 -0.081278
v -0.166641 0.999849 -0.081278
v -0.157353 0.969230 -0.081278
v -0.219683 0.980870 -0.081278
v -0.166641 0.999849 -0.081278
v -0.111994 1.013537 -0.081278
v -0.157353 0.969230 -0.081278
v -0.111994 1.013537 -0.081278
v -0.105751 0.982155 -0.081278
v -0.157353 0.969230 -0.081278
v -0.111994 1.013537 -0.081278
v -0.056268 1.021803 -0.081278
v -0.105751 0.982155 -0.081278
v -0.056268 1.021803 -0.081278
v -0.053131 0.989960 -0.081278
v -0.105751 0.982155 -0.081278
v -0.056268 1.021803 -0.081278
v 0.000000 1.024567 -0.081278
v -0.053131 0.989960 -0.081278
v 0.000000 1.024567 -0.081278
v 0.000000 0.992571 -0.081278
v -0.053131 0.989960 -0.081278
v 0.053131 0.989960 -0.081278
v 0.000000 0.992571 -0.081278
v 0.000000 1.024567 -0.081278
v 0.056268 1.021803 -0.081278
v 0.053131 0.989960 -0.081278
v 0.000000 1.024567 -0.081278
v 0.105751 0.982155 -0.081278
v 0.053131 0.989960 -0.081278
v 0.056268 1.021803 -0.081278
v -0.574060 0.450508 -0.081278
v -0.542063 0.450507 -0.081278
v -0.571296 0.394240 -0.081278
v -0.539453 0.503639 -0.081278
v -0.542063 0.450507 -0.081278
v -0.574060 0.450508 -0.081278
v -0.571296 0.506775 -0.081278
v -0.539453 0.503639 -0.081278
v -0.574060 0.450508 -0.081278
v -0.571296 0.506775 -0.081278
v -0.563030 0.562501 -0.081278
v -0.539453 0.503639 -0.081278
v -0.563030 0.562501 -0.081278
v -0.531648 0.556259 -0.081278
v -0.539453 0.503639 -0.081278
v -0.563030 0.562501 -0.081278
v -0.549341 0.617148 -0.081278
v -0.531648 0.556259 -0.081278
v -0.549341 0.617148 -0.081278
v -0.518722 0.607860 -0.081278
v -0.531648 0.556259 -0.081278
v -0.549341 0.617148 -0.081278
v -0.530362 0.670191 -0.081278
v -0.518722 0.607860 -0.081278
v -0.530362 0.670191 -0.081278
v -0.500801 0.657946 -0.081278
v -0.518722 0.607860 -0.081278
v -0.478057 0.706034 -0.081278
v -0.500801 0.657946 -0.081278
v -0.530362 0.670191 -0.081278
v -0.506276 0.721118 -0.081278
v -0.478057 0.706034 -0.081278
v -0.530362 0.670191 -0.081278
v -0.450709 0.751662 -0.081278
v -0.478057 0.706034 -0.081278
v -0.506276 0.721118 -0.081278
v -0.477314 0.769438 -0.081278
v -0.450709 0.751662 -0.081278
v -0.506276 0.721118 -0.081278
v -0.477314 0.769438 -0.081278
v -0.443755 0.814687 -0.081278
v -0.450709 0.751662 -0.081278
v -0.443755 0.814687 -0.081278
v -0.419021 0.794389 -0.081278
v -0.450709 0.751662 -0.081278
v -0.383297 0.833804 -0.081278
v -0.419021 0.794389 -0.081278
v -0.443755 0.814687 -0.081278
v -0.405922 0.856429 -0.081278
v -0.383297 0.833804 -0.081278
v -0.443755 0.814687 -0.081278
v -0.343881 0.869528 -0.081278
v -0.383297 0.833804 -0.081278
v -0.405922 0.856429 -0.081278
v -0.367763 0.010000 -0.081277
v -0.343881 0.031487 -0.081277
v -0.314910 0.010000 -0.081277
v -0.383297 0.067211 -0.081277
v -0.343881 0.031487 -0.081277
v -0.367763 0.010000 -0.081277
v -0.405922 0.044586 -0.081277
v -0.383297 0.067211 -0.081277
v -0.367763 0.010000 -0.081277
v -0.419021 0.106626 -0.081277
v -0.383297 0.067211 -0.081277
v -0.405922 0.044586 -0.081277
v -0.443755 0.086328 -0.081277
v -0.419021 0.106626 -0.081277
v -0.405922 0.044586 -0.081277
v -0.450709 0.149353 -0.081277
v -0.419021 0.106626 -0.081277
v -0.443755 0.086328 -0.081277
v -0.477314 0.131577 -0.081277
v -0.450709 0.149353 -0.081277
v -0.443755 0.086328 -0.081277
v -0.477314 0.131577 -0.081277
v -0.506276 0.179897 -0.081278
v -0.450709 0.149353 -0.081277
v -0.506276 0.179897 -0.081278
v -0.478057 0.194981 -0.081277
v -0.450709 0.149353 -0.081277
v -0.506276 0.179897 -0.081278
v -0.530362 0.230824 -0.081278
v -0.478057 0.194981 -0.081277
v -0.530362 0.230824 -0.081278
v -0.500801 0.243069 -0.081277
v -0.478057 0.194981 -0.081277
v -0.530362 0.230824 -0.081278
v -0.549341 0.283867 -0.081278
v -0.500801 0.243069 -0.081277
v -0.549341 0.283867 -0.081278
v -0.518722 0.293155 -0.081277
v -0.500801 0.243069 -0.081277
v -0.549341 0.283867 -0.081278
v -0.563029 0.338514 -0.081278
v -0.518722 0.293155 -0.081277
v -0.563029 0.338514 -0.081278
v -0.531648 0.344756 -0.081277
v -0.518722 0.293155 -0.081277
v -0.539453 0.397376 -0.081278
v -0.531648 0.344756 -0.081277
v -0.563029 0.338514 -0.081278
v -0.571296 0.394240 -0.081278
v -0.539453 0.397376 -0.081278
v -0.563029 0.338514 -0.081278
v -0.542063 0.450507 -0.081278
v -0.539453 0.397376 -0.081278
v -0.571296 0.394240 -0.081278
v -0.221607 1.000231 -0.090290
v -0.221607 1.000231 -0.062734
v -0.255659 1.082440 -0.062734
v -0.221607 1.000231 -0.090290
v -0.218463 0.992641 -0.090290
v -0.221607 1.000231 -0.062734
v -0.218463 0.992641 -0.090290
v -0.218463 0.992641 -0.062734
v -0.221607 1.000231 -0.062734
v -0.500801 0.657946 -0.091217
v -0.500801 0.657946 -0.081278
v -0.478057 0.706034 -0.081278
v -0.478057 0.706034 -0.091217
v -0.500801 0.657946 -0.091217
v -0.478057 0.706034 -0.081278
v -0.478057 0.706034 -0.091217
v -0.478057 0.706034 -0.081278
v -0.450709 0.751662 -0.091217
v -0.478057 0.706034 -0.081278
v -0.450709 0.751662 -0.081278
v -0.450709 0.751662 -0.091217
v -0.450709 0.751662 -0.091217
v -0.450709 0.751662 -0.081278
v -0.419021 0.794389 -0.091217
v -0.450709 0.751662 -0.081278
v -0.419021 0.794389 -0.081278
v -0.419021 0.794389 -0.091217
v -0.419021 0.794389 -0.091217
v -0.419021 0.794389 -0.081278
v -0.383297 0.833804 -0.091217
v -0.419021 0.794389 -0.081278
v -0.383297 0.833804 -0.081278
v -0.383297 0.833804 -0.091217
v -0.383297 0.833804 -0.091217
v -0.383297 0.833804 -0.081278
v -0.343881 0.869528 -0.091217
v -0.383297 0.833804 -0.081278
v -0.343881 0.869528 -0.081278
v -0.343881 0.869528 -0.091217
v -0.343881 0.869528 -0.091217
v -0.343881 0.869528 -0.081278
v -0.301154 0.901217 -0.091217
v -0.343881 0.869528 -0.081278
v -0.301154 0.901217 -0.081278
v -0.301154 0.901217 -0.091217
v -0.301154 0.901217 -0.091217
v -0.301154 0.901217 -0.081278
v -0.255527 0.928564 -0.091217
v -0.301154 0.901217 -0.081278
v -0.255527 0.928564 -0.081278
v -0.255527 0.928564 -0.091217
v -0.255527 0.928564 -0.091217
v -0.255527 0.928564 -0.081278
v -0.207439 0.951308 -0.091217
v -0.255527 0.928564 -0.081278
v -0.207439 0.951308 -0.081278
v -0.207439 0.951308 -0.091217
v -0.207439 0.951308 -0.091217
v -0.207439 0.951308 -0.081278
v -0.157353 0.969229 -0.091217
v -0.207439 0.951308 -0.081278
v -0.157353 0.969230 -0.081278
v -0.157353 0.969229 -0.091217
v -0.157353 0.969229 -0.091217
v -0.157353 0.969230 -0.081278
v -0.105751 0.982155 -0.091217
v -0.157353 0.969230 -0.081278
v -0.105751 0.982155 -0.081278
v -0.105751 0.982155 -0.091217
v -0.105751 0.982155 -0.091217
v -0.105751 0.982155 -0.081278
v -0.053131 0.989960 -0.091217
v -0.105751 0.982155 -0.081278
v -0.053131 0.989960 -0.081278
v -0.053131 0.989960 -0.091217
v -0.053131 0.989960 -0.091217
v -0.053131 0.989960 -0.081278
v 0.000000 0.992571 -0.091217
v -0.053131 0.989960 -0.081278
v 0.000000 0.992571 -0.081278
v 0.000000 0.992571 -0.091217
v 0.000000 0.992571 -0.081278
v 0.053131 0.989960 -0.081278
v 0.000000 0.992571 -0.091217
v 0.053131 0.989960 -0.081278
v 0.053131 0.989960 -0.091217
v 0.000000 0.992571 -0.091217
v 0.053131 0.989960 -0.081278
v 0.105751 0.982155 -0.081278
v 0.053131 0.989960 -0.091217
v 0.105751 0.982155 -0.081278
v 0.105751 0.982155 -0.091217
v 0.053131 0.989960 -0.091217
v 0.105751 0.982155 -0.081278
v 0.157353 0.969229 -0.081278
v 0.105751 0.982155 -0.091217
v 0.157353 0.969229 -0.081278
v 0.157353 0.969229 -0.091217
v 0.105751 0.982155 -0.091217
v 0.157353 0.969229 -0.091217
v 0.157353 0.969229 -0.081278
v 0.207439 0.951308 -0.091217
v 0.157353 0.969229 -0.081278
v 0.207439 0.951308 -0.081278
v 0.207439 0.951308 -0.091217
v 0.207439 0.951308 -0.091217
v 0.207439 0.951308 -0.081278
v 0.255527 0.928565 -0.091217
v 0.207439 0.951308 -0.081278
v 0.255527 0.928564 -0.081278
v 0.255527 0.928565 -0.091217
v 0.255527 0.928565 -0.091217
v 0.255527 0.928564 -0.081278
v 0.301154 0.901217 -0.091217
v 0.255527 0.928564 -0.081278
v 0.301154 0.901217 -0.081278
v 0.301154 0.901217 -0.091217
v 0.301154 0.901217 -0.091217
v 0.301154 0.901217 -0.081278
v 0.343881 0.869528 -0.091217
v 0.301154 0.901217 -0.081278
v 0.343881 0.869528 -0.081278
v 0.343881 0.869528 -0.091217
v 0.343881 0.869528 -0.091217
v 0.343881 0.869528 -0.081278
v 0.383297 0.833804 -0.091217
v 0.343881 0.869528 -0.081278
v 0.383297 0.833804 -0.081278
v 0.383297 0.833804 -0.091217
v 0.383297 0.833804 -0.091217
v 0.383297 0.833804 -0.081278
v 0.419021 0.794389 -0.091217
v 0.383297 0.833804 -0.081278
v 0.419021 0.794389 -0.081278
v 0.419021 0.794389 -0.091217
v 0.419021 0.794389 -0.091217
v 0.419021 0.794389 -0.081278
v 0.450709 0.751662 -0.091217
v 0.419021 0.794389 -0.081278
v 0.450709 0.751662 -0.081278
v 0.450709 0.751662 -0.091217
v 0.450709 0.751662 -0.081278
v 0.478057 0.706034 -0.081278
v 0.450709 0.751662 -0.091217
v 0.478057 0.706034 -0.081278
v 0.478057 0.706034 -0.091217
v 0.450709 0.751662 -0.091217
v 0.478057 0.706034 -0.081278
v 0.500801 0.657946 -0.081278
v 0.478057 0.706034 -0.091217
v 0.500801 0.657946 -0.081278
v 0.500801 0.657946 -0.091217
v 0.478057 0.706034 -0.091217
v -0.314910 0.010000 -0.081277
v -0.343881 0.031487 -0.081277
v -0.314910 0.010000 -0.091216
v -0.343881 0.031487 -0.081277
v -0.343881 0.031487 -0.091216
v -0.314910 0.010000 -0.091216
v -0.343881 0.031487 -0.091216
v -0.343881 0.031487 -0.081277
v -0.383297 0.067211 -0.091216
v -0.343881 0.031487 -0.081277
v -0.383297 0.067211 -0.081277
v -0.383297 0.067211 -0.091216
v -0.383297 0.067211 -0.091216
v -0.383297 0.067211 -0.081277
v -0.419021 0.106626 -0.091216
v -0.383297 0.067211 -0.081277
v -0.419021 0.106626 -0.081277
v -0.419021 0.106626 -0.091216
v -0.419021 0.106626 -0.091216
v -0.419021 0.106626 -0.081277
v -0.450709 0.149353 -0.091216
v -0.419021 0.106626 -0.081277
v -0.450709 0.149353 -0.081277
v -0.450709 0.149353 -0.091216
v -0.450709 0.149353 -0.091216
v -0.450709 0.149353 -0.081277
v -0.478057 0.194981 -0.091216
v -0.450709 0.149353 -0.081277
v -0.478057 0.194981 -0.081277
v -0.478057 0.194981 -0.091216
v -0.478057 0.194981 -0.091216
v -0.478057 0.194981 -0.081277
v -0.500801 0.243069 -0.091216
v -0.478057 0.194981 -0.081277
v -0.500801 0.243069 -0.081277
v -0.500801 0.243069 -0.091216
v -0.500801 0.243069 -0.091216
v -0.500801 0.243069 -0.081277
v -0.518722 0.293155 -0.081277
v -0.518722 0.293155 -0.091217
v -0.500801 0.243069 -0.091216
v -0.518722 0.293155 -0.081277
v -0.518722 0.293155 -0.091217
v -0.518722 0.293155 -0.081277
v -0.531648 0.344756 -0.081277
v -0.531648 0.344756 -0.091217
v -0.518722 0.293155 -0.091217
v -0.531648 0.344756 -0.081277
v -0.531648 0.344756 -0.091217
v -0.531648 0.344756 -0.081277
v -0.539453 0.397376 -0.091217
v -0.531648 0.344756 -0.081277
v -0.539453 0.397376 -0.081278
v -0.539453 0.397376 -0.091217
v -0.539453 0.397376 -0.091217
v -0.539453 0.397376 -0.081278
v -0.542063 0.450507 -0.091217
v -0.539453 0.397376 -0.081278
v -0.542063 0.450507 -0.081278
v -0.542063 0.450507 -0.091217
v -0.542063 0.450507 -0.091217
v -0.542063 0.450507 -0.081278
v -0.539453 0.503639 -0.091217
v -0.542063 0.450507 -0.081278
v -0.539453 0.503639 -0.081278
v -0.539453 0.503639 -0.091217
v -0.539453 0.503639 -0.091217
v -0.539453 0.503639 -0.081278
v -0.531648 0.556259 -0.081278
v -0.531648 0.556259 -0.091217
v -0.539453 0.503639 -0.091217
v -0.531648 0.556259 -0.081278
v -0.531648 0.556259 -0.091217
v -0.531648 0.556259 -0.081278
v -0.518722 0.607860 -0.081278
v -0.518722 0.607860 -0.091217
v -0.531648 0.556259 -0.091217
v -0.518722 0.607860 -0.081278
v -0.518722 0.607860 -0.091217
v -0.518722 0.607860 -0.081278
v -0.500801 0.657946 -0.081278
v -0.500801 0.657946 -0.091217
v -0.518722 0.607860 -0.091217
v -0.500801 0.657946 -0.081278
v -0.530362 0.230824 -0.039329
v -0.530362 0.230824 -0.081278
v -0.506276 0.179897 -0.081278
v -0.506276 0.179897 -0.039329
v -0.530362 0.230824 -0.039329
v -0.506276 0.179897 -0.081278
v -0.506276 0.179897 -0.039329
v -0.506276 0.179897 -0.081278
v -0.477314 0.131577 -0.039329
v -0.506276 0.179897 -0.081278
v -0.477314 0.131577 -0.081277
v -0.477314 0.131577 -0.039329
v -0.477314 0.131577 -0.039329
v -0.477314 0.131577 -0.081277
v -0.443755 0.086328 -0.039329
v -0.477314 0.131577 -0.081277
v -0.443755 0.086328 -0.081277
v -0.443755 0.086328 -0.039329
v -0.443755 0.086328 -0.039329
v -0.443755 0.086328 -0.081277
v -0.405922 0.044586 -0.039329
v -0.443755 0.086328 -0.081277
v -0.405922 0.044586 -0.081277
v -0.405922 0.044586 -0.039329
v -0.367763 0.010000 -0.039329
v -0.405922 0.044586 -0.039329
v -0.405922 0.044586 -0.081277
v -0.367763 0.010000 -0.081277
v -0.367763 0.010000 -0.039329
v -0.405922 0.044586 -0.081277
v -0.506276 0.721118 -0.039329
v -0.506276 0.721118 -0.081278
v -0.530362 0.670191 -0.081278
v -0.530362 0.670191 -0.039329
v -0.506276 0.721118 -0.039329
v -0.530362 0.670191 -0.081278
v -0.530362 0.670191 -0.039329
v -0.530362 0.670191 -0.081278
v -0.549341 0.617148 -0.039329
v -0.530362 0.670191 -0.081278
v -0.549341 0.617148 -0.081278
v -0.549341 0.617148 -0.039329
v -0.549341 0.617148 -0.039329
v -0.549341 0.617148 -0.081278
v -0.563030 0.562501 -0.039329
v -0.549341 0.617148 -0.081278
v -0.563030 0.562501 -0.081278
v -0.563030 0.562501 -0.039329
v -0.563030 0.562501 -0.039329
v -0.563030 0.562501 -0.081278
v -0.571296 0.506775 -0.039329
v -0.563030 0.562501 -0.081278
v -0.571296 0.506775 -0.081278
v -0.571296 0.506775 -0.039329
v -0.571296 0.506775 -0.039329
v -0.571296 0.506775 -0.081278
v -0.574060 0.450508 -0.039329
v -0.571296 0.506775 -0.081278
v -0.574060 0.450508 -0.081278
v -0.574060 0.450508 -0.039329
v -0.574060 0.450508 -0.039329
v -0.574060 0.450508 -0.081278
v -0.571296 0.394240 -0.081278
v -0.571296 0.394240 -0.039329
v -0.574060 0.450508 -0.039329
v -0.571296 0.394240 -0.081278
v -0.571296 0.394240 -0.039329
v -0.571296 0.394240 -0.081278
v -0.563029 0.338514 -0.039329
v -0.571296 0.394240 -0.081278
v -0.563029 0.338514 -0.081278
v -0.563029 0.338514 -0.039329
v -0.563029 0.338514 -0.039329
v -0.563029 0.338514 -0.081278
v -0.549341 0.283867 -0.081278
v -0.549341 0.283867 -0.039329
v -0.563029 0.338514 -0.039329
v -0.549341 0.283867 -0.081278
v -0.549341 0.283867 -0.039329
v -0.549341 0.283867 -0.081278
v -0.530362 0.230824 -0.081278
v -0.530362 0.230824 -0.039329
v -0.549341 0.283867 -0.039329
v -0.530362 0.230824 -0.081278
v -0.111994 1.013537 -0.039329
v -0.111994 1.013537 -0.081278
v -0.166641 0.999849 -0.039329
v -0.111994 1.013537 -0.081278
v -0.166641 0.999849 -0.081278
v -0.166641 0.999849 -0.039329
v -0.166641 0.999849 -0.039329
v -0.166641 0.999849 -0.081278
v -0.219683 0.980870 -0.039329
v -0.166641 0.999849 -0.081278
v -0.219683 0.980870 -0.081278
v -0.219683 0.980870 -0.039329
v -0.219683 0.980870 -0.039329
v -0.219683 0.980870 -0.081278
v -0.270610 0.956783 -0.081278
v -0.270610 0.956783 -0.039329
v -0.219683 0.980870 -0.039329
v -0.270610 0.956783 -0.081278
v -0.270610 0.956783 -0.039329
v -0.270610 0.956783 -0.081278
v -0.318931 0.927821 -0.039329
v -0.270610 0.956783 -0.081278
v -0.318931 0.927821 -0.081278
v -0.318931 0.927821 -0.039329
v -0.318931 0.927821 -0.039329
v -0.318931 0.927821 -0.081278
v -0.364180 0.894262 -0.039329
v -0.318931 0.927821 -0.081278
v -0.364180 0.894262 -0.081278
v -0.364180 0.894262 -0.039329
v -0.364180 0.894262 -0.039329
v -0.364180 0.894262 -0.081278
v -0.405922 0.856429 -0.081278
v -0.405922 0.856429 -0.039329
v -0.364180 0.894262 -0.039329
v -0.405922 0.856429 -0.081278
v -0.405922 0.856429 -0.039329
v -0.405922 0.856429 -0.081278
v -0.443755 0.814687 -0.039329
v -0.405922 0.856429 -0.081278
v -0.443755 0.814687 -0.081278
v -0.443755 0.814687 -0.039329
v -0.443755 0.814687 -0.039329
v -0.443755 0.814687 -0.081278
v -0.477314 0.769438 -0.081278
v -0.477314 0.769438 -0.039329
v -0.443755 0.814687 -0.039329
v -0.477314 0.769438 -0.081278
v -0.477314 0.769438 -0.039329
v -0.477314 0.769438 -0.081278
v -0.506276 0.721118 -0.081278
v -0.506276 0.721118 -0.039329
v -0.477314 0.769438 -0.039329
v -0.506276 0.721118 -0.081278
v 0.364180 0.894262 -0.081278
v 0.318931 0.927821 -0.081278
v 0.364180 0.894262 -0.039329
v 0.318931 0.927821 -0.081278
v 0.318931 0.927821 -0.039329
v 0.364180 0.894262 -0.039329
v 0.318931 0.927821 -0.081278
v 0.270610 0.956783 -0.081278
v 0.318931 0.927821 -0.039329
v 0.270610 0.956783 -0.081278
v 0.270610 0.956783 -0.039329
v 0.318931 0.927821 -0.039329
v 0.270610 0.956783 -0.039329
v 0.270610 0.956783 -0.081278
v 0.219683 0.980870 -0.039329
v 0.270610 0.956783 -0.081278
v 0.219683 0.980870 -0.081278
v 0.219683 0.980870 -0.039329
v 0.219683 0.980870 -0.081278
v 0.166641 0.999849 -0.081278
v 0.219683 0.980870 -0.039329
v 0.166641 0.999849 -0.081278
v 0.166641 0.999849 -0.039329
v 0.219683 0.980870 -0.039329
v 0.166641 0.999849 -0.081278
v 0.111994 1.013537 -0.081278
v 0.166641 0.999849 -0.039329
v 0.111994 1.013537 -0.081278
v 0.111994 1.013537 -0.039329
v 0.166641 0.999849 -0.039329
v 0.111994 1.013537 -0.081278
v 0.056268 1.021803 -0.081278
v 0.111994 1.013537 -0.039329
v 0.056268 1.021803 -0.081278
v 0.056268 1.021803 -0.039329
v 0.111994 1.013537 -0.039329
v 0.056268 1.021803 -0.081278
v 0.000000 1.024567 -0.081278
v 0.056268 1.021803 -0.039329
v 0.000000 1.024567 -0.081278
v 0.000000 1.024567 -0.039329
v 0.056268 1.021803 -0.039329
v 0.000000 1.024567 -0.039329
v 0.000000 1.024567 -0.081278
v -0.056268 1.021803 -0.039329
v 0.000000 1.024567 -0.081278
v -0.056268 1.021803 -0.081278
v -0.056268 1.021803 -0.039329
v -0.056268 1.021803 -0.039329
v -0.056268 1.021803 -0.081278
v -0.111994 1.013537 -0.039329
v -0.056268 1.021803 -0.081278
v -0.111994 1.013537 -0.081278
v -0.111994 1.013537 -0.039329
v 0.005632 1.043191 -0.090290
v 0.005632 1.043191 -0.062734
v 0.005632 1.132174 -0.062734
v 0.005632 1.043191 -0.090290
v 0.005632 1.034976 -0.090290
v 0.005632 1.043191 -0.062734
v 0.005632 1.034976 -0.090290
v 0.005632 1.034976 -0.062734
v 0.005632 1.043191 -0.062734
v 0.574060 0.450508 -0.081278
v 0.571296 0.506775 -0.081278
v 0.574060 0.450508 -0.039329
v 0.571296 0.506775 -0.081278
v 0.571296 0.506775 -0.039329
v 0.574060 0.450508 -0.039329
v 0.571296 0.506775 -0.081278
v 0.563030 0.562501 -0.081278
v 0.571296 0.506775 -0.039329
v 0.563030 0.562501 -0.081278
v 0.563030 0.562501 -0.039329
v 0.571296 0.506775 -0.039329
v 0.563030 0.562501 -0.039329
v 0.563030 0.562501 -0.081278
v 0.549341 0.617148 -0.039329
v 0.563030 0.562501 -0.081278
v 0.549341 0.617148 -0.081278
v 0.549341 0.617148 -0.039329
v 0.549341 0.617148 -0.039329
v 0.549341 0.617148 -0.081278
v 0.530362 0.670191 -0.039329
v 0.549341 0.617148 -0.081278
v 0.530362 0.670191 -0.081278
v 0.530362 0.670191 -0.039329
v 0.530362 0.670191 -0.039329
v 0.530362 0.670191 -0.081278
v 0.506276 0.721118 -0.039329
v 0.530362 0.670191 -0.081278
v 0.506276 0.721118 -0.081278
v 0.506276 0.721118 -0.039329
v 0.506276 0.721118 -0.081278
v 0.477314 0.769438 -0.081278
v 0.506276 0.721118 -0.039329
v 0.477314 0.769438 -0.081278
v 0.477314 0.769438 -0.039329
v 0.506276 0.721118 -0.039329
v 0.477314 0.769438 -0.081278
v 0.443755 0.814687 -0.081278
v 0.477314 0.769438 -0.039329
v 0.443755 0.814687 -0.081278
v 0.443755 0.814687 -0.039329
v 0.477314 0.769438 -0.039329
v 0.443755 0.814687 -0.081278
v 0.405922 0.856429 -0.081278
v 0.443755 0.814687 -0.039329
v 0.405922 0.856429 -0.081278
v 0.405922 0.856429 -0.039329
v 0.443755 0.814687 -0.039329
v 0.405922 0.856429 -0.039329
v 0.405922 0.856429 -0.081278
v 0.364180 0.894262 -0.039329
v 0.405922 0.856429 -0.081278
v 0.364180 0.894262 -0.081278
v 0.364180 0.894262 -0.039329
v 0.259539 0.000000 -0.143262
v 0.259539 0.019193 -0.143262
v 0.415508 0.000000 -0.143262
v 0.259539 0.019193 -0.143262
v 0.465283 0.019193 -0.143262
v 0.415508 0.000000 -0.143262
v 0.465283 0.019193 -0.143262
v 0.457011 0.012097 -0.143262
v 0.415508 0.000000 -0.143262
v 0.457011 0.012097 -0.143262
v 0.437123 0.003086 -0.143262
v 0.415508 0.000000 -0.143262
v 0.270610 0.956783 -0.039329
v 0.332238 1.072082 -0.039329
v 0.391563 1.036524 -0.039329
v 0.318931 0.927821 -0.039329
v 0.270610 0.956783 -0.039329
v 0.391563 1.036524 -0.039329
v 0.364180 0.894262 -0.039329
v 0.318931 0.927821 -0.039329
v 0.391563 1.036524 -0.039329
v 0.622693 1.036524 -0.039329
v 0.364180 0.894262 -0.039329
v 0.391563 1.036524 -0.039329
v 0.405922 0.856429 -0.039329
v 0.364180 0.894262 -0.039329
v 0.622693 1.036524 -0.039329
v 0.443755 0.814687 -0.039329
v 0.405922 0.856429 -0.039329
v 0.622693 1.036524 -0.039329
v 0.477314 0.769438 -0.039329
v 0.443755 0.814687 -0.039329
v 0.622693 1.036524 -0.039329
v 0.477314 0.769438 -0.039329
v 0.622693 1.036524 -0.039329
v 0.621574 0.782746 -0.039329
v 0.506276 0.721118 -0.039329
v 0.477314 0.769438 -0.039329
v 0.621574 0.782746 -0.039329
v 0.506276 0.721118 -0.039329
v 0.621574 0.782746 -0.039329
v 0.651146 0.720221 -0.039329
v 0.530362 0.670191 -0.039329
v 0.506276 0.721118 -0.039329
v 0.651146 0.720221 -0.039329
v 0.549341 0.617148 -0.039329
v 0.530362 0.670191 -0.039329
v 0.651146 0.720221 -0.039329
v 0.674447 0.655099 -0.039329
v 0.549341 0.617148 -0.039329
v 0.651146 0.720221 -0.039329
v 0.549341 0.617148 -0.039329
v 0.674447 0.655099 -0.039329
v 0.691253 0.588006 -0.039329
v 0.563030 0.562501 -0.039329
v 0.549341 0.617148 -0.039329
v 0.691253 0.588006 -0.039329
v 0.571296 0.506775 -0.039329
v 0.563030 0.562501 -0.039329
v 0.691253 0.588006 -0.039329
v 0.701402 0.519589 -0.039329
v 0.571296 0.506775 -0.039329
v 0.691253 0.588006 -0.039329
v 0.574060 0.450508 -0.039329
v 0.571296 0.506775 -0.039329
v 0.701402 0.519589 -0.039329
v 0.704796 0.450507 -0.039329
v 0.574060 0.450508 -0.039329
v 0.701402 0.519589 -0.039329
v 0.574060 0.450508 -0.039329
v 0.704796 0.450507 -0.039329
v 0.701402 0.381425 -0.039329
v 0.571296 0.394240 -0.039329
v 0.574060 0.450508 -0.039329
v 0.701402 0.381425 -0.039329
v 0.563030 0.338514 -0.039329
v 0.571296 0.394240 -0.039329
v 0.701402 0.381425 -0.039329
v 0.691253 0.313009 -0.039329
v 0.563030 0.338514 -0.039329
v 0.701402 0.381425 -0.039329
v 0.549341 0.283867 -0.039329
v 0.563030 0.338514 -0.039329
v 0.691253 0.313009 -0.039329
v 0.674447 0.245916 -0.039329
v 0.549341 0.283867 -0.039329
v 0.691253 0.313009 -0.039329
v 0.549341 0.283867 -0.039329
v 0.674447 0.245916 -0.039329
v 0.651146 0.180794 -0.039329
v 0.530362 0.230824 -0.039329
v 0.549341 0.283867 -0.039329
v 0.651146 0.180794 -0.039329
v 0.506276 0.179897 -0.039329
v 0.530362 0.230824 -0.039329
v 0.651146 0.180794 -0.039329
v 0.625449 0.118269 -0.039329
v 0.506276 0.179897 -0.039329
v 0.651146 0.180794 -0.039329
v 0.477314 0.131577 -0.039329
v 0.506276 0.179897 -0.039329
v 0.625449 0.118269 -0.039329
v 0.629698 0.058944 -0.039329
v 0.477314 0.131577 -0.039329
v 0.625449 0.118269 -0.039329
v 0.443755 0.086328 -0.039329
v 0.477314 0.131577 -0.039329
v 0.629698 0.058944 -0.039329
v 0.622693 0.010000 -0.039329
v 0.443755 0.086328 -0.039329
v 0.629698 0.058944 -0.039329
v 0.405922 0.044586 -0.039329
v 0.443755 0.086328 -0.039329
v 0.622693 0.010000 -0.039329
v 0.367763 0.010000 -0.039329
v 0.405922 0.044586 -0.039329
v 0.622693 0.010000 -0.039329
v 0.259539 0.019193 -0.124996
v 0.259539 0.000000 -0.124996
v 0.000000 0.019193 -0.124996
v 0.259539 0.000000 -0.124996
v 0.000000 0.000000 -0.124996
v 0.000000 0.019193 -0.124996
v 0.000000 0.000000 -0.124996
v -0.259539 0.000000 -0.124996
v 0.000000 0.019193 -0.124996
v -0.259539 0.000000 -0.124996
v -0.259539 0.019193 -0.124996
v 0.000000 0.019193 -0.124996
v -0.701402 0.519589 -0.039329
v -0.691253 0.588006 -0.039329
v -0.571296 0.506775 -0.039329
v -0.691253 0.588006 -0.039329
v -0.563030 0.562501 -0.039329
v -0.571296 0.506775 -0.039329
v -0.549341 0.617148 -0.039329
v -0.563030 0.562501 -0.039329
v -0.691253 0.588006 -0.039329
v -0.674447 0.655099 -0.039329
v -0.549341 0.617148 -0.039329
v -0.691253 0.588006 -0.039329
v -0.674447 0.655099 -0.039329
v -0.651146 0.720221 -0.039329
v -0.549341 0.617148 -0.039329
v -0.651146 0.720221 -0.039329
v -0.530362 0.670191 -0.039329
v -0.549341 0.617148 -0.039329
v -0.506276 0.721118 -0.039329
v -0.530362 0.670191 -0.039329
v -0.651146 0.720221 -0.039329
v -0.651146 1.036524 -0.039329
v -0.506276 0.721118 -0.039329
v -0.651146 0.720221 -0.039329
v -0.477314 0.769438 -0.039329
v -0.506276 0.721118 -0.039329
v -0.651146 1.036524 -0.039329
v -0.443755 0.814687 -0.039329
v -0.477314 0.769438 -0.039329
v -0.651146 1.036524 -0.039329
v -0.405922 0.856429 -0.039329
v -0.443755 0.814687 -0.039329
v -0.651146 1.036524 -0.039329
v -0.364180 0.894262 -0.039329
v -0.405922 0.856429 -0.039329
v -0.651146 1.036524 -0.039329
v -0.651146 1.036524 -0.039329
v -0.393448 1.036524 -0.039329
v -0.364180 0.894262 -0.039329
v -0.393448 1.036524 -0.039329
v -0.318931 0.927821 -0.039329
v -0.364180 0.894262 -0.039329
v -0.393448 1.036524 -0.039329
v -0.332238 1.072082 -0.039329
v -0.318931 0.927821 -0.039329
v -0.332238 1.072082 -0.039329
v -0.270610 0.956783 -0.039329
v -0.318931 0.927821 -0.039329
v -0.332238 1.072082 -0.039329
v -0.269714 1.101654 -0.039329
v -0.270610 0.956783 -0.039329
v -0.269714 1.101654 -0.039329
v -0.219683 0.980870 -0.039329
v -0.270610 0.956783 -0.039329
v -0.166641 0.999849 -0.039329
v -0.219683 0.980870 -0.039329
v -0.269714 1.101654 -0.039329
v -0.204591 1.124955 -0.039329
v -0.166641 0.999849 -0.039329
v -0.269714 1.101654 -0.039329
v -0.204591 1.124955 -0.039329
v -0.137499 1.141761 -0.039329
v -0.166641 0.999849 -0.039329
v -0.137499 1.141761 -0.039329
v -0.111994 1.013537 -0.039329
v -0.166641 0.999849 -0.039329
v -0.056268 1.021803 -0.039329
v -0.111994 1.013537 -0.039329
v -0.137499 1.141761 -0.039329
v -0.069082 1.151909 -0.039329
v -0.056268 1.021803 -0.039329
v -0.137499 1.141761 -0.039329
v -0.069082 1.151909 -0.039329
v 0.000000 1.155303 -0.039329
v -0.056268 1.021803 -0.039329
v 0.000000 1.155303 -0.039329
v 0.000000 1.024567 -0.039329
v -0.056268 1.021803 -0.039329
v 0.056268 1.021803 -0.039329
v 0.000000 1.024567 -0.039329
v 0.000000 1.155303 -0.039329
v 0.069082 1.151909 -0.039329
v 0.056268 1.021803 -0.039329
v 0.000000 1.155303 -0.039329
v 0.056268 1.021803 -0.039329
v 0.069082 1.151909 -0.039329
v 0.137499 1.141761 -0.039329
v 0.111994 1.013537 -0.039329
v 0.056268 1.021803 -0.039329
v 0.137499 1.141761 -0.039329
v 0.166641 0.999849 -0.039329
v 0.111994 1.013537 -0.039329
v 0.137499 1.141761 -0.039329
v 0.204591 1.124955 -0.039329
v 0.166641 0.999849 -0.039329
v 0.137499 1.141761 -0.039329
v 0.166641 0.999849 -0.039329
v 0.204591 1.124955 -0.039329
v 0.269714 1.101654 -0.039329
v 0.219683 0.980870 -0.039329
v 0.166641 0.999849 -0.039329
v 0.269714 1.101654 -0.039329
v 0.270610 0.956783 -0.039329
v 0.219683 0.980870 -0.039329
v 0.269714 1.101654 -0.039329
v 0.332238 1.072082 -0.039329
v 0.270610 0.956783 -0.039329
v 0.269714 1.101654 -0.039329
v -0.405922 0.044586 -0.039329
v -0.367763 0.010000 -0.039329
v -0.623343 0.010000 -0.039329
v -0.443755 0.086328 -0.039329
v -0.405922 0.044586 -0.039329
v -0.623343 0.010000 -0.039329
v -0.623343 0.010000 -0.039329
v -0.625233 0.058944 -0.039329
v -0.443755 0.086328 -0.039329
v -0.625233 0.058944 -0.039329
v -0.477314 0.131577 -0.039329
v -0.443755 0.086328 -0.039329
v -0.625233 0.058944 -0.039329
v -0.621574 0.118269 -0.039329
v -0.477314 0.131577 -0.039329
v -0.621574 0.118269 -0.039329
v -0.506276 0.179897 -0.039329
v -0.477314 0.131577 -0.039329
v -0.621574 0.118269 -0.039329
v -0.651146 0.180794 -0.039329
v -0.506276 0.179897 -0.039329
v -0.651146 0.180794 -0.039329
v -0.530362 0.230824 -0.039329
v -0.506276 0.179897 -0.039329
v -0.549341 0.283867 -0.039329
v -0.530362 0.230824 -0.039329
v -0.651146 0.180794 -0.039329
v -0.674447 0.245916 -0.039329
v -0.549341 0.283867 -0.039329
v -0.651146 0.180794 -0.039329
v -0.674447 0.245916 -0.039329
v -0.691253 0.313009 -0.039329
v -0.549341 0.283867 -0.039329
v -0.691253 0.313009 -0.039329
v -0.563029 0.338514 -0.039329
v -0.549341 0.283867 -0.039329
v -0.691253 0.313009 -0.039329
v -0.701402 0.381425 -0.039329
v -0.563029 0.338514 -0.039329
v -0.701402 0.381425 -0.039329
v -0.571296 0.394240 -0.039329
v -0.563029 0.338514 -0.039329
v -0.574060 0.450508 -0.039329
v -0.571296 0.394240 -0.039329
v -0.701402 0.381425 -0.039329
v -0.704796 0.450507 -0.039329
v -0.574060 0.450508 -0.039329
v -0.701402 0.381425 -0.039329
v -0.704796 0.450507 -0.039329
v -0.701402 0.519589 -0.039329
v -0.574060 0.450508 -0.039329
v -0.701402 0.519589 -0.039329
v -0.571296 0.506775 -0.039329
v -0.574060 0.450508 -0.039329
v -0.377488 0.010000 -0.062734
v -0.410546 0.039962 -0.062734
v -0.535669 0.010000 -0.062734
v -0.535669 0.010000 -0.062734
v -0.410546 0.039962 -0.062734
v -0.492239 0.046090 -0.062734
v -0.410546 0.039962 -0.062734
v -0.448809 0.082179 -0.062734
v -0.492239 0.046090 -0.062734
v -0.529715 0.096563 -0.062734
v -0.492239 0.046090 -0.062734
v -0.448809 0.082179 -0.062734
v -0.482751 0.127944 -0.062734
v -0.529715 0.096563 -0.062734
v -0.448809 0.082179 -0.062734
v -0.561857 0.150189 -0.062734
v -0.529715 0.096563 -0.062734
v -0.482751 0.127944 -0.062734
v -0.512043 0.176815 -0.062734
v -0.561857 0.150189 -0.062734
v -0.482751 0.127944 -0.062734
v -0.588588 0.206706 -0.062734
v -0.561857 0.150189 -0.062734
v -0.512043 0.176815 -0.062734
v -0.536404 0.228322 -0.062734
v -0.588588 0.206706 -0.062734
v -0.512043 0.176815 -0.062734
v -0.536404 0.228322 -0.062734
v -0.555599 0.281969 -0.062734
v -0.588588 0.206706 -0.062734
v -0.555599 0.281969 -0.062734
v -0.609650 0.265572 -0.062734
v -0.588588 0.206706 -0.062734
v -0.555599 0.281969 -0.062734
v -0.569443 0.337238 -0.062734
v -0.609650 0.265572 -0.062734
v -0.569443 0.337238 -0.062734
v -0.624842 0.326219 -0.062734
v -0.609650 0.265572 -0.062734
v -0.634015 0.388062 -0.062734
v -0.624842 0.326219 -0.062734
v -0.569443 0.337238 -0.062734
v -0.577803 0.393599 -0.062734
v -0.634015 0.388062 -0.062734
v -0.569443 0.337238 -0.062734
v -0.577803 0.393599 -0.062734
v -0.580599 0.450507 -0.062734
v -0.634015 0.388062 -0.062734
v -0.580599 0.450507 -0.062734
v -0.637083 0.450507 -0.062734
v -0.634015 0.388062 -0.062734
v -0.580599 0.450507 -0.062734
v -0.577804 0.507416 -0.062734
v -0.637083 0.450507 -0.062734
v -0.577804 0.507416 -0.062734
v -0.634016 0.512952 -0.062734
v -0.637083 0.450507 -0.062734
v -0.577804 0.507416 -0.062734
v -0.569443 0.563777 -0.062734
v -0.634016 0.512952 -0.062734
v -0.569443 0.563777 -0.062734
v -0.624842 0.574796 -0.062734
v -0.634016 0.512952 -0.062734
v -0.609651 0.635443 -0.062734
v -0.624842 0.574796 -0.062734
v -0.569443 0.563777 -0.062734
v -0.555599 0.619046 -0.062734
v -0.609651 0.635443 -0.062734
v -0.569443 0.563777 -0.062734
v -0.588588 0.694309 -0.062734
v -0.609651 0.635443 -0.062734
v -0.555599 0.619046 -0.062734
v -0.536404 0.672693 -0.062734
v -0.588588 0.694309 -0.062734
v -0.555599 0.619046 -0.062734
v -0.413346 0.031857 -0.106731
v -0.259539 0.019193 -0.106731
v -0.465283 0.019193 -0.106731
v 0.000000 0.031857 -0.106731
v -0.259539 0.019193 -0.106731
v -0.413346 0.031857 -0.106731
v 0.000000 0.031857 -0.106731
v 0.000000 0.019193 -0.106731
v -0.259539 0.019193 -0.106731
v 0.000000 0.019193 -0.106731
v 0.000000 0.031857 -0.106731
v 0.259539 0.019193 -0.106731
v 0.259539 0.019193 -0.106731
v 0.000000 0.031857 -0.106731
v 0.413346 0.031857 -0.106731
v 0.259539 0.019193 -0.106731
v 0.413346 0.031857 -0.106731
v 0.465283 0.019193 -0.106731
v -0.536404 0.672693 0.062734
v -0.512043 0.724200 0.062734
v -0.536404 0.672693 0.091216
v -0.512043 0.724200 0.062734
v -0.512043 0.724200 0.091216
v -0.536404 0.672693 0.091216
v -0.512043 0.724200 0.091216
v -0.512043 0.724200 0.062734
v -0.482751 0.773071 0.091216
v -0.512043 0.724200 0.062734
v -0.482751 0.773071 0.062734
v -0.482751 0.773071 0.091216
v -0.482751 0.773071 0.091216
v -0.482751 0.773071 0.062734
v -0.448809 0.818836 0.091216
v -0.482751 0.773071 0.062734
v -0.448809 0.818836 0.062734
v -0.448809 0.818836 0.091216
v -0.448809 0.818836 0.091216
v -0.448809 0.818836 0.062734
v -0.410546 0.861053 0.091216
v -0.448809 0.818836 0.062734
v -0.410546 0.861053 0.062734
v -0.410546 0.861053 0.091216
v -0.410546 0.861053 0.091216
v -0.410546 0.861053 0.062734
v -0.368328 0.899317 0.091216
v -0.410546 0.861053 0.062734
v -0.368328 0.899317 0.062734
v -0.368328 0.899317 0.091216
v -0.368328 0.899317 0.091216
v -0.368328 0.899317 0.062734
v -0.322564 0.933258 0.091216
v -0.368328 0.899317 0.062734
v -0.322564 0.933258 0.062734
v -0.322564 0.933258 0.091216
v -0.322564 0.933258 0.091216
v -0.322564 0.933258 0.062734
v -0.273693 0.962550 0.091216
v -0.322564 0.933258 0.062734
v -0.273693 0.962550 0.062734
v -0.273693 0.962550 0.091216
v -0.273693 0.962550 0.091216
v -0.273693 0.962550 0.062734
v -0.222186 0.986911 0.091216
v -0.273693 0.962550 0.062734
v -0.222186 0.986911 0.062734
v -0.222186 0.986911 0.091216
v -0.222186 0.986911 0.091216
v -0.222186 0.986911 0.062734
v -0.168539 1.006106 0.091216
v -0.222186 0.986911 0.062734
v -0.168539 1.006106 0.062734
v -0.168539 1.006106 0.091216
v -0.168539 1.006106 0.091216
v -0.168539 1.006106 0.062734
v -0.113269 1.019951 0.091216
v -0.168539 1.006106 0.062734
v -0.113269 1.019951 0.062734
v -0.113269 1.019951 0.091216
v -0.113269 1.019951 0.091216
v -0.113269 1.019951 0.062734
v -0.056909 1.028311 0.091216
v -0.113269 1.019951 0.062734
v -0.056909 1.028311 0.062734
v -0.056909 1.028311 0.091216
v -0.056909 1.028311 0.062734
v 0.000000 1.031107 0.062734
v -0.056909 1.028311 0.091216
v 0.000000 1.031107 0.062734
v 0.000000 1.031107 0.091216
v -0.056909 1.028311 0.091216
v 0.000000 1.031107 0.091216
v 0.000000 1.031107 0.062734
v 0.056909 1.028311 0.091216
v 0.000000 1.031107 0.062734
v 0.056909 1.028311 0.062734
v 0.056909 1.028311 0.091216
v 0.056909 1.028311 0.091216
v 0.056909 1.028311 0.062734
v 0.113269 1.019951 0.062734
v 0.113269 1.019951 0.091216
v 0.056909 1.028311 0.091216
v 0.113269 1.019951 0.062734
v 0.113269 1.019951 0.091216
v 0.113269 1.019951 0.062734
v 0.168539 1.006106 0.062734
v 0.168539 1.006106 0.091216
v 0.113269 1.019951 0.091216
v 0.168539 1.006106 0.062734
v 0.168539 1.006106 0.091216
v 0.168539 1.006106 0.062734
v 0.222186 0.986911 0.062734
v 0.222186 0.986911 0.091216
v 0.168539 1.006106 0.091216
v 0.222186 0.986911 0.062734
v 0.222186 0.986911 0.091216
v 0.222186 0.986911 0.062734
v 0.273693 0.962550 0.062734
v 0.273693 0.962550 0.091216
v 0.222186 0.986911 0.091216
v 0.273693 0.962550 0.062734
v 0.273693 0.962550 0.091216
v 0.273693 0.962550 0.062734
v 0.322564 0.933258 0.091216
v 0.273693 0.962550 0.062734
v 0.322564 0.933258 0.062734
v 0.322564 0.933258 0.091216
v 0.322564 0.933258 0.091216
v 0.322564 0.933258 0.062734
v 0.368328 0.899317 0.091216
v 0.322564 0.933258 0.062734
v 0.368328 0.899317 0.062734
v 0.368328 0.899317 0.091216
v 0.368328 0.899317 0.091216
v 0.368328 0.899317 0.062734
v 0.410546 0.861053 0.091216
v 0.368328 0.899317 0.062734
v 0.410546 0.861053 0.062734
v 0.410546 0.861053 0.091216
v 0.410546 0.861053 0.091216
v 0.410546 0.861053 0.062734
v 0.448809 0.818836 0.091216
v 0.410546 0.861053 0.062734
v 0.448809 0.818836 0.062734
v 0.448809 0.818836 0.091216
v 0.448809 0.818836 0.091216
v 0.448809 0.818836 0.062734
v 0.482751 0.773071 0.062734
v 0.482751 0.773071 0.091216
v 0.448809 0.818836 0.091216
v 0.482751 0.773071 0.062734
v 0.482751 0.773071 0.091216
v 0.482751 0.773071 0.062734
v 0.512043 0.724200 0.062734
v 0.512043 0.724200 0.091216
v 0.482751 0.773071 0.091216
v 0.512043 0.724200 0.062734
v 0.512043 0.724200 0.091216
v 0.512043 0.724200 0.062734
v 0.536404 0.672693 0.062734
v 0.536404 0.672693 0.091216
v 0.512043 0.724200 0.091216
v 0.536404 0.672693 0.062734
v -0.580599 0.450507 0.062734
v -0.577804 0.507416 0.062734
v -0.580599 0.450507 0.091216
v -0.577804 0.507416 0.062734
v -0.577804 0.507416 0.091216
v -0.580599 0.450507 0.091216
v -0.577804 0.507416 0.062734
v -0.569443 0.563777 0.062734
v -0.577804 0.507416 0.091216
v -0.569443 0.563777 0.062734
v -0.569443 0.563777 0.091216
v -0.577804 0.507416 0.091216
v -0.569443 0.563777 0.091216
v -0.569443 0.563777 0.062734
v -0.555599 0.619046 0.091216
v -0.569443 0.563777 0.062734
v -0.555599 0.619046 0.062734
v -0.555599 0.619046 0.091216
v -0.555599 0.619046 0.091216
v -0.555599 0.619046 0.062734
v -0.536404 0.672693 0.091216
v -0.555599 0.619046 0.062734
v -0.536404 0.672693 0.062734
v -0.536404 0.672693 0.091216
v -0.377488 0.010000 0.062734
v -0.410546 0.039962 0.062734
v -0.377488 0.010000 0.091216
v -0.410546 0.039962 0.062734
v -0.410546 0.039962 0.091216
v -0.377488 0.010000 0.091216
v -0.410546 0.039962 0.062734
v -0.448809 0.082179 0.062734
v -0.410546 0.039962 0.091216
v -0.448809 0.082179 0.062734
v -0.448809 0.082179 0.091216
v -0.410546 0.039962 0.091216
v -0.448809 0.082179 0.062734
v -0.482751 0.127944 0.062734
v -0.448809 0.082179 0.091216
v -0.482751 0.127944 0.062734
v -0.482751 0.127944 0.091216
v -0.448809 0.082179 0.091216
v -0.482751 0.127944 0.062734
v -0.512043 0.176815 0.062734
v -0.482751 0.127944 0.091216
v -0.512043 0.176815 0.062734
v -0.512043 0.176815 0.091216
v -0.482751 0.127944 0.091216
v -0.512043 0.176815 0.062734
v -0.536404 0.228322 0.062734
v -0.512043 0.176815 0.091216
v -0.536404 0.228322 0.062734
v -0.536404 0.228322 0.091216
v -0.512043 0.176815 0.091216
v -0.536404 0.228322 0.062734
v -0.555599 0.281969 0.062734
v -0.536404 0.228322 0.091216
v -0.555599 0.281969 0.062734
v -0.555599 0.281969 0.091216
v -0.536404 0.228322 0.091216
v -0.555599 0.281969 0.062734
v -0.569443 0.337238 0.062734
v -0.555599 0.281969 0.091216
v -0.569443 0.337238 0.062734
v -0.569443 0.337238 0.091216
v -0.555599 0.281969 0.091216
v -0.569443 0.337238 0.091216
v -0.569443 0.337238 0.062734
v -0.577803 0.393599 0.091216
v -0.569443 0.337238 0.062734
v -0.577803 0.393599 0.062734
v -0.577803 0.393599 0.091216
v -0.577803 0.393599 0.062734
v -0.580599 0.450507 0.062734
v -0.577803 0.393599 0.091216
v -0.580599 0.450507 0.062734
v -0.580599 0.450507 0.091216
v -0.577803 0.393599 0.091216
v 0.259539 0.000000 -0.143262
v 0.415508 0.000000 -0.164886
v 0.000000 -0.000000 -0.164886
v 0.415508 0.000000 -0.143262
v 0.415508 0.000000 -0.164886
v 0.259539 0.000000 -0.143262
v -0.259539 0.000000 -0.143262
v -0.415508 0.000000 -0.164886
v -0.415508 0.000000 -0.143262
v -0.259539 0.000000 -0.143262
v 0.000000 -0.000000 -0.164886
v -0.415508 0.000000 -0.164886
v -0.259539 0.000000 -0.143262
v 0.000000 0.000000 -0.124996
v 0.000000 -0.000000 -0.164886
v 0.259539 0.000000 -0.143262
v 0.000000 -0.000000 -0.164886
v 0.000000 0.000000 -0.124996
v 0.259539 0.000000 -0.143262
v 0.000000 0.000000 -0.124996
v 0.259539 0.000000 -0.124996
v -0.259539 0.000000 -0.124996
v 0.000000 0.000000 -0.124996
v -0.259539 0.000000 -0.143262
v -0.603285 0.330507 0.164886
v -0.603285 0.330507 0.184218
v -0.588618 0.271952 0.184218
v -0.588618 0.271952 0.164886
v -0.603285 0.330507 0.164886
v -0.588618 0.271952 0.184218
v -0.588618 0.271952 0.164886
v -0.588618 0.271952 0.184218
v -0.568282 0.215117 0.184218
v -0.568282 0.215117 0.164886
v -0.588618 0.271952 0.164886
v -0.568282 0.215117 0.184218
v -0.568282 0.215117 0.164886
v -0.568282 0.215117 0.184218
v -0.542474 0.160549 0.184218
v -0.542474 0.160549 0.164886
v -0.568282 0.215117 0.164886
v -0.542474 0.160549 0.184218
v -0.542474 0.160549 0.164886
v -0.542474 0.160549 0.184218
v -0.511441 0.108774 0.184218
v -0.511441 0.108774 0.164886
v -0.542474 0.160549 0.164886
v -0.511441 0.108774 0.184218
v -0.511441 0.108774 0.164886
v -0.511441 0.108774 0.184218
v -0.475482 0.060289 0.184218
v -0.475482 0.060289 0.164886
v -0.511441 0.108774 0.164886
v -0.475482 0.060289 0.184218
v -0.458971 0.041086 0.164886
v -0.475482 0.060289 0.164886
v -0.475482 0.060289 0.184218
v -0.458971 0.041086 0.184218
v -0.458971 0.041086 0.164886
v -0.475482 0.060289 0.184218
v -0.458971 0.041086 0.184218
v -0.445931 0.029489 0.184218
v -0.458971 0.041086 0.164886
v -0.445931 0.029489 0.184218
v -0.445931 0.029489 0.164886
v -0.458971 0.041086 0.164886
v -0.445931 0.029489 0.164886
v -0.445931 0.029489 0.184218
v -0.431353 0.022883 0.164886
v -0.445931 0.029489 0.184218
v -0.431353 0.022883 0.184218
v -0.431353 0.022883 0.164886
v -0.431353 0.022883 0.184218
v -0.414036 0.020726 0.184218
v -0.431353 0.022883 0.164886
v -0.414036 0.020726 0.184218
v -0.414036 0.020726 0.164886
v -0.431353 0.022883 0.164886
v -0.475482 0.840725 0.164886
v -0.475482 0.840725 0.184218
v -0.511441 0.792241 0.184218
v -0.511441 0.792241 0.164886
v -0.475482 0.840725 0.164886
v -0.511441 0.792241 0.184218
v -0.511441 0.792241 0.164886
v -0.511441 0.792241 0.184218
v -0.542474 0.740465 0.184218
v -0.542474 0.740465 0.164886
v -0.511441 0.792241 0.164886
v -0.542474 0.740465 0.184218
v -0.568283 0.685898 0.164886
v -0.542474 0.740465 0.164886
v -0.542474 0.740465 0.184218
v -0.568283 0.685898 0.184218
v -0.568283 0.685898 0.164886
v -0.542474 0.740465 0.184218
v -0.568283 0.685898 0.164886
v -0.568283 0.685898 0.184218
v -0.588618 0.629063 0.184218
v -0.588619 0.629063 0.164886
v -0.568283 0.685898 0.164886
v -0.588618 0.629063 0.184218
v -0.588619 0.629063 0.164886
v -0.588618 0.629063 0.184218
v -0.603286 0.570508 0.184218
v -0.603286 0.570508 0.164886
v -0.588619 0.629063 0.164886
v -0.603286 0.570508 0.184218
v -0.603286 0.570508 0.164886
v -0.603286 0.570508 0.184218
v -0.612143 0.510798 0.184218
v -0.612143 0.510798 0.164886
v -0.603286 0.570508 0.164886
v -0.612143 0.510798 0.184218
v -0.615105 0.450507 0.164886
v -0.612143 0.510798 0.164886
v -0.612143 0.510798 0.184218
v -0.615105 0.450507 0.184218
v -0.615105 0.450507 0.164886
v -0.612143 0.510798 0.184218
v -0.615105 0.450507 0.164886
v -0.615105 0.450507 0.184218
v -0.612143 0.390217 0.184218
v -0.612143 0.390217 0.164886
v -0.615105 0.450507 0.164886
v -0.612143 0.390217 0.184218
v -0.612143 0.390217 0.164886
v -0.612143 0.390217 0.184218
v -0.603285 0.330507 0.184218
v -0.603285 0.330507 0.164886
v -0.612143 0.390217 0.164886
v -0.603285 0.330507 0.184218
v 0.000000 1.065612 0.164886
v 0.000000 1.065612 0.184218
v -0.060291 1.062650 0.184218
v -0.060291 1.062650 0.164886
v 0.000000 1.065612 0.164886
v -0.060291 1.062650 0.184218
v -0.060291 1.062650 0.164886
v -0.060291 1.062650 0.184218
v -0.120001 1.053793 0.184218
v -0.120001 1.053793 0.164886
v -0.060291 1.062650 0.164886
v -0.120001 1.053793 0.184218
v -0.178555 1.039126 0.164886
v -0.120001 1.053793 0.164886
v -0.120001 1.053793 0.184218
v -0.178555 1.039126 0.184218
v -0.178555 1.039126 0.164886
v -0.120001 1.053793 0.184218
v -0.235390 1.018790 0.164886
v -0.178555 1.039126 0.164886
v -0.178555 1.039126 0.184218
v -0.235390 1.018790 0.184218
v -0.235390 1.018790 0.164886
v -0.178555 1.039126 0.184218
v -0.289958 0.992981 0.164886
v -0.235390 1.018790 0.164886
v -0.235390 1.018790 0.184218
v -0.289958 0.992981 0.184218
v -0.289958 0.992981 0.164886
v -0.235390 1.018790 0.184218
v -0.341734 0.961948 0.164886
v -0.289958 0.992981 0.164886
v -0.289958 0.992981 0.184218
v -0.341734 0.961948 0.184218
v -0.341734 0.961948 0.164886
v -0.289958 0.992981 0.184218
v -0.341734 0.961948 0.164886
v -0.341734 0.961948 0.184218
v -0.390218 0.925990 0.184218
v -0.390218 0.925990 0.164886
v -0.341734 0.961948 0.164886
v -0.390218 0.925990 0.184218
v -0.390218 0.925990 0.164886
v -0.390218 0.925990 0.184218
v -0.434945 0.885452 0.184218
v -0.434945 0.885452 0.164886
v -0.390218 0.925990 0.164886
v -0.434945 0.885452 0.184218
v -0.434945 0.885452 0.164886
v -0.434945 0.885452 0.184218
v -0.475482 0.840725 0.184218
v -0.475482 0.840725 0.164886
v -0.434945 0.885452 0.164886
v -0.475482 0.840725 0.184218
v 0.434945 0.885452 0.164886
v 0.475482 0.840725 0.164886
v 0.475482 0.840725 0.184218
v 0.434945 0.885452 0.184218
v 0.434945 0.885452 0.164886
v 0.475482 0.840725 0.184218
v 0.390218 0.925990 0.164886
v 0.434945 0.885452 0.164886
v 0.434945 0.885452 0.184218
v 0.390218 0.925990 0.184218
v 0.390218 0.925990 0.164886
v 0.434945 0.885452 0.184218
v 0.341734 0.961948 0.164886
v 0.390218 0.925990 0.164886
v 0.390218 0.925990 0.184218
v 0.341734 0.961948 0.184218
v 0.341734 0.961948 0.164886
v 0.390218 0.925990 0.184218
v 0.341734 0.961948 0.184218
v 0.289958 0.992981 0.184218
v 0.341734 0.961948 0.164886
v 0.289958 0.992981 0.184218
v 0.289958 0.992981 0.164886
v 0.341734 0.961948 0.164886
v 0.235390 1.018790 0.164886
v 0.289958 0.992981 0.164886
v 0.289958 0.992981 0.184218
v 0.235390 1.018790 0.184218
v 0.235390 1.018790 0.164886
v 0.289958 0.992981 0.184218
v 0.178555 1.039126 0.164886
v 0.235390 1.018790 0.164886
v 0.235390 1.018790 0.184218
v 0.178555 1.039126 0.184218
v 0.178555 1.039126 0.164886
v 0.235390 1.018790 0.184218
v 0.178555 1.039126 0.184218
v 0.120001 1.053793 0.184218
v 0.178555 1.039126 0.164886
v 0.120001 1.053793 0.184218
v 0.120001 1.053793 0.164886
v 0.178555 1.039126 0.164886
v 0.060291 1.062650 0.164886
v 0.120001 1.053793 0.164886
v 0.120001 1.053793 0.184218
v 0.060291 1.062650 0.184218
v 0.060291 1.062650 0.164886
v 0.120001 1.053793 0.184218
v 0.000000 1.065612 0.164886
v 0.060291 1.062650 0.164886
v 0.060291 1.062650 0.184218
v 0.000000 1.065612 0.184218
v 0.000000 1.065612 0.164886
v 0.060291 1.062650 0.184218
v 0.612143 0.390217 0.164886
v 0.603285 0.330507 0.164886
v 0.603285 0.330507 0.184218
v 0.612143 0.390217 0.184218
v 0.612143 0.390217 0.164886
v 0.603285 0.330507 0.184218
v 0.615105 0.450507 0.164886
v 0.612143 0.390217 0.164886
v 0.612143 0.390217 0.184218
v 0.615105 0.450507 0.184218
v 0.615105 0.450507 0.164886
v 0.612143 0.390217 0.184218
v 0.612143 0.510798 0.164886
v 0.615105 0.450507 0.164886
v 0.615105 0.450507 0.184218
v 0.612143 0.510798 0.184218
v 0.612143 0.510798 0.164886
v 0.615105 0.450507 0.184218
v 0.603286 0.570508 0.164886
v 0.612143 0.510798 0.164886
v 0.612143 0.510798 0.184218
v 0.603286 0.570508 0.184218
v 0.603286 0.570508 0.164886
v 0.612143 0.510798 0.184218
v 0.588619 0.629063 0.164886
v 0.603286 0.570508 0.164886
v 0.603286 0.570508 0.184218
v 0.588619 0.629063 0.184218
v 0.588619 0.629063 0.164886
v 0.603286 0.570508 0.184218
v 0.568283 0.685898 0.164886
v 0.588619 0.629063 0.164886
v 0.588619 0.629063 0.184218
v 0.568283 0.685898 0.184218
v 0.568283 0.685898 0.164886
v 0.588619 0.629063 0.184218
v 0.542474 0.740465 0.164886
v 0.568283 0.685898 0.164886
v 0.568283 0.685898 0.184218
v 0.542474 0.740465 0.184218
v 0.542474 0.740465 0.164886
v 0.568283 0.685898 0.184218
v 0.511441 0.792241 0.164886
v 0.542474 0.740465 0.164886
v 0.542474 0.740465 0.184218
v 0.511441 0.792241 0.184218
v 0.511441 0.792241 0.164886
v 0.542474 0.740465 0.184218
v 0.475482 0.840725 0.164886
v 0.511441 0.792241 0.164886
v 0.511441 0.792241 0.184218
v 0.475482 0.840725 0.184218
v 0.475482 0.840725 0.164886
v 0.511441 0.792241 0.184218
v 0.414036 0.020726 0.164886
v 0.414036 0.020726 0.184218
v 0.431353 0.022883 0.164886
v 0.414036 0.020726 0.184218
v 0.431353 0.022883 0.184218
v 0.431353 0.022883 0.164886
v 0.431353 0.022883 0.164886
v 0.431353 0.022883 0.184218
v 0.445931 0.029489 0.184218
v 0.445931 0.029489 0.164886
v 0.431353 0.022883 0.164886
v 0.445931 0.029489 0.184218
v 0.445931 0.029489 0.164886
v 0.445931 0.029489 0.184218
v 0.458971 0.041086 0.164886
v 0.445931 0.029489 0.184218
v 0.458971 0.041086 0.184218
v 0.458971 0.041086 0.164886
v 0.458971 0.041086 0.184218
v 0.475482 0.060289 0.184218
v 0.458971 0.041086 0.164886
v 0.475482 0.060289 0.184218
v 0.475482 0.060289 0.164886
v 0.458971 0.041086 0.164886
v 0.511441 0.108774 0.164886
v 0.475482 0.060289 0.164886
v 0.475482 0.060289 0.184218
v 0.511441 0.108774 0.184218
v 0.511441 0.108774 0.164886
v 0.475482 0.060289 0.184218
v 0.542474 0.160549 0.164886
v 0.511441 0.108774 0.164886
v 0.511441 0.108774 0.184218
v 0.542474 0.160549 0.184218
v 0.542474 0.160549 0.164886
v 0.511441 0.108774 0.184218
v 0.542474 0.160549 0.184218
v 0.568282 0.215117 0.184218
v 0.542474 0.160549 0.164886
v 0.568282 0.215117 0.184218
v 0.568282 0.215117 0.164886
v 0.542474 0.160549 0.164886
v 0.568282 0.215117 0.184218
v 0.588618 0.271952 0.184218
v 0.568282 0.215117 0.164886
v 0.588618 0.271952 0.184218
v 0.588618 0.271952 0.164886
v 0.568282 0.215117 0.164886
v 0.588618 0.271952 0.184218
v 0.603285 0.330507 0.184218
v 0.588618 0.271952 0.164886
v 0.603285 0.330507 0.184218
v 0.603285 0.330507 0.164886
v 0.588618 0.271952 0.164886
v -0.437123 0.003086 -0.143262
v -0.457011 0.012097 -0.143262
v -0.415508 0.000000 -0.143262
v -0.457011 0.012097 -0.143262
v -0.465283 0.019193 -0.143262
v -0.415508 0.000000 -0.143262
v -0.465283 0.019193 -0.143262
v -0.259539 0.019193 -0.143262
v -0.415508 0.000000 -0.143262
v -0.259539 0.019193 -0.143262
v -0.259539 0.000000 -0.143262
v -0.415508 0.000000 -0.143262
v -0.624789 0.326229 0.164886
v -0.603285 0.330507 0.164886
v -0.588618 0.271952 0.164886
v -0.609599 0.265587 0.164886
v -0.624789 0.326229 0.164886
v -0.588618 0.271952 0.164886
v -0.609599 0.265587 0.164886
v -0.588618 0.271952 0.164886
v -0.568282 0.215117 0.164886
v -0.588538 0.206727 0.164886
v -0.609599 0.265587 0.164886
v -0.568282 0.215117 0.164886
v -0.588538 0.206727 0.164886
v -0.568282 0.215117 0.164886
v -0.542474 0.160549 0.164886
v -0.561810 0.150214 0.164886
v -0.588538 0.206727 0.164886
v -0.542474 0.160549 0.164886
v -0.561810 0.150214 0.164886
v -0.542474 0.160549 0.164886
v -0.511441 0.108774 0.164886
v -0.529671 0.096593 0.164886
v -0.561810 0.150214 0.164886
v -0.511441 0.108774 0.164886
v -0.529671 0.096593 0.164886
v -0.511441 0.108774 0.164886
v -0.475482 0.060289 0.164886
v -0.492430 0.046380 0.164886
v -0.529671 0.096593 0.164886
v -0.475482 0.060289 0.164886
v -0.492430 0.046380 0.164886
v -0.475482 0.060289 0.164886
v -0.458971 0.041086 0.164886
v -0.473583 0.026313 0.164886
v -0.492430 0.046380 0.164886
v -0.458971 0.041086 0.164886
v -0.458971 0.041086 0.164886
v -0.445931 0.029489 0.164886
v -0.473583 0.026313 0.164886
v -0.445931 0.029489 0.164886
v -0.457011 0.012097 0.164886
v -0.473583 0.026313 0.164886
v -0.445931 0.029489 0.164886
v -0.431353 0.022883 0.164886
v -0.457011 0.012097 0.164886
v -0.431353 0.022883 0.164886
v -0.437123 0.003086 0.164886
v -0.457011 0.012097 0.164886
v -0.437123 0.003086 0.164886
v -0.431353 0.022883 0.164886
v -0.415508 0.000000 0.164886
v -0.431353 0.022883 0.164886
v -0.414036 0.020726 0.164886
v -0.415508 0.000000 0.164886
v -0.492430 0.854635 0.164886
v -0.475482 0.840725 0.164886
v -0.511441 0.792241 0.164886
v -0.529671 0.804422 0.164886
v -0.492430 0.854635 0.164886
v -0.511441 0.792241 0.164886
v -0.529671 0.804422 0.164886
v -0.511441 0.792241 0.164886
v -0.542474 0.740465 0.164886
v -0.561810 0.750801 0.164886
v -0.529671 0.804422 0.164886
v -0.542474 0.740465 0.164886
v -0.561810 0.750801 0.164886
v -0.542474 0.740465 0.164886
v -0.568283 0.685898 0.164886
v -0.588539 0.694288 0.164886
v -0.561810 0.750801 0.164886
v -0.568283 0.685898 0.164886
v -0.588539 0.694288 0.164886
v -0.568283 0.685898 0.164886
v -0.588619 0.629063 0.164886
v -0.609599 0.635427 0.164886
v -0.588539 0.694288 0.164886
v -0.588619 0.629063 0.164886
v -0.609599 0.635427 0.164886
v -0.588619 0.629063 0.164886
v -0.603286 0.570508 0.164886
v -0.624789 0.574785 0.164886
v -0.609599 0.635427 0.164886
v -0.603286 0.570508 0.164886
v -0.624789 0.574785 0.164886
v -0.603286 0.570508 0.164886
v -0.612143 0.510798 0.164886
v -0.633962 0.512947 0.164886
v -0.624789 0.574785 0.164886
v -0.612143 0.510798 0.164886
v -0.633962 0.512947 0.164886
v -0.612143 0.510798 0.164886
v -0.615105 0.450507 0.164886
v -0.637030 0.450507 0.164886
v -0.633962 0.512947 0.164886
v -0.615105 0.450507 0.164886
v -0.637030 0.450507 0.164886
v -0.615105 0.450507 0.164886
v -0.612143 0.390217 0.164886
v -0.633962 0.388067 0.164886
v -0.637030 0.450507 0.164886
v -0.612143 0.390217 0.164886
v -0.633962 0.388067 0.164886
v -0.612143 0.390217 0.164886
v -0.603285 0.330507 0.164886
v -0.624789 0.326229 0.164886
v -0.633962 0.388067 0.164886
v -0.603285 0.330507 0.164886
v -0.062440 1.084469 0.164886
v 0.000000 1.087537 0.164886
v 0.000000 1.065612 0.164886
v -0.060291 1.062650 0.164886
v -0.062440 1.084469 0.164886
v 0.000000 1.065612 0.164886
v -0.062440 1.084469 0.164886
v -0.060291 1.062650 0.164886
v -0.120001 1.053793 0.164886
v -0.124278 1.075297 0.164886
v -0.062440 1.084469 0.164886
v -0.120001 1.053793 0.164886
v -0.124278 1.075297 0.164886
v -0.120001 1.053793 0.164886
v -0.178555 1.039126 0.164886
v -0.184920 1.060107 0.164886
v -0.124278 1.075297 0.164886
v -0.178555 1.039126 0.164886
v -0.184920 1.060107 0.164886
v -0.178555 1.039126 0.164886
v -0.235390 1.018790 0.164886
v -0.243781 1.039046 0.164886
v -0.184920 1.060107 0.164886
v -0.235390 1.018790 0.164886
v -0.243781 1.039046 0.164886
v -0.235390 1.018790 0.164886
v -0.289958 0.992981 0.164886
v -0.300294 1.012317 0.164886
v -0.243781 1.039046 0.164886
v -0.289958 0.992981 0.164886
v -0.300294 1.012317 0.164886
v -0.289958 0.992981 0.164886
v -0.341734 0.961948 0.164886
v -0.353915 0.980178 0.164886
v -0.300294 1.012317 0.164886
v -0.341734 0.961948 0.164886
v -0.404127 0.942938 0.164886
v -0.353915 0.980178 0.164886
v -0.341734 0.961948 0.164886
v -0.390218 0.925990 0.164886
v -0.404127 0.942938 0.164886
v -0.341734 0.961948 0.164886
v -0.404127 0.942938 0.164886
v -0.390218 0.925990 0.164886
v -0.434945 0.885452 0.164886
v -0.450448 0.900955 0.164886
v -0.404127 0.942938 0.164886
v -0.434945 0.885452 0.164886
v -0.492430 0.854635 0.164886
v -0.450448 0.900955 0.164886
v -0.434945 0.885452 0.164886
v -0.475482 0.840725 0.164886
v -0.492430 0.854635 0.164886
v -0.434945 0.885452 0.164886
v 0.450448 0.900955 0.164886
v 0.492430 0.854634 0.164886
v 0.475482 0.840725 0.164886
v 0.434945 0.885452 0.164886
v 0.450448 0.900955 0.164886
v 0.475482 0.840725 0.164886
v 0.404127 0.942938 0.164886
v 0.450448 0.900955 0.164886
v 0.434945 0.885452 0.164886
v 0.390218 0.925990 0.164886
v 0.404127 0.942938 0.164886
v 0.434945 0.885452 0.164886
v 0.390218 0.925990 0.164886
v 0.341734 0.961948 0.164886
v 0.404127 0.942938 0.164886
v 0.341734 0.961948 0.164886
v 0.353915 0.980178 0.164886
v 0.404127 0.942938 0.164886
v 0.300294 1.012317 0.164886
v 0.353915 0.980178 0.164886
v 0.341734 0.961948 0.164886
v 0.289958 0.992981 0.164886
v 0.300294 1.012317 0.164886
v 0.341734 0.961948 0.164886
v 0.243781 1.039046 0.164886
v 0.300294 1.012317 0.164886
v 0.289958 0.992981 0.164886
v 0.235390 1.018790 0.164886
v 0.243781 1.039046 0.164886
v 0.289958 0.992981 0.164886
v 0.184920 1.060107 0.164886
v 0.243781 1.039046 0.164886
v 0.235390 1.018790 0.164886
v 0.178555 1.039126 0.164886
v 0.184920 1.060107 0.164886
v 0.235390 1.018790 0.164886
v 0.124278 1.075297 0.164886
v 0.184920 1.060107 0.164886
v 0.178555 1.039126 0.164886
v 0.120001 1.053793 0.164886
v 0.124278 1.075297 0.164886
v 0.178555 1.039126 0.164886
v 0.062440 1.084469 0.164886
v 0.124278 1.075297 0.164886
v 0.120001 1.053793 0.164886
v 0.060291 1.062650 0.164886
v 0.062440 1.084469 0.164886
v 0.120001 1.053793 0.164886
v 0.060291 1.062650 0.164886
v 0.000000 1.065612 0.164886
v 0.062440 1.084469 0.164886
v 0.000000 1.065612 0.164886
v 0.000000 1.087537 0.164886
v 0.062440 1.084469 0.164886
v 0.633962 0.388067 0.164886
v 0.624789 0.326229 0.164886
v 0.603285 0.330507 0.164886
v 0.612143 0.390217 0.164886
v 0.633962 0.388067 0.164886
v 0.603285 0.330507 0.164886
v 0.637030 0.450507 0.164886
v 0.633962 0.388067 0.164886
v 0.612143 0.390217 0.164886
v 0.615105 0.450507 0.164886
v 0.637030 0.450507 0.164886
v 0.612143 0.390217 0.164886
v 0.633962 0.512947 0.164886
v 0.637030 0.450507 0.164886
v 0.615105 0.450507 0.164886
v 0.612143 0.510798 0.164886
v 0.633962 0.512947 0.164886
v 0.615105 0.450507 0.164886
v 0.624789 0.574785 0.164886
v 0.633962 0.512947 0.164886
v 0.612143 0.510798 0.164886
v 0.603286 0.570508 0.164886
v 0.624789 0.574785 0.164886
v 0.612143 0.510798 0.164886
v 0.609599 0.635427 0.164886
v 0.624789 0.574785 0.164886
v 0.603286 0.570508 0.164886
v 0.588619 0.629063 0.164886
v 0.609599 0.635427 0.164886
v 0.603286 0.570508 0.164886
v 0.588539 0.694288 0.164886
v 0.609599 0.635427 0.164886
v 0.588619 0.629063 0.164886
v 0.568283 0.685898 0.164886
v 0.588539 0.694288 0.164886
v 0.588619 0.629063 0.164886
v 0.561810 0.750801 0.164886
v 0.588539 0.694288 0.164886
v 0.568283 0.685898 0.164886
v 0.542474 0.740465 0.164886
v 0.561810 0.750801 0.164886
v 0.568283 0.685898 0.164886
v 0.529671 0.804422 0.164886
v 0.561810 0.750801 0.164886
v 0.542474 0.740465 0.164886
v 0.511441 0.792241 0.164886
v 0.529671 0.804422 0.164886
v 0.542474 0.740465 0.164886
v 0.492430 0.854634 0.164886
v 0.529671 0.804422 0.164886
v 0.511441 0.792241 0.164886
v 0.475482 0.840725 0.164886
v 0.492430 0.854634 0.164886
v 0.511441 0.792241 0.164886
v 0.415508 0.000000 0.164886
v 0.414036 0.020726 0.164886
v 0.431353 0.022883 0.164886
v 0.437123 0.003086 0.164886
v 0.415508 0.000000 0.164886
v 0.431353 0.022883 0.164886
v 0.437123 0.003086 0.164886
v 0.431353 0.022883 0.164886
v 0.457011 0.012097 0.164886
v 0.431353 0.022883 0.164886
v 0.445931 0.029489 0.164886
v 0.457011 0.012097 0.164886
v 0.457011 0.012097 0.164886
v 0.445931 0.029489 0.164886
v 0.473583 0.026313 0.164886
v 0.445931 0.029489 0.164886
v 0.458971 0.041086 0.164886
v 0.473583 0.026313 0.164886
v 0.492430 0.046380 0.164886
v 0.473583 0.026313 0.164886
v 0.458971 0.041086 0.164886
v 0.475482 0.060289 0.164886
v 0.492430 0.046380 0.164886
v 0.458971 0.041086 0.164886
v 0.529671 0.096593 0.164886
v 0.492430 0.046380 0.164886
v 0.475482 0.060289 0.164886
v 0.511441 0.108774 0.164886
v 0.529671 0.096593 0.164886
v 0.475482 0.060289 0.164886
v 0.561810 0.150214 0.164886
v 0.529671 0.096593 0.164886
v 0.511441 0.108774 0.164886
v 0.542474 0.160549 0.164886
v 0.561810 0.150214 0.164886
v 0.511441 0.108774 0.164886
v 0.588538 0.206727 0.164886
v 0.561810 0.150214 0.164886
v 0.542474 0.160549 0.164886
v 0.568282 0.215117 0.164886
v 0.588538 0.206727 0.164886
v 0.542474 0.160549 0.164886
v 0.609599 0.265587 0.164886
v 0.588538 0.206727 0.164886
v 0.568282 0.215117 0.164886
v 0.588618 0.271952 0.164886
v 0.609599 0.265587 0.164886
v 0.568282 0.215117 0.164886
v 0.624789 0.326229 0.164886
v 0.609599 0.265587 0.164886
v 0.588618 0.271952 0.164886
v 0.603285 0.330507 0.164886
v 0.624789 0.326229 0.164886
v 0.588618 0.271952 0.164886
v -0.577804 0.507416 -0.062734
v -0.580599 0.450507 -0.062734
v -0.580599 0.450507 -0.091217
v -0.577804 0.507416 -0.091217
v -0.577804 0.507416 -0.062734
v -0.580599 0.450507 -0.091217
v -0.569443 0.563777 -0.062734
v -0.577804 0.507416 -0.062734
v -0.577804 0.507416 -0.091217
v -0.569443 0.563777 -0.091217
v -0.569443 0.563777 -0.062734
v -0.577804 0.507416 -0.091217
v -0.569443 0.563777 -0.091217
v -0.555599 0.619046 -0.091217
v -0.569443 0.563777 -0.062734
v -0.555599 0.619046 -0.091217
v -0.555599 0.619046 -0.062734
v -0.569443 0.563777 -0.062734
v -0.555599 0.619046 -0.091217
v -0.536404 0.672693 -0.091217
v -0.555599 0.619046 -0.062734
v -0.536404 0.672693 -0.091217
v -0.536404 0.672693 -0.062734
v -0.555599 0.619046 -0.062734
v -0.377488 0.010000 -0.062734
v -0.377488 0.010000 -0.091216
v -0.410546 0.039962 -0.062734
v -0.377488 0.010000 -0.091216
v -0.410546 0.039962 -0.091216
v -0.410546 0.039962 -0.062734
v -0.448809 0.082179 -0.062734
v -0.410546 0.039962 -0.062734
v -0.410546 0.039962 -0.091216
v -0.448809 0.082179 -0.091216
v -0.448809 0.082179 -0.062734
v -0.410546 0.039962 -0.091216
v -0.482751 0.127944 -0.062734
v -0.448809 0.082179 -0.062734
v -0.448809 0.082179 -0.091216
v -0.482751 0.127944 -0.091216
v -0.482751 0.127944 -0.062734
v -0.448809 0.082179 -0.091216
v -0.512043 0.176815 -0.062734
v -0.482751 0.127944 -0.062734
v -0.482751 0.127944 -0.091216
v -0.512043 0.176815 -0.091216
v -0.512043 0.176815 -0.062734
v -0.482751 0.127944 -0.091216
v -0.536404 0.228322 -0.062734
v -0.512043 0.176815 -0.062734
v -0.512043 0.176815 -0.091216
v -0.536404 0.228322 -0.091216
v -0.536404 0.228322 -0.062734
v -0.512043 0.176815 -0.091216
v -0.555599 0.281969 -0.062734
v -0.536404 0.228322 -0.062734
v -0.536404 0.228322 -0.091216
v -0.555599 0.281969 -0.091217
v -0.555599 0.281969 -0.062734
v -0.536404 0.228322 -0.091216
v -0.569443 0.337238 -0.062734
v -0.555599 0.281969 -0.062734
v -0.555599 0.281969 -0.091217
v -0.569443 0.337238 -0.091216
v -0.569443 0.337238 -0.062734
v -0.555599 0.281969 -0.091217
v -0.569443 0.337238 -0.091216
v -0.577803 0.393599 -0.091216
v -0.569443 0.337238 -0.062734
v -0.577803 0.393599 -0.091216
v -0.577803 0.393599 -0.062734
v -0.569443 0.337238 -0.062734
v -0.580599 0.450507 -0.062734
v -0.577803 0.393599 -0.062734
v -0.577803 0.393599 -0.091216
v -0.580599 0.450507 -0.091217
v -0.580599 0.450507 -0.062734
v -0.577803 0.393599 -0.091216
v 0.457011 0.012097 0.143262
v 0.437123 0.003086 0.143262
v 0.457011 0.012097 0.164886
v 0.437123 0.003086 0.143262
v 0.437123 0.003086 0.164886
v 0.457011 0.012097 0.164886
v 0.437123 0.003086 0.143262
v 0.415508 0.000000 0.143262
v 0.437123 0.003086 0.164886
v 0.415508 0.000000 0.143262
v 0.415508 0.000000 0.164886
v 0.437123 0.003086 0.164886
v 0.633962 0.388067 0.164886
v 0.633962 0.388067 0.106730
v 0.624789 0.326229 0.106730
v 0.624789 0.326229 0.164886
v 0.633962 0.388067 0.164886
v 0.624789 0.326229 0.106730
v 0.624789 0.326229 0.164886
v 0.624789 0.326229 0.106730
v 0.609599 0.265587 0.164886
v 0.624789 0.326229 0.106730
v 0.609599 0.265587 0.106730
v 0.609599 0.265587 0.164886
v 0.609599 0.265587 0.164886
v 0.609599 0.265587 0.106730
v 0.588538 0.206727 0.164886
v 0.609599 0.265587 0.106730
v 0.588538 0.206727 0.106730
v 0.588538 0.206727 0.164886
v 0.588538 0.206727 0.164886
v 0.588538 0.206727 0.106730
v 0.561810 0.150214 0.164886
v 0.588538 0.206727 0.106730
v 0.561810 0.150214 0.106730
v 0.561810 0.150214 0.164886
v 0.561810 0.150214 0.164886
v 0.561810 0.150214 0.106730
v 0.529671 0.096593 0.164886
v 0.561810 0.150214 0.106730
v 0.529671 0.096593 0.106730
v 0.529671 0.096593 0.164886
v 0.529671 0.096593 0.164886
v 0.529671 0.096593 0.106730
v 0.492430 0.046380 0.106730
v 0.492430 0.046380 0.164886
v 0.529671 0.096593 0.164886
v 0.492430 0.046380 0.106730
v 0.492430 0.046380 0.164886
v 0.492430 0.046380 0.106730
v 0.473583 0.026313 0.106731
v 0.473583 0.026313 0.164886
v 0.492430 0.046380 0.164886
v 0.473583 0.026313 0.106731
v 0.465283 0.019193 0.106731
v 0.473583 0.026313 0.164886
v 0.473583 0.026313 0.106731
v 0.465283 0.019193 0.143262
v 0.473583 0.026313 0.164886
v 0.465283 0.019193 0.106731
v 0.457011 0.012097 0.143262
v 0.473583 0.026313 0.164886
v 0.465283 0.019193 0.143262
v 0.473583 0.026313 0.164886
v 0.457011 0.012097 0.143262
v 0.457011 0.012097 0.164886
v 0.450448 0.900955 0.164886
v 0.450448 0.900955 0.106730
v 0.492430 0.854634 0.106730
v 0.492430 0.854634 0.164886
v 0.450448 0.900955 0.164886
v 0.492430 0.854634 0.106730
v 0.492430 0.854634 0.164886
v 0.492430 0.854634 0.106730
v 0.529671 0.804422 0.164886
v 0.492430 0.854634 0.106730
v 0.529671 0.804422 0.106730
v 0.529671 0.804422 0.164886
v 0.529671 0.804422 0.164886
v 0.529671 0.804422 0.106730
v 0.561810 0.750801 0.106730
v 0.561810 0.750801 0.164886
v 0.529671 0.804422 0.164886
v 0.561810 0.750801 0.106730
v 0.561810 0.750801 0.164886
v 0.561810 0.750801 0.106730
v 0.588539 0.694288 0.106730
v 0.588539 0.694288 0.164886
v 0.561810 0.750801 0.164886
v 0.588539 0.694288 0.106730
v 0.588539 0.694288 0.164886
v 0.588539 0.694288 0.106730
v 0.609599 0.635427 0.164886
v 0.588539 0.694288 0.106730
v 0.609599 0.635427 0.106730
v 0.609599 0.635427 0.164886
v 0.609599 0.635427 0.164886
v 0.609599 0.635427 0.106730
v 0.624789 0.574785 0.106730
v 0.624789 0.574785 0.164886
v 0.609599 0.635427 0.164886
v 0.624789 0.574785 0.106730
v 0.624789 0.574785 0.164886
v 0.624789 0.574785 0.106730
v 0.633962 0.512947 0.106730
v 0.633962 0.512947 0.164886
v 0.624789 0.574785 0.164886
v 0.633962 0.512947 0.106730
v 0.633962 0.512947 0.164886
v 0.633962 0.512947 0.106730
v 0.637030 0.450507 0.164886
v 0.633962 0.512947 0.106730
v 0.637030 0.450507 0.106730
v 0.637030 0.450507 0.164886
v 0.637030 0.450507 0.164886
v 0.637030 0.450507 0.106730
v 0.633962 0.388067 0.164886
v 0.637030 0.450507 0.106730
v 0.633962 0.388067 0.106730
v 0.633962 0.388067 0.164886
v -0.062440 1.084469 0.106730
v 0.000000 1.087537 0.106730
v -0.062440 1.084469 0.164886
v 0.000000 1.087537 0.106730
v 0.000000 1.087537 0.164886
v -0.062440 1.084469 0.164886
v 0.000000 1.087537 0.164886
v 0.000000 1.087537 0.106730
v 0.062440 1.084469 0.164886
v 0.000000 1.087537 0.106730
v 0.062440 1.084469 0.106730
v 0.062440 1.084469 0.164886
v 0.062440 1.084469 0.164886
v 0.062440 1.084469 0.106730
v 0.124278 1.075297 0.106730
v 0.124278 1.075297 0.164886
v 0.062440 1.084469 0.164886
v 0.124278 1.075297 0.106730
v 0.124278 1.075297 0.164886
v 0.124278 1.075297 0.106730
v 0.184920 1.060107 0.106730
v 0.184920 1.060107 0.164886
v 0.124278 1.075297 0.164886
v 0.184920 1.060107 0.106730
v 0.184920 1.060107 0.164886
v 0.184920 1.060107 0.106730
v 0.243781 1.039046 0.106730
v 0.243781 1.039046 0.164886
v 0.184920 1.060107 0.164886
v 0.243781 1.039046 0.106730
v 0.243781 1.039046 0.164886
v 0.243781 1.039046 0.106730
v 0.300294 1.012317 0.164886
v 0.243781 1.039046 0.106730
v 0.300294 1.012317 0.106730
v 0.300294 1.012317 0.164886
v 0.300294 1.012317 0.164886
v 0.300294 1.012317 0.106730
v 0.353915 0.980178 0.106730
v 0.353915 0.980178 0.164886
v 0.300294 1.012317 0.164886
v 0.353915 0.980178 0.106730
v 0.353915 0.980178 0.164886
v 0.353915 0.980178 0.106730
v 0.404127 0.942938 0.106730
v 0.404127 0.942938 0.164886
v 0.353915 0.980178 0.164886
v 0.404127 0.942938 0.106730
v 0.404127 0.942938 0.164886
v 0.404127 0.942938 0.106730
v 0.450448 0.900955 0.106730
v 0.450448 0.900955 0.164886
v 0.404127 0.942938 0.164886
v 0.450448 0.900955 0.106730
v 0.623284 0.532564 -0.106731
v 0.623284 0.532564 -0.060534
v 0.628661 0.450507 -0.106731
v 0.623284 0.532564 -0.060534
v 0.628661 0.450507 -0.060534
v 0.628661 0.450507 -0.106731
v 0.628661 0.450507 -0.106731
v 0.628661 0.450507 -0.060534
v 0.623283 0.368450 -0.106730
v 0.628661 0.450507 -0.060534
v 0.623283 0.368450 -0.060534
v 0.623283 0.368450 -0.106730
v 0.623283 0.368450 -0.106730
v 0.623283 0.368450 -0.060534
v 0.607240 0.287798 -0.106730
v 0.623283 0.368450 -0.060534
v 0.607240 0.287798 -0.060534
v 0.607240 0.287798 -0.106730
v 0.607240 0.287798 -0.106730
v 0.607240 0.287798 -0.060534
v 0.580807 0.209929 -0.106730
v 0.607240 0.287798 -0.060534
v 0.580807 0.209929 -0.060534
v 0.580807 0.209929 -0.106730
v 0.580807 0.209929 -0.106730
v 0.580807 0.209929 -0.060534
v 0.544437 0.136177 -0.106730
v 0.580807 0.209929 -0.060534
v 0.544437 0.136177 -0.060534
v 0.544437 0.136177 -0.106730
v 0.544437 0.136177 -0.106730
v 0.544437 0.136177 -0.060534
v 0.498751 0.067802 -0.106730
v 0.544437 0.136177 -0.060534
v 0.498751 0.067802 -0.060534
v 0.498751 0.067802 -0.106730
v 0.498751 0.067802 -0.106730
v 0.498751 0.067802 -0.060534
v 0.444531 0.005977 -0.106730
v 0.498751 0.067802 -0.060534
v 0.444531 0.005977 -0.060534
v 0.444531 0.005977 -0.106730
v -0.529671 0.804422 0.106730
v -0.492430 0.854634 0.106730
v -0.529671 0.804422 0.164886
v -0.492430 0.854634 0.106730
v -0.492430 0.854635 0.164886
v -0.529671 0.804422 0.164886
v -0.492430 0.854634 0.106730
v -0.450448 0.900955 0.106730
v -0.492430 0.854635 0.164886
v -0.450448 0.900955 0.106730
v -0.450448 0.900955 0.164886
v -0.492430 0.854635 0.164886
v -0.450448 0.900955 0.106730
v -0.404127 0.942938 0.106730
v -0.450448 0.900955 0.164886
v -0.404127 0.942938 0.106730
v -0.404127 0.942938 0.164886
v -0.450448 0.900955 0.164886
v -0.404127 0.942938 0.164886
v -0.404127 0.942938 0.106730
v -0.353915 0.980178 0.164886
v -0.404127 0.942938 0.106730
v -0.353915 0.980178 0.106730
v -0.353915 0.980178 0.164886
v -0.353915 0.980178 0.164886
v -0.353915 0.980178 0.106730
v -0.300294 1.012317 0.164886
v -0.353915 0.980178 0.106730
v -0.300294 1.012317 0.106730
v -0.300294 1.012317 0.164886
v -0.300294 1.012317 0.106730
v -0.243781 1.039046 0.106730
v -0.300294 1.012317 0.164886
v -0.243781 1.039046 0.106730
v -0.243781 1.039046 0.164886
v -0.300294 1.012317 0.164886
v -0.243781 1.039046 0.106730
v -0.184920 1.060107 0.106730
v -0.243781 1.039046 0.164886
v -0.184920 1.060107 0.106730
v -0.184920 1.060107 0.164886
v -0.243781 1.039046 0.164886
v -0.184920 1.060107 0.164886
v -0.184920 1.060107 0.106730
v -0.124278 1.075297 0.164886
v -0.184920 1.060107 0.106730
v -0.124278 1.075297 0.106730
v -0.124278 1.075297 0.164886
v -0.124278 1.075297 0.106730
v -0.062440 1.084469 0.106730
v -0.124278 1.075297 0.164886
v -0.062440 1.084469 0.106730
v -0.062440 1.084469 0.164886
v -0.124278 1.075297 0.164886
v -0.609599 0.265587 0.106730
v -0.624789 0.326229 0.106730
v -0.609599 0.265587 0.164886
v -0.624789 0.326229 0.106730
v -0.624789 0.326229 0.164886
v -0.609599 0.265587 0.164886
v -0.624789 0.326229 0.164886
v -0.624789 0.326229 0.106730
v -0.633962 0.388067 0.164886
v -0.624789 0.326229 0.106730
v -0.633962 0.388067 0.106730
v -0.633962 0.388067 0.164886
v -0.633962 0.388067 0.164886
v -0.633962 0.388067 0.106730
v -0.637030 0.450507 0.164886
v -0.633962 0.388067 0.106730
v -0.637030 0.450507 0.106730
v -0.637030 0.450507 0.164886
v -0.637030 0.450507 0.106730
v -0.633962 0.512947 0.106730
v -0.637030 0.450507 0.164886
v -0.633962 0.512947 0.106730
v -0.633962 0.512947 0.164886
v -0.637030 0.450507 0.164886
v -0.633962 0.512947 0.164886
v -0.633962 0.512947 0.106730
v -0.624789 0.574785 0.164886
v -0.633962 0.512947 0.106730
v -0.624789 0.574785 0.106730
v -0.624789 0.574785 0.164886
v -0.624789 0.574785 0.106730
v -0.609599 0.635427 0.106730
v -0.624789 0.574785 0.164886
v -0.609599 0.635427 0.106730
v -0.609599 0.635427 0.164886
v -0.624789 0.574785 0.164886
v -0.609599 0.635427 0.106730
v -0.588539 0.694288 0.106730
v -0.609599 0.635427 0.164886
v -0.588539 0.694288 0.106730
v -0.588539 0.694288 0.164886
v -0.609599 0.635427 0.164886
v -0.588539 0.694288 0.106730
v -0.561810 0.750801 0.106730
v -0.588539 0.694288 0.164886
v -0.561810 0.750801 0.106730
v -0.561810 0.750801 0.164886
v -0.588539 0.694288 0.164886
v -0.561810 0.750801 0.106730
v -0.529671 0.804422 0.106730
v -0.561810 0.750801 0.164886
v -0.529671 0.804422 0.106730
v -0.529671 0.804422 0.164886
v -0.561810 0.750801 0.164886
v 0.609599 0.265587 0.106730
v 0.578416 0.275047 0.106730
v 0.558433 0.219197 0.106730
v 0.588538 0.206727 0.106730
v 0.609599 0.265587 0.106730
v 0.558433 0.219197 0.106730
v 0.588538 0.206727 0.106730
v 0.558433 0.219197 0.106730
v 0.561810 0.150214 0.106730
v 0.558433 0.219197 0.106730
v 0.533071 0.165575 0.106730
v 0.561810 0.150214 0.106730
v 0.561810 0.150214 0.106730
v 0.533071 0.165575 0.106730
v 0.502576 0.114697 0.106730
v 0.529671 0.096593 0.106730
v 0.561810 0.150214 0.106730
v 0.502576 0.114697 0.106730
v 0.529671 0.096593 0.106730
v 0.502576 0.114697 0.106730
v 0.467241 0.067053 0.106730
v 0.492430 0.046380 0.106730
v 0.529671 0.096593 0.106730
v 0.467241 0.067053 0.106730
v 0.492430 0.046380 0.106730
v 0.467241 0.067053 0.106730
v 0.473583 0.026313 0.106731
v 0.467241 0.067053 0.106730
v 0.451057 0.048943 0.106730
v 0.473583 0.026313 0.106731
v 0.473583 0.026313 0.106731
v 0.451057 0.048943 0.106730
v 0.465283 0.019193 0.106731
v 0.451057 0.048943 0.106730
v 0.439913 0.038753 0.106731
v 0.465283 0.019193 0.106731
v 0.439913 0.038753 0.106731
v 0.428356 0.033516 0.106730
v 0.465283 0.019193 0.106731
v 0.428356 0.033516 0.106730
v 0.413346 0.031857 0.106731
v 0.465283 0.019193 0.106731
v 0.529671 0.804422 0.106730
v 0.502576 0.786318 0.106730
v 0.533071 0.735440 0.106730
v 0.561810 0.750801 0.106730
v 0.529671 0.804422 0.106730
v 0.533071 0.735440 0.106730
v 0.561810 0.750801 0.106730
v 0.533071 0.735440 0.106730
v 0.558433 0.681818 0.106730
v 0.588539 0.694288 0.106730
v 0.561810 0.750801 0.106730
v 0.558433 0.681818 0.106730
v 0.588539 0.694288 0.106730
v 0.558433 0.681818 0.106730
v 0.578416 0.625968 0.106730
v 0.609599 0.635427 0.106730
v 0.588539 0.694288 0.106730
v 0.578416 0.625968 0.106730
v 0.609599 0.635427 0.106730
v 0.578416 0.625968 0.106730
v 0.592829 0.568428 0.106730
v 0.624789 0.574785 0.106730
v 0.609599 0.635427 0.106730
v 0.592829 0.568428 0.106730
v 0.624789 0.574785 0.106730
v 0.592829 0.568428 0.106730
v 0.633962 0.512947 0.106730
v 0.592829 0.568428 0.106730
v 0.601533 0.509753 0.106730
v 0.633962 0.512947 0.106730
v 0.633962 0.512947 0.106730
v 0.601533 0.509753 0.106730
v 0.637030 0.450507 0.106730
v 0.601533 0.509753 0.106730
v 0.604443 0.450507 0.106730
v 0.637030 0.450507 0.106730
v 0.637030 0.450507 0.106730
v 0.604443 0.450507 0.106730
v 0.601532 0.391262 0.106730
v 0.633962 0.388067 0.106730
v 0.637030 0.450507 0.106730
v 0.601532 0.391262 0.106730
v 0.633962 0.388067 0.106730
v 0.601532 0.391262 0.106730
v 0.592829 0.332586 0.106730
v 0.624789 0.326229 0.106730
v 0.633962 0.388067 0.106730
v 0.592829 0.332586 0.106730
v 0.624789 0.326229 0.106730
v 0.592829 0.332586 0.106730
v 0.578416 0.275047 0.106730
v 0.609599 0.265587 0.106730
v 0.624789 0.326229 0.106730
v 0.578416 0.275047 0.106730
v 0.062440 1.084469 0.106730
v 0.059246 1.052040 0.106730
v 0.117921 1.043336 0.106730
v 0.124278 1.075297 0.106730
v 0.062440 1.084469 0.106730
v 0.117921 1.043336 0.106730
v 0.124278 1.075297 0.106730
v 0.117921 1.043336 0.106730
v 0.175461 1.028923 0.106730
v 0.184920 1.060107 0.106730
v 0.124278 1.075297 0.106730
v 0.175461 1.028923 0.106730
v 0.184920 1.060107 0.106730
v 0.175461 1.028923 0.106730
v 0.243781 1.039046 0.106730
v 0.175461 1.028923 0.106730
v 0.231310 1.008940 0.106730
v 0.243781 1.039046 0.106730
v 0.243781 1.039046 0.106730
v 0.231310 1.008940 0.106730
v 0.284932 0.983579 0.106730
v 0.300294 1.012317 0.106730
v 0.243781 1.039046 0.106730
v 0.284932 0.983579 0.106730
v 0.300294 1.012317 0.106730
v 0.284932 0.983579 0.106730
v 0.335811 0.953084 0.106730
v 0.353915 0.980178 0.106730
v 0.300294 1.012317 0.106730
v 0.335811 0.953084 0.106730
v 0.353915 0.980178 0.106730
v 0.335811 0.953084 0.106730
v 0.404127 0.942938 0.106730
v 0.335811 0.953084 0.106730
v 0.383455 0.917748 0.106730
v 0.404127 0.942938 0.106730
v 0.404127 0.942938 0.106730
v 0.383455 0.917748 0.106730
v 0.427406 0.877913 0.106730
v 0.450448 0.900955 0.106730
v 0.404127 0.942938 0.106730
v 0.427406 0.877913 0.106730
v 0.450448 0.900955 0.106730
v 0.427406 0.877913 0.106730
v 0.467241 0.833962 0.106730
v 0.492430 0.854634 0.106730
v 0.450448 0.900955 0.106730
v 0.467241 0.833962 0.106730
v 0.492430 0.854634 0.106730
v 0.467241 0.833962 0.106730
v 0.502576 0.786318 0.106730
v 0.529671 0.804422 0.106730
v 0.492430 0.854634 0.106730
v 0.502576 0.786318 0.106730
v -0.450448 0.900955 0.106730
v -0.427406 0.877913 0.106730
v -0.404127 0.942938 0.106730
v -0.427406 0.877913 0.106730
v -0.383455 0.917748 0.106730
v -0.404127 0.942938 0.106730
v -0.383455 0.917748 0.106730
v -0.335811 0.953083 0.106730
v -0.404127 0.942938 0.106730
v -0.335811 0.953083 0.106730
v -0.353915 0.980178 0.106730
v -0.404127 0.942938 0.106730
v -0.353915 0.980178 0.106730
v -0.335811 0.953083 0.106730
v -0.300294 1.012317 0.106730
v -0.335811 0.953083 0.106730
v -0.284932 0.983579 0.106730
v -0.300294 1.012317 0.106730
v -0.300294 1.012317 0.106730
v -0.284932 0.983579 0.106730
v -0.243781 1.039046 0.106730
v -0.284932 0.983579 0.106730
v -0.231310 1.008940 0.106730
v -0.243781 1.039046 0.106730
v -0.231310 1.008940 0.106730
v -0.175461 1.028923 0.106730
v -0.243781 1.039046 0.106730
v -0.175461 1.028923 0.106730
v -0.184920 1.060107 0.106730
v -0.243781 1.039046 0.106730
v -0.184920 1.060107 0.106730
v -0.175461 1.028923 0.106730
v -0.124278 1.075297 0.106730
v -0.175461 1.028923 0.106730
v -0.117921 1.043336 0.106730
v -0.124278 1.075297 0.106730
v -0.124278 1.075297 0.106730
v -0.117921 1.043336 0.106730
v -0.062440 1.084469 0.106730
v -0.117921 1.043336 0.106730
v -0.059246 1.052040 0.106730
v -0.062440 1.084469 0.106730
v -0.059246 1.052040 0.106730
v 0.000000 1.054950 0.106730
v -0.062440 1.084469 0.106730
v 0.000000 1.054950 0.106730
v 0.000000 1.087537 0.106730
v -0.062440 1.084469 0.106730
v 0.000000 1.087537 0.106730
v 0.000000 1.054950 0.106730
v 0.062440 1.084469 0.106730
v 0.000000 1.054950 0.106730
v 0.059246 1.052040 0.106730
v 0.062440 1.084469 0.106730
v -0.633962 0.388067 0.106730
v -0.601532 0.391262 0.106730
v -0.637030 0.450507 0.106730
v -0.601532 0.391262 0.106730
v -0.604443 0.450507 0.106730
v -0.637030 0.450507 0.106730
v -0.604443 0.450507 0.106730
v -0.601533 0.509753 0.106730
v -0.637030 0.450507 0.106730
v -0.601533 0.509753 0.106730
v -0.633962 0.512947 0.106730
v -0.637030 0.450507 0.106730
v -0.601533 0.509753 0.106730
v -0.592829 0.568428 0.106730
v -0.633962 0.512947 0.106730
v -0.592829 0.568428 0.106730
v -0.624789 0.574785 0.106730
v -0.633962 0.512947 0.106730
v -0.624789 0.574785 0.106730
v -0.592829 0.568428 0.106730
v -0.609599 0.635427 0.106730
v -0.592829 0.568428 0.106730
v -0.578416 0.625968 0.106730
v -0.609599 0.635427 0.106730
v -0.609599 0.635427 0.106730
v -0.578416 0.625968 0.106730
v -0.588539 0.694288 0.106730
v -0.578416 0.625968 0.106730
v -0.558433 0.681818 0.106730
v -0.588539 0.694288 0.106730
v -0.588539 0.694288 0.106730
v -0.558433 0.681818 0.106730
v -0.561810 0.750801 0.106730
v -0.558433 0.681818 0.106730
v -0.533071 0.735440 0.106730
v -0.561810 0.750801 0.106730
v -0.561810 0.750801 0.106730
v -0.533071 0.735440 0.106730
v -0.529671 0.804422 0.106730
v -0.533071 0.735440 0.106730
v -0.502576 0.786318 0.106730
v -0.529671 0.804422 0.106730
v -0.529671 0.804422 0.106730
v -0.502576 0.786318 0.106730
v -0.492430 0.854634 0.106730
v -0.502576 0.786318 0.106730
v -0.467241 0.833962 0.106730
v -0.492430 0.854634 0.106730
v -0.492430 0.854634 0.106730
v -0.467241 0.833962 0.106730
v -0.450448 0.900955 0.106730
v -0.467241 0.833962 0.106730
v -0.427406 0.877913 0.106730
v -0.450448 0.900955 0.106730
v -0.413346 0.031857 0.106731
v -0.428356 0.033516 0.106730
v -0.465283 0.019193 0.106731
v -0.428356 0.033516 0.106730
v -0.439913 0.038753 0.106731
v -0.465283 0.019193 0.106731
v -0.439913 0.038753 0.106731
v -0.451057 0.048943 0.106730
v -0.465283 0.019193 0.106731
v -0.451057 0.048943 0.106730
v -0.473583 0.026313 0.106731
v -0.465283 0.019193 0.106731
v -0.451057 0.048943 0.106730
v -0.467241 0.067053 0.106730
v -0.473583 0.026313 0.106731
v -0.467241 0.067053 0.106730
v -0.492430 0.046380 0.106730
v -0.473583 0.026313 0.106731
v -0.492430 0.046380 0.106730
v -0.467241 0.067053 0.106730
v -0.529671 0.096593 0.106730
v -0.467241 0.067053 0.106730
v -0.502576 0.114697 0.106730
v -0.529671 0.096593 0.106730
v -0.529671 0.096593 0.106730
v -0.502576 0.114697 0.106730
v -0.561810 0.150214 0.106730
v -0.502576 0.114697 0.106730
v -0.533071 0.165575 0.106730
v -0.561810 0.150214 0.106730
v -0.533071 0.165575 0.106730
v -0.558433 0.219197 0.106730
v -0.561810 0.150214 0.106730
v -0.558433 0.219197 0.106730
v -0.588538 0.206727 0.106730
v -0.561810 0.150214 0.106730
v -0.588538 0.206727 0.106730
v -0.558433 0.219197 0.106730
v -0.609599 0.265587 0.106730
v -0.558433 0.219197 0.106730
v -0.578416 0.275047 0.106730
v -0.609599 0.265587 0.106730
v -0.609599 0.265587 0.106730
v -0.578416 0.275047 0.106730
v -0.624789 0.326229 0.106730
v -0.578416 0.275047 0.106730
v -0.592829 0.332586 0.106730
v -0.624789 0.326229 0.106730
v -0.624789 0.326229 0.106730
v -0.592829 0.332586 0.106730
v -0.633962 0.388067 0.106730
v -0.592829 0.332586 0.106730
v -0.601532 0.391262 0.106730
v -0.633962 0.388067 0.106730
v 0.624789 0.326229 -0.164886
v 0.603285 0.330507 -0.164886
v 0.588618 0.271952 -0.164886
v 0.609599 0.265587 -0.164886
v 0.624789 0.326229 -0.164886
v 0.588618 0.271952 -0.164886
v 0.609599 0.265587 -0.164886
v 0.588618 0.271952 -0.164886
v 0.568282 0.215117 -0.164886
v 0.588538 0.206727 -0.164886
v 0.609599 0.265587 -0.164886
v 0.568282 0.215117 -0.164886
v 0.588538 0.206727 -0.164886
v 0.568282 0.215117 -0.164886
v 0.542474 0.160549 -0.164886
v 0.561810 0.150214 -0.164886
v 0.588538 0.206727 -0.164886
v 0.542474 0.160549 -0.164886
v 0.561810 0.150214 -0.164886
v 0.542474 0.160549 -0.164886
v 0.511441 0.108774 -0.164886
v 0.529671 0.096593 -0.164886
v 0.561810 0.150214 -0.164886
v 0.511441 0.108774 -0.164886
v 0.529671 0.096593 -0.164886
v 0.511441 0.108774 -0.164886
v 0.475482 0.060289 -0.164886
v 0.492430 0.046380 -0.164886
v 0.529671 0.096593 -0.164886
v 0.475482 0.060289 -0.164886
v 0.492430 0.046380 -0.164886
v 0.475482 0.060289 -0.164886
v 0.458971 0.041086 -0.164886
v 0.473583 0.026313 -0.164886
v 0.492430 0.046380 -0.164886
v 0.458971 0.041086 -0.164886
v 0.458971 0.041086 -0.164886
v 0.445931 0.029489 -0.164886
v 0.473583 0.026313 -0.164886
v 0.445931 0.029489 -0.164886
v 0.457011 0.012097 -0.164886
v 0.473583 0.026313 -0.164886
v 0.445931 0.029489 -0.164886
v 0.431353 0.022883 -0.164886
v 0.457011 0.012097 -0.164886
v 0.431353 0.022883 -0.164886
v 0.437123 0.003086 -0.164886
v 0.457011 0.012097 -0.164886
v 0.437123 0.003086 -0.164886
v 0.431353 0.022883 -0.164886
v 0.415508 0.000000 -0.164886
v 0.431353 0.022883 -0.164886
v 0.414036 0.020726 -0.164886
v 0.415508 0.000000 -0.164886
v 0.492430 0.854634 -0.164886
v 0.475482 0.840725 -0.164886
v 0.511441 0.792241 -0.164886
v 0.529671 0.804422 -0.164886
v 0.492430 0.854634 -0.164886
v 0.511441 0.792241 -0.164886
v 0.529671 0.804422 -0.164886
v 0.511441 0.792241 -0.164886
v 0.542474 0.740465 -0.164886
v 0.561810 0.750801 -0.164886
v 0.529671 0.804422 -0.164886
v 0.542474 0.740465 -0.164886
v 0.561810 0.750801 -0.164886
v 0.542474 0.740465 -0.164886
v 0.568283 0.685898 -0.164886
v 0.588539 0.694288 -0.164886
v 0.561810 0.750801 -0.164886
v 0.568283 0.685898 -0.164886
v 0.588539 0.694288 -0.164886
v 0.568283 0.685898 -0.164886
v 0.588619 0.629063 -0.164886
v 0.609599 0.635427 -0.164886
v 0.588539 0.694288 -0.164886
v 0.588619 0.629063 -0.164886
v 0.609599 0.635427 -0.164886
v 0.588619 0.629063 -0.164886
v 0.603286 0.570508 -0.164886
v 0.624789 0.574785 -0.164886
v 0.609599 0.635427 -0.164886
v 0.603286 0.570508 -0.164886
v 0.624789 0.574785 -0.164886
v 0.603286 0.570508 -0.164886
v 0.612143 0.510798 -0.164886
v 0.633962 0.512947 -0.164886
v 0.624789 0.574785 -0.164886
v 0.612143 0.510798 -0.164886
v 0.633962 0.512947 -0.164886
v 0.612143 0.510798 -0.164886
v 0.615105 0.450507 -0.164886
v 0.637030 0.450507 -0.164886
v 0.633962 0.512947 -0.164886
v 0.615105 0.450507 -0.164886
v 0.637030 0.450507 -0.164886
v 0.615105 0.450507 -0.164886
v 0.612143 0.390217 -0.164886
v 0.633962 0.388067 -0.164886
v 0.637030 0.450507 -0.164886
v 0.612143 0.390217 -0.164886
v 0.633962 0.388067 -0.164886
v 0.612143 0.390217 -0.164886
v 0.603285 0.330507 -0.164886
v 0.624789 0.326229 -0.164886
v 0.633962 0.388067 -0.164886
v 0.603285 0.330507 -0.164886
v 0.062440 1.084469 -0.164886
v 0.000000 1.087537 -0.164886
v 0.000000 1.065612 -0.164886
v 0.060291 1.062650 -0.164886
v 0.062440 1.084469 -0.164886
v 0.000000 1.065612 -0.164886
v 0.062440 1.084469 -0.164886
v 0.060291 1.062650 -0.164886
v 0.120001 1.053793 -0.164886
v 0.124278 1.075297 -0.164886
v 0.062440 1.084469 -0.164886
v 0.120001 1.053793 -0.164886
v 0.124278 1.075297 -0.164886
v 0.120001 1.053793 -0.164886
v 0.178555 1.039126 -0.164886
v 0.184920 1.060107 -0.164886
v 0.124278 1.075297 -0.164886
v 0.178555 1.039126 -0.164886
v 0.184920 1.060107 -0.164886
v 0.178555 1.039126 -0.164886
v 0.235390 1.018790 -0.164886
v 0.243781 1.039046 -0.164886
v 0.184920 1.060107 -0.164886
v 0.235390 1.018790 -0.164886
v 0.243781 1.039046 -0.164886
v 0.235390 1.018790 -0.164886
v 0.289958 0.992981 -0.164886
v 0.300294 1.012317 -0.164886
v 0.243781 1.039046 -0.164886
v 0.289958 0.992981 -0.164886
v 0.300294 1.012317 -0.164886
v 0.289958 0.992981 -0.164886
v 0.341734 0.961948 -0.164886
v 0.353915 0.980178 -0.164886
v 0.300294 1.012317 -0.164886
v 0.341734 0.961948 -0.164886
v 0.404127 0.942938 -0.164886
v 0.353915 0.980178 -0.164886
v 0.341734 0.961948 -0.164886
v 0.390218 0.925990 -0.164886
v 0.404127 0.942938 -0.164886
v 0.341734 0.961948 -0.164886
v 0.404127 0.942938 -0.164886
v 0.390218 0.925990 -0.164886
v 0.434945 0.885452 -0.164886
v 0.450448 0.900955 -0.164886
v 0.404127 0.942938 -0.164886
v 0.434945 0.885452 -0.164886
v 0.450448 0.900955 -0.164886
v 0.434945 0.885452 -0.164886
v 0.475482 0.840725 -0.164886
v 0.492430 0.854634 -0.164886
v 0.450448 0.900955 -0.164886
v 0.475482 0.840725 -0.164886
v -0.475482 0.840725 -0.164886
v -0.434945 0.885452 -0.164886
v -0.492430 0.854635 -0.164886
v -0.434945 0.885452 -0.164886
v -0.450448 0.900955 -0.164886
v -0.492430 0.854635 -0.164886
v -0.404127 0.942938 -0.164886
v -0.450448 0.900955 -0.164886
v -0.434945 0.885452 -0.164886
v -0.390218 0.925990 -0.164886
v -0.404127 0.942938 -0.164886
v -0.434945 0.885452 -0.164886
v -0.390218 0.925990 -0.164886
v -0.341734 0.961948 -0.164886
v -0.404127 0.942938 -0.164886
v -0.341734 0.961948 -0.164886
v -0.353915 0.980178 -0.164886
v -0.404127 0.942938 -0.164886
v -0.300294 1.012317 -0.164886
v -0.353915 0.980178 -0.164886
v -0.341734 0.961948 -0.164886
v -0.289958 0.992981 -0.164886
v -0.300294 1.012317 -0.164886
v -0.341734 0.961948 -0.164886
v -0.243781 1.039046 -0.164886
v -0.300294 1.012317 -0.164886
v -0.289958 0.992981 -0.164886
v -0.235390 1.018790 -0.164886
v -0.243781 1.039046 -0.164886
v -0.289958 0.992981 -0.164886
v -0.184920 1.060107 -0.164886
v -0.243781 1.039046 -0.164886
v -0.235390 1.018790 -0.164886
v -0.178555 1.039126 -0.164886
v -0.184920 1.060107 -0.164886
v -0.235390 1.018790 -0.164886
v -0.124278 1.075297 -0.164886
v -0.184920 1.060107 -0.164886
v -0.178555 1.039126 -0.164886
v -0.120001 1.053793 -0.164886
v -0.124278 1.075297 -0.164886
v -0.178555 1.039126 -0.164886
v -0.062440 1.084469 -0.164886
v -0.124278 1.075297 -0.164886
v -0.120001 1.053793 -0.164886
v -0.060291 1.062650 -0.164886
v -0.062440 1.084469 -0.164886
v -0.120001 1.053793 -0.164886
v -0.060291 1.062650 -0.164886
v 0.000000 1.065612 -0.164886
v -0.062440 1.084469 -0.164886
v 0.000000 1.065612 -0.164886
v 0.000000 1.087537 -0.164886
v -0.062440 1.084469 -0.164886
v -0.415508 0.000000 -0.164886
v -0.414036 0.020726 -0.164886
v -0.431353 0.022883 -0.164886
v -0.437123 0.003086 -0.164886
v -0.415508 0.000000 -0.164886
v -0.431353 0.022883 -0.164886
v -0.437123 0.003086 -0.164886
v -0.431353 0.022883 -0.164886
v -0.457011 0.012097 -0.164886
v -0.431353 0.022883 -0.164886
v -0.445931 0.029489 -0.164886
v -0.457011 0.012097 -0.164886
v -0.457011 0.012097 -0.164886
v -0.445931 0.029489 -0.164886
v -0.473583 0.026313 -0.164886
v -0.445931 0.029489 -0.164886
v -0.458971 0.041086 -0.164886
v -0.473583 0.026313 -0.164886
v -0.492430 0.046380 -0.164886
v -0.473583 0.026313 -0.164886
v -0.458971 0.041086 -0.164886
v -0.475482 0.060289 -0.164886
v -0.492430 0.046380 -0.164886
v -0.458971 0.041086 -0.164886
v -0.529671 0.096593 -0.164886
v -0.492430 0.046380 -0.164886
v -0.475482 0.060289 -0.164886
v -0.511441 0.108774 -0.164886
v -0.529671 0.096593 -0.164886
v -0.475482 0.060289 -0.164886
v -0.561810 0.150214 -0.164886
v -0.529671 0.096593 -0.164886
v -0.511441 0.108774 -0.164886
v -0.542474 0.160549 -0.164886
v -0.561810 0.150214 -0.164886
v -0.511441 0.108774 -0.164886
v -0.588538 0.206727 -0.164886
v -0.561810 0.150214 -0.164886
v -0.542474 0.160549 -0.164886
v -0.568282 0.215117 -0.164886
v -0.588538 0.206727 -0.164886
v -0.542474 0.160549 -0.164886
v -0.609599 0.265587 -0.164886
v -0.588538 0.206727 -0.164886
v -0.568282 0.215117 -0.164886
v -0.588618 0.271952 -0.164886
v -0.609599 0.265587 -0.164886
v -0.568282 0.215117 -0.164886
v -0.624789 0.326229 -0.164886
v -0.609599 0.265587 -0.164886
v -0.588618 0.271952 -0.164886
v -0.603285 0.330507 -0.164886
v -0.624789 0.326229 -0.164886
v -0.588618 0.271952 -0.164886
v -0.633962 0.388067 -0.164886
v -0.624789 0.326229 -0.164886
v -0.603285 0.330507 -0.164886
v -0.612143 0.390217 -0.164886
v -0.633962 0.388067 -0.164886
v -0.603285 0.330507 -0.164886
v -0.637030 0.450507 -0.164886
v -0.633962 0.388067 -0.164886
v -0.612143 0.390217 -0.164886
v -0.615105 0.450507 -0.164886
v -0.637030 0.450507 -0.164886
v -0.612143 0.390217 -0.164886
v -0.633962 0.512947 -0.164886
v -0.637030 0.450507 -0.164886
v -0.615105 0.450507 -0.164886
v -0.612143 0.510798 -0.164886
v -0.633962 0.512947 -0.164886
v -0.615105 0.450507 -0.164886
v -0.624789 0.574785 -0.164886
v -0.633962 0.512947 -0.164886
v -0.612143 0.510798 -0.164886
v -0.603286 0.570508 -0.164886
v -0.624789 0.574785 -0.164886
v -0.612143 0.510798 -0.164886
v -0.609599 0.635427 -0.164886
v -0.624789 0.574785 -0.164886
v -0.603286 0.570508 -0.164886
v -0.588619 0.629063 -0.164886
v -0.609599 0.635427 -0.164886
v -0.603286 0.570508 -0.164886
v -0.588539 0.694288 -0.164886
v -0.609599 0.635427 -0.164886
v -0.588619 0.629063 -0.164886
v -0.568283 0.685898 -0.164886
v -0.588539 0.694288 -0.164886
v -0.588619 0.629063 -0.164886
v -0.561810 0.750801 -0.164886
v -0.588539 0.694288 -0.164886
v -0.568283 0.685898 -0.164886
v -0.542474 0.740465 -0.164886
v -0.561810 0.750801 -0.164886
v -0.568283 0.685898 -0.164886
v -0.529671 0.804422 -0.164886
v -0.561810 0.750801 -0.164886
v -0.542474 0.740465 -0.164886
v -0.511441 0.792241 -0.164886
v -0.529671 0.804422 -0.164886
v -0.542474 0.740465 -0.164886
v -0.492430 0.854635 -0.164886
v -0.529671 0.804422 -0.164886
v -0.511441 0.792241 -0.164886
v -0.475482 0.840725 -0.164886
v -0.492430 0.854635 -0.164886
v -0.511441 0.792241 -0.164886
v -0.444531 0.005976 -0.060534
v -0.444531 0.005976 -0.106730
v -0.000000 0.005976 -0.060534
v -0.444531 0.005976 -0.106730
v -0.000000 0.005976 -0.106730
v -0.000000 0.005976 -0.060534
v -0.000000 0.005976 -0.060534
v -0.000000 0.005976 -0.106730
v 0.444531 0.005977 -0.060534
v -0.000000 0.005976 -0.106730
v 0.444531 0.005977 -0.106730
v 0.444531 0.005977 -0.060534
v 0.580808 0.691086 -0.106731
v 0.580808 0.691086 -0.060534
v 0.607241 0.613217 -0.106731
v 0.580808 0.691086 -0.060534
v 0.607241 0.613217 -0.060534
v 0.607241 0.613217 -0.106731
v 0.607241 0.613217 -0.106731
v 0.607241 0.613217 -0.060534
v 0.623284 0.532564 -0.106731
v 0.607241 0.613217 -0.060534
v 0.623284 0.532564 -0.060534
v 0.623284 0.532564 -0.106731
v 0.000000 1.079169 -0.106731
v 0.000000 1.079169 -0.060534
v 0.082057 1.073791 -0.106731
v 0.000000 1.079169 -0.060534
v 0.082057 1.073791 -0.060534
v 0.082057 1.073791 -0.106731
v 0.082057 1.073791 -0.106731
v 0.082057 1.073791 -0.060534
v 0.162710 1.057748 -0.106731
v 0.082057 1.073791 -0.060534
v 0.162710 1.057748 -0.060534
v 0.162710 1.057748 -0.106731
v 0.162710 1.057748 -0.106731
v 0.162710 1.057748 -0.060534
v 0.240579 1.031315 -0.106731
v 0.162710 1.057748 -0.060534
v 0.240579 1.031315 -0.060534
v 0.240579 1.031315 -0.106731
v 0.240579 1.031315 -0.106731
v 0.240579 1.031315 -0.060534
v 0.314331 0.994945 -0.106731
v 0.240579 1.031315 -0.060534
v 0.314331 0.994945 -0.060534
v 0.314331 0.994945 -0.106731
v 0.314331 0.994945 -0.106731
v 0.314331 0.994945 -0.060534
v 0.382705 0.949258 -0.106731
v 0.314331 0.994945 -0.060534
v 0.382705 0.949258 -0.060534
v 0.382705 0.949258 -0.106731
v 0.382705 0.949258 -0.106731
v 0.382705 0.949258 -0.060534
v 0.444531 0.895038 -0.106731
v 0.382705 0.949258 -0.060534
v 0.444531 0.895038 -0.060534
v 0.444531 0.895038 -0.106731
v 0.444531 0.895038 -0.106731
v 0.444531 0.895038 -0.060534
v 0.498751 0.833212 -0.106731
v 0.444531 0.895038 -0.060534
v 0.498751 0.833212 -0.060534
v 0.498751 0.833212 -0.106731
v 0.498751 0.833212 -0.106731
v 0.498751 0.833212 -0.060534
v 0.544437 0.764838 -0.106731
v 0.498751 0.833212 -0.060534
v 0.544437 0.764838 -0.060534
v 0.544437 0.764838 -0.106731
v 0.544437 0.764838 -0.106731
v 0.544437 0.764838 -0.060534
v 0.580808 0.691086 -0.106731
v 0.544437 0.764838 -0.060534
v 0.580808 0.691086 -0.060534
v 0.580808 0.691086 -0.106731
v -0.580808 0.691086 -0.106731
v -0.580808 0.691086 -0.060534
v -0.544437 0.764838 -0.106731
v -0.580808 0.691086 -0.060534
v -0.544437 0.764838 -0.060534
v -0.544437 0.764838 -0.106731
v -0.544437 0.764838 -0.106731
v -0.544437 0.764838 -0.060534
v -0.498751 0.833212 -0.106731
v -0.544437 0.764838 -0.060534
v -0.498751 0.833212 -0.060534
v -0.498751 0.833212 -0.106731
v -0.498751 0.833212 -0.106731
v -0.498751 0.833212 -0.060534
v -0.444531 0.895038 -0.106731
v -0.498751 0.833212 -0.060534
v -0.444531 0.895038 -0.060534
v -0.444531 0.895038 -0.106731
v -0.444531 0.895038 -0.106731
v -0.444531 0.895038 -0.060534
v -0.382705 0.949258 -0.106731
v -0.444531 0.895038 -0.060534
v -0.382705 0.949258 -0.060534
v -0.382705 0.949258 -0.106731
v -0.382705 0.949258 -0.106731
v -0.382705 0.949258 -0.060534
v -0.314331 0.994945 -0.106731
v -0.382705 0.949258 -0.060534
v -0.314331 0.994945 -0.060534
v -0.314331 0.994945 -0.106731
v -0.314331 0.994945 -0.106731
v -0.314331 0.994945 -0.060534
v -0.240578 1.031315 -0.106731
v -0.314331 0.994945 -0.060534
v -0.240578 1.031315 -0.060534
v -0.240578 1.031315 -0.106731
v -0.240578 1.031315 -0.106731
v -0.240578 1.031315 -0.060534
v -0.162710 1.057748 -0.106731
v -0.240578 1.031315 -0.060534
v -0.162710 1.057748 -0.060534
v -0.162710 1.057748 -0.106731
v -0.162710 1.057748 -0.106731
v -0.162710 1.057748 -0.060534
v -0.082057 1.073791 -0.106731
v -0.162710 1.057748 -0.060534
v -0.082057 1.073791 -0.060534
v -0.082057 1.073791 -0.106731
v -0.082057 1.073791 -0.106731
v -0.082057 1.073791 -0.060534
v 0.000000 1.079169 -0.106731
v -0.082057 1.073791 -0.060534
v 0.000000 1.079169 -0.060534
v 0.000000 1.079169 -0.106731
v -0.444531 0.005976 -0.106730
v -0.444531 0.005976 -0.060534
v -0.498751 0.067802 -0.106730
v -0.444531 0.005976 -0.060534
v -0.498751 0.067802 -0.060534
v -0.498751 0.067802 -0.106730
v -0.498751 0.067802 -0.106730
v -0.498751 0.067802 -0.060534
v -0.544437 0.136176 -0.106730
v -0.498751 0.067802 -0.060534
v -0.544437 0.136176 -0.060534
v -0.544437 0.136176 -0.106730
v -0.544437 0.136176 -0.106730
v -0.544437 0.136176 -0.060534
v -0.580808 0.209929 -0.106730
v -0.544437 0.136176 -0.060534
v -0.580808 0.209929 -0.060534
v -0.580808 0.209929 -0.106730
v -0.580808 0.209929 -0.106730
v -0.580808 0.209929 -0.060534
v -0.607241 0.287798 -0.106730
v -0.580808 0.209929 -0.060534
v -0.607241 0.287798 -0.060534
v -0.607241 0.287798 -0.106730
v -0.607241 0.287798 -0.106730
v -0.607241 0.287798 -0.060534
v -0.623284 0.368451 -0.106730
v -0.607241 0.287798 -0.060534
v -0.623284 0.368451 -0.060534
v -0.623284 0.368451 -0.106730
v -0.623284 0.368451 -0.106730
v -0.623284 0.368451 -0.060534
v -0.628662 0.450507 -0.106731
v -0.623284 0.368451 -0.060534
v -0.628662 0.450507 -0.060534
v -0.628662 0.450507 -0.106731
v -0.628662 0.450507 -0.106731
v -0.628662 0.450507 -0.060534
v -0.623284 0.532564 -0.106731
v -0.628662 0.450507 -0.060534
v -0.623284 0.532564 -0.060534
v -0.623284 0.532564 -0.106731
v -0.623284 0.532564 -0.106731
v -0.623284 0.532564 -0.060534
v -0.607241 0.613217 -0.106731
v -0.623284 0.532564 -0.060534
v -0.607241 0.613217 -0.060534
v -0.607241 0.613217 -0.106731
v -0.607241 0.613217 -0.106731
v -0.607241 0.613217 -0.060534
v -0.580808 0.691086 -0.106731
v -0.607241 0.613217 -0.060534
v -0.580808 0.691086 -0.060534
v -0.580808 0.691086 -0.106731
v -0.609599 0.265587 -0.106731
v -0.578416 0.275047 -0.106731
v -0.558433 0.219197 -0.106731
v -0.588538 0.206727 -0.106731
v -0.609599 0.265587 -0.106731
v -0.558433 0.219197 -0.106731
v -0.588538 0.206727 -0.106731
v -0.558433 0.219197 -0.106731
v -0.561810 0.150214 -0.106731
v -0.558433 0.219197 -0.106731
v -0.533071 0.165575 -0.106731
v -0.561810 0.150214 -0.106731
v -0.561810 0.150214 -0.106731
v -0.533071 0.165575 -0.106731
v -0.502576 0.114697 -0.106731
v -0.529671 0.096593 -0.106731
v -0.561810 0.150214 -0.106731
v -0.502576 0.114697 -0.106731
v -0.529671 0.096593 -0.106731
v -0.502576 0.114697 -0.106731
v -0.467241 0.067053 -0.106731
v -0.492430 0.046380 -0.106730
v -0.529671 0.096593 -0.106731
v -0.467241 0.067053 -0.106731
v -0.492430 0.046380 -0.106730
v -0.467241 0.067053 -0.106731
v -0.473583 0.026313 -0.106731
v -0.467241 0.067053 -0.106731
v -0.451057 0.048943 -0.106730
v -0.473583 0.026313 -0.106731
v -0.473583 0.026313 -0.106731
v -0.451057 0.048943 -0.106730
v -0.465283 0.019193 -0.106731
v -0.451057 0.048943 -0.106730
v -0.439913 0.038753 -0.106731
v -0.465283 0.019193 -0.106731
v -0.439913 0.038753 -0.106731
v -0.428356 0.033516 -0.106730
v -0.465283 0.019193 -0.106731
v -0.428356 0.033516 -0.106730
v -0.413346 0.031857 -0.106731
v -0.465283 0.019193 -0.106731
v -0.529671 0.804422 -0.106731
v -0.502576 0.786318 -0.106731
v -0.533071 0.735440 -0.106731
v -0.561810 0.750801 -0.106731
v -0.529671 0.804422 -0.106731
v -0.533071 0.735440 -0.106731
v -0.561810 0.750801 -0.106731
v -0.533071 0.735440 -0.106731
v -0.558433 0.681818 -0.106731
v -0.588539 0.694288 -0.106731
v -0.561810 0.750801 -0.106731
v -0.558433 0.681818 -0.106731
v -0.588539 0.694288 -0.106731
v -0.558433 0.681818 -0.106731
v -0.578416 0.625968 -0.106731
v -0.609599 0.635427 -0.106731
v -0.588539 0.694288 -0.106731
v -0.578416 0.625968 -0.106731
v -0.609599 0.635427 -0.106731
v -0.578416 0.625968 -0.106731
v -0.592829 0.568428 -0.106731
v -0.624789 0.574785 -0.106731
v -0.609599 0.635427 -0.106731
v -0.592829 0.568428 -0.106731
v -0.624789 0.574785 -0.106731
v -0.592829 0.568428 -0.106731
v -0.633962 0.512947 -0.106731
v -0.592829 0.568428 -0.106731
v -0.601533 0.509753 -0.106731
v -0.633962 0.512947 -0.106731
v -0.633962 0.512947 -0.106731
v -0.601533 0.509753 -0.106731
v -0.637030 0.450507 -0.106731
v -0.601533 0.509753 -0.106731
v -0.604443 0.450507 -0.106731
v -0.637030 0.450507 -0.106731
v -0.637030 0.450507 -0.106731
v -0.604443 0.450507 -0.106731
v -0.601532 0.391262 -0.106731
v -0.633962 0.388067 -0.106731
v -0.637030 0.450507 -0.106731
v -0.601532 0.391262 -0.106731
v -0.633962 0.388067 -0.106731
v -0.601532 0.391262 -0.106731
v -0.592829 0.332586 -0.106731
v -0.624789 0.326229 -0.106731
v -0.633962 0.388067 -0.106731
v -0.592829 0.332586 -0.106731
v -0.624789 0.326229 -0.106731
v -0.592829 0.332586 -0.106731
v -0.578416 0.275047 -0.106731
v -0.609599 0.265587 -0.106731
v -0.624789 0.326229 -0.106731
v -0.578416 0.275047 -0.106731
v -0.062440 1.084469 -0.106731
v -0.059246 1.052040 -0.106731
v -0.117921 1.043336 -0.106731
v -0.124278 1.075297 -0.106731
v -0.062440 1.084469 -0.106731
v -0.117921 1.043336 -0.106731
v -0.124278 1.075297 -0.106731
v -0.117921 1.043336 -0.106731
v -0.175461 1.028923 -0.106731
v -0.184920 1.060107 -0.106731
v -0.124278 1.075297 -0.106731
v -0.175461 1.028923 -0.106731
v -0.184920 1.060107 -0.106731
v -0.175461 1.028923 -0.106731
v -0.243781 1.039046 -0.106731
v -0.175461 1.028923 -0.106731
v -0.231310 1.008940 -0.106731
v -0.243781 1.039046 -0.106731
v -0.243781 1.039046 -0.106731
v -0.231310 1.008940 -0.106731
v -0.284932 0.983579 -0.106731
v -0.300294 1.012317 -0.106731
v -0.243781 1.039046 -0.106731
v -0.284932 0.983579 -0.106731
v -0.300294 1.012317 -0.106731
v -0.284932 0.983579 -0.106731
v -0.335811 0.953083 -0.106731
v -0.353915 0.980178 -0.106731
v -0.300294 1.012317 -0.106731
v -0.335811 0.953083 -0.106731
v -0.353915 0.980178 -0.106731
v -0.335811 0.953083 -0.106731
v -0.404127 0.942938 -0.106731
v -0.335811 0.953083 -0.106731
v -0.383455 0.917748 -0.106731
v -0.404127 0.942938 -0.106731
v -0.404127 0.942938 -0.106731
v -0.383455 0.917748 -0.106731
v -0.427406 0.877913 -0.106731
v -0.450448 0.900955 -0.106731
v -0.404127 0.942938 -0.106731
v -0.427406 0.877913 -0.106731
v -0.450448 0.900955 -0.106731
v -0.427406 0.877913 -0.106731
v -0.467241 0.833962 -0.106731
v -0.492430 0.854634 -0.106731
v -0.450448 0.900955 -0.106731
v -0.467241 0.833962 -0.106731
v -0.492430 0.854634 -0.106731
v -0.467241 0.833962 -0.106731
v -0.502576 0.786318 -0.106731
v -0.529671 0.804422 -0.106731
v -0.492430 0.854634 -0.106731
v -0.502576 0.786318 -0.106731
v 0.450448 0.900955 -0.106731
v 0.427406 0.877913 -0.106731
v 0.404127 0.942938 -0.106731
v 0.427406 0.877913 -0.106731
v 0.383455 0.917748 -0.106731
v 0.404127 0.942938 -0.106731
v 0.383455 0.917748 -0.106731
v 0.335811 0.953084 -0.106731
v 0.404127 0.942938 -0.106731
v 0.335811 0.953084 -0.106731
v 0.353915 0.980178 -0.106731
v 0.404127 0.942938 -0.106731
v 0.353915 0.980178 -0.106731
v 0.335811 0.953084 -0.106731
v 0.300294 1.012317 -0.106731
v 0.335811 0.953084 -0.106731
v 0.284932 0.983579 -0.106731
v 0.300294 1.012317 -0.106731
v 0.300294 1.012317 -0.106731
v 0.284932 0.983579 -0.106731
v 0.243781 1.039046 -0.106731
v 0.284932 0.983579 -0.106731
v 0.231310 1.008940 -0.106731
v 0.243781 1.039046 -0.106731
v 0.231310 1.008940 -0.106731
v 0.175461 1.028923 -0.106731
v 0.243781 1.039046 -0.106731
v 0.175461 1.028923 -0.106731
v 0.184920 1.060107 -0.106731
v 0.243781 1.039046 -0.106731
v 0.184920 1.060107 -0.106731
v 0.175461 1.028923 -0.106731
v 0.124278 1.075297 -0.106731
v 0.175461 1.028923 -0.106731
v 0.117921 1.043336 -0.106731
v 0.124278 1.075297 -0.106731
v 0.124278 1.075297 -0.106731
v 0.117921 1.043336 -0.106731
v 0.062440 1.084469 -0.106731
v 0.117921 1.043336 -0.106731
v 0.059246 1.052040 -0.106731
v 0.062440 1.084469 -0.106731
v 0.059246 1.052040 -0.106731
v 0.000000 1.054950 -0.106731
v 0.062440 1.084469 -0.106731
v 0.000000 1.054950 -0.106731
v 0.000000 1.087537 -0.106731
v 0.062440 1.084469 -0.106731
v 0.000000 1.087537 -0.106731
v 0.000000 1.054950 -0.106731
v -0.062440 1.084469 -0.106731
v 0.000000 1.054950 -0.106731
v -0.059246 1.052040 -0.106731
v -0.062440 1.084469 -0.106731
v 0.633962 0.388067 -0.106731
v 0.601532 0.391262 -0.106731
v 0.637030 0.450507 -0.106731
v 0.601532 0.391262 -0.106731
v 0.604443 0.450507 -0.106731
v 0.637030 0.450507 -0.106731
v 0.604443 0.450507 -0.106731
v 0.601533 0.509753 -0.106731
v 0.637030 0.450507 -0.106731
v 0.601533 0.509753 -0.106731
v 0.633962 0.512947 -0.106731
v 0.637030 0.450507 -0.106731
v 0.601533 0.509753 -0.106731
v 0.592829 0.568428 -0.106731
v 0.633962 0.512947 -0.106731
v 0.592829 0.568428 -0.106731
v 0.624789 0.574785 -0.106731
v 0.633962 0.512947 -0.106731
v 0.624789 0.574785 -0.106731
v 0.592829 0.568428 -0.106731
v 0.609599 0.635427 -0.106731
v 0.592829 0.568428 -0.106731
v 0.578416 0.625968 -0.106731
v 0.609599 0.635427 -0.106731
v 0.609599 0.635427 -0.106731
v 0.578416 0.625968 -0.106731
v 0.588539 0.694288 -0.106731
v 0.578416 0.625968 -0.106731
v 0.558433 0.681818 -0.106731
v 0.588539 0.694288 -0.106731
v 0.588539 0.694288 -0.106731
v 0.558433 0.681818 -0.106731
v 0.561810 0.750801 -0.106731
v 0.558433 0.681818 -0.106731
v 0.533071 0.735440 -0.106731
v 0.561810 0.750801 -0.106731
v 0.561810 0.750801 -0.106731
v 0.533071 0.735440 -0.106731
v 0.529671 0.804422 -0.106731
v 0.533071 0.735440 -0.106731
v 0.502576 0.786318 -0.106731
v 0.529671 0.804422 -0.106731
v 0.529671 0.804422 -0.106731
v 0.502576 0.786318 -0.106731
v 0.492430 0.854634 -0.106731
v 0.502576 0.786318 -0.106731
v 0.467241 0.833962 -0.106731
v 0.492430 0.854634 -0.106731
v 0.492430 0.854634 -0.106731
v 0.467241 0.833962 -0.106731
v 0.450448 0.900955 -0.106731
v 0.467241 0.833962 -0.106731
v 0.427406 0.877913 -0.106731
v 0.450448 0.900955 -0.106731
v 0.413346 0.031857 -0.106731
v 0.428356 0.033516 -0.106730
v 0.465283 0.019193 -0.106731
v 0.428356 0.033516 -0.106730
v 0.439913 0.038753 -0.106731
v 0.465283 0.019193 -0.106731
v 0.439913 0.038753 -0.106731
v 0.451057 0.048943 -0.106730
v 0.465283 0.019193 -0.106731
v 0.451057 0.048943 -0.106730
v 0.473583 0.026313 -0.106731
v 0.465283 0.019193 -0.106731
v 0.451057 0.048943 -0.106730
v 0.467241 0.067053 -0.106731
v 0.473583 0.026313 -0.106731
v 0.467241 0.067053 -0.106731
v 0.492430 0.046380 -0.106730
v 0.473583 0.026313 -0.106731
v 0.492430 0.046380 -0.106730
v 0.467241 0.067053 -0.106731
v 0.529671 0.096593 -0.106731
v 0.467241 0.067053 -0.106731
v 0.502576 0.114697 -0.106731
v 0.529671 0.096593 -0.106731
v 0.529671 0.096593 -0.106731
v 0.502576 0.114697 -0.106731
v 0.561810 0.150214 -0.106731
v 0.502576 0.114697 -0.106731
v 0.533071 0.165575 -0.106731
v 0.561810 0.150214 -0.106731
v 0.533071 0.165575 -0.106731
v 0.558433 0.219197 -0.106731
v 0.561810 0.150214 -0.106731
v 0.558433 0.219197 -0.106731
v 0.588538 0.206727 -0.106731
v 0.561810 0.150214 -0.106731
v 0.588538 0.206727 -0.106731
v 0.558433 0.219197 -0.106731
v 0.609599 0.265587 -0.106731
v 0.558433 0.219197 -0.106731
v 0.578416 0.275047 -0.106731
v 0.609599 0.265587 -0.106731
v 0.609599 0.265587 -0.106731
v 0.578416 0.275047 -0.106731
v 0.624789 0.326229 -0.106731
v 0.578416 0.275047 -0.106731
v 0.592829 0.332586 -0.106731
v 0.624789 0.326229 -0.106731
v 0.624789 0.326229 -0.106731
v 0.592829 0.332586 -0.106731
v 0.633962 0.388067 -0.106731
v 0.592829 0.332586 -0.106731
v 0.601532 0.391262 -0.106731
v 0.633962 0.388067 -0.106731
v -0.592829 0.332586 0.106730
v -0.578416 0.275047 0.106730
v -0.592829 0.332586 0.184218
v -0.578416 0.275047 0.106730
v -0.578416 0.275047 0.184218
v -0.592829 0.332586 0.184218
v -0.578416 0.275047 0.184218
v -0.578416 0.275047 0.106730
v -0.558433 0.219197 0.184218
v -0.578416 0.275047 0.106730
v -0.558433 0.219197 0.106730
v -0.558433 0.219197 0.184218
v -0.558433 0.219197 0.184218
v -0.558433 0.219197 0.106730
v -0.533071 0.165575 0.184218
v -0.558433 0.219197 0.106730
v -0.533071 0.165575 0.106730
v -0.533071 0.165575 0.184218
v -0.533071 0.165575 0.106730
v -0.502576 0.114697 0.106730
v -0.533071 0.165575 0.184218
v -0.502576 0.114697 0.106730
v -0.502576 0.114697 0.184218
v -0.533071 0.165575 0.184218
v -0.502576 0.114697 0.184218
v -0.502576 0.114697 0.106730
v -0.467241 0.067053 0.184218
v -0.502576 0.114697 0.106730
v -0.467241 0.067053 0.106730
v -0.467241 0.067053 0.184218
v -0.467241 0.067053 0.106730
v -0.451057 0.048943 0.106730
v -0.467241 0.067053 0.184218
v -0.451057 0.048943 0.106730
v -0.451057 0.048943 0.184218
v -0.467241 0.067053 0.184218
v -0.451057 0.048943 0.106730
v -0.439913 0.038753 0.106731
v -0.451057 0.048943 0.184218
v -0.439913 0.038753 0.106731
v -0.439913 0.038753 0.184218
v -0.451057 0.048943 0.184218
v -0.439913 0.038753 0.184218
v -0.439913 0.038753 0.106731
v -0.428356 0.033516 0.184218
v -0.439913 0.038753 0.106731
v -0.428356 0.033516 0.106730
v -0.428356 0.033516 0.184218
v -0.428356 0.033516 0.106730
v -0.413346 0.031857 0.106731
v -0.428356 0.033516 0.184218
v -0.413346 0.031857 0.106731
v -0.413346 0.031857 0.184218
v -0.428356 0.033516 0.184218
v -0.467241 0.833962 0.106730
v -0.502576 0.786318 0.106730
v -0.467241 0.833962 0.184218
v -0.502576 0.786318 0.106730
v -0.502576 0.786318 0.184218
v -0.467241 0.833962 0.184218
v -0.502576 0.786318 0.184218
v -0.502576 0.786318 0.106730
v -0.533071 0.735440 0.184218
v -0.502576 0.786318 0.106730
v -0.533071 0.735440 0.106730
v -0.533071 0.735440 0.184218
v -0.533071 0.735440 0.184218
v -0.533071 0.735440 0.106730
v -0.558433 0.681818 0.184218
v -0.533071 0.735440 0.106730
v -0.558433 0.681818 0.106730
v -0.558433 0.681818 0.184218
v -0.558433 0.681818 0.184218
v -0.558433 0.681818 0.106730
v -0.578416 0.625968 0.184218
v -0.558433 0.681818 0.106730
v -0.578416 0.625968 0.106730
v -0.578416 0.625968 0.184218
v -0.578416 0.625968 0.106730
v -0.592829 0.568428 0.106730
v -0.578416 0.625968 0.184218
v -0.592829 0.568428 0.106730
v -0.592829 0.568428 0.184218
v -0.578416 0.625968 0.184218
v -0.592829 0.568428 0.106730
v -0.601533 0.509753 0.106730
v -0.592829 0.568428 0.184218
v -0.601533 0.509753 0.106730
v -0.601533 0.509753 0.184218
v -0.592829 0.568428 0.184218
v -0.601533 0.509753 0.106730
v -0.604443 0.450507 0.106730
v -0.601533 0.509753 0.184218
v -0.604443 0.450507 0.106730
v -0.604443 0.450507 0.184218
v -0.601533 0.509753 0.184218
v -0.604443 0.450507 0.106730
v -0.601532 0.391262 0.106730
v -0.604443 0.450507 0.184218
v -0.601532 0.391262 0.106730
v -0.601532 0.391262 0.184218
v -0.604443 0.450507 0.184218
v -0.601532 0.391262 0.106730
v -0.592829 0.332586 0.106730
v -0.601532 0.391262 0.184218
v -0.592829 0.332586 0.106730
v -0.592829 0.332586 0.184218
v -0.601532 0.391262 0.184218
v 0.000000 1.054950 0.106730
v -0.059246 1.052040 0.106730
v 0.000000 1.054950 0.184218
v -0.059246 1.052040 0.106730
v -0.059246 1.052040 0.184218
v 0.000000 1.054950 0.184218
v -0.059246 1.052040 0.184218
v -0.059246 1.052040 0.106730
v -0.117921 1.043336 0.184218
v -0.059246 1.052040 0.106730
v -0.117921 1.043336 0.106730
v -0.117921 1.043336 0.184218
v -0.117921 1.043336 0.184218
v -0.117921 1.043336 0.106730
v -0.175461 1.028923 0.184218
v -0.117921 1.043336 0.106730
v -0.175461 1.028923 0.106730
v -0.175461 1.028923 0.184218
v -0.175461 1.028923 0.106730
v -0.231310 1.008940 0.106730
v -0.175461 1.028923 0.184218
v -0.231310 1.008940 0.106730
v -0.231310 1.008940 0.184218
v -0.175461 1.028923 0.184218
v -0.231310 1.008940 0.106730
v -0.284932 0.983579 0.106730
v -0.231310 1.008940 0.184218
v -0.284932 0.983579 0.106730
v -0.284932 0.983579 0.184218
v -0.231310 1.008940 0.184218
v -0.284932 0.983579 0.106730
v -0.335811 0.953083 0.106730
v -0.284932 0.983579 0.184218
v -0.335811 0.953083 0.106730
v -0.335811 0.953084 0.184218
v -0.284932 0.983579 0.184218
v -0.335811 0.953084 0.184218
v -0.335811 0.953083 0.106730
v -0.383455 0.917748 0.184218
v -0.335811 0.953083 0.106730
v -0.383455 0.917748 0.106730
v -0.383455 0.917748 0.184218
v -0.383455 0.917748 0.106730
v -0.427406 0.877913 0.106730
v -0.383455 0.917748 0.184218
v -0.427406 0.877913 0.106730
v -0.427406 0.877913 0.184218
v -0.383455 0.917748 0.184218
v -0.427406 0.877913 0.184218
v -0.427406 0.877913 0.106730
v -0.467241 0.833962 0.184218
v -0.427406 0.877913 0.106730
v -0.467241 0.833962 0.106730
v -0.467241 0.833962 0.184218
v 0.000000 0.595211 -0.000000
v 0.055714 0.595211 0.034244
v 0.000000 0.595211 0.034244
v 0.055714 0.595211 -0.000000
v 0.055714 0.595211 0.034244
v 0.000000 0.595211 -0.000000
v 0.055714 0.595212 -0.034244
v 0.000000 0.595211 -0.000000
v 0.000000 0.595211 -0.034244
v 0.055714 0.595211 -0.000000
v 0.000000 0.595211 -0.000000
v 0.055714 0.595212 -0.034244
v 0.000000 0.928765 0.034244
v 0.055714 0.966654 0.034244
v 0.000000 0.966654 0.034244
v 0.055714 0.928765 0.034244
v 0.055714 0.966654 0.034244
v 0.000000 0.928765 0.034244
v 0.000000 0.979091 0.034244
v 0.055714 1.029216 0.034244
v 0.000000 1.029216 0.034244
v 0.055714 0.979091 0.034244
v 0.055714 1.029216 0.034244
v 0.000000 0.979091 0.034244
v 0.000000 0.979091 0.026550
v 0.055714 0.979091 0.034244
v 0.000000 0.979091 0.034244
v 0.055714 0.979091 0.026550
v 0.055714 0.979091 0.034244
v 0.000000 0.979091 0.026550
v 0.000000 0.979091 0.026550
v 0.055714 0.966654 0.026550
v 0.055714 0.979091 0.026550
v 0.000000 0.966654 0.026550
v 0.055714 0.966654 0.026550
v 0.000000 0.979091 0.026550
v 0.000000 0.966654 0.034244
v 0.055714 0.966654 0.026550
v 0.000000 0.966654 0.026550
v 0.055714 0.966654 0.034244
v 0.055714 0.966654 0.026550
v 0.000000 0.966654 0.034244
v 0.000000 0.595211 0.034244
v 0.055714 0.916327 0.034244
v 0.000000 0.916327 0.034244
v 0.055714 0.595211 0.034244
v 0.055714 0.916327 0.034244
v 0.000000 0.595211 0.034244
v 0.000000 0.928765 0.026550
v 0.055714 0.928765 0.034244
v 0.000000 0.928765 0.034244
v 0.055714 0.928765 0.026550
v 0.055714 0.928765 0.034244
v 0.000000 0.928765 0.026550
v 0.000000 0.920955 0.026550
v 0.055714 0.928765 0.026550
v 0.000000 0.928765 0.026550
v 0.055714 0.916327 0.026550
v 0.055714 0.928765 0.026550
v 0.000000 0.920955 0.026550
v 0.000000 0.920955 0.026550
v 0.000000 0.916327 0.026550
v 0.055714 0.916327 0.026550
v 0.000000 0.916327 0.034244
v 0.055714 0.916327 0.026550
v 0.000000 0.916327 0.026550
v 0.055714 0.916327 0.034244
v 0.055714 0.916327 0.026550
v 0.000000 0.916327 0.034244
v 0.055714 0.966654 -0.026550
v 0.000000 0.979091 -0.026550
v 0.055714 0.979091 -0.026550
v 0.000000 0.966654 -0.026550
v 0.000000 0.979091 -0.026550
v 0.055714 0.966654 -0.026550
v 0.055714 0.928765 -0.026550
v 0.055714 0.966654 -0.034244
v 0.055714 0.966654 -0.026550
v 0.055714 0.928765 -0.034244
v 0.055714 0.966654 -0.034244
v 0.055714 0.928765 -0.026550
v 0.055714 0.916327 -0.026550
v 0.055714 0.928765 -0.026550
v 0.055714 0.913327 -0.000000
v 0.055714 0.595212 -0.034244
v 0.055714 0.916327 -0.034244
v 0.055714 0.916327 -0.026550
v 0.055714 0.913327 -0.000000
v 0.055714 0.595212 -0.034244
v 0.055714 0.916327 -0.026550
v 0.055714 0.595211 -0.000000
v 0.055714 0.595212 -0.034244
v 0.055714 0.913327 -0.000000
v 0.055714 0.913327 -0.000000
v 0.055714 0.595211 0.034244
v 0.055714 0.595211 -0.000000
v 0.055714 0.916327 0.034244
v 0.055714 0.595211 0.034244
v 0.055714 0.916327 0.026550
v 0.055714 0.916327 0.026550
v 0.055714 0.595211 0.034244
v 0.055714 0.913327 -0.000000
v 0.055714 0.916327 0.026550
v 0.055714 0.913327 -0.000000
v 0.055714 0.928765 0.026550
v 0.055714 0.928765 0.026550
v 0.055714 0.913327 -0.000000
v 0.055714 0.931765 -0.000000
v 0.055714 0.913327 -0.000000
v 0.055714 0.928765 -0.026550
v 0.055714 0.931765 -0.000000
v 0.055714 0.931765 -0.000000
v 0.055714 0.928765 -0.026550
v 0.055714 0.963654 -0.000000
v 0.055714 0.963654 -0.000000
v 0.055714 0.928765 -0.026550
v 0.055714 0.966654 -0.026550
v 0.055714 0.963654 -0.000000
v 0.055714 0.966654 -0.026550
v 0.055714 0.982091 -0.000000
v 0.055714 0.982091 -0.000000
v 0.055714 0.966654 -0.026550
v 0.055714 0.979091 -0.026550
v 0.055714 0.982091 -0.000000
v 0.055714 0.979091 -0.026550
v 0.055714 1.029216 -0.000000
v 0.055714 1.029216 -0.000000
v 0.055714 0.979091 -0.026550
v 0.055714 0.979091 -0.034244
v 0.055714 1.029216 -0.000000
v 0.055714 0.979091 -0.034244
v 0.055714 1.029216 -0.034244
v 0.055714 0.979091 0.034244
v 0.055714 1.029216 -0.000000
v 0.055714 1.029216 0.034244
v 0.055714 0.979091 0.026550
v 0.055714 1.029216 -0.000000
v 0.055714 0.979091 0.034244
v 0.055714 0.979091 0.026550
v 0.055714 0.982091 -0.000000
v 0.055714 1.029216 -0.000000
v 0.055714 0.966654 0.026550
v 0.055714 0.982091 -0.000000
v 0.055714 0.979091 0.026550
v 0.055714 0.963654 -0.000000
v 0.055714 0.982091 -0.000000
v 0.055714 0.966654 0.026550
v 0.055714 0.928765 0.026550
v 0.055714 0.963654 -0.000000
v 0.055714 0.966654 0.026550
v 0.055714 0.931765 -0.000000
v 0.055714 0.963654 -0.000000
v 0.055714 0.928765 0.026550
v 0.055714 0.966654 0.034244
v 0.055714 0.928765 0.026550
v 0.055714 0.966654 0.026550
v 0.055714 0.928765 0.034244
v 0.055714 0.928765 0.026550
v 0.055714 0.966654 0.034244
v 0.592829 0.332586 0.184218
v 0.603285 0.330507 0.184218
v 0.588618 0.271952 0.184218
v 0.578416 0.275047 0.184218
v 0.592829 0.332586 0.184218
v 0.588618 0.271952 0.184218
v 0.578416 0.275047 0.184218
v 0.588618 0.271952 0.184218
v 0.558433 0.219197 0.184218
v 0.588618 0.271952 0.184218
v 0.568282 0.215117 0.184218
v 0.558433 0.219197 0.184218
v 0.558433 0.219197 0.184218
v 0.568282 0.215117 0.184218
v 0.542474 0.160549 0.184218
v 0.533071 0.165575 0.184218
v 0.558433 0.219197 0.184218
v 0.542474 0.160549 0.184218
v 0.533071 0.165575 0.184218
v 0.542474 0.160549 0.184218
v 0.511441 0.108774 0.184218
v 0.502576 0.114697 0.184218
v 0.533071 0.165575 0.184218
v 0.511441 0.108774 0.184218
v 0.502576 0.114697 0.184218
v 0.511441 0.108774 0.184218
v 0.467241 0.067053 0.184218
v 0.511441 0.108774 0.184218
v 0.475482 0.060289 0.184218
v 0.467241 0.067053 0.184218
v 0.467241 0.067053 0.184218
v 0.475482 0.060289 0.184218
v 0.451057 0.048943 0.184218
v 0.475482 0.060289 0.184218
v 0.458971 0.041086 0.184218
v 0.451057 0.048943 0.184218
v 0.439913 0.038753 0.184218
v 0.451057 0.048943 0.184218
v 0.458971 0.041086 0.184218
v 0.445931 0.029489 0.184218
v 0.439913 0.038753 0.184218
v 0.458971 0.041086 0.184218
v 0.428356 0.033516 0.184218
v 0.439913 0.038753 0.184218
v 0.445931 0.029489 0.184218
v 0.431353 0.022883 0.184218
v 0.428356 0.033516 0.184218
v 0.445931 0.029489 0.184218
v 0.431353 0.022883 0.184218
v 0.414036 0.020726 0.184218
v 0.428356 0.033516 0.184218
v 0.414036 0.020726 0.184218
v 0.413346 0.031857 0.184218
v 0.428356 0.033516 0.184218
v 0.467241 0.833962 0.184218
v 0.475482 0.840725 0.184218
v 0.502576 0.786318 0.184218
v 0.475482 0.840725 0.184218
v 0.511441 0.792241 0.184218
v 0.502576 0.786318 0.184218
v 0.502576 0.786318 0.184218
v 0.511441 0.792241 0.184218
v 0.533071 0.735440 0.184218
v 0.511441 0.792241 0.184218
v 0.542474 0.740465 0.184218
v 0.533071 0.735440 0.184218
v 0.533071 0.735440 0.184218
v 0.542474 0.740465 0.184218
v 0.558433 0.681818 0.184218
v 0.542474 0.740465 0.184218
v 0.568283 0.685898 0.184218
v 0.558433 0.681818 0.184218
v 0.558433 0.681818 0.184218
v 0.568283 0.685898 0.184218
v 0.578416 0.625968 0.184218
v 0.568283 0.685898 0.184218
v 0.588619 0.629063 0.184218
v 0.578416 0.625968 0.184218
v 0.578416 0.625968 0.184218
v 0.588619 0.629063 0.184218
v 0.592829 0.568428 0.184218
v 0.588619 0.629063 0.184218
v 0.603286 0.570508 0.184218
v 0.592829 0.568428 0.184218
v 0.592829 0.568428 0.184218
v 0.603286 0.570508 0.184218
v 0.612143 0.510798 0.184218
v 0.601533 0.509753 0.184218
v 0.592829 0.568428 0.184218
v 0.612143 0.510798 0.184218
v 0.601533 0.509753 0.184218
v 0.612143 0.510798 0.184218
v 0.615105 0.450507 0.184218
v 0.604443 0.450507 0.184218
v 0.601533 0.509753 0.184218
v 0.615105 0.450507 0.184218
v 0.604443 0.450507 0.184218
v 0.615105 0.450507 0.184218
v 0.612143 0.390217 0.184218
v 0.601532 0.391262 0.184218
v 0.604443 0.450507 0.184218
v 0.612143 0.390217 0.184218
v 0.601532 0.391262 0.184218
v 0.612143 0.390217 0.184218
v 0.603285 0.330507 0.184218
v 0.592829 0.332586 0.184218
v 0.601532 0.391262 0.184218
v 0.603285 0.330507 0.184218
v 0.000000 1.054950 0.184218
v 0.000000 1.065612 0.184218
v 0.060291 1.062650 0.184218
v 0.059246 1.052040 0.184218
v 0.000000 1.054950 0.184218
v 0.060291 1.062650 0.184218
v 0.059246 1.052040 0.184218
v 0.060291 1.062650 0.184218
v 0.117921 1.043336 0.184218
v 0.060291 1.062650 0.184218
v 0.120001 1.053793 0.184218
v 0.117921 1.043336 0.184218
v 0.117921 1.043336 0.184218
v 0.120001 1.053793 0.184218
v 0.175461 1.028923 0.184218
v 0.120001 1.053793 0.184218
v 0.178555 1.039126 0.184218
v 0.175461 1.028923 0.184218
v 0.175461 1.028923 0.184218
v 0.178555 1.039126 0.184218
v 0.235390 1.018790 0.184218
v 0.231310 1.008940 0.184218
v 0.175461 1.028923 0.184218
v 0.235390 1.018790 0.184218
v 0.231310 1.008940 0.184218
v 0.235390 1.018790 0.184218
v 0.289958 0.992981 0.184218
v 0.284932 0.983579 0.184218
v 0.231310 1.008940 0.184218
v 0.289958 0.992981 0.184218
v 0.284932 0.983579 0.184218
v 0.289958 0.992981 0.184218
v 0.335811 0.953084 0.184218
v 0.289958 0.992981 0.184218
v 0.341734 0.961948 0.184218
v 0.335811 0.953084 0.184218
v 0.335811 0.953084 0.184218
v 0.341734 0.961948 0.184218
v 0.390218 0.925990 0.184218
v 0.383455 0.917748 0.184218
v 0.335811 0.953084 0.184218
v 0.390218 0.925990 0.184218
v 0.383455 0.917748 0.184218
v 0.390218 0.925990 0.184218
v 0.434945 0.885452 0.184218
v 0.427406 0.877913 0.184218
v 0.383455 0.917748 0.184218
v 0.434945 0.885452 0.184218
v 0.427406 0.877913 0.184218
v 0.434945 0.885452 0.184218
v 0.467241 0.833962 0.184218
v 0.434945 0.885452 0.184218
v 0.475482 0.840725 0.184218
v 0.467241 0.833962 0.184218
v -0.475482 0.840725 0.184218
v -0.434945 0.885452 0.184218
v -0.467241 0.833962 0.184218
v -0.434945 0.885452 0.184218
v -0.427406 0.877913 0.184218
v -0.467241 0.833962 0.184218
v -0.427406 0.877913 0.184218
v -0.434945 0.885452 0.184218
v -0.383455 0.917748 0.184218
v -0.434945 0.885452 0.184218
v -0.390218 0.925990 0.184218
v -0.383455 0.917748 0.184218
v -0.383455 0.917748 0.184218
v -0.390218 0.925990 0.184218
v -0.335811 0.953084 0.184218
v -0.390218 0.925990 0.184218
v -0.341734 0.961948 0.184218
v -0.335811 0.953084 0.184218
v -0.341734 0.961948 0.184218
v -0.289958 0.992981 0.184218
v -0.335811 0.953084 0.184218
v -0.289958 0.992981 0.184218
v -0.284932 0.983579 0.184218
v -0.335811 0.953084 0.184218
v -0.284932 0.983579 0.184218
v -0.289958 0.992981 0.184218
v -0.231310 1.008940 0.184218
v -0.289958 0.992981 0.184218
v -0.235390 1.018790 0.184218
v -0.231310 1.008940 0.184218
v -0.231310 1.008940 0.184218
v -0.235390 1.018790 0.184218
v -0.175461 1.028923 0.184218
v -0.235390 1.018790 0.184218
v -0.178555 1.039126 0.184218
v -0.175461 1.028923 0.184218
v -0.178555 1.039126 0.184218
v -0.120001 1.053793 0.184218
v -0.175461 1.028923 0.184218
v -0.120001 1.053793 0.184218
v -0.117921 1.043336 0.184218
v -0.175461 1.028923 0.184218
v -0.120001 1.053793 0.184218
v -0.060291 1.062650 0.184218
v -0.117921 1.043336 0.184218
v -0.060291 1.062650 0.184218
v -0.059246 1.052040 0.184218
v -0.117921 1.043336 0.184218
v -0.059246 1.052040 0.184218
v -0.060291 1.062650 0.184218
v 0.000000 1.054950 0.184218
v -0.060291 1.062650 0.184218
v 0.000000 1.065612 0.184218
v 0.000000 1.054950 0.184218
v 0.055714 0.966654 -0.034244
v 0.000000 0.928765 -0.034244
v 0.000000 0.966654 -0.034244
v 0.055714 0.928765 -0.034244
v 0.000000 0.928765 -0.034244
v 0.055714 0.966654 -0.034244
v 0.055714 1.029216 -0.034244
v 0.000000 0.979091 -0.034244
v 0.000000 1.029216 -0.034244
v 0.055714 0.979091 -0.034244
v 0.000000 0.979091 -0.034244
v 0.055714 1.029216 -0.034244
v 0.055714 0.979091 -0.034244
v 0.000000 0.979091 -0.026550
v 0.000000 0.979091 -0.034244
v 0.055714 0.979091 -0.026550
v 0.000000 0.979091 -0.026550
v 0.055714 0.979091 -0.034244
v 0.055714 0.966654 -0.026550
v 0.000000 0.966654 -0.034244
v 0.000000 0.966654 -0.026550
v 0.055714 0.966654 -0.034244
v 0.000000 0.966654 -0.034244
v 0.055714 0.966654 -0.026550
v 0.000000 1.029216 0.034244
v 0.055714 1.029216 -0.000000
v 0.000000 1.029216 -0.000000
v 0.055714 1.029216 0.034244
v 0.055714 1.029216 -0.000000
v 0.000000 1.029216 0.034244
v 0.055714 1.029216 -0.000000
v 0.000000 1.029216 -0.034244
v 0.000000 1.029216 -0.000000
v 0.055714 1.029216 -0.034244
v 0.000000 1.029216 -0.034244
v 0.055714 1.029216 -0.000000
v 0.055714 0.916327 -0.034244
v 0.000000 0.595211 -0.034244
v 0.000000 0.916327 -0.034244
v 0.055714 0.595212 -0.034244
v 0.000000 0.595211 -0.034244
v 0.055714 0.916327 -0.034244
v 0.055714 0.928765 -0.034244
v 0.000000 0.928765 -0.026550
v 0.000000 0.928765 -0.034244
v 0.055714 0.928765 -0.026550
v 0.000000 0.928765 -0.026550
v 0.055714 0.928765 -0.034244
v 0.055714 0.928765 -0.026550
v 0.000000 0.916327 -0.026550
v 0.000000 0.928765 -0.026550
v 0.055714 0.916327 -0.026550
v 0.000000 0.916327 -0.026550
v 0.055714 0.928765 -0.026550
v 0.055714 0.916327 -0.026550
v 0.000000 0.916327 -0.034244
v 0.000000 0.916327 -0.026550
v 0.055714 0.916327 -0.034244
v 0.000000 0.916327 -0.034244
v 0.055714 0.916327 -0.026550
v 0.000000 0.966654 -0.034244
v 0.000000 0.979091 -0.026550
v 0.000000 0.966654 -0.026550
v 0.000000 0.966654 -0.034244
v 0.000000 0.979091 -0.034244
v 0.000000 0.979091 -0.026550
v 0.000000 1.036216 -0.039116
v 0.188536 1.036216 -0.039116
v 0.000000 1.036216 -0.000000
v 0.000000 1.036216 0.039116
v 0.188536 1.036216 -0.000000
v 0.188536 1.036216 0.039116
v 0.000000 1.036216 -0.000000
v 0.188536 1.036216 -0.000000
v 0.000000 1.036216 0.039116
v 0.000000 1.036216 -0.000000
v 0.188536 1.036216 -0.039116
v 0.188536 1.036216 -0.000000
v 0.188536 1.036216 -0.000000
v 0.188536 1.036216 -0.039116
v 0.381376 1.036216 -0.000000
v 0.381376 1.036216 -0.000000
v 0.188536 1.036216 -0.039116
v 0.381376 1.036216 -0.039116
v 0.381376 1.036216 -0.039116
v 0.574216 1.036216 -0.039116
v 0.381376 1.036216 -0.000000
v 0.381376 1.036216 -0.000000
v 0.574216 1.036216 -0.039116
v 0.574216 1.036215 -0.000000
v 0.381376 1.036216 -0.000000
v 0.574216 1.036215 -0.000000
v 0.381376 1.036216 0.039116
v 0.381376 1.036216 0.039116
v 0.574216 1.036215 -0.000000
v 0.574216 1.036216 0.039116
v 0.381376 1.036216 -0.000000
v 0.188536 1.036216 0.039116
v 0.188536 1.036216 -0.000000
v 0.381376 1.036216 0.039116
v 0.188536 1.036216 0.039116
v 0.381376 1.036216 -0.000000
v 0.004610 0.591932 -0.039116
v 0.000000 0.592381 -0.036193
v 0.000000 0.588137 -0.034960
v 0.000000 0.594108 -0.039116
v 0.000000 0.592381 -0.036193
v 0.004610 0.591932 -0.039116
v 0.005528 0.310621 0.039116
v 0.000000 0.308633 0.036193
v -0.000000 0.312877 0.034960
v -0.000000 0.306906 0.039116
v 0.000000 0.308633 0.036193
v 0.005528 0.310621 0.039116
v 0.005528 0.310620 -0.039116
v 0.000000 0.308633 -0.036193
v -0.000000 0.306906 -0.039116
v -0.000000 0.312877 -0.034960
v 0.000000 0.308633 -0.036193
v 0.005528 0.310620 -0.039116
v -0.023899 0.314968 0.034398
v -0.000000 0.450507 0.034398
v -0.000000 0.312877 0.034398
v -0.119191 0.519322 0.034398
v -0.105431 0.538974 0.034398
v -0.088467 0.555938 0.034398
v -0.119191 0.519322 0.034398
v -0.088467 0.555938 0.034398
v -0.068815 0.569698 0.034398
v -0.119191 0.519322 0.034398
v -0.068815 0.569698 0.034398
v -0.047072 0.579837 0.034398
v -0.119191 0.519322 0.034398
v -0.047072 0.579837 0.034398
v -0.023899 0.586046 0.034398
v -0.119191 0.519322 0.034398
v -0.023899 0.586046 0.034398
v -0.000000 0.588137 0.034398
v -0.119191 0.519322 0.034398
v -0.000000 0.588137 0.034398
v -0.129330 0.497579 0.034398
v -0.129330 0.497579 0.034398
v -0.000000 0.588137 0.034398
v -0.135539 0.474406 0.034398
v -0.135539 0.474406 0.034398
v -0.000000 0.588137 0.034398
v -0.000000 0.450507 0.034398
v -0.135539 0.474406 0.034398
v -0.000000 0.450507 0.034398
v -0.137630 0.450507 0.034398
v -0.023899 0.314968 0.034398
v -0.137630 0.450507 0.034398
v -0.000000 0.450507 0.034398
v -0.047072 0.321177 0.034398
v -0.137630 0.450507 0.034398
v -0.023899 0.314968 0.034398
v -0.068815 0.331316 0.034398
v -0.137630 0.450507 0.034398
v -0.047072 0.321177 0.034398
v -0.068815 0.331316 0.034398
v -0.135539 0.426608 0.034398
v -0.137630 0.450507 0.034398
v -0.068815 0.331316 0.034398
v -0.129330 0.403435 0.034398
v -0.135539 0.426608 0.034398
v -0.068815 0.331316 0.034398
v -0.119191 0.381692 0.034398
v -0.129330 0.403435 0.034398
v -0.068815 0.331316 0.034398
v -0.105431 0.362040 0.034398
v -0.119191 0.381692 0.034398
v -0.068815 0.331316 0.034398
v -0.088467 0.345076 0.034398
v -0.105431 0.362040 0.034398
v 0.475482 0.840725 -0.164886
v 0.434945 0.885452 -0.164886
v 0.475482 0.840725 -0.184218
v 0.434945 0.885452 -0.164886
v 0.434945 0.885452 -0.184218
v 0.475482 0.840725 -0.184218
v 0.434945 0.885452 -0.164886
v 0.390218 0.925990 -0.164886
v 0.434945 0.885452 -0.184218
v 0.390218 0.925990 -0.164886
v 0.390218 0.925990 -0.184218
v 0.434945 0.885452 -0.184218
v 0.390218 0.925990 -0.164886
v 0.341734 0.961948 -0.164886
v 0.390218 0.925990 -0.184218
v 0.341734 0.961948 -0.164886
v 0.341734 0.961948 -0.184218
v 0.390218 0.925990 -0.184218
v 0.341734 0.961948 -0.184218
v 0.341734 0.961948 -0.164886
v 0.289958 0.992981 -0.184218
v 0.341734 0.961948 -0.164886
v 0.289958 0.992981 -0.164886
v 0.289958 0.992981 -0.184218
v 0.289958 0.992981 -0.164886
v 0.235390 1.018790 -0.164886
v 0.289958 0.992981 -0.184218
v 0.235390 1.018790 -0.164886
v 0.235390 1.018790 -0.184218
v 0.289958 0.992981 -0.184218
v 0.235390 1.018790 -0.164886
v 0.178555 1.039126 -0.164886
v 0.235390 1.018790 -0.184218
v 0.178555 1.039126 -0.164886
v 0.178555 1.039126 -0.184218
v 0.235390 1.018790 -0.184218
v 0.178555 1.039126 -0.184218
v 0.178555 1.039126 -0.164886
v 0.120001 1.053793 -0.184218
v 0.178555 1.039126 -0.164886
v 0.120001 1.053793 -0.164886
v 0.120001 1.053793 -0.184218
v 0.120001 1.053793 -0.164886
v 0.060291 1.062650 -0.164886
v 0.120001 1.053793 -0.184218
v 0.060291 1.062650 -0.164886
v 0.060291 1.062650 -0.184218
v 0.120001 1.053793 -0.184218
v 0.060291 1.062650 -0.164886
v 0.000000 1.065612 -0.164886
v 0.060291 1.062650 -0.184218
v 0.000000 1.065612 -0.164886
v 0.000000 1.065612 -0.184218
v 0.060291 1.062650 -0.184218
v 0.000000 1.065612 -0.184218
v 0.000000 1.065612 -0.164886
v -0.060291 1.062650 -0.184218
v 0.000000 1.065612 -0.164886
v -0.060291 1.062650 -0.164886
v -0.060291 1.062650 -0.184218
v -0.060291 1.062650 -0.184218
v -0.060291 1.062650 -0.164886
v -0.120001 1.053793 -0.184218
v -0.060291 1.062650 -0.164886
v -0.120001 1.053793 -0.164886
v -0.120001 1.053793 -0.184218
v -0.120001 1.053793 -0.184218
v -0.120001 1.053793 -0.164886
v -0.178555 1.039126 -0.164886
v -0.178555 1.039126 -0.184218
v -0.120001 1.053793 -0.184218
v -0.178555 1.039126 -0.164886
v -0.178555 1.039126 -0.184218
v -0.178555 1.039126 -0.164886
v -0.235390 1.018790 -0.164886
v -0.235390 1.018790 -0.184218
v -0.178555 1.039126 -0.184218
v -0.235390 1.018790 -0.164886
v -0.235390 1.018790 -0.184218
v -0.235390 1.018790 -0.164886
v -0.289958 0.992981 -0.164886
v -0.289958 0.992981 -0.184218
v -0.235390 1.018790 -0.184218
v -0.289958 0.992981 -0.164886
v -0.289958 0.992981 -0.184218
v -0.289958 0.992981 -0.164886
v -0.341734 0.961948 -0.164886
v -0.341734 0.961948 -0.184218
v -0.289958 0.992981 -0.184218
v -0.341734 0.961948 -0.164886
v -0.341734 0.961948 -0.184218
v -0.341734 0.961948 -0.164886
v -0.390218 0.925990 -0.184218
v -0.341734 0.961948 -0.164886
v -0.390218 0.925990 -0.164886
v -0.390218 0.925990 -0.184218
v -0.390218 0.925990 -0.184218
v -0.390218 0.925990 -0.164886
v -0.434945 0.885452 -0.184218
v -0.390218 0.925990 -0.164886
v -0.434945 0.885452 -0.164886
v -0.434945 0.885452 -0.184218
v -0.434945 0.885452 -0.184218
v -0.434945 0.885452 -0.164886
v -0.475482 0.840725 -0.184218
v -0.434945 0.885452 -0.164886
v -0.475482 0.840725 -0.164886
v -0.475482 0.840725 -0.184218
v -0.475482 0.840725 -0.184218
v -0.475482 0.840725 -0.164886
v -0.511441 0.792241 -0.184218
v -0.475482 0.840725 -0.164886
v -0.511441 0.792241 -0.164886
v -0.511441 0.792241 -0.184218
v -0.511441 0.792241 -0.184218
v -0.511441 0.792241 -0.164886
v -0.542474 0.740465 -0.184218
v -0.511441 0.792241 -0.164886
v -0.542474 0.740465 -0.164886
v -0.542474 0.740465 -0.184218
v -0.542474 0.740465 -0.184218
v -0.542474 0.740465 -0.164886
v -0.568283 0.685898 -0.164886
v -0.568283 0.685898 -0.184218
v -0.542474 0.740465 -0.184218
v -0.568283 0.685898 -0.164886
v -0.568283 0.685898 -0.184218
v -0.568283 0.685898 -0.164886
v -0.588618 0.629063 -0.184218
v -0.568283 0.685898 -0.164886
v -0.588619 0.629063 -0.164886
v -0.588618 0.629063 -0.184218
v -0.588618 0.629063 -0.184218
v -0.588619 0.629063 -0.164886
v -0.603286 0.570508 -0.184218
v -0.588619 0.629063 -0.164886
v -0.603286 0.570508 -0.164886
v -0.603286 0.570508 -0.184218
v -0.603286 0.570508 -0.184218
v -0.603286 0.570508 -0.164886
v -0.612143 0.510798 -0.184218
v -0.603286 0.570508 -0.164886
v -0.612143 0.510798 -0.164886
v -0.612143 0.510798 -0.184218
v -0.612143 0.510798 -0.184218
v -0.612143 0.510798 -0.164886
v -0.615105 0.450507 -0.164886
v -0.615105 0.450507 -0.184218
v -0.612143 0.510798 -0.184218
v -0.615105 0.450507 -0.164886
v -0.615105 0.450507 -0.184218
v -0.615105 0.450507 -0.164886
v -0.612143 0.390217 -0.184218
v -0.615105 0.450507 -0.164886
v -0.612143 0.390217 -0.164886
v -0.612143 0.390217 -0.184218
v -0.612143 0.390217 -0.184218
v -0.612143 0.390217 -0.164886
v -0.603285 0.330507 -0.184218
v -0.612143 0.390217 -0.164886
v -0.603285 0.330507 -0.164886
v -0.603285 0.330507 -0.184218
v -0.603285 0.330507 -0.184218
v -0.603285 0.330507 -0.164886
v -0.588618 0.271952 -0.184218
v -0.603285 0.330507 -0.164886
v -0.588618 0.271952 -0.164886
v -0.588618 0.271952 -0.184218
v -0.588618 0.271952 -0.184218
v -0.588618 0.271952 -0.164886
v -0.568282 0.215117 -0.184218
v -0.588618 0.271952 -0.164886
v -0.568282 0.215117 -0.164886
v -0.568282 0.215117 -0.184218
v -0.568282 0.215117 -0.184218
v -0.568282 0.215117 -0.164886
v -0.542474 0.160549 -0.184218
v -0.568282 0.215117 -0.164886
v -0.542474 0.160549 -0.164886
v -0.542474 0.160549 -0.184218
v -0.542474 0.160549 -0.184218
v -0.542474 0.160549 -0.164886
v -0.511441 0.108774 -0.184218
v -0.542474 0.160549 -0.164886
v -0.511441 0.108774 -0.164886
v -0.511441 0.108774 -0.184218
v -0.511441 0.108774 -0.184218
v -0.511441 0.108774 -0.164886
v -0.475482 0.060289 -0.184218
v -0.511441 0.108774 -0.164886
v -0.475482 0.060289 -0.164886
v -0.475482 0.060289 -0.184218
v -0.475482 0.060289 -0.184218
v -0.475482 0.060289 -0.164886
v -0.458971 0.041086 -0.164886
v -0.458971 0.041086 -0.184218
v -0.475482 0.060289 -0.184218
v -0.458971 0.041086 -0.164886
v -0.445931 0.029489 -0.184218
v -0.458971 0.041086 -0.184218
v -0.458971 0.041086 -0.164886
v -0.445931 0.029489 -0.164886
v -0.445931 0.029489 -0.184218
v -0.458971 0.041086 -0.164886
v -0.445931 0.029489 -0.164886
v -0.431353 0.022883 -0.164886
v -0.445931 0.029489 -0.184218
v -0.431353 0.022883 -0.164886
v -0.431353 0.022883 -0.184218
v -0.445931 0.029489 -0.184218
v -0.414036 0.020726 -0.184218
v -0.431353 0.022883 -0.184218
v -0.431353 0.022883 -0.164886
v -0.414036 0.020726 -0.164886
v -0.414036 0.020726 -0.184218
v -0.431353 0.022883 -0.164886
v 0.603285 0.330507 -0.164886
v 0.612143 0.390217 -0.164886
v 0.603285 0.330507 -0.184218
v 0.612143 0.390217 -0.164886
v 0.612143 0.390217 -0.184218
v 0.603285 0.330507 -0.184218
v 0.612143 0.390217 -0.164886
v 0.615105 0.450507 -0.164886
v 0.612143 0.390217 -0.184218
v 0.615105 0.450507 -0.164886
v 0.615105 0.450507 -0.184218
v 0.612143 0.390217 -0.184218
v 0.615105 0.450507 -0.164886
v 0.612143 0.510798 -0.164886
v 0.615105 0.450507 -0.184218
v 0.612143 0.510798 -0.164886
v 0.612143 0.510798 -0.184218
v 0.615105 0.450507 -0.184218
v 0.612143 0.510798 -0.164886
v 0.603286 0.570508 -0.164886
v 0.612143 0.510798 -0.184218
v 0.603286 0.570508 -0.164886
v 0.603286 0.570508 -0.184218
v 0.612143 0.510798 -0.184218
v 0.603286 0.570508 -0.164886
v 0.588619 0.629063 -0.164886
v 0.603286 0.570508 -0.184218
v 0.588619 0.629063 -0.164886
v 0.588619 0.629063 -0.184218
v 0.603286 0.570508 -0.184218
v 0.588619 0.629063 -0.164886
v 0.568283 0.685898 -0.164886
v 0.588619 0.629063 -0.184218
v 0.568283 0.685898 -0.164886
v 0.568283 0.685898 -0.184218
v 0.588619 0.629063 -0.184218
v 0.568283 0.685898 -0.164886
v 0.542474 0.740465 -0.164886
v 0.568283 0.685898 -0.184218
v 0.542474 0.740465 -0.164886
v 0.542474 0.740465 -0.184218
v 0.568283 0.685898 -0.184218
v 0.542474 0.740465 -0.164886
v 0.511441 0.792241 -0.164886
v 0.542474 0.740465 -0.184218
v 0.511441 0.792241 -0.164886
v 0.511441 0.792241 -0.184218
v 0.542474 0.740465 -0.184218
v 0.511441 0.792241 -0.164886
v 0.475482 0.840725 -0.164886
v 0.511441 0.792241 -0.184218
v 0.475482 0.840725 -0.164886
v 0.475482 0.840725 -0.184218
v 0.511441 0.792241 -0.184218
v 0.414036 0.020726 -0.184218
v 0.414036 0.020726 -0.164886
v 0.431353 0.022883 -0.164886
v 0.431353 0.022883 -0.184218
v 0.414036 0.020726 -0.184218
v 0.431353 0.022883 -0.164886
v 0.445931 0.029489 -0.184218
v 0.431353 0.022883 -0.184218
v 0.431353 0.022883 -0.164886
v 0.445931 0.029489 -0.164886
v 0.445931 0.029489 -0.184218
v 0.431353 0.022883 -0.164886
v 0.445931 0.029489 -0.184218
v 0.445931 0.029489 -0.164886
v 0.458971 0.041086 -0.164886
v 0.458971 0.041086 -0.184218
v 0.445931 0.029489 -0.184218
v 0.458971 0.041086 -0.164886
v 0.458971 0.041086 -0.184218
v 0.458971 0.041086 -0.164886
v 0.475482 0.060289 -0.184218
v 0.458971 0.041086 -0.164886
v 0.475482 0.060289 -0.164886
v 0.475482 0.060289 -0.184218
v 0.475482 0.060289 -0.164886
v 0.511441 0.108774 -0.164886
v 0.475482 0.060289 -0.184218
v 0.511441 0.108774 -0.164886
v 0.511441 0.108774 -0.184218
v 0.475482 0.060289 -0.184218
v 0.511441 0.108774 -0.164886
v 0.542474 0.160549 -0.164886
v 0.511441 0.108774 -0.184218
v 0.542474 0.160549 -0.164886
v 0.542474 0.160549 -0.184218
v 0.511441 0.108774 -0.184218
v 0.542474 0.160549 -0.184218
v 0.542474 0.160549 -0.164886
v 0.568282 0.215117 -0.184218
v 0.542474 0.160549 -0.164886
v 0.568282 0.215117 -0.164886
v 0.568282 0.215117 -0.184218
v 0.568282 0.215117 -0.184218
v 0.568282 0.215117 -0.164886
v 0.588618 0.271952 -0.184218
v 0.568282 0.215117 -0.164886
v 0.588618 0.271952 -0.164886
v 0.588618 0.271952 -0.184218
v 0.588618 0.271952 -0.184218
v 0.588618 0.271952 -0.164886
v 0.603285 0.330507 -0.184218
v 0.588618 0.271952 -0.164886
v 0.603285 0.330507 -0.164886
v 0.603285 0.330507 -0.184218
v -0.000000 0.450507 -0.034398
v -0.000000 0.588137 0.034398
v -0.000000 0.588137 -0.034398
v -0.000000 0.450507 0.034398
v -0.000000 0.588137 0.034398
v -0.000000 0.450507 -0.034398
v -0.000000 0.450507 -0.034398
v -0.000000 0.312877 -0.034398
v -0.000000 0.450507 0.034398
v -0.000000 0.450507 0.034398
v -0.000000 0.312877 -0.034398
v -0.000000 0.312877 0.034398
v 0.467241 0.833962 -0.106731
v 0.502576 0.786318 -0.106731
v 0.467241 0.833962 -0.184218
v 0.502576 0.786318 -0.106731
v 0.502576 0.786318 -0.184218
v 0.467241 0.833962 -0.184218
v 0.502576 0.786318 -0.106731
v 0.533071 0.735440 -0.106731
v 0.502576 0.786318 -0.184218
v 0.533071 0.735440 -0.106731
v 0.533071 0.735440 -0.184218
v 0.502576 0.786318 -0.184218
v 0.533071 0.735440 -0.106731
v 0.558433 0.681818 -0.106731
v 0.533071 0.735440 -0.184218
v 0.558433 0.681818 -0.106731
v 0.558433 0.681818 -0.184218
v 0.533071 0.735440 -0.184218
v 0.558433 0.681818 -0.106731
v 0.578416 0.625968 -0.106731
v 0.558433 0.681818 -0.184218
v 0.578416 0.625968 -0.106731
v 0.578416 0.625968 -0.184218
v 0.558433 0.681818 -0.184218
v 0.578416 0.625968 -0.106731
v 0.592829 0.568428 -0.106731
v 0.578416 0.625968 -0.184218
v 0.592829 0.568428 -0.106731
v 0.592829 0.568428 -0.184218
v 0.578416 0.625968 -0.184218
v 0.592829 0.568428 -0.106731
v 0.601533 0.509753 -0.106731
v 0.592829 0.568428 -0.184218
v 0.601533 0.509753 -0.106731
v 0.601533 0.509753 -0.184218
v 0.592829 0.568428 -0.184218
v 0.601533 0.509753 -0.184218
v 0.601533 0.509753 -0.106731
v 0.604443 0.450507 -0.184218
v 0.601533 0.509753 -0.106731
v 0.604443 0.450507 -0.106731
v 0.604443 0.450507 -0.184218
v 0.604443 0.450507 -0.106731
v 0.601532 0.391262 -0.106731
v 0.604443 0.450507 -0.184218
v 0.601532 0.391262 -0.106731
v 0.601532 0.391262 -0.184218
v 0.604443 0.450507 -0.184218
v 0.601532 0.391262 -0.106731
v 0.592829 0.332586 -0.106731
v 0.601532 0.391262 -0.184218
v 0.592829 0.332586 -0.106731
v 0.592829 0.332586 -0.184218
v 0.601532 0.391262 -0.184218
v 0.592829 0.332586 -0.184218
v 0.592829 0.332586 -0.106731
v 0.578416 0.275047 -0.184218
v 0.592829 0.332586 -0.106731
v 0.578416 0.275047 -0.106731
v 0.578416 0.275047 -0.184218
v 0.578416 0.275047 -0.184218
v 0.578416 0.275047 -0.106731
v 0.558433 0.219197 -0.184218
v 0.578416 0.275047 -0.106731
v 0.558433 0.219197 -0.106731
v 0.558433 0.219197 -0.184218
v 0.558433 0.219197 -0.184218
v 0.558433 0.219197 -0.106731
v 0.533071 0.165575 -0.184218
v 0.558433 0.219197 -0.106731
v 0.533071 0.165575 -0.106731
v 0.533071 0.165575 -0.184218
v 0.533071 0.165575 -0.106731
v 0.502576 0.114697 -0.106731
v 0.533071 0.165575 -0.184218
v 0.502576 0.114697 -0.106731
v 0.502576 0.114697 -0.184218
v 0.533071 0.165575 -0.184218
v 0.502576 0.114697 -0.106731
v 0.467241 0.067053 -0.106731
v 0.502576 0.114697 -0.184218
v 0.467241 0.067053 -0.106731
v 0.467241 0.067053 -0.184218
v 0.502576 0.114697 -0.184218
v 0.467241 0.067053 -0.106731
v 0.451057 0.048943 -0.106730
v 0.467241 0.067053 -0.184218
v 0.451057 0.048943 -0.106730
v 0.451057 0.048943 -0.184218
v 0.467241 0.067053 -0.184218
v 0.451057 0.048943 -0.106730
v 0.439913 0.038753 -0.106731
v 0.451057 0.048943 -0.184218
v 0.439913 0.038753 -0.106731
v 0.439913 0.038753 -0.184218
v 0.451057 0.048943 -0.184218
v 0.439913 0.038753 -0.184218
v 0.439913 0.038753 -0.106731
v 0.428356 0.033516 -0.184218
v 0.439913 0.038753 -0.106731
v 0.428356 0.033516 -0.106730
v 0.428356 0.033516 -0.184218
v 0.428356 0.033516 -0.106730
v 0.413346 0.031857 -0.106731
v 0.428356 0.033516 -0.184218
v 0.413346 0.031857 -0.106731
v 0.413346 0.031857 -0.184218
v 0.428356 0.033516 -0.184218
v -0.135539 0.426608 0.034398
v -0.137630 0.450507 -0.034398
v -0.137630 0.450507 0.034398
v -0.135539 0.426608 -0.034398
v -0.137630 0.450507 -0.034398
v -0.135539 0.426608 0.034398
v -0.135539 0.474406 -0.034398
v -0.137630 0.450507 0.034398
v -0.137630 0.450507 -0.034398
v -0.135539 0.474406 0.034398
v -0.137630 0.450507 0.034398
v -0.135539 0.474406 -0.034398
v -0.129330 0.497579 -0.034398
v -0.135539 0.474406 0.034398
v -0.135539 0.474406 -0.034398
v -0.129330 0.497579 0.034398
v -0.135539 0.474406 0.034398
v -0.129330 0.497579 -0.034398
v -0.119191 0.519322 -0.034398
v -0.129330 0.497579 0.034398
v -0.129330 0.497579 -0.034398
v -0.119191 0.519322 0.034398
v -0.129330 0.497579 0.034398
v -0.119191 0.519322 -0.034398
v -0.105431 0.538974 -0.034398
v -0.119191 0.519322 0.034398
v -0.119191 0.519322 -0.034398
v -0.105431 0.538974 0.034398
v -0.119191 0.519322 0.034398
v -0.105431 0.538974 -0.034398
v -0.088467 0.555938 -0.034398
v -0.105431 0.538974 0.034398
v -0.105431 0.538974 -0.034398
v -0.088467 0.555938 0.034398
v -0.105431 0.538974 0.034398
v -0.088467 0.555938 -0.034398
v -0.068815 0.569698 -0.034398
v -0.088467 0.555938 0.034398
v -0.088467 0.555938 -0.034398
v -0.068815 0.569698 0.034398
v -0.088467 0.555938 0.034398
v -0.068815 0.569698 -0.034398
v -0.047072 0.579837 -0.034398
v -0.068815 0.569698 0.034398
v -0.068815 0.569698 -0.034398
v -0.047072 0.579837 0.034398
v -0.068815 0.569698 0.034398
v -0.047072 0.579837 -0.034398
v -0.023899 0.586046 -0.034398
v -0.047072 0.579837 0.034398
v -0.047072 0.579837 -0.034398
v -0.023899 0.586046 0.034398
v -0.047072 0.579837 0.034398
v -0.023899 0.586046 -0.034398
v -0.000000 0.588137 0.034398
v -0.023899 0.586046 -0.034398
v -0.000000 0.588137 -0.034398
v -0.023899 0.586046 0.034398
v -0.023899 0.586046 -0.034398
v -0.000000 0.588137 0.034398
v -0.129330 0.403435 0.034398
v -0.135539 0.426608 -0.034398
v -0.135539 0.426608 0.034398
v -0.129330 0.403435 -0.034398
v -0.135539 0.426608 -0.034398
v -0.129330 0.403435 0.034398
v -0.119191 0.381692 0.034398
v -0.129330 0.403435 -0.034398
v -0.129330 0.403435 0.034398
v -0.119191 0.381692 -0.034398
v -0.129330 0.403435 -0.034398
v -0.119191 0.381692 0.034398
v -0.105431 0.362040 0.034398
v -0.119191 0.381692 -0.034398
v -0.119191 0.381692 0.034398
v -0.105431 0.362040 -0.034398
v -0.119191 0.381692 -0.034398
v -0.105431 0.362040 0.034398
v -0.088467 0.345076 0.034398
v -0.105431 0.362040 -0.034398
v -0.105431 0.362040 0.034398
v -0.088467 0.345076 -0.034398
v -0.105431 0.362040 -0.034398
v -0.088467 0.345076 0.034398
v -0.068815 0.331316 0.034398
v -0.088467 0.345076 -0.034398
v -0.088467 0.345076 0.034398
v -0.068815 0.331316 -0.034398
v -0.088467 0.345076 -0.034398
v -0.068815 0.331316 0.034398
v -0.047072 0.321177 0.034398
v -0.068815 0.331316 -0.034398
v -0.068815 0.331316 0.034398
v -0.047072 0.321177 -0.034398
v -0.068815 0.331316 -0.034398
v -0.047072 0.321177 0.034398
v -0.023899 0.314968 0.034398
v -0.047072 0.321177 -0.034398
v -0.047072 0.321177 0.034398
v -0.023899 0.314968 -0.034398
v -0.047072 0.321177 -0.034398
v -0.023899 0.314968 0.034398
v -0.000000 0.312877 0.034398
v -0.023899 0.314968 -0.034398
v -0.023899 0.314968 0.034398
v -0.000000 0.312877 -0.034398
v -0.023899 0.314968 -0.034398
v -0.000000 0.312877 0.034398
v -0.000000 0.592381 -0.036193
v -0.004610 0.591932 -0.039116
v -0.000000 0.588137 -0.034960
v -0.000000 0.594108 -0.039116
v -0.004610 0.591932 -0.039116
v -0.000000 0.592381 -0.036193
v -0.005528 0.310621 0.039116
v 0.000000 0.308633 0.036193
v 0.000000 0.306906 0.039116
v 0.000000 0.312877 0.034960
v 0.000000 0.308633 0.036193
v -0.005528 0.310621 0.039116
v -0.005528 0.310620 -0.039116
v 0.000000 0.308633 -0.036193
v 0.000000 0.312877 -0.034960
v 0.000000 0.306906 -0.039116
v 0.000000 0.308633 -0.036193
v -0.005528 0.310620 -0.039116
v -0.005528 0.310621 0.039116
v -0.023899 0.314968 0.034960
v 0.000000 0.312877 0.034960
v -0.033135 0.310533 0.039116
v -0.023899 0.314968 0.034960
v -0.005528 0.310621 0.039116
v -0.033135 0.310533 0.039116
v -0.047072 0.321177 0.034960
v -0.023899 0.314968 0.034960
v -0.053646 0.317215 0.039116
v -0.047072 0.321177 0.034960
v -0.033135 0.310533 0.039116
v -0.053646 0.317215 0.039116
v -0.068815 0.331316 0.034960
v -0.047072 0.321177 0.034960
v -0.073832 0.327318 0.039116
v -0.068815 0.331316 0.034960
v -0.053646 0.317215 0.039116
v -0.073832 0.327318 0.039116
v -0.088467 0.345076 0.034960
v -0.068815 0.331316 0.034960
v -0.092506 0.340671 0.039116
v -0.088467 0.345076 0.034960
v -0.073832 0.327318 0.039116
v -0.108859 0.356837 0.039116
v -0.088467 0.345076 0.034960
v -0.092506 0.340671 0.039116
v -0.105431 0.362040 0.034960
v -0.088467 0.345076 0.034960
v -0.108859 0.356837 0.039116
v -0.122306 0.375145 0.039116
v -0.105431 0.362040 0.034960
v -0.108859 0.356837 0.039116
v -0.119191 0.381692 0.034960
v -0.105431 0.362040 0.034960
v -0.122306 0.375145 0.039116
v -0.132460 0.394578 0.039116
v -0.119191 0.381692 0.034960
v -0.122306 0.375145 0.039116
v -0.129330 0.403435 0.034960
v -0.119191 0.381692 0.034960
v -0.132460 0.394578 0.039116
v -0.142126 0.429578 0.039116
v -0.129330 0.403435 0.034960
v -0.132460 0.394578 0.039116
v -0.135539 0.426608 0.034960
v -0.129330 0.403435 0.034960
v -0.142126 0.429578 0.039116
v -0.142126 0.429578 0.039116
v -0.137630 0.450507 0.034960
v -0.135539 0.426608 0.034960
v -0.143601 0.450507 0.039116
v -0.137630 0.450507 0.034960
v -0.142126 0.429578 0.039116
v -0.143601 0.450507 -0.039116
v -0.137630 0.450507 -0.034960
v -0.142126 0.471436 -0.039116
v -0.142126 0.471436 -0.039116
v -0.137630 0.450507 -0.034960
v -0.135539 0.474406 -0.034960
v -0.135539 0.474406 -0.034960
v -0.129330 0.497579 -0.034960
v -0.142126 0.471436 -0.039116
v -0.142126 0.471436 -0.039116
v -0.129330 0.497579 -0.034960
v -0.131860 0.508084 -0.039116
v -0.129330 0.497579 -0.034960
v -0.119191 0.519322 -0.034960
v -0.131860 0.508084 -0.039116
v -0.131860 0.508084 -0.039116
v -0.119191 0.519322 -0.034960
v -0.124382 0.522319 -0.039116
v -0.119191 0.519322 -0.034960
v -0.105431 0.538974 -0.034960
v -0.124382 0.522319 -0.039116
v -0.124382 0.522319 -0.039116
v -0.105431 0.538974 -0.034960
v -0.107975 0.545231 -0.039116
v -0.105431 0.538974 -0.034960
v -0.088467 0.555938 -0.034960
v -0.107975 0.545231 -0.039116
v -0.107975 0.545231 -0.039116
v -0.088467 0.555938 -0.034960
v -0.091341 0.561320 -0.039116
v -0.088467 0.555938 -0.034960
v -0.068815 0.569698 -0.034960
v -0.091341 0.561320 -0.039116
v -0.091341 0.561320 -0.039116
v -0.068815 0.569698 -0.034960
v -0.072215 0.574630 -0.039116
v -0.072215 0.574630 -0.039116
v -0.068815 0.569698 -0.034960
v -0.051253 0.584669 -0.039116
v -0.051253 0.584669 -0.039116
v -0.068815 0.569698 -0.034960
v -0.047072 0.579837 -0.034960
v -0.051253 0.584669 -0.039116
v -0.047072 0.579837 -0.034960
v -0.029256 0.591164 -0.039116
v -0.029256 0.591164 -0.039116
v -0.047072 0.579837 -0.034960
v -0.023899 0.586046 -0.034960
v -0.023899 0.586046 -0.034960
v -0.004610 0.591932 -0.039116
v -0.029256 0.591164 -0.039116
v -0.000000 0.588137 -0.034960
v -0.004610 0.591932 -0.039116
v -0.023899 0.586046 -0.034960
v -0.023899 0.314968 -0.034960
v -0.005528 0.310620 -0.039116
v 0.000000 0.312877 -0.034960
v -0.033135 0.310533 -0.039116
v -0.005528 0.310620 -0.039116
v -0.023899 0.314968 -0.034960
v -0.047072 0.321177 -0.034960
v -0.033135 0.310533 -0.039116
v -0.023899 0.314968 -0.034960
v -0.053646 0.317215 -0.039116
v -0.033135 0.310533 -0.039116
v -0.047072 0.321177 -0.034960
v -0.068815 0.331316 -0.034960
v -0.053646 0.317215 -0.039116
v -0.047072 0.321177 -0.034960
v -0.073832 0.327318 -0.039116
v -0.053646 0.317215 -0.039116
v -0.068815 0.331316 -0.034960
v -0.088467 0.345076 -0.034960
v -0.073832 0.327318 -0.039116
v -0.068815 0.331316 -0.034960
v -0.092506 0.340671 -0.039116
v -0.073832 0.327318 -0.039116
v -0.088467 0.345076 -0.034960
v -0.088467 0.345076 -0.034960
v -0.108859 0.356837 -0.039116
v -0.092506 0.340671 -0.039116
v -0.105431 0.362040 -0.034960
v -0.108859 0.356837 -0.039116
v -0.088467 0.345076 -0.034960
v -0.105431 0.362040 -0.034960
v -0.122306 0.375145 -0.039116
v -0.108859 0.356837 -0.039116
v -0.119191 0.381692 -0.034960
v -0.122306 0.375145 -0.039116
v -0.105431 0.362040 -0.034960
v -0.119191 0.381692 -0.034960
v -0.132460 0.394578 -0.039116
v -0.122306 0.375145 -0.039116
v -0.129330 0.403435 -0.034960
v -0.132460 0.394578 -0.039116
v -0.119191 0.381692 -0.034960
v -0.129330 0.403435 -0.034960
v -0.142126 0.429578 -0.039116
v -0.132460 0.394578 -0.039116
v -0.135539 0.426608 -0.034960
v -0.142126 0.429578 -0.039116
v -0.129330 0.403435 -0.034960
v -0.137630 0.450507 -0.034960
v -0.142126 0.429578 -0.039116
v -0.135539 0.426608 -0.034960
v -0.143601 0.450507 -0.039116
v -0.142126 0.429578 -0.039116
v -0.137630 0.450507 -0.034960
v 0.000000 1.054950 -0.106731
v 0.059246 1.052040 -0.106731
v 0.000000 1.054950 -0.184218
v 0.059246 1.052040 -0.106731
v 0.059246 1.052040 -0.184218
v 0.000000 1.054950 -0.184218
v 0.059246 1.052040 -0.106731
v 0.117921 1.043336 -0.106731
v 0.059246 1.052040 -0.184218
v 0.117921 1.043336 -0.106731
v 0.117921 1.043336 -0.184218
v 0.059246 1.052040 -0.184218
v 0.117921 1.043336 -0.184218
v 0.117921 1.043336 -0.106731
v 0.175461 1.028923 -0.184218
v 0.117921 1.043336 -0.106731
v 0.175461 1.028923 -0.106731
v 0.175461 1.028923 -0.184218
v 0.175461 1.028923 -0.184218
v 0.175461 1.028923 -0.106731
v 0.231310 1.008940 -0.184218
v 0.175461 1.028923 -0.106731
v 0.231310 1.008940 -0.106731
v 0.231310 1.008940 -0.184218
v 0.231310 1.008940 -0.184218
v 0.231310 1.008940 -0.106731
v 0.284932 0.983579 -0.184218
v 0.231310 1.008940 -0.106731
v 0.284932 0.983579 -0.106731
v 0.284932 0.983579 -0.184218
v 0.284932 0.983579 -0.184218
v 0.284932 0.983579 -0.106731
v 0.335811 0.953084 -0.184218
v 0.284932 0.983579 -0.106731
v 0.335811 0.953084 -0.106731
v 0.335811 0.953084 -0.184218
v 0.335811 0.953084 -0.106731
v 0.383455 0.917748 -0.106731
v 0.335811 0.953084 -0.184218
v 0.383455 0.917748 -0.106731
v 0.383455 0.917748 -0.184218
v 0.335811 0.953084 -0.184218
v 0.383455 0.917748 -0.106731
v 0.427406 0.877913 -0.106731
v 0.383455 0.917748 -0.184218
v 0.427406 0.877913 -0.106731
v 0.427406 0.877913 -0.184218
v 0.383455 0.917748 -0.184218
v 0.427406 0.877913 -0.106731
v 0.467241 0.833962 -0.106731
v 0.427406 0.877913 -0.184218
v 0.467241 0.833962 -0.106731
v 0.467241 0.833962 -0.184218
v 0.427406 0.877913 -0.184218
v -0.467241 0.833962 -0.184218
v -0.467241 0.833962 -0.106731
v -0.427406 0.877913 -0.106731
v -0.427406 0.877913 -0.184218
v -0.467241 0.833962 -0.184218
v -0.427406 0.877913 -0.106731
v -0.427406 0.877913 -0.184218
v -0.427406 0.877913 -0.106731
v -0.383455 0.917748 -0.184218
v -0.427406 0.877913 -0.106731
v -0.383455 0.917748 -0.106731
v -0.383455 0.917748 -0.184218
v -0.383455 0.917748 -0.184218
v -0.383455 0.917748 -0.106731
v -0.335811 0.953083 -0.106731
v -0.335811 0.953084 -0.184218
v -0.383455 0.917748 -0.184218
v -0.335811 0.953083 -0.106731
v -0.335811 0.953084 -0.184218
v -0.335811 0.953083 -0.106731
v -0.284932 0.983579 -0.184218
v -0.335811 0.953083 -0.106731
v -0.284932 0.983579 -0.106731
v -0.284932 0.983579 -0.184218
v -0.284932 0.983579 -0.184218
v -0.284932 0.983579 -0.106731
v -0.231310 1.008940 -0.184218
v -0.284932 0.983579 -0.106731
v -0.231310 1.008940 -0.106731
v -0.231310 1.008940 -0.184218
v -0.231310 1.008940 -0.184218
v -0.231310 1.008940 -0.106731
v -0.175461 1.028923 -0.184218
v -0.231310 1.008940 -0.106731
v -0.175461 1.028923 -0.106731
v -0.175461 1.028923 -0.184218
v -0.175461 1.028923 -0.184218
v -0.175461 1.028923 -0.106731
v -0.117921 1.043336 -0.106731
v -0.117921 1.043336 -0.184218
v -0.175461 1.028923 -0.184218
v -0.117921 1.043336 -0.106731
v -0.117921 1.043336 -0.184218
v -0.117921 1.043336 -0.106731
v -0.059246 1.052040 -0.106731
v -0.059246 1.052040 -0.184218
v -0.117921 1.043336 -0.184218
v -0.059246 1.052040 -0.106731
v -0.059246 1.052040 -0.184218
v -0.059246 1.052040 -0.106731
v 0.000000 1.054950 -0.184218
v -0.059246 1.052040 -0.106731
v 0.000000 1.054950 -0.106731
v 0.000000 1.054950 -0.184218
v -0.592829 0.332586 -0.184218
v -0.592829 0.332586 -0.106731
v -0.601532 0.391262 -0.184218
v -0.592829 0.332586 -0.106731
v -0.601532 0.391262 -0.106731
v -0.601532 0.391262 -0.184218
v -0.601532 0.391262 -0.184218
v -0.601532 0.391262 -0.106731
v -0.604443 0.450507 -0.184218
v -0.601532 0.391262 -0.106731
v -0.604443 0.450507 -0.106731
v -0.604443 0.450507 -0.184218
v -0.604443 0.450507 -0.184218
v -0.604443 0.450507 -0.106731
v -0.601533 0.509753 -0.184218
v -0.604443 0.450507 -0.106731
v -0.601533 0.509753 -0.106731
v -0.601533 0.509753 -0.184218
v -0.601533 0.509753 -0.184218
v -0.601533 0.509753 -0.106731
v -0.592829 0.568428 -0.184218
v -0.601533 0.509753 -0.106731
v -0.592829 0.568428 -0.106731
v -0.592829 0.568428 -0.184218
v -0.592829 0.568428 -0.184218
v -0.592829 0.568428 -0.106731
v -0.578416 0.625968 -0.184218
v -0.592829 0.568428 -0.106731
v -0.578416 0.625968 -0.106731
v -0.578416 0.625968 -0.184218
v -0.578416 0.625968 -0.184218
v -0.578416 0.625968 -0.106731
v -0.558433 0.681818 -0.106731
v -0.558433 0.681818 -0.184218
v -0.578416 0.625968 -0.184218
v -0.558433 0.681818 -0.106731
v -0.558433 0.681818 -0.184218
v -0.558433 0.681818 -0.106731
v -0.533071 0.735440 -0.106731
v -0.533071 0.735440 -0.184218
v -0.558433 0.681818 -0.184218
v -0.533071 0.735440 -0.106731
v -0.533071 0.735440 -0.184218
v -0.533071 0.735440 -0.106731
v -0.502576 0.786318 -0.106731
v -0.502576 0.786318 -0.184218
v -0.533071 0.735440 -0.184218
v -0.502576 0.786318 -0.106731
v -0.502576 0.786318 -0.184218
v -0.502576 0.786318 -0.106731
v -0.467241 0.833962 -0.184218
v -0.502576 0.786318 -0.106731
v -0.467241 0.833962 -0.106731
v -0.467241 0.833962 -0.184218
v -0.413346 0.031857 -0.184218
v -0.413346 0.031857 -0.106731
v -0.428356 0.033516 -0.184218
v -0.413346 0.031857 -0.106731
v -0.428356 0.033516 -0.106730
v -0.428356 0.033516 -0.184218
v -0.428356 0.033516 -0.184218
v -0.428356 0.033516 -0.106730
v -0.439913 0.038753 -0.106731
v -0.439913 0.038753 -0.184218
v -0.428356 0.033516 -0.184218
v -0.439913 0.038753 -0.106731
v -0.439913 0.038753 -0.184218
v -0.439913 0.038753 -0.106731
v -0.451057 0.048943 -0.184218
v -0.439913 0.038753 -0.106731
v -0.451057 0.048943 -0.106730
v -0.451057 0.048943 -0.184218
v -0.451057 0.048943 -0.184218
v -0.451057 0.048943 -0.106730
v -0.467241 0.067053 -0.184218
v -0.451057 0.048943 -0.106730
v -0.467241 0.067053 -0.106731
v -0.467241 0.067053 -0.184218
v -0.467241 0.067053 -0.184218
v -0.467241 0.067053 -0.106731
v -0.502576 0.114697 -0.106731
v -0.502576 0.114697 -0.184218
v -0.467241 0.067053 -0.184218
v -0.502576 0.114697 -0.106731
v -0.502576 0.114697 -0.184218
v -0.502576 0.114697 -0.106731
v -0.533071 0.165575 -0.184218
v -0.502576 0.114697 -0.106731
v -0.533071 0.165575 -0.106731
v -0.533071 0.165575 -0.184218
v -0.533071 0.165575 -0.184218
v -0.533071 0.165575 -0.106731
v -0.558433 0.219197 -0.106731
v -0.558433 0.219197 -0.184218
v -0.533071 0.165575 -0.184218
v -0.558433 0.219197 -0.106731
v -0.558433 0.219197 -0.184218
v -0.558433 0.219197 -0.106731
v -0.578416 0.275047 -0.106731
v -0.578416 0.275047 -0.184218
v -0.558433 0.219197 -0.184218
v -0.578416 0.275047 -0.106731
v -0.578416 0.275047 -0.184218
v -0.578416 0.275047 -0.106731
v -0.592829 0.332586 -0.184218
v -0.578416 0.275047 -0.106731
v -0.592829 0.332586 -0.106731
v -0.592829 0.332586 -0.184218
v -0.055714 0.595211 0.034244
v -0.000000 0.595211 -0.000000
v -0.000000 0.595211 0.034244
v -0.055714 0.595211 -0.000000
v -0.000000 0.595211 -0.000000
v -0.055714 0.595211 0.034244
v -0.000000 0.595211 -0.000000
v -0.055714 0.595212 -0.034244
v -0.000000 0.595211 -0.034244
v -0.055714 0.595211 -0.000000
v -0.055714 0.595212 -0.034244
v -0.000000 0.595211 -0.000000
v -0.055714 0.966654 0.034244
v -0.000000 0.928765 0.034244
v -0.000000 0.966654 0.034244
v -0.055714 0.928765 0.034244
v -0.000000 0.928765 0.034244
v -0.055714 0.966654 0.034244
v -0.055714 1.029216 0.034244
v -0.000000 0.979091 0.034244
v -0.000000 1.029216 0.034244
v -0.055714 0.979091 0.034244
v -0.000000 0.979091 0.034244
v -0.055714 1.029216 0.034244
v -0.055714 0.979091 0.034244
v -0.000000 0.979091 0.026550
v -0.000000 0.979091 0.034244
v -0.055714 0.979091 0.026550
v -0.000000 0.979091 0.026550
v -0.055714 0.979091 0.034244
v -0.055714 0.966654 0.026550
v -0.000000 0.979091 0.026550
v -0.055714 0.979091 0.026550
v -0.000000 0.966654 0.026550
v -0.000000 0.979091 0.026550
v -0.055714 0.966654 0.026550
v -0.055714 0.966654 0.026550
v -0.000000 0.966654 0.034244
v -0.000000 0.966654 0.026550
v -0.055714 0.966654 0.034244
v -0.000000 0.966654 0.034244
v -0.055714 0.966654 0.026550
v -0.055714 1.029216 -0.000000
v -0.000000 1.029216 0.034244
v -0.000000 1.029216 -0.000000
v -0.055714 1.029216 0.034244
v -0.000000 1.029216 0.034244
v -0.055714 1.029216 -0.000000
v -0.000000 1.029216 -0.034244
v -0.055714 1.029216 -0.000000
v -0.000000 1.029216 -0.000000
v -0.055714 1.029216 -0.034244
v -0.055714 1.029216 -0.000000
v -0.000000 1.029216 -0.034244
v -0.055714 0.916327 0.034244
v -0.000000 0.595211 0.034244
v -0.000000 0.916327 0.034244
v -0.055714 0.595211 0.034244
v -0.000000 0.595211 0.034244
v -0.055714 0.916327 0.034244
v -0.055714 0.928765 0.034244
v -0.000000 0.928765 0.026550
v -0.000000 0.928765 0.034244
v -0.055714 0.928765 0.026550
v -0.000000 0.928765 0.026550
v -0.055714 0.928765 0.034244
v -0.055714 0.928765 0.026550
v -0.000000 0.920955 0.026550
v -0.000000 0.928765 0.026550
v -0.055714 0.916327 0.026550
v -0.000000 0.920955 0.026550
v -0.055714 0.928765 0.026550
v -0.000000 0.916327 0.026550
v -0.000000 0.920955 0.026550
v -0.055714 0.916327 0.026550
v -0.592829 0.332586 -0.184218
v -0.603285 0.330507 -0.184218
v -0.588618 0.271952 -0.184218
v -0.578416 0.275047 -0.184218
v -0.592829 0.332586 -0.184218
v -0.588618 0.271952 -0.184218
v -0.578416 0.275047 -0.184218
v -0.588618 0.271952 -0.184218
v -0.558433 0.219197 -0.184218
v -0.588618 0.271952 -0.184218
v -0.568282 0.215117 -0.184218
v -0.558433 0.219197 -0.184218
v -0.558433 0.219197 -0.184218
v -0.568282 0.215117 -0.184218
v -0.542474 0.160549 -0.184218
v -0.533071 0.165575 -0.184218
v -0.558433 0.219197 -0.184218
v -0.542474 0.160549 -0.184218
v -0.533071 0.165575 -0.184218
v -0.542474 0.160549 -0.184218
v -0.511441 0.108774 -0.184218
v -0.502576 0.114697 -0.184218
v -0.533071 0.165575 -0.184218
v -0.511441 0.108774 -0.184218
v -0.502576 0.114697 -0.184218
v -0.511441 0.108774 -0.184218
v -0.467241 0.067053 -0.184218
v -0.511441 0.108774 -0.184218
v -0.475482 0.060289 -0.184218
v -0.467241 0.067053 -0.184218
v -0.467241 0.067053 -0.184218
v -0.475482 0.060289 -0.184218
v -0.451057 0.048943 -0.184218
v -0.475482 0.060289 -0.184218
v -0.458971 0.041086 -0.184218
v -0.451057 0.048943 -0.184218
v -0.439913 0.038753 -0.184218
v -0.451057 0.048943 -0.184218
v -0.458971 0.041086 -0.184218
v -0.445931 0.029489 -0.184218
v -0.439913 0.038753 -0.184218
v -0.458971 0.041086 -0.184218
v -0.428356 0.033516 -0.184218
v -0.439913 0.038753 -0.184218
v -0.445931 0.029489 -0.184218
v -0.431353 0.022883 -0.184218
v -0.428356 0.033516 -0.184218
v -0.445931 0.029489 -0.184218
v -0.431353 0.022883 -0.184218
v -0.414036 0.020726 -0.184218
v -0.428356 0.033516 -0.184218
v -0.414036 0.020726 -0.184218
v -0.413346 0.031857 -0.184218
v -0.428356 0.033516 -0.184218
v -0.467241 0.833962 -0.184218
v -0.475482 0.840725 -0.184218
v -0.502576 0.786318 -0.184218
v -0.475482 0.840725 -0.184218
v -0.511441 0.792241 -0.184218
v -0.502576 0.786318 -0.184218
v -0.502576 0.786318 -0.184218
v -0.511441 0.792241 -0.184218
v -0.533071 0.735440 -0.184218
v -0.511441 0.792241 -0.184218
v -0.542474 0.740465 -0.184218
v -0.533071 0.735440 -0.184218
v -0.533071 0.735440 -0.184218
v -0.542474 0.740465 -0.184218
v -0.558433 0.681818 -0.184218
v -0.542474 0.740465 -0.184218
v -0.568283 0.685898 -0.184218
v -0.558433 0.681818 -0.184218
v -0.558433 0.681818 -0.184218
v -0.568283 0.685898 -0.184218
v -0.578416 0.625968 -0.184218
v -0.568283 0.685898 -0.184218
v -0.588618 0.629063 -0.184218
v -0.578416 0.625968 -0.184218
v -0.578416 0.625968 -0.184218
v -0.588618 0.629063 -0.184218
v -0.603286 0.570508 -0.184218
v -0.592829 0.568428 -0.184218
v -0.578416 0.625968 -0.184218
v -0.603286 0.570508 -0.184218
v -0.592829 0.568428 -0.184218
v -0.603286 0.570508 -0.184218
v -0.612143 0.510798 -0.184218
v -0.601533 0.509753 -0.184218
v -0.592829 0.568428 -0.184218
v -0.612143 0.510798 -0.184218
v -0.601533 0.509753 -0.184218
v -0.612143 0.510798 -0.184218
v -0.615105 0.450507 -0.184218
v -0.604443 0.450507 -0.184218
v -0.601533 0.509753 -0.184218
v -0.615105 0.450507 -0.184218
v -0.604443 0.450507 -0.184218
v -0.615105 0.450507 -0.184218
v -0.612143 0.390217 -0.184218
v -0.601532 0.391262 -0.184218
v -0.604443 0.450507 -0.184218
v -0.612143 0.390217 -0.184218
v -0.601532 0.391262 -0.184218
v -0.612143 0.390217 -0.184218
v -0.603285 0.330507 -0.184218
v -0.592829 0.332586 -0.184218
v -0.601532 0.391262 -0.184218
v -0.603285 0.330507 -0.184218
v 0.000000 1.054950 -0.184218
v 0.000000 1.065612 -0.184218
v -0.060291 1.062650 -0.184218
v -0.059246 1.052040 -0.184218
v 0.000000 1.054950 -0.184218
v -0.060291 1.062650 -0.184218
v -0.059246 1.052040 -0.184218
v -0.060291 1.062650 -0.184218
v -0.117921 1.043336 -0.184218
v -0.060291 1.062650 -0.184218
v -0.120001 1.053793 -0.184218
v -0.117921 1.043336 -0.184218
v -0.117921 1.043336 -0.184218
v -0.120001 1.053793 -0.184218
v -0.175461 1.028923 -0.184218
v -0.120001 1.053793 -0.184218
v -0.178555 1.039126 -0.184218
v -0.175461 1.028923 -0.184218
v -0.175461 1.028923 -0.184218
v -0.178555 1.039126 -0.184218
v -0.235390 1.018790 -0.184218
v -0.231310 1.008940 -0.184218
v -0.175461 1.028923 -0.184218
v -0.235390 1.018790 -0.184218
v -0.231310 1.008940 -0.184218
v -0.235390 1.018790 -0.184218
v -0.289958 0.992981 -0.184218
v -0.284932 0.983579 -0.184218
v -0.231310 1.008940 -0.184218
v -0.289958 0.992981 -0.184218
v -0.284932 0.983579 -0.184218
v -0.289958 0.992981 -0.184218
v -0.335811 0.953084 -0.184218
v -0.289958 0.992981 -0.184218
v -0.341734 0.961948 -0.184218
v -0.335811 0.953084 -0.184218
v -0.335811 0.953084 -0.184218
v -0.341734 0.961948 -0.184218
v -0.390218 0.925990 -0.184218
v -0.383455 0.917748 -0.184218
v -0.335811 0.953084 -0.184218
v -0.390218 0.925990 -0.184218
v -0.383455 0.917748 -0.184218
v -0.390218 0.925990 -0.184218
v -0.434945 0.885452 -0.184218
v -0.427406 0.877913 -0.184218
v -0.383455 0.917748 -0.184218
v -0.434945 0.885452 -0.184218
v -0.427406 0.877913 -0.184218
v -0.434945 0.885452 -0.184218
v -0.467241 0.833962 -0.184218
v -0.434945 0.885452 -0.184218
v -0.475482 0.840725 -0.184218
v -0.467241 0.833962 -0.184218
v 0.475482 0.840725 -0.184218
v 0.434945 0.885452 -0.184218
v 0.467241 0.833962 -0.184218
v 0.434945 0.885452 -0.184218
v 0.427406 0.877913 -0.184218
v 0.467241 0.833962 -0.184218
v 0.427406 0.877913 -0.184218
v 0.434945 0.885452 -0.184218
v 0.383455 0.917748 -0.184218
v 0.434945 0.885452 -0.184218
v 0.390218 0.925990 -0.184218
v 0.383455 0.917748 -0.184218
v 0.383455 0.917748 -0.184218
v 0.390218 0.925990 -0.184218
v 0.335811 0.953084 -0.184218
v 0.390218 0.925990 -0.184218
v 0.341734 0.961948 -0.184218
v 0.335811 0.953084 -0.184218
v 0.341734 0.961948 -0.184218
v 0.289958 0.992981 -0.184218
v 0.335811 0.953084 -0.184218
v 0.289958 0.992981 -0.184218
v 0.284932 0.983579 -0.184218
v 0.335811 0.953084 -0.184218
v 0.284932 0.983579 -0.184218
v 0.289958 0.992981 -0.184218
v 0.231310 1.008940 -0.184218
v 0.289958 0.992981 -0.184218
v 0.235390 1.018790 -0.184218
v 0.231310 1.008940 -0.184218
v 0.231310 1.008940 -0.184218
v 0.235390 1.018790 -0.184218
v 0.175461 1.028923 -0.184218
v 0.235390 1.018790 -0.184218
v 0.178555 1.039126 -0.184218
v 0.175461 1.028923 -0.184218
v 0.178555 1.039126 -0.184218
v 0.120001 1.053793 -0.184218
v 0.175461 1.028923 -0.184218
v 0.120001 1.053793 -0.184218
v 0.117921 1.043336 -0.184218
v 0.175461 1.028923 -0.184218
v 0.120001 1.053793 -0.184218
v 0.060291 1.062650 -0.184218
v 0.117921 1.043336 -0.184218
v 0.060291 1.062650 -0.184218
v 0.059246 1.052040 -0.184218
v 0.117921 1.043336 -0.184218
v 0.059246 1.052040 -0.184218
v 0.060291 1.062650 -0.184218
v 0.000000 1.054950 -0.184218
v 0.060291 1.062650 -0.184218
v 0.000000 1.065612 -0.184218
v 0.000000 1.054950 -0.184218
v -0.055714 0.916327 0.026550
v -0.000000 0.916327 0.034244
v -0.000000 0.916327 0.026550
v -0.055714 0.916327 0.034244
v -0.000000 0.916327 0.034244
v -0.055714 0.916327 0.026550
v -0.000000 0.979091 -0.026550
v -0.055714 0.966654 -0.026550
v -0.055714 0.979091 -0.026550
v -0.000000 0.966654 -0.026550
v -0.055714 0.966654 -0.026550
v -0.000000 0.979091 -0.026550
v -0.000000 0.928765 -0.034244
v -0.055714 0.966654 -0.034244
v -0.000000 0.966654 -0.034244
v -0.055714 0.928765 -0.034244
v -0.055714 0.966654 -0.034244
v -0.000000 0.928765 -0.034244
v -0.000000 0.979091 -0.034244
v -0.055714 1.029216 -0.034244
v -0.000000 1.029216 -0.034244
v -0.055714 0.979091 -0.034244
v -0.055714 1.029216 -0.034244
v -0.000000 0.979091 -0.034244
v -0.000000 0.979091 -0.026550
v -0.055714 0.979091 -0.034244
v -0.000000 0.979091 -0.034244
v -0.055714 0.979091 -0.026550
v -0.055714 0.979091 -0.034244
v -0.000000 0.979091 -0.026550
v -0.000000 0.966654 -0.034244
v -0.055714 0.966654 -0.026550
v -0.000000 0.966654 -0.026550
v -0.055714 0.966654 -0.034244
v -0.055714 0.966654 -0.026550
v -0.000000 0.966654 -0.034244
v -0.000000 0.595211 -0.034244
v -0.055714 0.916327 -0.034244
v -0.000000 0.916327 -0.034244
v -0.055714 0.595212 -0.034244
v -0.055714 0.916327 -0.034244
v -0.000000 0.595211 -0.034244
v -0.000000 0.928765 -0.026550
v -0.055714 0.928765 -0.034244
v -0.000000 0.928765 -0.034244
v -0.055714 0.928765 -0.026550
v -0.055714 0.928765 -0.034244
v -0.000000 0.928765 -0.026550
v -0.000000 0.916327 -0.026550
v -0.055714 0.928765 -0.026550
v -0.000000 0.928765 -0.026550
v -0.055714 0.916327 -0.026550
v -0.055714 0.928765 -0.026550
v -0.000000 0.916327 -0.026550
v -0.000000 0.916327 -0.034244
v -0.055714 0.916327 -0.026550
v -0.000000 0.916327 -0.026550
v -0.055714 0.916327 -0.034244
v -0.055714 0.916327 -0.026550
v -0.000000 0.916327 -0.034244
v -0.000000 0.916327 0.026550
v -0.000000 0.916327 0.034244
v -0.000000 0.920955 0.026550
v -0.457011 0.012097 -0.143262
v -0.437123 0.003086 -0.143262
v -0.457011 0.012097 -0.164886
v -0.437123 0.003086 -0.143262
v -0.437123 0.003086 -0.164886
v -0.457011 0.012097 -0.164886
v -0.437123 0.003086 -0.143262
v -0.415508 0.000000 -0.143262
v -0.437123 0.003086 -0.164886
v -0.415508 0.000000 -0.143262
v -0.415508 0.000000 -0.164886
v -0.437123 0.003086 -0.164886
v -0.633962 0.388067 -0.164886
v -0.633962 0.388067 -0.106731
v -0.624789 0.326229 -0.106731
v -0.624789 0.326229 -0.164886
v -0.633962 0.388067 -0.164886
v -0.624789 0.326229 -0.106731
v -0.624789 0.326229 -0.164886
v -0.624789 0.326229 -0.106731
v -0.609599 0.265587 -0.164886
v -0.624789 0.326229 -0.106731
v -0.609599 0.265587 -0.106731
v -0.609599 0.265587 -0.164886
v -0.609599 0.265587 -0.164886
v -0.609599 0.265587 -0.106731
v -0.588538 0.206727 -0.106731
v -0.588538 0.206727 -0.164886
v -0.609599 0.265587 -0.164886
v -0.588538 0.206727 -0.106731
v -0.588538 0.206727 -0.164886
v -0.588538 0.206727 -0.106731
v -0.561810 0.150214 -0.164886
v -0.588538 0.206727 -0.106731
v -0.561810 0.150214 -0.106731
v -0.561810 0.150214 -0.164886
v -0.561810 0.150214 -0.164886
v -0.561810 0.150214 -0.106731
v -0.529671 0.096593 -0.106731
v -0.529671 0.096593 -0.164886
v -0.561810 0.150214 -0.164886
v -0.529671 0.096593 -0.106731
v -0.529671 0.096593 -0.164886
v -0.529671 0.096593 -0.106731
v -0.492430 0.046380 -0.106730
v -0.492430 0.046380 -0.164886
v -0.529671 0.096593 -0.164886
v -0.492430 0.046380 -0.106730
v -0.492430 0.046380 -0.164886
v -0.492430 0.046380 -0.106730
v -0.473583 0.026313 -0.106731
v -0.473583 0.026313 -0.164886
v -0.492430 0.046380 -0.164886
v -0.473583 0.026313 -0.106731
v -0.465283 0.019193 -0.106731
v -0.473583 0.026313 -0.164886
v -0.473583 0.026313 -0.106731
v -0.465283 0.019193 -0.143262
v -0.473583 0.026313 -0.164886
v -0.465283 0.019193 -0.106731
v -0.457011 0.012097 -0.143262
v -0.473583 0.026313 -0.164886
v -0.465283 0.019193 -0.143262
v -0.473583 0.026313 -0.164886
v -0.457011 0.012097 -0.143262
v -0.457011 0.012097 -0.164886
v -0.450448 0.900955 -0.164886
v -0.450448 0.900955 -0.106731
v -0.492430 0.854635 -0.164886
v -0.450448 0.900955 -0.106731
v -0.492430 0.854634 -0.106731
v -0.492430 0.854635 -0.164886
v -0.492430 0.854635 -0.164886
v -0.492430 0.854634 -0.106731
v -0.529671 0.804422 -0.164886
v -0.492430 0.854634 -0.106731
v -0.529671 0.804422 -0.106731
v -0.529671 0.804422 -0.164886
v -0.529671 0.804422 -0.164886
v -0.529671 0.804422 -0.106731
v -0.561810 0.750801 -0.164886
v -0.529671 0.804422 -0.106731
v -0.561810 0.750801 -0.106731
v -0.561810 0.750801 -0.164886
v -0.561810 0.750801 -0.164886
v -0.561810 0.750801 -0.106731
v -0.588539 0.694288 -0.164886
v -0.561810 0.750801 -0.106731
v -0.588539 0.694288 -0.106731
v -0.588539 0.694288 -0.164886
v -0.588539 0.694288 -0.164886
v -0.588539 0.694288 -0.106731
v -0.609599 0.635427 -0.164886
v -0.588539 0.694288 -0.106731
v -0.609599 0.635427 -0.106731
v -0.609599 0.635427 -0.164886
v -0.609599 0.635427 -0.164886
v -0.609599 0.635427 -0.106731
v -0.624789 0.574785 -0.164886
v -0.609599 0.635427 -0.106731
v -0.624789 0.574785 -0.106731
v -0.624789 0.574785 -0.164886
v -0.624789 0.574785 -0.164886
v -0.624789 0.574785 -0.106731
v -0.633962 0.512947 -0.106731
v -0.633962 0.512947 -0.164886
v -0.624789 0.574785 -0.164886
v -0.633962 0.512947 -0.106731
v -0.633962 0.512947 -0.164886
v -0.633962 0.512947 -0.106731
v -0.637030 0.450507 -0.164886
v -0.633962 0.512947 -0.106731
v -0.637030 0.450507 -0.106731
v -0.637030 0.450507 -0.164886
v -0.637030 0.450507 -0.164886
v -0.637030 0.450507 -0.106731
v -0.633962 0.388067 -0.106731
v -0.633962 0.388067 -0.164886
v -0.637030 0.450507 -0.164886
v -0.633962 0.388067 -0.106731
v 0.062440 1.084469 -0.106731
v 0.000000 1.087537 -0.106731
v 0.062440 1.084469 -0.164886
v 0.000000 1.087537 -0.106731
v 0.000000 1.087537 -0.164886
v 0.062440 1.084469 -0.164886
v 0.000000 1.087537 -0.164886
v 0.000000 1.087537 -0.106731
v -0.062440 1.084469 -0.164886
v 0.000000 1.087537 -0.106731
v -0.062440 1.084469 -0.106731
v -0.062440 1.084469 -0.164886
v -0.062440 1.084469 -0.164886
v -0.062440 1.084469 -0.106731
v -0.124278 1.075297 -0.164886
v -0.062440 1.084469 -0.106731
v -0.124278 1.075297 -0.106731
v -0.124278 1.075297 -0.164886
v -0.124278 1.075297 -0.164886
v -0.124278 1.075297 -0.106731
v -0.184920 1.060107 -0.106731
v -0.184920 1.060107 -0.164886
v -0.124278 1.075297 -0.164886
v -0.184920 1.060107 -0.106731
v -0.184920 1.060107 -0.164886
v -0.184920 1.060107 -0.106731
v -0.243781 1.039046 -0.164886
v -0.184920 1.060107 -0.106731
v -0.243781 1.039046 -0.106731
v -0.243781 1.039046 -0.164886
v -0.243781 1.039046 -0.164886
v -0.243781 1.039046 -0.106731
v -0.300294 1.012317 -0.164886
v -0.243781 1.039046 -0.106731
v -0.300294 1.012317 -0.106731
v -0.300294 1.012317 -0.164886
v -0.300294 1.012317 -0.164886
v -0.300294 1.012317 -0.106731
v -0.353915 0.980178 -0.106731
v -0.353915 0.980178 -0.164886
v -0.300294 1.012317 -0.164886
v -0.353915 0.980178 -0.106731
v -0.353915 0.980178 -0.164886
v -0.353915 0.980178 -0.106731
v -0.404127 0.942938 -0.106731
v -0.404127 0.942938 -0.164886
v -0.353915 0.980178 -0.164886
v -0.404127 0.942938 -0.106731
v -0.404127 0.942938 -0.164886
v -0.404127 0.942938 -0.106731
v -0.450448 0.900955 -0.164886
v -0.404127 0.942938 -0.106731
v -0.450448 0.900955 -0.106731
v -0.450448 0.900955 -0.164886
v 0.529671 0.804422 -0.106731
v 0.492430 0.854634 -0.106731
v 0.529671 0.804422 -0.164886
v 0.492430 0.854634 -0.106731
v 0.492430 0.854634 -0.164886
v 0.529671 0.804422 -0.164886
v 0.492430 0.854634 -0.164886
v 0.492430 0.854634 -0.106731
v 0.450448 0.900955 -0.164886
v 0.492430 0.854634 -0.106731
v 0.450448 0.900955 -0.106731
v 0.450448 0.900955 -0.164886
v 0.450448 0.900955 -0.164886
v 0.450448 0.900955 -0.106731
v 0.404127 0.942938 -0.164886
v 0.450448 0.900955 -0.106731
v 0.404127 0.942938 -0.106731
v 0.404127 0.942938 -0.164886
v 0.404127 0.942938 -0.164886
v 0.404127 0.942938 -0.106731
v 0.353915 0.980178 -0.164886
v 0.404127 0.942938 -0.106731
v 0.353915 0.980178 -0.106731
v 0.353915 0.980178 -0.164886
v 0.353915 0.980178 -0.164886
v 0.353915 0.980178 -0.106731
v 0.300294 1.012317 -0.164886
v 0.353915 0.980178 -0.106731
v 0.300294 1.012317 -0.106731
v 0.300294 1.012317 -0.164886
v 0.300294 1.012317 -0.106731
v 0.243781 1.039046 -0.106731
v 0.300294 1.012317 -0.164886
v 0.243781 1.039046 -0.106731
v 0.243781 1.039046 -0.164886
v 0.300294 1.012317 -0.164886
v 0.243781 1.039046 -0.164886
v 0.243781 1.039046 -0.106731
v 0.184920 1.060107 -0.164886
v 0.243781 1.039046 -0.106731
v 0.184920 1.060107 -0.106731
v 0.184920 1.060107 -0.164886
v 0.184920 1.060107 -0.164886
v 0.184920 1.060107 -0.106731
v 0.124278 1.075297 -0.164886
v 0.184920 1.060107 -0.106731
v 0.124278 1.075297 -0.106731
v 0.124278 1.075297 -0.164886
v 0.124278 1.075297 -0.164886
v 0.124278 1.075297 -0.106731
v 0.062440 1.084469 -0.164886
v 0.124278 1.075297 -0.106731
v 0.062440 1.084469 -0.106731
v 0.062440 1.084469 -0.164886
v -0.000000 1.036216 -0.039116
v -0.000000 1.036216 -0.000000
v -0.188536 1.036216 -0.039116
v -0.188536 1.036216 -0.000000
v -0.000000 1.036216 0.039116
v -0.188536 1.036216 0.039116
v -0.000000 1.036216 -0.000000
v -0.000000 1.036216 0.039116
v -0.188536 1.036216 -0.000000
v -0.188536 1.036216 -0.039116
v -0.000000 1.036216 -0.000000
v -0.188536 1.036216 -0.000000
v -0.188536 1.036216 -0.000000
v -0.381376 1.036216 -0.000000
v -0.188536 1.036216 -0.039116
v -0.188536 1.036216 -0.039116
v -0.381376 1.036216 -0.000000
v -0.381376 1.036216 -0.039116
v -0.381376 1.036216 -0.039116
v -0.381376 1.036216 -0.000000
v -0.574216 1.036216 -0.039116
v -0.574216 1.036216 -0.039116
v -0.381376 1.036216 -0.000000
v -0.574216 1.036215 -0.000000
v -0.381376 1.036216 -0.000000
v -0.381376 1.036216 0.039116
v -0.574216 1.036215 -0.000000
v -0.574216 1.036215 -0.000000
v -0.381376 1.036216 0.039116
v -0.574216 1.036216 0.039116
v -0.188536 1.036216 0.039116
v -0.381376 1.036216 -0.000000
v -0.188536 1.036216 -0.000000
v -0.381376 1.036216 0.039116
v -0.381376 1.036216 -0.000000
v -0.188536 1.036216 0.039116
v -0.263144 0.010000 -0.119562
v -0.263144 0.000000 -0.119562
v 0.000000 0.010000 -0.119562
v -0.263144 0.000000 -0.119562
v 0.000000 0.000000 -0.119562
v 0.000000 0.010000 -0.119562
v 0.000000 0.000000 -0.119562
v 0.263144 0.000000 -0.119562
v 0.000000 0.010000 -0.119562
v 0.263144 0.000000 -0.119562
v 0.263144 0.010000 -0.119562
v 0.000000 0.010000 -0.119562
v 0.609599 0.265587 -0.106731
v 0.624789 0.326229 -0.106731
v 0.609599 0.265587 -0.164886
v 0.624789 0.326229 -0.106731
v 0.624789 0.326229 -0.164886
v 0.609599 0.265587 -0.164886
v 0.624789 0.326229 -0.164886
v 0.624789 0.326229 -0.106731
v 0.633962 0.388067 -0.164886
v 0.624789 0.326229 -0.106731
v 0.633962 0.388067 -0.106731
v 0.633962 0.388067 -0.164886
v 0.633962 0.388067 -0.106731
v 0.637030 0.450507 -0.106731
v 0.633962 0.388067 -0.164886
v 0.637030 0.450507 -0.106731
v 0.637030 0.450507 -0.164886
v 0.633962 0.388067 -0.164886
v 0.637030 0.450507 -0.106731
v 0.633962 0.512947 -0.106731
v 0.637030 0.450507 -0.164886
v 0.633962 0.512947 -0.106731
v 0.633962 0.512947 -0.164886
v 0.637030 0.450507 -0.164886
v 0.633962 0.512947 -0.164886
v 0.633962 0.512947 -0.106731
v 0.624789 0.574785 -0.164886
v 0.633962 0.512947 -0.106731
v 0.624789 0.574785 -0.106731
v 0.624789 0.574785 -0.164886
v 0.624789 0.574785 -0.164886
v 0.624789 0.574785 -0.106731
v 0.609599 0.635427 -0.164886
v 0.624789 0.574785 -0.106731
v 0.609599 0.635427 -0.106731
v 0.609599 0.635427 -0.164886
v 0.609599 0.635427 -0.106731
v 0.588539 0.694288 -0.106731
v 0.609599 0.635427 -0.164886
v 0.588539 0.694288 -0.106731
v 0.588539 0.694288 -0.164886
v 0.609599 0.635427 -0.164886
v 0.588539 0.694288 -0.164886
v 0.588539 0.694288 -0.106731
v 0.561810 0.750801 -0.164886
v 0.588539 0.694288 -0.106731
v 0.561810 0.750801 -0.106731
v 0.561810 0.750801 -0.164886
v 0.561810 0.750801 -0.164886
v 0.561810 0.750801 -0.106731
v 0.529671 0.804422 -0.164886
v 0.561810 0.750801 -0.106731
v 0.529671 0.804422 -0.106731
v 0.529671 0.804422 -0.164886
v -0.259539 0.019193 0.124996
v -0.259539 0.000000 0.124996
v 0.000000 0.019193 0.124996
v -0.259539 0.000000 0.124996
v 0.000000 0.000000 0.124996
v 0.000000 0.019193 0.124996
v 0.000000 0.000000 0.124996
v 0.259539 0.000000 0.124996
v 0.000000 0.019193 0.124996
v 0.259539 0.000000 0.124996
v 0.259539 0.019193 0.124996
v 0.000000 0.019193 0.124996
v 0.437123 0.003086 -0.164886
v 0.415508 0.000000 -0.164886
v 0.415508 0.000000 -0.143262
v 0.437123 0.003086 -0.143262
v 0.437123 0.003086 -0.164886
v 0.415508 0.000000 -0.143262
v 0.457011 0.012097 -0.164886
v 0.437123 0.003086 -0.164886
v 0.437123 0.003086 -0.143262
v 0.457011 0.012097 -0.143262
v 0.457011 0.012097 -0.164886
v 0.437123 0.003086 -0.143262
v 0.457011 0.012097 -0.143262
v 0.473583 0.026313 -0.164886
v 0.457011 0.012097 -0.164886
v 0.473583 0.026313 -0.164886
v 0.457011 0.012097 -0.143262
v 0.465283 0.019193 -0.143262
v 0.473583 0.026313 -0.164886
v 0.465283 0.019193 -0.143262
v 0.465283 0.019193 -0.106731
v 0.473583 0.026313 -0.164886
v 0.465283 0.019193 -0.106731
v 0.473583 0.026313 -0.106731
v 0.473583 0.026313 -0.164886
v 0.473583 0.026313 -0.106731
v 0.492430 0.046380 -0.164886
v 0.473583 0.026313 -0.106731
v 0.492430 0.046380 -0.106730
v 0.492430 0.046380 -0.164886
v 0.492430 0.046380 -0.164886
v 0.492430 0.046380 -0.106730
v 0.529671 0.096593 -0.164886
v 0.492430 0.046380 -0.106730
v 0.529671 0.096593 -0.106731
v 0.529671 0.096593 -0.164886
v 0.529671 0.096593 -0.106731
v 0.561810 0.150214 -0.106731
v 0.529671 0.096593 -0.164886
v 0.561810 0.150214 -0.106731
v 0.561810 0.150214 -0.164886
v 0.529671 0.096593 -0.164886
v 0.561810 0.150214 -0.106731
v 0.588538 0.206727 -0.106731
v 0.561810 0.150214 -0.164886
v 0.588538 0.206727 -0.106731
v 0.588538 0.206727 -0.164886
v 0.561810 0.150214 -0.164886
v 0.588538 0.206727 -0.106731
v 0.609599 0.265587 -0.106731
v 0.588538 0.206727 -0.164886
v 0.609599 0.265587 -0.106731
v 0.609599 0.265587 -0.164886
v 0.588538 0.206727 -0.164886
v -0.259539 0.019193 0.106731
v -0.413346 0.031857 0.106731
v -0.465283 0.019193 0.106731
v -0.259539 0.019193 0.106731
v 0.000000 0.031857 0.106731
v -0.413346 0.031857 0.106731
v 0.000000 0.019193 0.106731
v 0.000000 0.031857 0.106731
v -0.259539 0.019193 0.106731
v 0.000000 0.031857 0.106731
v 0.000000 0.019193 0.106731
v 0.259539 0.019193 0.106731
v 0.000000 0.031857 0.106731
v 0.259539 0.019193 0.106731
v 0.413346 0.031857 0.106731
v 0.413346 0.031857 0.106731
v 0.259539 0.019193 0.106731
v 0.465283 0.019193 0.106731
v -0.259539 0.000000 0.143262
v -0.259539 0.019193 0.143262
v -0.415508 0.000000 0.143262
v -0.259539 0.019193 0.143262
v -0.465283 0.019193 0.143262
v -0.415508 0.000000 0.143262
v -0.465283 0.019193 0.143262
v -0.457011 0.012097 0.143262
v -0.415508 0.000000 0.143262
v -0.457011 0.012097 0.143262
v -0.437123 0.003086 0.143262
v -0.415508 0.000000 0.143262
v 0.428356 0.033516 -0.184218
v 0.413346 0.031857 -0.184218
v 0.414036 0.020726 -0.184218
v 0.431353 0.022883 -0.184218
v 0.428356 0.033516 -0.184218
v 0.414036 0.020726 -0.184218
v 0.428356 0.033516 -0.184218
v 0.431353 0.022883 -0.184218
v 0.445931 0.029489 -0.184218
v 0.439913 0.038753 -0.184218
v 0.428356 0.033516 -0.184218
v 0.445931 0.029489 -0.184218
v 0.439913 0.038753 -0.184218
v 0.445931 0.029489 -0.184218
v 0.458971 0.041086 -0.184218
v 0.451057 0.048943 -0.184218
v 0.439913 0.038753 -0.184218
v 0.458971 0.041086 -0.184218
v 0.458971 0.041086 -0.184218
v 0.475482 0.060289 -0.184218
v 0.451057 0.048943 -0.184218
v 0.475482 0.060289 -0.184218
v 0.467241 0.067053 -0.184218
v 0.451057 0.048943 -0.184218
v 0.475482 0.060289 -0.184218
v 0.511441 0.108774 -0.184218
v 0.467241 0.067053 -0.184218
v 0.511441 0.108774 -0.184218
v 0.502576 0.114697 -0.184218
v 0.467241 0.067053 -0.184218
v 0.502576 0.114697 -0.184218
v 0.511441 0.108774 -0.184218
v 0.533071 0.165575 -0.184218
v 0.511441 0.108774 -0.184218
v 0.542474 0.160549 -0.184218
v 0.533071 0.165575 -0.184218
v 0.533071 0.165575 -0.184218
v 0.542474 0.160549 -0.184218
v 0.558433 0.219197 -0.184218
v 0.542474 0.160549 -0.184218
v 0.568282 0.215117 -0.184218
v 0.558433 0.219197 -0.184218
v 0.568282 0.215117 -0.184218
v 0.588618 0.271952 -0.184218
v 0.558433 0.219197 -0.184218
v 0.588618 0.271952 -0.184218
v 0.578416 0.275047 -0.184218
v 0.558433 0.219197 -0.184218
v 0.578416 0.275047 -0.184218
v 0.588618 0.271952 -0.184218
v 0.592829 0.332586 -0.184218
v 0.588618 0.271952 -0.184218
v 0.603285 0.330507 -0.184218
v 0.592829 0.332586 -0.184218
v 0.592829 0.332586 -0.184218
v 0.603285 0.330507 -0.184218
v 0.601532 0.391262 -0.184218
v 0.603285 0.330507 -0.184218
v 0.612143 0.390217 -0.184218
v 0.601532 0.391262 -0.184218
v 0.601532 0.391262 -0.184218
v 0.612143 0.390217 -0.184218
v 0.604443 0.450507 -0.184218
v 0.612143 0.390217 -0.184218
v 0.615105 0.450507 -0.184218
v 0.604443 0.450507 -0.184218
v 0.604443 0.450507 -0.184218
v 0.615105 0.450507 -0.184218
v 0.601533 0.509753 -0.184218
v 0.615105 0.450507 -0.184218
v 0.612143 0.510798 -0.184218
v 0.601533 0.509753 -0.184218
v 0.601533 0.509753 -0.184218
v 0.612143 0.510798 -0.184218
v 0.592829 0.568428 -0.184218
v 0.612143 0.510798 -0.184218
v 0.603286 0.570508 -0.184218
v 0.592829 0.568428 -0.184218
v 0.603286 0.570508 -0.184218
v 0.588619 0.629063 -0.184218
v 0.592829 0.568428 -0.184218
v 0.588619 0.629063 -0.184218
v 0.578416 0.625968 -0.184218
v 0.592829 0.568428 -0.184218
v 0.588619 0.629063 -0.184218
v 0.568283 0.685898 -0.184218
v 0.578416 0.625968 -0.184218
v 0.568283 0.685898 -0.184218
v 0.558433 0.681818 -0.184218
v 0.578416 0.625968 -0.184218
v 0.568283 0.685898 -0.184218
v 0.542474 0.740465 -0.184218
v 0.558433 0.681818 -0.184218
v 0.542474 0.740465 -0.184218
v 0.533071 0.735440 -0.184218
v 0.558433 0.681818 -0.184218
v 0.542474 0.740465 -0.184218
v 0.511441 0.792241 -0.184218
v 0.533071 0.735440 -0.184218
v 0.511441 0.792241 -0.184218
v 0.502576 0.786318 -0.184218
v 0.533071 0.735440 -0.184218
v 0.511441 0.792241 -0.184218
v 0.475482 0.840725 -0.184218
v 0.502576 0.786318 -0.184218
v 0.475482 0.840725 -0.184218
v 0.467241 0.833962 -0.184218
v 0.502576 0.786318 -0.184218
v 0.263144 0.010000 0.119562
v 0.263144 0.000000 0.119562
v 0.000000 0.010000 0.119562
v 0.263144 0.000000 0.119562
v 0.000000 0.000000 0.119562
v 0.000000 0.010000 0.119562
v 0.000000 0.000000 0.119562
v -0.263144 0.000000 0.119562
v 0.000000 0.010000 0.119562
v -0.263144 0.000000 0.119562
v -0.263144 0.010000 0.119562
v 0.000000 0.010000 0.119562
v -0.428356 0.033516 0.184218
v -0.413346 0.031857 0.184218
v -0.414036 0.020726 0.184218
v -0.431353 0.022883 0.184218
v -0.428356 0.033516 0.184218
v -0.414036 0.020726 0.184218
v -0.428356 0.033516 0.184218
v -0.431353 0.022883 0.184218
v -0.445931 0.029489 0.184218
v -0.439913 0.038753 0.184218
v -0.428356 0.033516 0.184218
v -0.445931 0.029489 0.184218
v -0.439913 0.038753 0.184218
v -0.445931 0.029489 0.184218
v -0.458971 0.041086 0.184218
v -0.451057 0.048943 0.184218
v -0.439913 0.038753 0.184218
v -0.458971 0.041086 0.184218
v -0.458971 0.041086 0.184218
v -0.475482 0.060289 0.184218
v -0.451057 0.048943 0.184218
v -0.475482 0.060289 0.184218
v -0.467241 0.067053 0.184218
v -0.451057 0.048943 0.184218
v -0.475482 0.060289 0.184218
v -0.511441 0.108774 0.184218
v -0.467241 0.067053 0.184218
v -0.511441 0.108774 0.184218
v -0.502576 0.114697 0.184218
v -0.467241 0.067053 0.184218
v -0.502576 0.114697 0.184218
v -0.511441 0.108774 0.184218
v -0.533071 0.165575 0.184218
v -0.511441 0.108774 0.184218
v -0.542474 0.160549 0.184218
v -0.533071 0.165575 0.184218
v -0.533071 0.165575 0.184218
v -0.542474 0.160549 0.184218
v -0.558433 0.219197 0.184218
v -0.542474 0.160549 0.184218
v -0.568282 0.215117 0.184218
v -0.558433 0.219197 0.184218
v -0.568282 0.215117 0.184218
v -0.588618 0.271952 0.184218
v -0.558433 0.219197 0.184218
v -0.588618 0.271952 0.184218
v -0.578416 0.275047 0.184218
v -0.558433 0.219197 0.184218
v -0.578416 0.275047 0.184218
v -0.588618 0.271952 0.184218
v -0.592829 0.332586 0.184218
v -0.588618 0.271952 0.184218
v -0.603285 0.330507 0.184218
v -0.592829 0.332586 0.184218
v -0.592829 0.332586 0.184218
v -0.603285 0.330507 0.184218
v -0.601532 0.391262 0.184218
v -0.603285 0.330507 0.184218
v -0.612143 0.390217 0.184218
v -0.601532 0.391262 0.184218
v -0.601532 0.391262 0.184218
v -0.612143 0.390217 0.184218
v -0.604443 0.450507 0.184218
v -0.612143 0.390217 0.184218
v -0.615105 0.450507 0.184218
v -0.604443 0.450507 0.184218
v -0.604443 0.450507 0.184218
v -0.615105 0.450507 0.184218
v -0.601533 0.509753 0.184218
v -0.615105 0.450507 0.184218
v -0.612143 0.510798 0.184218
v -0.601533 0.509753 0.184218
v -0.601533 0.509753 0.184218
v -0.612143 0.510798 0.184218
v -0.592829 0.568428 0.184218
v -0.612143 0.510798 0.184218
v -0.603286 0.570508 0.184218
v -0.592829 0.568428 0.184218
v -0.592829 0.568428 0.184218
v -0.603286 0.570508 0.184218
v -0.578416 0.625968 0.184218
v -0.603286 0.570508 0.184218
v -0.588618 0.629063 0.184218
v -0.578416 0.625968 0.184218
v -0.588618 0.629063 0.184218
v -0.568283 0.685898 0.184218
v -0.578416 0.625968 0.184218
v -0.568283 0.685898 0.184218
v -0.558433 0.681818 0.184218
v -0.578416 0.625968 0.184218
v -0.568283 0.685898 0.184218
v -0.542474 0.740465 0.184218
v -0.558433 0.681818 0.184218
v -0.542474 0.740465 0.184218
v -0.533071 0.735440 0.184218
v -0.558433 0.681818 0.184218
v -0.542474 0.740465 0.184218
v -0.511441 0.792241 0.184218
v -0.533071 0.735440 0.184218
v -0.511441 0.792241 0.184218
v -0.502576 0.786318 0.184218
v -0.533071 0.735440 0.184218
v -0.511441 0.792241 0.184218
v -0.475482 0.840725 0.184218
v -0.502576 0.786318 0.184218
v -0.475482 0.840725 0.184218
v -0.467241 0.833962 0.184218
v -0.502576 0.786318 0.184218
v 0.055714 0.305802 0.034244
v 0.000000 0.305802 -0.000000
v 0.000000 0.305802 0.034244
v 0.055714 0.305802 -0.000000
v 0.000000 0.305802 -0.000000
v 0.055714 0.305802 0.034244
v 0.000000 0.305802 -0.000000
v 0.055714 0.305802 -0.034244
v 0.000000 0.305802 -0.034244
v 0.055714 0.305802 -0.000000
v 0.055714 0.305802 -0.034244
v 0.000000 0.305802 -0.000000
v 0.055714 0.090892 0.034244
v 0.000000 0.128780 0.034244
v 0.000000 0.090892 0.034244
v 0.055714 0.128780 0.034244
v 0.000000 0.128780 0.034244
v 0.055714 0.090892 0.034244
v 0.055714 0.028330 0.034244
v 0.000000 0.078454 0.034244
v 0.000000 0.028330 0.034244
v 0.055714 0.078454 0.034244
v 0.000000 0.078454 0.034244
v 0.055714 0.028330 0.034244
v 0.055714 0.078454 0.034244
v 0.000000 0.078454 0.026550
v 0.000000 0.078454 0.034244
v 0.055714 0.078454 0.026550
v 0.000000 0.078454 0.026550
v 0.055714 0.078454 0.034244
v 0.055714 0.090892 0.026550
v 0.000000 0.078454 0.026550
v 0.055714 0.078454 0.026550
v 0.000000 0.090892 0.026550
v 0.000000 0.078454 0.026550
v 0.055714 0.090892 0.026550
v 0.055714 0.090892 0.026550
v 0.000000 0.090892 0.034244
v 0.000000 0.090892 0.026550
v 0.055714 0.090892 0.034244
v 0.000000 0.090892 0.034244
v 0.055714 0.090892 0.026550
v 0.055714 0.141218 0.034244
v 0.000000 0.305802 0.034244
v 0.000000 0.141218 0.034244
v 0.055714 0.305802 0.034244
v 0.000000 0.305802 0.034244
v 0.055714 0.141218 0.034244
v 0.055714 0.128780 0.034244
v 0.000000 0.128780 0.026550
v 0.000000 0.128780 0.034244
v 0.055714 0.128780 0.026550
v 0.000000 0.128780 0.026550
v 0.055714 0.128780 0.034244
v 0.055714 0.128780 0.026550
v 0.000000 0.136591 0.026550
v 0.000000 0.128780 0.026550
v 0.055714 0.141218 0.026550
v 0.000000 0.136591 0.026550
v 0.055714 0.128780 0.026550
v 0.000000 0.141218 0.026550
v 0.000000 0.136591 0.026550
v 0.055714 0.141218 0.026550
v 0.413346 0.031857 0.184218
v 0.413346 0.031857 0.106731
v 0.428356 0.033516 0.184218
v 0.413346 0.031857 0.106731
v 0.428356 0.033516 0.106730
v 0.428356 0.033516 0.184218
v 0.428356 0.033516 0.184218
v 0.428356 0.033516 0.106730
v 0.439913 0.038753 0.106731
v 0.439913 0.038753 0.184218
v 0.428356 0.033516 0.184218
v 0.439913 0.038753 0.106731
v 0.439913 0.038753 0.184218
v 0.439913 0.038753 0.106731
v 0.451057 0.048943 0.184218
v 0.439913 0.038753 0.106731
v 0.451057 0.048943 0.106730
v 0.451057 0.048943 0.184218
v 0.451057 0.048943 0.184218
v 0.451057 0.048943 0.106730
v 0.467241 0.067053 0.184218
v 0.451057 0.048943 0.106730
v 0.467241 0.067053 0.106730
v 0.467241 0.067053 0.184218
v 0.467241 0.067053 0.184218
v 0.467241 0.067053 0.106730
v 0.502576 0.114697 0.184218
v 0.467241 0.067053 0.106730
v 0.502576 0.114697 0.106730
v 0.502576 0.114697 0.184218
v 0.502576 0.114697 0.184218
v 0.502576 0.114697 0.106730
v 0.533071 0.165575 0.184218
v 0.502576 0.114697 0.106730
v 0.533071 0.165575 0.106730
v 0.533071 0.165575 0.184218
v 0.533071 0.165575 0.184218
v 0.533071 0.165575 0.106730
v 0.558433 0.219197 0.106730
v 0.558433 0.219197 0.184218
v 0.533071 0.165575 0.184218
v 0.558433 0.219197 0.106730
v 0.558433 0.219197 0.184218
v 0.558433 0.219197 0.106730
v 0.578416 0.275047 0.106730
v 0.578416 0.275047 0.184218
v 0.558433 0.219197 0.184218
v 0.578416 0.275047 0.106730
v 0.578416 0.275047 0.184218
v 0.578416 0.275047 0.106730
v 0.592829 0.332586 0.106730
v 0.592829 0.332586 0.184218
v 0.578416 0.275047 0.184218
v 0.592829 0.332586 0.106730
v 0.592829 0.332586 0.184218
v 0.592829 0.332586 0.106730
v 0.601532 0.391262 0.184218
v 0.592829 0.332586 0.106730
v 0.601532 0.391262 0.106730
v 0.601532 0.391262 0.184218
v 0.601532 0.391262 0.184218
v 0.601532 0.391262 0.106730
v 0.604443 0.450507 0.184218
v 0.601532 0.391262 0.106730
v 0.604443 0.450507 0.106730
v 0.604443 0.450507 0.184218
v 0.604443 0.450507 0.184218
v 0.604443 0.450507 0.106730
v 0.601533 0.509753 0.106730
v 0.601533 0.509753 0.184218
v 0.604443 0.450507 0.184218
v 0.601533 0.509753 0.106730
v 0.601533 0.509753 0.184218
v 0.601533 0.509753 0.106730
v 0.592829 0.568428 0.184218
v 0.601533 0.509753 0.106730
v 0.592829 0.568428 0.106730
v 0.592829 0.568428 0.184218
v 0.592829 0.568428 0.184218
v 0.592829 0.568428 0.106730
v 0.578416 0.625968 0.184218
v 0.592829 0.568428 0.106730
v 0.578416 0.625968 0.106730
v 0.578416 0.625968 0.184218
v 0.578416 0.625968 0.184218
v 0.578416 0.625968 0.106730
v 0.558433 0.681818 0.184218
v 0.578416 0.625968 0.106730
v 0.558433 0.681818 0.106730
v 0.558433 0.681818 0.184218
v 0.558433 0.681818 0.184218
v 0.558433 0.681818 0.106730
v 0.533071 0.735440 0.184218
v 0.558433 0.681818 0.106730
v 0.533071 0.735440 0.106730
v 0.533071 0.735440 0.184218
v 0.533071 0.735440 0.184218
v 0.533071 0.735440 0.106730
v 0.502576 0.786318 0.184218
v 0.533071 0.735440 0.106730
v 0.502576 0.786318 0.106730
v 0.502576 0.786318 0.184218
v 0.502576 0.786318 0.184218
v 0.502576 0.786318 0.106730
v 0.467241 0.833962 0.184218
v 0.502576 0.786318 0.106730
v 0.467241 0.833962 0.106730
v 0.467241 0.833962 0.184218
v 0.467241 0.833962 0.184218
v 0.467241 0.833962 0.106730
v 0.427406 0.877913 0.184218
v 0.467241 0.833962 0.106730
v 0.427406 0.877913 0.106730
v 0.427406 0.877913 0.184218
v 0.427406 0.877913 0.184218
v 0.427406 0.877913 0.106730
v 0.383455 0.917748 0.184218
v 0.427406 0.877913 0.106730
v 0.383455 0.917748 0.106730
v 0.383455 0.917748 0.184218
v 0.383455 0.917748 0.184218
v 0.383455 0.917748 0.106730
v 0.335811 0.953084 0.184218
v 0.383455 0.917748 0.106730
v 0.335811 0.953084 0.106730
v 0.335811 0.953084 0.184218
v 0.335811 0.953084 0.184218
v 0.335811 0.953084 0.106730
v 0.284932 0.983579 0.106730
v 0.284932 0.983579 0.184218
v 0.335811 0.953084 0.184218
v 0.284932 0.983579 0.106730
v 0.284932 0.983579 0.184218
v 0.284932 0.983579 0.106730
v 0.231310 1.008940 0.106730
v 0.231310 1.008940 0.184218
v 0.284932 0.983579 0.184218
v 0.231310 1.008940 0.106730
v 0.231310 1.008940 0.184218
v 0.231310 1.008940 0.106730
v 0.175461 1.028923 0.106730
v 0.175461 1.028923 0.184218
v 0.231310 1.008940 0.184218
v 0.175461 1.028923 0.106730
v 0.175461 1.028923 0.184218
v 0.175461 1.028923 0.106730
v 0.117921 1.043336 0.106730
v 0.117921 1.043336 0.184218
v 0.175461 1.028923 0.184218
v 0.117921 1.043336 0.106730
v 0.117921 1.043336 0.184218
v 0.117921 1.043336 0.106730
v 0.059246 1.052040 0.184218
v 0.117921 1.043336 0.106730
v 0.059246 1.052040 0.106730
v 0.059246 1.052040 0.184218
v 0.059246 1.052040 0.184218
v 0.059246 1.052040 0.106730
v 0.000000 1.054950 0.184218
v 0.059246 1.052040 0.106730
v 0.000000 1.054950 0.106730
v 0.000000 1.054950 0.184218
v 0.055714 0.141218 0.026550
v 0.000000 0.141218 0.034244
v 0.000000 0.141218 0.026550
v 0.055714 0.141218 0.034244
v 0.000000 0.141218 0.034244
v 0.055714 0.141218 0.026550
v 0.000000 0.078454 -0.026550
v 0.055714 0.090892 -0.026550
v 0.055714 0.078454 -0.026550
v 0.000000 0.090892 -0.026550
v 0.055714 0.090892 -0.026550
v 0.000000 0.078454 -0.026550
v 0.000000 0.128780 -0.034244
v 0.055714 0.090892 -0.034244
v 0.000000 0.090892 -0.034244
v 0.055714 0.128780 -0.034244
v 0.055714 0.090892 -0.034244
v 0.000000 0.128780 -0.034244
v 0.000000 0.078454 -0.034244
v 0.055714 0.028330 -0.034244
v 0.000000 0.028330 -0.034244
v 0.055714 0.078454 -0.034244
v 0.055714 0.028330 -0.034244
v 0.000000 0.078454 -0.034244
v 0.000000 0.078454 -0.026550
v 0.055714 0.078454 -0.034244
v 0.000000 0.078454 -0.034244
v 0.055714 0.078454 -0.026550
v 0.055714 0.078454 -0.034244
v 0.000000 0.078454 -0.026550
v 0.000000 0.090892 -0.034244
v 0.055714 0.090892 -0.026550
v 0.000000 0.090892 -0.026550
v 0.055714 0.090892 -0.034244
v 0.055714 0.090892 -0.026550
v 0.000000 0.090892 -0.034244
v 0.000000 0.305802 -0.034244
v 0.055714 0.141218 -0.034244
v 0.000000 0.141218 -0.034244
v 0.055714 0.305802 -0.034244
v 0.055714 0.141218 -0.034244
v 0.000000 0.305802 -0.034244
v 0.000000 0.128780 -0.026550
v 0.055714 0.128780 -0.034244
v 0.000000 0.128780 -0.034244
v 0.055714 0.128780 -0.026550
v 0.055714 0.128780 -0.034244
v 0.000000 0.128780 -0.026550
v 0.000000 0.141218 -0.026550
v 0.055714 0.128780 -0.026550
v 0.000000 0.128780 -0.026550
v 0.055714 0.141218 -0.026550
v 0.055714 0.128780 -0.026550
v 0.000000 0.141218 -0.026550
v 0.000000 0.141218 -0.034244
v 0.055714 0.141218 -0.026550
v 0.000000 0.141218 -0.026550
v 0.055714 0.141218 -0.034244
v 0.055714 0.141218 -0.026550
v 0.000000 0.141218 -0.034244
v -0.415508 0.000000 0.164886
v -0.414036 0.020726 0.164886
v 0.000000 0.000000 0.164886
v -0.414036 0.020726 0.164886
v 0.000000 0.020726 0.164886
v 0.000000 0.000000 0.164886
v 0.000000 0.000000 0.164886
v 0.000000 0.020726 0.164886
v 0.414036 0.020726 0.164886
v 0.415508 0.000000 0.164886
v 0.000000 0.000000 0.164886
v 0.414036 0.020726 0.164886
v -0.437123 0.003086 0.164886
v -0.415508 0.000000 0.164886
v -0.415508 0.000000 0.143262
v -0.437123 0.003086 0.143262
v -0.437123 0.003086 0.164886
v -0.415508 0.000000 0.143262
v -0.457011 0.012097 0.164886
v -0.437123 0.003086 0.164886
v -0.437123 0.003086 0.143262
v -0.457011 0.012097 0.143262
v -0.457011 0.012097 0.164886
v -0.437123 0.003086 0.143262
v -0.457011 0.012097 0.143262
v -0.473583 0.026313 0.164886
v -0.457011 0.012097 0.164886
v -0.473583 0.026313 0.164886
v -0.457011 0.012097 0.143262
v -0.465283 0.019193 0.143262
v -0.473583 0.026313 0.164886
v -0.465283 0.019193 0.143262
v -0.465283 0.019193 0.106731
v -0.473583 0.026313 0.164886
v -0.465283 0.019193 0.106731
v -0.473583 0.026313 0.106731
v -0.473583 0.026313 0.164886
v -0.473583 0.026313 0.106731
v -0.492430 0.046380 0.164886
v -0.473583 0.026313 0.106731
v -0.492430 0.046380 0.106730
v -0.492430 0.046380 0.164886
v -0.492430 0.046380 0.164886
v -0.492430 0.046380 0.106730
v -0.529671 0.096593 0.164886
v -0.492430 0.046380 0.106730
v -0.529671 0.096593 0.106730
v -0.529671 0.096593 0.164886
v -0.529671 0.096593 0.164886
v -0.529671 0.096593 0.106730
v -0.561810 0.150214 0.164886
v -0.529671 0.096593 0.106730
v -0.561810 0.150214 0.106730
v -0.561810 0.150214 0.164886
v -0.561810 0.150214 0.106730
v -0.588538 0.206727 0.106730
v -0.561810 0.150214 0.164886
v -0.588538 0.206727 0.106730
v -0.588538 0.206727 0.164886
v -0.561810 0.150214 0.164886
v -0.588538 0.206727 0.164886
v -0.588538 0.206727 0.106730
v -0.609599 0.265587 0.164886
v -0.588538 0.206727 0.106730
v -0.609599 0.265587 0.106730
v -0.609599 0.265587 0.164886
v 0.405922 0.044586 -0.039329
v 0.367763 0.010000 -0.039329
v 0.367763 0.010000 -0.081277
v 0.405922 0.044586 -0.081277
v 0.405922 0.044586 -0.039329
v 0.367763 0.010000 -0.081277
v 0.405922 0.044586 -0.081277
v 0.443755 0.086328 -0.081277
v 0.405922 0.044586 -0.039329
v 0.443755 0.086328 -0.081277
v 0.443755 0.086328 -0.039329
v 0.405922 0.044586 -0.039329
v 0.443755 0.086328 -0.039329
v 0.443755 0.086328 -0.081277
v 0.477314 0.131577 -0.039329
v 0.443755 0.086328 -0.081277
v 0.477314 0.131577 -0.081277
v 0.477314 0.131577 -0.039329
v 0.477314 0.131577 -0.039329
v 0.477314 0.131577 -0.081277
v 0.506276 0.179897 -0.039329
v 0.477314 0.131577 -0.081277
v 0.506276 0.179897 -0.081277
v 0.506276 0.179897 -0.039329
v 0.506276 0.179897 -0.039329
v 0.506276 0.179897 -0.081277
v 0.530362 0.230824 -0.039329
v 0.506276 0.179897 -0.081277
v 0.530362 0.230824 -0.081278
v 0.530362 0.230824 -0.039329
v 0.530362 0.230824 -0.039329
v 0.530362 0.230824 -0.081278
v 0.549341 0.283867 -0.039329
v 0.530362 0.230824 -0.081278
v 0.549341 0.283867 -0.081278
v 0.549341 0.283867 -0.039329
v 0.549341 0.283867 -0.039329
v 0.549341 0.283867 -0.081278
v 0.563030 0.338514 -0.039329
v 0.549341 0.283867 -0.081278
v 0.563030 0.338514 -0.081278
v 0.563030 0.338514 -0.039329
v 0.563030 0.338514 -0.081278
v 0.571296 0.394240 -0.081278
v 0.563030 0.338514 -0.039329
v 0.571296 0.394240 -0.081278
v 0.571296 0.394240 -0.039329
v 0.563030 0.338514 -0.039329
v 0.571296 0.394240 -0.039329
v 0.571296 0.394240 -0.081278
v 0.574060 0.450508 -0.039329
v 0.571296 0.394240 -0.081278
v 0.574060 0.450508 -0.081278
v 0.574060 0.450508 -0.039329
v -0.367763 0.010000 0.039329
v -0.405922 0.044586 0.039329
v -0.623343 0.010000 0.039329
v -0.405922 0.044586 0.039329
v -0.443755 0.086328 0.039329
v -0.623343 0.010000 0.039329
v -0.623343 0.010000 0.039329
v -0.443755 0.086328 0.039329
v -0.625233 0.058944 0.039329
v -0.443755 0.086328 0.039329
v -0.477314 0.131577 0.039329
v -0.625233 0.058944 0.039329
v -0.625233 0.058944 0.039329
v -0.477314 0.131577 0.039329
v -0.621574 0.118269 0.039329
v -0.477314 0.131577 0.039329
v -0.506276 0.179897 0.039329
v -0.621574 0.118269 0.039329
v -0.621574 0.118269 0.039329
v -0.506276 0.179897 0.039329
v -0.651146 0.180794 0.039329
v -0.506276 0.179897 0.039329
v -0.530362 0.230824 0.039329
v -0.651146 0.180794 0.039329
v -0.530362 0.230824 0.039329
v -0.549341 0.283867 0.039329
v -0.651146 0.180794 0.039329
v -0.549341 0.283867 0.039329
v -0.674447 0.245916 0.039329
v -0.651146 0.180794 0.039329
v -0.674447 0.245916 0.039329
v -0.549341 0.283867 0.039329
v -0.691253 0.313009 0.039329
v -0.549341 0.283867 0.039329
v -0.563029 0.338514 0.039329
v -0.691253 0.313009 0.039329
v -0.691253 0.313009 0.039329
v -0.563029 0.338514 0.039329
v -0.701402 0.381425 0.039329
v -0.563029 0.338514 0.039329
v -0.571296 0.394240 0.039329
v -0.701402 0.381425 0.039329
v -0.571296 0.394240 0.039329
v -0.574060 0.450508 0.039329
v -0.701402 0.381425 0.039329
v -0.574060 0.450508 0.039329
v -0.704796 0.450507 0.039329
v -0.701402 0.381425 0.039329
v -0.704796 0.450507 0.039329
v -0.574060 0.450508 0.039329
v -0.701402 0.519589 0.039329
v -0.574060 0.450508 0.039329
v -0.571296 0.506775 0.039329
v -0.701402 0.519589 0.039329
v -0.701402 0.519589 0.039329
v -0.571296 0.506775 0.039329
v -0.691253 0.588006 0.039329
v -0.571296 0.506775 0.039329
v -0.563030 0.562501 0.039329
v -0.691253 0.588006 0.039329
v -0.563030 0.562501 0.039329
v -0.549341 0.617148 0.039329
v -0.691253 0.588006 0.039329
v -0.549341 0.617148 0.039329
v -0.674447 0.655099 0.039329
v -0.691253 0.588006 0.039329
v -0.674447 0.655099 0.039329
v -0.549341 0.617148 0.039329
v -0.651146 0.720221 0.039329
v -0.549341 0.617148 0.039329
v -0.530362 0.670191 0.039329
v -0.651146 0.720221 0.039329
v -0.530362 0.670191 0.039329
v -0.506276 0.721118 0.039329
v -0.651146 0.720221 0.039329
v -0.506276 0.721118 0.039329
v -0.651146 1.036524 0.039329
v -0.651146 0.720221 0.039329
v -0.506276 0.721118 0.039329
v -0.477314 0.769438 0.039329
v -0.651146 1.036524 0.039329
v -0.477314 0.769438 0.039329
v -0.443755 0.814687 0.039329
v -0.651146 1.036524 0.039329
v -0.443755 0.814687 0.039329
v -0.405922 0.856429 0.039329
v -0.651146 1.036524 0.039329
v -0.405922 0.856429 0.039329
v -0.364180 0.894262 0.039329
v -0.651146 1.036524 0.039329
v -0.651146 1.036524 0.039329
v -0.364180 0.894262 0.039329
v -0.393448 1.036524 0.039329
v -0.364180 0.894262 0.039329
v -0.318931 0.927821 0.039329
v -0.393448 1.036524 0.039329
v -0.393448 1.036524 0.039329
v -0.318931 0.927821 0.039329
v -0.332238 1.072082 0.039329
v -0.318931 0.927821 0.039329
v -0.270610 0.956783 0.039329
v -0.332238 1.072082 0.039329
v -0.332238 1.072082 0.039329
v -0.270610 0.956783 0.039329
v -0.269714 1.101654 0.039329
v -0.270610 0.956783 0.039329
v -0.219683 0.980870 0.039329
v -0.269714 1.101654 0.039329
v -0.343881 0.031487 0.081277
v -0.367763 0.010000 0.081277
v -0.314910 0.010000 0.081277
v -0.343881 0.031487 0.081277
v -0.383297 0.067211 0.081277
v -0.367763 0.010000 0.081277
v -0.383297 0.067211 0.081277
v -0.405922 0.044586 0.081277
v -0.367763 0.010000 0.081277
v -0.383297 0.067211 0.081277
v -0.419021 0.106626 0.081277
v -0.405922 0.044586 0.081277
v -0.419021 0.106626 0.081277
v -0.443755 0.086328 0.081277
v -0.405922 0.044586 0.081277
v -0.419021 0.106626 0.081277
v -0.450709 0.149353 0.081277
v -0.443755 0.086328 0.081277
v -0.450709 0.149353 0.081277
v -0.477314 0.131577 0.081277
v -0.443755 0.086328 0.081277
v -0.477314 0.131577 0.081277
v -0.450709 0.149353 0.081277
v -0.506276 0.179897 0.081277
v -0.450709 0.149353 0.081277
v -0.478057 0.194981 0.081277
v -0.506276 0.179897 0.081277
v -0.506276 0.179897 0.081277
v -0.478057 0.194981 0.081277
v -0.530362 0.230824 0.081277
v -0.478057 0.194981 0.081277
v -0.500801 0.243069 0.081277
v -0.530362 0.230824 0.081277
v -0.530362 0.230824 0.081277
v -0.500801 0.243069 0.081277
v -0.549341 0.283867 0.081277
v -0.500801 0.243069 0.081277
v -0.518722 0.293155 0.081277
v -0.549341 0.283867 0.081277
v -0.549341 0.283867 0.081277
v -0.518722 0.293155 0.081277
v -0.563029 0.338514 0.081277
v -0.518722 0.293155 0.081277
v -0.531648 0.344756 0.081277
v -0.563029 0.338514 0.081277
v -0.531648 0.344756 0.081277
v -0.539453 0.397376 0.081277
v -0.563029 0.338514 0.081277
v -0.539453 0.397376 0.081277
v -0.571296 0.394240 0.081277
v -0.563029 0.338514 0.081277
v -0.539453 0.397376 0.081277
v -0.542063 0.450507 0.081277
v -0.571296 0.394240 0.081277
v -0.542063 0.450507 0.081277
v -0.574060 0.450508 0.081277
v -0.571296 0.394240 0.081277
v -0.542063 0.450507 0.081277
v -0.539453 0.503639 0.081277
v -0.574060 0.450508 0.081277
v -0.539453 0.503639 0.081277
v -0.571296 0.506775 0.081277
v -0.574060 0.450508 0.081277
v -0.571296 0.506775 0.081277
v -0.539453 0.503639 0.081277
v -0.563030 0.562501 0.081277
v -0.539453 0.503639 0.081277
v -0.531648 0.556259 0.081277
v -0.563030 0.562501 0.081277
v -0.563030 0.562501 0.081277
v -0.531648 0.556259 0.081277
v -0.549341 0.617148 0.081277
v -0.531648 0.556259 0.081277
v -0.518722 0.607860 0.081277
v -0.549341 0.617148 0.081277
v -0.549341 0.617148 0.081277
v -0.518722 0.607860 0.081277
v -0.530362 0.670191 0.081277
v -0.518722 0.607860 0.081277
v -0.500801 0.657946 0.081277
v -0.530362 0.670191 0.081277
v -0.500801 0.657946 0.081277
v -0.478057 0.706034 0.081277
v -0.530362 0.670191 0.081277
v -0.478057 0.706034 0.081277
v -0.506276 0.721118 0.081277
v -0.530362 0.670191 0.081277
v -0.478057 0.706034 0.081277
v -0.450709 0.751662 0.081277
v -0.506276 0.721118 0.081277
v -0.450709 0.751662 0.081277
v -0.477314 0.769438 0.081277
v -0.506276 0.721118 0.081277
v -0.477314 0.769438 0.081277
v -0.450709 0.751662 0.081277
v -0.443755 0.814687 0.081277
v -0.450709 0.751662 0.081277
v -0.419021 0.794389 0.081277
v -0.443755 0.814687 0.081277
v -0.419021 0.794389 0.081277
v -0.383297 0.833804 0.081277
v -0.443755 0.814687 0.081277
v -0.383297 0.833804 0.081277
v -0.405922 0.856429 0.081277
v -0.443755 0.814687 0.081277
v -0.383297 0.833804 0.081277
v -0.343881 0.869528 0.081277
v -0.405922 0.856429 0.081277
v -0.414036 0.020726 0.184218
v -0.413346 0.031857 0.184218
v 0.000000 0.020726 0.184218
v -0.413346 0.031857 0.184218
v 0.000000 0.031857 0.184218
v 0.000000 0.020726 0.184218
v 0.000000 0.020726 0.184218
v 0.000000 0.031857 0.184218
v 0.413346 0.031857 0.184218
v 0.414036 0.020726 0.184218
v 0.000000 0.020726 0.184218
v 0.413346 0.031857 0.184218
vn -0.9999 0.0125 -0.0000
vn -1.0000 -0.0000 -0.0000
vn 0.9848 -0.1737 -0.0000
vn 0.9397 -0.3420 -0.0000
vn 0.8660 -0.5000 -0.0000
vn 0.7661 -0.6428 -0.0000
vn 0.7660 -0.6428 -0.0000
vn 0.6428 -0.7660 -0.0000
vn 0.6428 -0.7661 -0.0000
vn 0.5000 -0.8660 -0.0000
vn 0.3420 -0.9397 -0.0000
vn 0.1737 -0.9848 -0.0000
vn 0.0872 -0.9962 -0.0000
vn 0.1736 -0.9848 -0.0000
vn 0.9793 0.2023 -0.0000
vn 0.9895 0.1448 -0.0000
vn 0.9999 0.0125 -0.0000
vn 0.9999 0.0124 -0.0000
vn 0.9848 -0.1736 -0.0000
vn 0.3145 0.9493 -0.0000
vn 0.2023 0.9793 -0.0000
vn 0.1449 0.9894 -0.0000
vn 0.3692 0.9293 -0.0000
vn 0.4745 0.8802 -0.0000
vn 0.3693 0.9293 -0.0000
vn 0.5250 0.8511 -0.0000
vn 0.6202 0.7845 -0.0000
vn 0.4746 0.8802 -0.0000
vn 0.6648 0.7470 -0.0000
vn 0.7470 0.6649 -0.0000
vn 0.6649 0.7470 -0.0000
vn 0.6202 0.7844 -0.0000
vn 0.7844 0.6202 -0.0000
vn 0.8511 0.5250 -0.0000
vn 0.7845 0.6202 -0.0000
vn 0.7470 0.6648 -0.0000
vn 0.8802 0.4746 -0.0000
vn 0.9293 0.3693 -0.0000
vn 0.8802 0.4745 -0.0000
vn 0.9493 0.3145 -0.0000
vn 0.9293 0.3692 -0.0000
vn 0.9894 0.1449 -0.0000
vn 0.9996 -0.0291 -0.0000
vn 0.9996 -0.0292 -0.0000
vn 0.0872 0.9962 -0.0000
vn 0.1449 0.9895 -0.0000
vn 0.1448 0.9895 -0.0000
vn -0.0000 -1.0000 -0.0000
vn -0.0000 -0.0000 -1.0000
vn -0.0000 1.0000 -0.0000
vn -0.0000 -0.0000 1.0000
vn 0.9999 0.0125 -0.0001
vn 0.9999 0.0125 0.0001
vn 0.9996 0.0291 -0.0000
vn 0.9895 -0.1448 -0.0000
vn 0.9895 -0.1449 -0.0000
vn 0.9793 -0.2022 -0.0000
vn 0.9894 -0.1449 -0.0000
vn 0.9493 -0.3145 -0.0000
vn 0.9793 -0.2023 -0.0000
vn 0.9293 -0.3692 -0.0000
vn 0.8802 -0.4745 -0.0000
vn 0.9293 -0.3693 -0.0000
vn 0.8511 -0.5250 -0.0000
vn 0.8802 -0.4746 -0.0000
vn 0.7845 -0.6202 -0.0000
vn 0.7470 -0.6648 -0.0000
vn 0.7844 -0.6202 -0.0000
vn 0.6649 -0.7470 -0.0000
vn 0.7470 -0.6649 -0.0000
vn 0.6202 -0.7844 -0.0000
vn 0.6648 -0.7470 -0.0000
vn 0.5250 -0.8511 -0.0000
vn 0.6202 -0.7845 -0.0000
vn 0.4746 -0.8802 -0.0000
vn 0.3693 -0.9293 -0.0000
vn 0.4745 -0.8802 -0.0000
vn 0.3145 -0.9493 -0.0000
vn 0.3692 -0.9293 -0.0000
vn 0.2023 -0.9793 -0.0000
vn 0.1449 -0.9894 -0.0000
vn 0.2022 -0.9793 -0.0000
vn 0.0871 -0.9962 -0.0000
vn 0.1448 -0.9895 -0.0000
vn 0.1736 0.9848 -0.0000
vn 0.0871 0.9962 -0.0000
vn 0.1737 0.9848 -0.0000
vn 0.9996 0.0292 -0.0000
vn 0.9895 0.1449 -0.0000
vn 1.0000 -0.0000 -0.0000
vn 0.1304 -0.0000 -0.9915
vn 0.1305 -0.0000 -0.9915
vn 0.1305 -0.0000 -0.9914
vn 0.5000 -0.0000 -0.8660
vn 0.8660 -0.0000 -0.5000
vn 0.9914 -0.0000 -0.1305
vn 0.8661 -0.0000 -0.4999
vn 0.9915 -0.0000 -0.1305
vn 0.9914 -0.0000 0.1305
vn 0.9915 -0.0000 0.1305
vn 0.8660 -0.0000 0.5000
vn 0.5000 -0.0000 0.8660
vn 0.4999 -0.0000 0.8661
vn 0.1305 0.0001 0.9914
vn 0.1305 -0.0000 0.9914
vn 0.1305 -0.0000 0.9915
vn -0.0000 0.0001 1.0000
vn 0.9848 -0.0000 0.1739
vn 0.9659 -0.0000 0.2588
vn 0.8661 -0.0000 0.4999
vn 0.2588 -0.0000 0.9659
vn 0.9071 -0.0000 0.4210
vn 0.8661 -0.0000 0.5000
vn 0.9071 -0.0000 0.4209
vn 0.9848 -0.0000 0.1738
vn -0.0000 -0.7071 -0.7071
vn -0.0001 0.7071 -0.7071
vn -0.0000 0.7071 -0.7071
vn -0.0000 0.7071 0.7071
vn -0.0001 -0.0000 1.0000
vn -0.0000 -0.7071 0.7071
vn -0.0001 -1.0000 -0.0000
vn -0.1305 -0.0000 -0.9915
vn -0.4999 -0.0000 -0.8661
vn -0.1306 -0.0000 -0.9914
vn -0.1305 -0.0000 -0.9914
vn -0.8660 -0.0000 -0.5001
vn -0.5000 -0.0000 -0.8660
vn -0.9914 -0.0000 -0.1306
vn -0.8660 -0.0000 -0.5000
vn -0.9914 -0.0000 0.1305
vn -0.9914 -0.0000 -0.1305
vn -0.8661 -0.0000 0.5000
vn -0.9914 -0.0000 0.1306
vn -0.8660 -0.0000 0.5000
vn -0.5000 -0.0000 0.8660
vn -0.1306 -0.0000 0.9914
vn -0.4999 -0.0000 0.8661
vn -0.1305 -0.0000 0.9914
vn -0.1305 -0.0000 0.9915
vn -0.1304 -0.0000 -0.9915
vn -0.8660 -0.0000 0.5001
vn -0.1305 0.0001 0.9914
vn -0.0000 0.9700 0.2433
vn -0.0000 0.9559 -0.2935
vn 0.0027 0.9372 -0.3487
vn -0.0000 0.9559 -0.2936
vn 0.0027 0.9372 -0.3488
vn 0.0025 0.7429 -0.6693
vn 0.0001 0.9559 -0.2936
vn -0.0000 0.9694 -0.2456
vn 0.0025 0.7429 -0.6694
vn 0.0026 0.9372 -0.3487
vn 0.0025 0.7430 -0.6693
vn -0.0000 0.9699 0.2434
vn -0.0000 0.6370 0.7709
vn -0.0000 0.1528 0.9883
vn -0.0000 0.6369 0.7709
vn -0.0000 0.1527 0.9883
vn -0.0001 0.1528 0.9883
vn -0.0001 0.6370 0.7709
vn 0.0001 0.6369 0.7709
vn -0.3023 -0.3023 0.9040
vn -0.7071 0.7071 -0.0000
vn 0.2589 -0.9659 -0.0000
vn 0.2588 -0.9659 -0.0000
vn -0.9659 0.2588 -0.0000
vn 0.3023 -0.3023 0.9040
vn -0.7071 -0.7071 -0.0000
vn -0.9848 -0.0000 0.1739
vn -0.9659 -0.0000 0.2588
vn -0.9848 -0.0000 0.1738
vn -0.9071 -0.0000 0.4209
vn -0.9071 -0.0000 0.4210
vn 0.1306 -0.0000 0.9914
vn 0.5000 -0.0000 0.8661
vn 0.9915 -0.0000 0.1304
vn 0.8661 -0.0000 -0.5000
vn 0.9914 -0.0000 -0.1306
vn 0.5001 -0.0000 -0.8660
vn -0.2588 -0.9659 -0.0000
vn 0.9659 0.2588 -0.0000
vn 0.9659 0.2589 -0.0000
vn 0.7933 0.6088 -0.0000
vn 0.1305 -0.9914 -0.0000
vn 0.1305 -0.9915 -0.0000
vn -0.3827 -0.9239 -0.0000
vn 0.2733 -0.1132 0.9552
vn 0.0980 0.9952 -0.0000
vn 0.7934 -0.6088 -0.0000
vn 0.7933 -0.6088 -0.0000
vn 0.3827 -0.9239 -0.0000
vn 0.2733 0.1132 0.9552
vn 0.4714 0.8819 -0.0000
vn 0.2958 -0.0000 0.9552
vn 0.0001 -0.7071 -0.7071
vn 0.0001 -0.0000 1.0000
vn 0.0026 0.9372 -0.3488
vn 0.0026 0.7429 -0.6693
vn -0.0000 0.6678 -0.7444
vn -0.2903 0.9569 -0.0000
vn 0.9659 -0.2588 -0.0000
vn 0.9659 -0.2589 -0.0000
vn 0.7071 -0.7071 -0.0000
vn 0.2092 0.2092 0.9552
vn -0.6344 0.7730 -0.0000
vn 0.9914 0.1306 -0.0000
vn 0.9914 0.1305 -0.0000
vn 0.9239 -0.3827 -0.0000
vn 0.1132 0.2733 0.9552
vn -0.7934 0.6087 -0.0000
vn -0.7934 0.6088 -0.0000
vn -0.1305 -0.9914 -0.0000
vn -0.1305 -0.9915 -0.0000
vn 0.7071 0.7071 -0.0000
vn 0.0001 -1.0000 -0.0000
vn 0.3827 0.9239 -0.0000
vn -0.2733 -0.1132 0.9552
vn -0.4714 0.8819 -0.0000
vn -0.5000 -0.8660 -0.0000
vn -0.3827 0.9239 -0.0000
vn -0.2958 -0.0000 0.9552
vn -0.0980 0.9952 -0.0000
vn -0.7934 -0.6087 -0.0000
vn -0.7933 -0.6088 -0.0000
vn -0.2733 0.1132 0.9552
vn 0.2645 0.9644 -0.0000
vn -0.9659 -0.2588 -0.0000
vn -0.2092 0.2092 0.9552
vn 0.6344 0.7730 -0.0000
vn -0.9915 0.1305 -0.0000
vn -0.9914 0.1305 -0.0000
vn 0.9239 0.3827 -0.0000
vn -0.1132 0.2733 0.9552
vn 0.8660 0.5000 -0.0000
vn -0.8660 0.5000 -0.0000
vn -0.8661 0.5000 -0.0000
vn -0.0000 0.2958 0.9552
vn -0.5957 0.8032 -0.0000
vn -0.7518 0.6594 -0.0000
vn -0.8315 0.5556 -0.0000
vn -0.7519 0.6593 -0.0000
vn -0.9239 0.3827 -0.0000
vn -0.9239 0.3826 -0.0000
vn -0.9808 0.1951 -0.0000
vn -0.9808 0.1950 -0.0000
vn -0.9914 -0.1305 -0.0000
vn -0.9808 -0.1950 -0.0000
vn -0.9808 -0.1951 -0.0000
vn -0.9239 -0.3826 -0.0000
vn -0.0001 1.0000 -0.0000
vn -0.7518 0.6593 -0.0000
vn -0.7933 0.6088 -0.0000
vn 0.7934 0.6088 -0.0000
vn 0.7518 0.6593 -0.0000
vn 0.9239 -0.3826 -0.0000
vn 0.9914 -0.1305 -0.0000
vn 0.9915 -0.1305 -0.0000
vn 0.9915 0.1305 -0.0000
vn 0.9239 0.3826 -0.0000
vn 0.3826 -0.9239 -0.0000
vn 0.6088 -0.7934 -0.0000
vn 0.6088 -0.7933 -0.0000
vn -0.9239 -0.3827 -0.0000
vn -0.8660 -0.5000 -0.0000
vn -0.7934 -0.6088 -0.0000
vn -0.6088 -0.7933 -0.0000
vn -0.6088 -0.7934 -0.0000
vn -0.3826 -0.9239 -0.0000
vn 0.1304 -0.0000 0.9915
vn -0.0000 0.0001 -1.0000
vn -0.0000 0.9559 0.2935
vn -0.0000 0.9559 0.2936
vn -0.0000 0.9699 0.2433
vn -0.0002 0.9559 0.2936
vn 0.0050 0.7567 0.6538
vn 0.0027 0.9372 0.3488
vn 0.0027 0.9372 0.3487
vn 0.0050 0.7566 0.6538
vn -0.0000 0.6678 0.7444
vn -0.0000 0.1527 -0.9883
vn -0.0000 0.1528 -0.9883
vn -0.0000 0.6369 -0.7709
vn -0.0000 0.6370 -0.7709
vn -0.0000 0.9694 -0.2457
vn 0.0001 0.6370 -0.7709
vn -0.0000 0.9693 -0.2457
vn -0.0001 0.6369 -0.7709
vn 0.0026 0.9372 0.3487
vn -0.0001 -0.0000 -1.0000
vn -0.3023 -0.3023 -0.9040
vn 0.3023 -0.3023 -0.9040
vn 0.0001 -0.0000 -1.0000
vn 0.2733 -0.1132 -0.9552
vn 0.2733 0.1132 -0.9552
vn 0.2958 -0.0000 -0.9552
vn 0.0001 0.7071 0.7071
vn -0.0001 0.7071 0.7071
vn 0.2092 0.2092 -0.9552
vn 0.1132 0.2733 -0.9552
vn -0.2733 -0.1132 -0.9552
vn 0.1950 -0.9808 -0.0000
vn 0.1951 -0.9808 -0.0000
vn -0.7071 -0.7071 -0.0001
vn -0.1950 -0.9808 -0.0000
vn -0.1951 -0.9808 -0.0000
vn -0.2958 -0.0000 -0.9552
vn -0.2733 0.1132 -0.9552
vn -0.2092 0.2092 -0.9552
vn -0.1132 0.2733 -0.9552
vn -0.0000 0.2958 -0.9552
vn 0.9808 0.1950 -0.0000
vn 0.9808 0.1951 -0.0000
vn 0.6716 -0.7410 -0.0000
vn 0.8315 -0.5556 -0.0000
vn 0.7934 -0.6087 -0.0000
vn 0.9808 -0.1951 -0.0000
vn 0.9808 -0.1950 -0.0000
vn 0.3471 -0.9378 -0.0000
vn -0.3471 -0.9378 -0.0000
vn -0.5556 0.8315 -0.0000
vn 0.1951 0.9808 -0.0000
vn 0.1950 0.9808 -0.0000
vn -0.1950 0.9808 -0.0000
vn -0.1951 0.9808 -0.0000
vn -0.3826 0.9239 -0.0000
vn 0.8315 0.5556 -0.0000
vn 0.7934 0.6087 -0.0000
vn 0.5506 0.8348 -0.0000
vn 0.2646 0.9644 -0.0000
vn 0.3826 0.9239 -0.0000
vn -0.9999 0.0124 -0.0000
vn -0.9999 0.0125 0.0001
vn -0.9999 0.0125 -0.0001
vn -0.0386 0.8606 0.5079
vn -0.0846 0.7990 0.5954
vn -0.0793 0.9060 0.4158
vn -0.1319 0.7167 0.6848
vn -0.0845 0.7990 0.5954
vn -0.1319 0.7166 0.6849
vn -0.2283 0.6497 0.7252
vn -0.2775 0.6482 0.7091
vn -0.2283 0.6497 0.7251
vn -0.2776 0.6482 0.7091
vn -0.3368 0.6112 0.7162
vn -0.3780 0.5967 0.7078
vn -0.4555 0.5408 0.7072
vn -0.4555 0.5407 0.7072
vn -0.5232 0.4741 0.7082
vn -0.5454 0.4380 0.7146
vn -0.5925 0.3838 0.7083
vn -0.5925 0.3837 0.7083
vn -0.6037 0.3375 0.7222
vn -0.6558 0.2722 0.7041
vn -0.6038 0.3375 0.7222
vn -0.6785 0.2241 0.6996
vn -0.7051 0.1244 0.6981
vn -0.7051 0.1244 0.6982
vn -0.7071 -0.0000 0.7071
vn -0.7050 0.1244 0.6982
vn -0.6967 -0.1247 0.7065
vn -0.6966 -0.1247 0.7065
vn -0.6780 -0.2245 0.6999
vn -0.6536 -0.2753 0.7050
vn -0.6780 -0.2245 0.7000
vn -0.5974 -0.3376 0.7274
vn -0.5881 -0.3878 0.7098
vn -0.5411 -0.4377 0.7181
vn -0.5205 -0.4784 0.7073
vn -0.4634 -0.5266 0.7127
vn -0.4345 -0.5565 0.7082
vn -0.3524 -0.6077 0.7117
vn -0.2684 -0.6539 0.7074
vn -0.2253 -0.6614 0.7154
vn -0.1514 -0.6926 0.7053
vn -0.1042 -0.6987 0.7077
vn -0.0617 -0.7057 0.7058
vn -0.1042 -0.6988 0.7077
vn -0.6968 -0.0000 -0.7173
vn -0.7065 -0.1255 -0.6964
vn -0.7066 -0.1255 -0.6964
vn -0.7066 -0.1256 -0.6964
vn -0.6780 -0.2244 -0.6999
vn -0.6516 -0.2712 -0.7084
vn -0.6780 -0.2245 -0.6999
vn -0.6029 -0.3387 -0.7224
vn -0.6780 -0.2245 -0.7000
vn -0.5979 -0.3853 -0.7029
vn -0.5530 -0.4393 -0.7079
vn -0.5253 -0.4752 -0.7059
vn -0.4634 -0.5266 -0.7127
vn -0.4345 -0.5565 -0.7082
vn -0.3556 -0.6110 -0.7072
vn -0.3556 -0.6111 -0.7072
vn -0.2684 -0.6539 -0.7074
vn -0.2253 -0.6614 -0.7154
vn -0.1351 -0.7023 -0.6990
vn -0.0913 -0.7469 -0.6586
vn -0.0474 -0.7837 -0.6194
vn -0.1351 -0.7023 -0.6989
vn -0.0714 -0.8159 -0.5738
vn -0.0474 -0.7837 -0.6193
vn -0.0793 0.9060 -0.4158
vn -0.0846 0.7990 -0.5954
vn -0.0386 0.8606 -0.5079
vn -0.0845 0.7989 -0.5954
vn -0.1319 0.7167 -0.6848
vn -0.2283 0.6497 -0.7252
vn -0.1319 0.7166 -0.6849
vn -0.1319 0.7166 -0.6848
vn -0.2283 0.6497 -0.7251
vn -0.2775 0.6482 -0.7091
vn -0.3368 0.6112 -0.7162
vn -0.2776 0.6482 -0.7091
vn -0.3780 0.5967 -0.7078
vn -0.3369 0.6112 -0.7162
vn -0.4517 0.5371 -0.7124
vn -0.4516 0.5371 -0.7124
vn -0.5232 0.4741 -0.7082
vn -0.5454 0.4380 -0.7146
vn -0.5925 0.3838 -0.7083
vn -0.6037 0.3374 -0.7223
vn -0.6037 0.3374 -0.7222
vn -0.6558 0.2722 -0.7041
vn -0.6785 0.2241 -0.6996
vn -0.6966 0.1247 -0.7065
vn -0.6558 0.2722 -0.7042
vn -0.6967 0.1247 -0.7065
vn 0.9848 -0.0000 -0.1739
vn 0.9659 -0.0000 -0.2588
vn 0.9848 -0.0000 -0.1738
vn 0.9071 -0.0000 -0.4209
vn 0.9071 -0.0000 -0.4210
vn 0.2588 -0.0000 -0.9659
vn 0.6968 -0.0000 0.7173
vn 0.7065 -0.1255 0.6964
vn 0.7066 -0.1256 0.6964
vn 0.6780 -0.2244 0.6999
vn 0.6536 -0.2753 0.7050
vn 0.6780 -0.2245 0.6999
vn 0.5974 -0.3376 0.7274
vn 0.6780 -0.2245 0.7000
vn 0.5881 -0.3878 0.7098
vn 0.5411 -0.4377 0.7181
vn 0.5205 -0.4784 0.7073
vn 0.5880 -0.3878 0.7098
vn 0.4634 -0.5266 0.7127
vn 0.4345 -0.5565 0.7082
vn 0.3524 -0.6077 0.7117
vn 0.2684 -0.6539 0.7074
vn 0.2253 -0.6614 0.7154
vn 0.1514 -0.6926 0.7053
vn 0.1042 -0.6987 0.7078
vn 0.1042 -0.6988 0.7077
vn 0.0617 -0.7057 0.7058
vn 0.1513 -0.6926 0.7053
vn -0.1304 -0.0000 0.9915
vn -0.1305 0.0001 -0.9914
vn -0.9848 -0.0000 -0.1739
vn -0.9659 -0.0000 -0.2588
vn -0.9071 -0.0000 -0.4210
vn -0.9071 -0.0000 -0.4209
vn -0.9848 -0.0000 -0.1738
vn 0.9914 -0.0000 0.1306
vn 0.9915 -0.0000 -0.1304
vn 0.1306 -0.0000 -0.9914
vn -0.9894 0.1449 -0.0000
vn -0.9793 0.2023 -0.0000
vn -0.9493 0.3145 -0.0000
vn -0.9293 0.3692 -0.0000
vn -0.9293 0.3693 -0.0000
vn -0.8802 0.4745 -0.0000
vn -0.8511 0.5250 -0.0000
vn -0.8802 0.4746 -0.0000
vn -0.7845 0.6202 -0.0000
vn -0.7470 0.6648 -0.0000
vn -0.7844 0.6202 -0.0000
vn -0.7470 0.6649 -0.0000
vn -0.6649 0.7470 -0.0000
vn -0.6202 0.7844 -0.0000
vn -0.6648 0.7470 -0.0000
vn -0.6202 0.7845 -0.0000
vn -0.5250 0.8511 -0.0000
vn -0.4746 0.8802 -0.0000
vn -0.4745 0.8802 -0.0000
vn -0.3693 0.9293 -0.0000
vn -0.3145 0.9493 -0.0000
vn -0.3692 0.9293 -0.0000
vn -0.2023 0.9793 -0.0000
vn -0.1449 0.9894 -0.0000
vn -0.1449 0.9895 -0.0000
vn -0.0872 0.9962 -0.0000
vn -0.1448 0.9895 -0.0000
vn -0.9895 0.1448 -0.0000
vn -0.9848 -0.1736 -0.0000
vn -0.9848 -0.1737 -0.0000
vn -0.9397 -0.3420 -0.0000
vn -0.7661 -0.6428 -0.0000
vn -0.7660 -0.6428 -0.0000
vn -0.6428 -0.7660 -0.0000
vn -0.6428 -0.7661 -0.0000
vn -0.3420 -0.9397 -0.0000
vn -0.1737 -0.9848 -0.0000
vn -0.9996 -0.0292 -0.0000
vn -0.9996 -0.0291 -0.0000
vn -0.1736 -0.9848 -0.0000
vn -0.0872 -0.9962 -0.0000
vn 0.0708 -0.9975 -0.0000
vn -0.0708 -0.9975 -0.0000
vn 0.0550 0.9985 -0.0000
vn -0.0550 0.9985 -0.0000
vn 0.5556 -0.8315 -0.0000
vn 0.6087 -0.7934 -0.0000
vn 0.8315 -0.5555 -0.0000
vn -0.8315 -0.5556 -0.0000
vn -0.5373 -0.8434 -0.0000
vn -0.6087 -0.7934 -0.0000
vn 0.5957 0.8032 -0.0000
vn -0.6716 0.7409 -0.0000
vn -0.2589 -0.9659 -0.0000
vn 0.0001 0.7071 -0.7071
vn 0.6716 0.7409 -0.0000
vn -0.6716 -0.7410 -0.0000
vn -0.2588 -0.9659 -0.0001
vn -0.0709 -0.9975 -0.0000
vn 0.0709 -0.9975 -0.0000
vn 0.5555 -0.8315 -0.0000
vn 0.7674 -0.6412 -0.0000
vn 0.7673 -0.6412 -0.0000
vn 0.3472 -0.9378 -0.0000
vn 0.5556 -0.8314 -0.0000
vn -0.8315 0.5555 -0.0000
vn 0.5505 0.8348 -0.0000
vn -0.5665 -0.6076 -0.5567
vn -0.5665 -0.6076 -0.5568
vn -0.5664 -0.6076 -0.5567
vn -0.4001 -0.8476 -0.3485
vn -0.6172 0.5695 0.5428
vn -0.6172 0.5696 0.5429
vn -0.6172 0.5696 0.5428
vn -0.5278 0.7855 0.3230
vn -0.5278 0.7855 -0.3230
vn -0.6172 0.5696 -0.5428
vn -0.2588 -0.9659 0.0001
vn 0.2588 -0.9659 0.0001
vn -0.5556 0.8314 -0.0000
vn -0.5555 0.8315 -0.0000
vn -0.2902 0.9570 -0.0000
vn -0.9962 -0.0872 -0.0000
vn -0.9962 0.0872 -0.0000
vn -0.9063 0.4226 -0.0000
vn -0.8192 0.5736 -0.0000
vn -0.5736 0.8192 -0.0000
vn -0.4226 0.9063 -0.0000
vn -0.2588 0.9659 -0.0000
vn -0.0871 0.9962 -0.0000
vn -0.9063 -0.4226 -0.0000
vn -0.8192 -0.5736 -0.0000
vn -0.5736 -0.8192 -0.0000
vn -0.4226 -0.9063 -0.0000
vn -0.0871 -0.9962 -0.0000
vn 0.6516 -0.2712 -0.7084
vn 0.5664 -0.6076 -0.5568
vn 0.5665 -0.6076 -0.5568
vn 0.5664 -0.6076 -0.5567
vn 0.4001 -0.8476 -0.3485
vn 0.5278 0.7855 0.3230
vn 0.6172 0.5696 0.5428
vn 0.6172 0.5695 0.5428
vn 0.6558 0.2722 0.7041
vn 0.6558 0.2722 -0.7041
vn 0.6172 0.5696 -0.5428
vn 0.5278 0.7855 -0.3230
vn 0.0792 0.9060 0.4158
vn 0.0846 0.7990 0.5954
vn 0.0386 0.8606 0.5079
vn 0.0845 0.7989 0.5954
vn 0.1319 0.7167 0.6848
vn 0.2283 0.6496 0.7252
vn 0.1319 0.7166 0.6849
vn 0.1319 0.7166 0.6848
vn 0.2283 0.6497 0.7251
vn 0.2775 0.6482 0.7091
vn 0.3368 0.6112 0.7162
vn 0.2776 0.6482 0.7091
vn 0.3780 0.5967 0.7078
vn 0.3369 0.6112 0.7162
vn 0.4517 0.5371 0.7124
vn 0.4516 0.5371 0.7124
vn 0.5232 0.4741 0.7082
vn 0.5454 0.4380 0.7146
vn 0.5925 0.3838 0.7083
vn 0.5925 0.3837 0.7083
vn 0.6037 0.3375 0.7222
vn 0.6785 0.2241 0.6996
vn 0.7051 0.1244 0.6981
vn 0.7051 0.1245 0.6981
vn 0.7050 0.1244 0.6982
vn 0.7051 0.1244 0.6982
vn 0.7066 -0.1255 -0.6964
vn 0.6968 -0.0000 -0.7173
vn 0.7066 -0.1256 -0.6964
vn 0.6780 -0.2245 -0.6999
vn 0.6029 -0.3387 -0.7224
vn 0.6780 -0.2245 -0.7000
vn 0.5979 -0.3853 -0.7029
vn 0.5530 -0.4393 -0.7079
vn 0.6028 -0.3387 -0.7224
vn 0.5268 -0.4742 -0.7054
vn 0.5253 -0.4752 -0.7059
vn 0.4634 -0.5266 -0.7127
vn 0.5530 -0.4394 -0.7079
vn 0.4345 -0.5565 -0.7082
vn 0.3524 -0.6077 -0.7117
vn 0.2684 -0.6539 -0.7074
vn 0.2253 -0.6614 -0.7154
vn 0.1351 -0.7023 -0.6990
vn 0.0913 -0.7469 -0.6586
vn 0.1351 -0.7023 -0.6989
vn 0.0474 -0.7837 -0.6194
vn 0.0474 -0.7837 -0.6193
vn 0.0714 -0.8159 -0.5738
vn 0.0792 0.9060 -0.4158
vn 0.0386 0.8606 -0.5079
vn 0.0846 0.7990 -0.5954
vn 0.0845 0.7990 -0.5954
vn 0.1319 0.7167 -0.6848
vn 0.1319 0.7166 -0.6848
vn 0.2283 0.6497 -0.7252
vn 0.2283 0.6497 -0.7251
vn 0.2775 0.6482 -0.7091
vn 0.2776 0.6482 -0.7091
vn 0.3368 0.6112 -0.7162
vn 0.3780 0.5967 -0.7078
vn 0.4517 0.5371 -0.7124
vn 0.4516 0.5371 -0.7124
vn 0.5232 0.4741 -0.7082
vn 0.5454 0.4380 -0.7146
vn 0.5925 0.3838 -0.7083
vn 0.6037 0.3374 -0.7223
vn 0.6037 0.3374 -0.7222
vn 0.6785 0.2241 -0.6996
vn 0.6558 0.2722 -0.7042
vn 0.7051 0.1244 -0.6981
vn 0.7050 0.1244 -0.6982
vn 0.7051 0.1244 -0.6982
vn -0.7674 -0.6412 -0.0000
vn -0.7673 -0.6412 -0.0000
vn -0.3472 -0.9378 -0.0000
vt 0.695937 0.762383
vt 0.695937 0.765512
vt 0.695938 0.764607
vt 0.972147 0.918872
vt 0.964879 0.893283
vt 0.964879 0.918872
vt 0.972147 0.893283
vt 0.964879 0.867694
vt 0.972147 0.867694
vt 0.972147 0.953793
vt 0.964879 0.953793
vt 0.972147 0.988715
vt 0.964879 0.988715
vt 0.957610 0.988715
vt 0.957610 0.953793
vt 0.957610 0.918872
vt 0.957610 0.893283
vt 0.957610 0.867694
vt 0.539436 0.691959
vt 0.539436 0.680383
vt 0.563669 0.691959
vt 0.563669 0.680383
vt 0.539436 0.668808
vt 0.563669 0.668808
vt 0.539436 0.657234
vt 0.563669 0.657233
vt 0.539436 0.645659
vt 0.563669 0.645658
vt 0.539436 0.634084
vt 0.563669 0.634084
vt 0.539436 0.622508
vt 0.563669 0.622508
vt 0.539436 0.610934
vt 0.563669 0.610934
vt 0.515205 0.599358
vt 0.515205 0.610934
vt 0.539437 0.599358
vt 0.563669 0.599358
vt 0.539437 0.715109
vt 0.515204 0.715109
vt 0.539436 0.703533
vt 0.515205 0.703533
vt 0.515205 0.691958
vt 0.515204 0.680383
vt 0.515204 0.668808
vt 0.515204 0.657233
vt 0.515205 0.645659
vt 0.515204 0.634084
vt 0.515204 0.622509
vt 0.539436 0.784559
vt 0.563669 0.796133
vt 0.539437 0.796133
vt 0.563669 0.784559
vt 0.539437 0.772983
vt 0.563669 0.772983
vt 0.539436 0.761408
vt 0.563669 0.761408
vt 0.539437 0.749833
vt 0.563669 0.749833
vt 0.539436 0.738258
vt 0.563669 0.738259
vt 0.539436 0.726683
vt 0.563669 0.726683
vt 0.563669 0.715108
vt 0.563669 0.703533
vt 0.563669 0.807709
vt 0.539437 0.807709
vt 0.515204 0.807709
vt 0.515204 0.796134
vt 0.515205 0.784559
vt 0.515205 0.772983
vt 0.515204 0.761408
vt 0.515204 0.749833
vt 0.515204 0.738258
vt 0.515204 0.726683
vt 0.949787 0.186493
vt 0.950078 0.217463
vt 0.922441 0.186749
vt 0.922731 0.217719
vt 0.895094 0.187005
vt 0.922440 0.186748
vt 0.895385 0.217975
vt 0.982165 0.336640
vt 0.951195 0.336928
vt 0.981969 0.315579
vt 0.950999 0.315866
vt 0.982493 0.371410
vt 0.951521 0.371705
vt 0.982228 0.343547
vt 0.951259 0.343841
vt 0.486882 0.041986
vt 0.438233 0.041991
vt 0.486882 0.032337
vt 0.438233 0.032339
vt 0.438233 0.021477
vt 0.486882 0.021477
vt 0.486882 0.011827
vt 0.438233 0.011826
vt 0.981903 0.308663
vt 0.950933 0.308952
vt 0.981049 0.217174
vt 0.486882 0.043020
vt 0.438233 0.043295
vt 0.486882 0.033370
vt 0.438233 0.033644
vt 0.486882 0.026550
vt 0.438233 0.022784
vt 0.486882 0.022509
vt 0.486882 0.012859
vt 0.438233 0.013133
vt 0.494380 0.021730
vt 0.543029 0.021731
vt 0.494380 0.032591
vt 0.543029 0.032591
vt 0.902646 0.337382
vt 0.896502 0.337439
vt 0.902449 0.316320
vt 0.896305 0.316377
vt 0.944790 0.309009
vt 0.923572 0.307540
vt 0.944854 0.315923
vt 0.923667 0.317789
vt 0.923833 0.335516
vt 0.923929 0.345765
vt 0.902711 0.344296
vt 0.924174 0.371960
vt 0.896567 0.344353
vt 0.896828 0.372216
vt 0.945116 0.343899
vt 0.945051 0.336985
vt 0.902384 0.309406
vt 0.896240 0.309464
vt 0.951810 0.402676
vt 0.924463 0.402931
vt 0.897117 0.403186
vt 0.865532 0.337730
vt 0.865335 0.316668
vt 0.865857 0.372505
vt 0.865597 0.344642
vt 0.543029 0.012080
vt 0.494380 0.012079
vt 0.543029 0.042242
vt 0.494380 0.042242
vt 0.865270 0.309753
vt 0.864414 0.218265
vt 0.604763 0.009979
vt 0.604762 0.019629
vt 0.556115 0.009972
vt 0.556113 0.019624
vt 0.604761 0.030488
vt 0.556112 0.030486
vt 0.604761 0.040138
vt 0.556112 0.040138
vt 0.850213 0.018005
vt 0.841292 0.025932
vt 0.850213 0.025932
vt 0.886310 0.018005
vt 0.877393 0.017999
vt 0.883240 0.012984
vt 0.927282 0.012984
vt 0.922262 0.018004
vt 0.927282 0.052675
vt 0.922261 0.052690
vt 0.927283 0.012984
vt 0.883241 0.012984
vt 0.877389 0.018005
vt 0.844611 0.012984
vt 0.841292 0.018005
vt 0.722453 0.012984
vt 0.721214 0.015996
vt 0.723244 0.018004
vt 0.723244 0.053282
vt 0.885262 0.017074
vt 0.886310 0.025933
vt 0.886305 0.025937
vt 0.877380 0.025922
vt 0.718170 0.017266
vt 0.718170 0.053297
vt 0.723245 0.018005
vt 0.841292 0.018004
vt 0.844611 0.025932
vt 0.788104 0.457571
vt 0.855495 0.457571
vt 0.788104 0.410574
vt 0.855495 0.410574
vt 0.922887 0.457571
vt 0.922887 0.410574
vt 0.218779 0.401787
vt 0.218779 0.392140
vt 0.260821 0.401787
vt 0.260821 0.392140
vt 0.218779 0.382786
vt 0.260821 0.382786
vt 0.218779 0.374009
vt 0.260821 0.374009
vt 0.218779 0.366077
vt 0.260821 0.366077
vt 0.218779 0.359229
vt 0.260821 0.359229
vt 0.218779 0.353675
vt 0.260821 0.353675
vt 0.218779 0.349582
vt 0.260821 0.349582
vt 0.218779 0.347076
vt 0.260821 0.347076
vt 0.218779 0.346232
vt 0.260821 0.346232
vt 0.684298 0.622588
vt 0.628416 0.689561
vt 0.672912 0.625656
vt 0.629444 0.677752
vt 0.632494 0.666302
vt 0.637476 0.655558
vt 0.644237 0.645847
vt 0.652573 0.637465
vt 0.662228 0.630666
vt 0.696041 0.621555
vt 0.696041 0.689561
vt 0.629444 0.701370
vt 0.696041 0.757567
vt 0.684298 0.756534
vt 0.672912 0.753466
vt 0.662229 0.748456
vt 0.652573 0.741657
vt 0.644237 0.733274
vt 0.637476 0.723564
vt 0.632494 0.712820
vt 0.707784 0.756534
vt 0.763666 0.689561
vt 0.719170 0.753466
vt 0.729853 0.748456
vt 0.739509 0.741657
vt 0.747845 0.733274
vt 0.754606 0.723564
vt 0.759587 0.712820
vt 0.762638 0.701370
vt 0.762638 0.677752
vt 0.759587 0.666302
vt 0.754606 0.655558
vt 0.747845 0.645847
vt 0.739509 0.637465
vt 0.729853 0.630666
vt 0.719170 0.625656
vt 0.707784 0.622588
vt 0.219891 0.061114
vt 0.149479 0.056915
vt 0.149479 0.061111
vt 0.219891 0.056917
vt 0.220570 0.056974
vt 0.221287 0.057210
vt 0.221733 0.058020
vt 0.221734 0.060026
vt 0.221288 0.060829
vt 0.220570 0.061058
vt 0.260821 0.457343
vt 0.218779 0.457343
vt 0.260821 0.456499
vt 0.218779 0.456499
vt 0.218779 0.453992
vt 0.260821 0.453992
vt 0.218779 0.449900
vt 0.260821 0.449900
vt 0.218779 0.444345
vt 0.260821 0.444345
vt 0.218779 0.437498
vt 0.260821 0.437498
vt 0.218779 0.429565
vt 0.260821 0.429565
vt 0.218779 0.420788
vt 0.260821 0.420788
vt 0.218779 0.411434
vt 0.260821 0.411434
vt 0.268904 0.106004
vt 0.317612 0.112386
vt 0.317613 0.106004
vt 0.266355 0.112386
vt 0.267630 0.105575
vt 0.266697 0.104404
vt 0.266355 0.102804
vt 0.231215 0.112386
vt 0.231215 0.102804
vt 0.634173 0.237236
vt 0.636777 0.267735
vt 0.606706 0.271799
vt 0.603848 0.238333
vt 0.604281 0.204749
vt 0.634566 0.206629
vt 0.608006 0.171368
vt 0.637964 0.176208
vt 0.644317 0.146266
vt 0.614981 0.138513
vt 0.625148 0.106501
vt 0.653585 0.117095
vt 0.638406 0.075641
vt 0.665664 0.088972
vt 0.634619 0.368282
vt 0.676298 0.382841
vt 0.662213 0.355664
vt 0.650070 0.398105
vt 0.668367 0.426271
vt 0.692972 0.408511
vt 0.689312 0.452478
vt 0.712084 0.432423
vt 0.650868 0.327234
vt 0.622168 0.337088
vt 0.612835 0.304823
vt 0.642363 0.297830
vt 0.340070 0.065102
vt 0.344043 0.063057
vt 0.340072 0.063050
vt 0.344037 0.066053
vt 0.340072 0.067436
vt 0.340073 0.069458
vt 0.344251 0.080396
vt 0.340072 0.075188
vt 0.340074 0.080469
vt 0.344242 0.072689
vt 0.340070 0.071985
vt 0.340113 0.059693
vt 0.309578 0.059694
vt 0.308082 0.062888
vt 0.309032 0.059709
vt 0.307148 0.062751
vt 0.308436 0.059768
vt 0.306408 0.062227
vt 0.308100 0.059558
vt 0.306254 0.061022
vt 0.308102 0.058474
vt 0.306256 0.057004
vt 0.306409 0.055799
vt 0.308439 0.058262
vt 0.309034 0.058319
vt 0.307148 0.055275
vt 0.308082 0.055139
vt 0.309580 0.058335
vt 0.338202 0.054734
vt 0.338248 0.058335
vt 0.341143 0.039501
vt 0.341610 0.040846
vt 0.341750 0.040247
vt 0.342318 0.031138
vt 0.341927 0.039993
vt 0.342301 0.039961
vt 0.340261 0.031704
vt 0.338755 0.033302
vt 0.338204 0.035705
vt 0.341143 0.054734
vt 0.881956 0.174854
vt 0.978869 0.172244
vt 0.978869 0.174854
vt 0.881956 0.172244
vt 0.978869 0.169634
vt 0.881956 0.169634
vt 0.978869 0.167024
vt 0.881956 0.167024
vt 0.978869 0.164414
vt 0.881956 0.164414
vt 0.978869 0.161804
vt 0.881956 0.161804
vt 0.978869 0.159194
vt 0.881956 0.159194
vt 0.978869 0.156584
vt 0.881956 0.156584
vt 0.978869 0.153974
vt 0.881956 0.153974
vt 0.145347 0.055084
vt 0.145347 0.062942
vt 0.353635 0.079665
vt 0.351327 0.051963
vt 0.351362 0.079711
vt 0.353600 0.052003
vt 0.368532 0.052046
vt 0.353565 0.049647
vt 0.368572 0.047919
vt 0.353564 0.047919
vt 0.347201 0.049647
vt 0.347201 0.047919
vt 0.372378 0.080534
vt 0.368506 0.064978
vt 0.368497 0.080530
vt 0.372412 0.052051
vt 0.222824 0.062887
vt 0.223758 0.062754
vt 0.224499 0.062230
vt 0.224652 0.061022
vt 0.224649 0.057004
vt 0.224496 0.055796
vt 0.223758 0.055272
vt 0.222824 0.055139
vt 0.367039 0.064978
vt 0.367039 0.080529
vt 0.366911 0.064524
vt 0.366561 0.064192
vt 0.366083 0.064070
vt 0.364081 0.064070
vt 0.363603 0.064192
vt 0.363253 0.064524
vt 0.363126 0.064978
vt 0.363125 0.079622
vt 0.281481 0.065100
vt 0.281480 0.032120
vt 0.240497 0.032120
vt 0.281480 0.020019
vt 0.240497 0.020019
vt 0.144144 0.020019
vt 0.144144 0.032120
vt 0.342318 0.020019
vt 0.240497 0.065100
vt 0.144145 0.054988
vt 0.144145 0.065100
vt 0.240497 0.067476
vt 0.281481 0.067476
vt 0.281480 0.069418
vt 0.281480 0.071958
vt 0.281480 0.075169
vt 0.281480 0.080534
vt 0.240497 0.075169
vt 0.240497 0.080535
vt 0.144145 0.075169
vt 0.144145 0.080535
vt 0.240497 0.071958
vt 0.240497 0.069418
vt 0.144145 0.069418
vt 0.144144 0.067476
vt 0.144144 0.071958
vt 0.367982 0.192827
vt 0.354295 0.187262
vt 0.374227 0.187074
vt 0.354326 0.192902
vt 0.364410 0.165571
vt 0.380673 0.173251
vt 0.360681 0.163833
vt 0.350567 0.185523
vt 0.350616 0.194681
vt 0.359034 0.217188
vt 0.348683 0.195609
vt 0.360967 0.216260
vt 0.358732 0.162924
vt 0.348617 0.184615
vt 0.387703 0.176625
vt 0.380229 0.192654
vt 0.364676 0.214481
vt 0.375807 0.209141
vt 0.420944 0.039961
vt 0.420944 0.031138
vt 0.359657 0.108843
vt 0.348574 0.127152
vt 0.350538 0.128084
vt 0.357693 0.107912
vt 0.348569 0.138263
vt 0.359614 0.156594
vt 0.350530 0.137337
vt 0.357654 0.157519
vt 0.354290 0.135564
vt 0.363374 0.154820
vt 0.404096 0.135609
vt 0.354294 0.129864
vt 0.404102 0.129909
vt 0.350132 0.135560
vt 0.350138 0.129860
vt 0.348253 0.136639
vt 0.348253 0.128778
vt 0.882268 0.145380
vt 0.882267 0.148372
vt 0.957046 0.148372
vt 0.957046 0.145380
vt 0.957046 0.142390
vt 0.882268 0.142390
vt 0.957046 0.139399
vt 0.882268 0.139399
vt 0.957046 0.136408
vt 0.882268 0.136408
vt 0.957046 0.133418
vt 0.882267 0.133418
vt 0.882268 0.130427
vt 0.957046 0.130427
vt 0.957046 0.127437
vt 0.882268 0.127437
vt 0.957046 0.124446
vt 0.882268 0.124446
vt 0.420944 0.020019
vt 0.350181 0.187284
vt 0.348359 0.194004
vt 0.348309 0.186225
vt 0.350212 0.192925
vt 0.363414 0.110624
vt 0.957046 0.095408
vt 0.882268 0.098424
vt 0.882268 0.095408
vt 0.957046 0.098424
vt 0.882268 0.101441
vt 0.957046 0.101441
vt 0.957046 0.104457
vt 0.882268 0.104457
vt 0.882268 0.107473
vt 0.957046 0.107473
vt 0.882268 0.110489
vt 0.957046 0.110489
vt 0.882268 0.113506
vt 0.957046 0.113506
vt 0.957046 0.116522
vt 0.882268 0.116522
vt 0.882268 0.119538
vt 0.957046 0.119538
vt 0.008259 0.179731
vt 0.018097 0.182115
vt 0.018097 0.179731
vt 0.008259 0.182115
vt 0.244970 0.310342
vt 0.240519 0.308901
vt 0.242109 0.310375
vt 0.243372 0.307847
vt 0.240519 0.336440
vt 0.240519 0.366658
vt 0.242109 0.364329
vt 0.242109 0.336440
vt 0.581087 0.062693
vt 0.573976 0.081285
vt 0.585378 0.065871
vt 0.569507 0.078375
vt 0.554575 0.101683
vt 0.559238 0.104244
vt 0.542526 0.125318
vt 0.547377 0.127492
vt 0.532949 0.149834
vt 0.537986 0.151519
vt 0.525836 0.175165
vt 0.531018 0.176347
vt 0.521241 0.201073
vt 0.526514 0.201743
vt 0.519201 0.227313
vt 0.524513 0.227463
vt 0.519740 0.253623
vt 0.525043 0.253252
vt 0.522859 0.279749
vt 0.528099 0.278862
vt 0.528525 0.305446
vt 0.533655 0.304050
vt 0.536674 0.330467
vt 0.541639 0.328575
vt 0.552010 0.352198
vt 0.547255 0.354570
vt 0.560138 0.377526
vt 0.564639 0.374699
vt 0.575202 0.399104
vt 0.579404 0.395852
vt 0.657234 0.236407
vt 0.659644 0.264648
vt 0.680123 0.261881
vt 0.677888 0.235661
vt 0.657594 0.208065
vt 0.678219 0.209348
vt 0.681150 0.183190
vt 0.660748 0.179892
vt 0.686602 0.157443
vt 0.666623 0.152163
vt 0.675209 0.125154
vt 0.694573 0.132370
vt 0.704955 0.108190
vt 0.686393 0.099109
vt 0.714109 0.360832
vt 0.683197 0.346069
vt 0.701986 0.337479
vt 0.696243 0.371231
vt 0.711683 0.395006
vt 0.728444 0.382921
vt 0.729402 0.417171
vt 0.745283 0.403919
vt 0.692241 0.313044
vt 0.672695 0.319749
vt 0.684934 0.287759
vt 0.664821 0.292515
vt 0.508586 0.310883
vt 0.502486 0.283203
vt 0.517368 0.337830
vt 0.528760 0.363790
vt 0.542631 0.388513
vt 0.558859 0.411751
vt 0.548888 0.072416
vt 0.536525 0.091592
vt 0.523666 0.116866
vt 0.513359 0.143270
vt 0.505692 0.170555
vt 0.500738 0.198461
vt 0.498545 0.226723
vt 0.499123 0.255061
vt 0.982060 0.929193
vt 0.983530 0.981138
vt 0.982060 0.981138
vt 0.983530 0.929193
vt 0.985000 0.981138
vt 0.985000 0.929193
vt 0.986471 0.981138
vt 0.986471 0.929193
vt 0.987941 0.981138
vt 0.987941 0.929193
vt 0.989411 0.981138
vt 0.989411 0.929193
vt 0.990881 0.981138
vt 0.990881 0.929193
vt 0.992351 0.981138
vt 0.992351 0.929193
vt 0.973239 0.929193
vt 0.973239 0.981138
vt 0.964417 0.929193
vt 0.964417 0.981138
vt 0.961477 0.929193
vt 0.962947 0.981138
vt 0.961477 0.981138
vt 0.962947 0.929193
vt 0.948245 0.929193
vt 0.949715 0.981138
vt 0.948245 0.981138
vt 0.949715 0.929193
vt 0.951185 0.981138
vt 0.951185 0.929193
vt 0.952656 0.981138
vt 0.952656 0.929193
vt 0.954126 0.981138
vt 0.954126 0.929193
vt 0.955596 0.981138
vt 0.955596 0.929193
vt 0.957066 0.981138
vt 0.957066 0.929193
vt 0.958537 0.981138
vt 0.958537 0.929193
vt 0.960007 0.981138
vt 0.960007 0.929193
vt 0.935013 0.929193
vt 0.936483 0.981138
vt 0.935013 0.981138
vt 0.936483 0.929193
vt 0.937953 0.981138
vt 0.937953 0.929193
vt 0.939424 0.981138
vt 0.939424 0.929193
vt 0.940894 0.981138
vt 0.940894 0.929193
vt 0.942364 0.981138
vt 0.942364 0.929193
vt 0.943834 0.981138
vt 0.943834 0.929193
vt 0.945305 0.981138
vt 0.945305 0.929193
vt 0.946775 0.981138
vt 0.946775 0.929193
vt 0.921781 0.929193
vt 0.923251 0.981138
vt 0.921781 0.981138
vt 0.923251 0.929193
vt 0.924721 0.981138
vt 0.924721 0.929193
vt 0.926192 0.981138
vt 0.926192 0.929193
vt 0.927662 0.981138
vt 0.927662 0.929193
vt 0.929132 0.981138
vt 0.929132 0.929193
vt 0.930602 0.981138
vt 0.930602 0.929193
vt 0.932073 0.981138
vt 0.932073 0.929193
vt 0.933543 0.981138
vt 0.933543 0.929193
vt 0.420944 0.005435
vt 0.342318 0.005434
vt 0.240497 0.005435
vt 0.144144 0.005434
vt 0.281480 0.005435
vt 0.257300 0.246577
vt 0.257912 0.280995
vt 0.257300 0.280995
vt 0.257912 0.246577
vt 0.258524 0.280995
vt 0.258524 0.246577
vt 0.259135 0.280995
vt 0.259135 0.246577
vt 0.259747 0.280995
vt 0.259747 0.246577
vt 0.256689 0.246577
vt 0.256689 0.280995
vt 0.256077 0.246577
vt 0.256077 0.280995
vt 0.255465 0.246577
vt 0.255465 0.280995
vt 0.254854 0.246577
vt 0.254854 0.280995
vt 0.254242 0.246577
vt 0.254242 0.280995
vt 0.251184 0.246577
vt 0.252101 0.280995
vt 0.251184 0.280995
vt 0.252101 0.246577
vt 0.253019 0.280995
vt 0.253019 0.246577
vt 0.253630 0.280995
vt 0.253630 0.246577
vt 0.250572 0.246577
vt 0.250572 0.280995
vt 0.249960 0.246577
vt 0.249960 0.280995
vt 0.249349 0.246577
vt 0.249349 0.280995
vt 0.248737 0.246577
vt 0.248737 0.280995
vt 0.008244 0.159374
vt 0.014440 0.153957
vt 0.009823 0.156553
vt 0.018077 0.152877
vt 0.470424 0.081567
vt 0.502610 0.107426
vt 0.516484 0.080142
vt 0.491480 0.135939
vt 0.453619 0.158642
vt 0.483199 0.165408
vt 0.462705 0.126307
vt 0.475002 0.094852
vt 0.447394 0.082279
vt 0.474723 0.074832
vt 0.529381 0.059939
vt 0.523086 0.400780
vt 0.516618 0.444449
vt 0.540613 0.425875
vt 0.497386 0.416913
vt 0.508106 0.374086
vt 0.480947 0.387622
vt 0.495810 0.346054
vt 0.467456 0.356864
vt 0.457045 0.324930
vt 0.486322 0.316952
vt 0.449817 0.292130
vt 0.479735 0.287060
vt 0.476105 0.256666
vt 0.445835 0.258780
vt 0.475477 0.226063
vt 0.445145 0.225199
vt 0.447746 0.191713
vt 0.477847 0.195546
vt 0.120521 0.214683
vt 0.114427 0.136175
vt 0.120521 0.136175
vt 0.108332 0.214683
vt 0.108332 0.136175
vt 0.108332 0.003144
vt 0.114427 0.003144
vt 0.951135 0.056460
vt 0.942216 0.064390
vt 0.951136 0.064389
vt 0.942213 0.056464
vt 0.909437 0.069409
vt 0.915039 0.064389
vt 0.948066 0.069409
vt 0.953287 0.069409
vt 0.992108 0.069410
vt 0.987087 0.064389
vt 0.992108 0.029108
vt 0.987087 0.029099
vt 0.987069 0.064388
vt 0.992087 0.069411
vt 0.951117 0.064369
vt 0.948081 0.069310
vt 0.951149 0.064288
vt 0.992123 0.069293
vt 0.942227 0.064290
vt 0.909452 0.069324
vt 0.915052 0.064301
vt 0.906128 0.056377
vt 0.906131 0.064304
vt 0.675021 0.069408
vt 0.673782 0.066396
vt 0.675811 0.064387
vt 0.675798 0.029102
vt 0.670737 0.065127
vt 0.670724 0.029103
vt 0.675798 0.064388
vt 0.673768 0.066396
vt 0.906118 0.064389
vt 0.675006 0.069408
vt 0.909437 0.056461
vt 0.915039 0.056461
vt 0.670723 0.065126
vt 0.915049 0.056373
vt 0.906118 0.056461
vt 0.698818 0.616959
vt 0.708391 0.619237
vt 0.695937 0.618141
vt 0.713204 0.616913
vt 0.720466 0.622490
vt 0.723891 0.620414
vt 0.731796 0.627803
vt 0.734410 0.625708
vt 0.742036 0.635014
vt 0.744141 0.632706
vt 0.752662 0.641177
vt 0.750876 0.643904
vt 0.759669 0.650771
vt 0.758046 0.654202
vt 0.764961 0.660954
vt 0.763330 0.665595
vt 0.769997 0.679295
vt 0.766565 0.677738
vt 0.767655 0.690262
vt 0.770766 0.690262
vt 0.769997 0.701229
vt 0.766565 0.702786
vt 0.763329 0.714929
vt 0.764648 0.720434
vt 0.758046 0.726323
vt 0.759300 0.730396
vt 0.750876 0.736621
vt 0.752201 0.739900
vt 0.742036 0.745510
vt 0.743534 0.748331
vt 0.731796 0.752721
vt 0.733568 0.755305
vt 0.722645 0.760566
vt 0.720466 0.758034
vt 0.711182 0.763970
vt 0.708391 0.761288
vt 0.621110 0.690262
vt 0.624221 0.690262
vt 0.621879 0.701229
vt 0.625311 0.702786
vt 0.628547 0.714929
vt 0.627228 0.720434
vt 0.633830 0.726323
vt 0.631125 0.727893
vt 0.641000 0.736621
vt 0.639674 0.739900
vt 0.649840 0.745510
vt 0.648342 0.748331
vt 0.660080 0.752721
vt 0.658308 0.755305
vt 0.669231 0.760566
vt 0.671410 0.758034
vt 0.680694 0.763970
vt 0.683485 0.761288
vt 0.693536 0.764372
vt 0.695938 0.762383
vt 0.695938 0.618141
vt 0.683485 0.619237
vt 0.693058 0.616959
vt 0.678672 0.616913
vt 0.671410 0.622490
vt 0.667985 0.620414
vt 0.660080 0.627803
vt 0.657466 0.625708
vt 0.649840 0.635014
vt 0.647735 0.632706
vt 0.639213 0.641177
vt 0.641000 0.643904
vt 0.632207 0.650771
vt 0.633829 0.654202
vt 0.626915 0.660954
vt 0.628546 0.665595
vt 0.621879 0.679295
vt 0.625311 0.677738
vt 0.597695 0.577813
vt 0.695938 0.497541
vt 0.695938 0.525763
vt 0.597695 0.465364
vt 0.695938 0.465364
vt 0.695938 0.615012
vt 0.597695 0.690262
vt 0.597695 0.843724
vt 0.695938 0.936787
vt 0.695938 0.765512
vt 0.695938 0.965010
vt 0.497209 0.465364
vt 0.396723 0.577813
vt 0.396723 0.465364
vt 0.497209 0.577813
vt 0.497209 0.690262
vt 0.497209 0.843724
vt 0.497209 0.997187
vt 0.597695 0.997187
vt 0.695938 0.997187
vt 0.396723 0.690262
vt 0.396723 0.843724
vt 0.396723 0.997187
vt 0.794181 0.690262
vt 0.894667 0.690262
vt 0.794181 0.843724
vt 0.894667 0.843724
vt 0.794181 0.997187
vt 0.894667 0.997187
vt 0.995153 0.997187
vt 0.995153 0.843724
vt 0.995153 0.690262
vt 0.894667 0.577813
vt 0.794181 0.577813
vt 0.894667 0.465364
vt 0.794181 0.465364
vt 0.695937 0.497541
vt 0.695937 0.465364
vt 0.695937 0.525763
vt 0.995153 0.465364
vt 0.995153 0.577813
vt 0.695937 0.615012
vt 0.652572 0.637465
vt 0.629443 0.677752
vt 0.629443 0.701370
vt 0.652572 0.741657
vt 0.662228 0.748456
vt 0.624324 0.690262
vt 0.621981 0.701229
vt 0.621212 0.690262
vt 0.625413 0.702786
vt 0.628649 0.714929
vt 0.627330 0.720434
vt 0.633932 0.726323
vt 0.632678 0.730396
vt 0.641102 0.736621
vt 0.639776 0.739900
vt 0.649942 0.745510
vt 0.648444 0.748331
vt 0.660182 0.752721
vt 0.658410 0.755305
vt 0.669333 0.760566
vt 0.671512 0.758034
vt 0.680796 0.763970
vt 0.683587 0.761288
vt 0.696041 0.765512
vt 0.696041 0.762383
vt 0.597797 0.465364
vt 0.696041 0.497541
vt 0.696041 0.465364
vt 0.597797 0.577813
vt 0.696041 0.525763
vt 0.647837 0.632706
vt 0.657568 0.625708
vt 0.668087 0.620414
vt 0.678774 0.616913
vt 0.693160 0.616959
vt 0.696041 0.615012
vt 0.396825 0.577813
vt 0.497311 0.465364
vt 0.396825 0.465364
vt 0.497311 0.577813
vt 0.497311 0.690262
vt 0.597797 0.690262
vt 0.497311 0.843724
vt 0.597797 0.843724
vt 0.497311 0.997187
vt 0.597797 0.997187
vt 0.696041 0.965010
vt 0.696041 0.997187
vt 0.696041 0.936787
vt 0.396825 0.997187
vt 0.396825 0.843724
vt 0.396825 0.690262
vt 0.693639 0.764372
vt 0.631227 0.727893
vt 0.621981 0.679295
vt 0.627017 0.660954
vt 0.632309 0.650771
vt 0.639315 0.641177
vt 0.795949 0.343219
vt 0.774827 0.334440
vt 0.796045 0.332970
vt 0.774762 0.341354
vt 0.795704 0.369414
vt 0.768617 0.341296
vt 0.768358 0.369160
vt 0.775023 0.313378
vt 0.796210 0.315244
vt 0.780970 0.334497
vt 0.781167 0.313436
vt 0.823050 0.369671
vt 0.823311 0.341808
vt 0.817167 0.341750
vt 0.817231 0.334836
vt 0.817428 0.313775
vt 0.796306 0.304995
vt 0.775088 0.306465
vt 0.770613 0.127905
vt 0.768944 0.306407
vt 0.817493 0.306861
vt 0.825306 0.128417
vt 0.797960 0.128161
vt 0.823637 0.306918
vt 0.811087 0.334779
vt 0.811285 0.313717
vt 0.951147 0.056361
vt 0.950099 0.065221
vt 0.218066 0.366658
vt 0.218066 0.336440
vt 0.237174 0.309955
vt 0.218066 0.309955
vt 0.237174 0.244386
vt 0.218066 0.244385
vt 0.258032 0.336248
vt 0.251182 0.323191
vt 0.258032 0.310233
vt 0.251182 0.336248
vt 0.264560 0.310178
vt 0.258032 0.244665
vt 0.244970 0.244777
vt 0.249598 0.323205
vt 0.249598 0.338745
vt 0.264560 0.244610
vt 0.244605 0.365098
vt 0.256557 0.365022
vt 0.256471 0.338745
vt 0.264560 0.336248
vt 0.264560 0.381767
vt 0.258032 0.381767
vt 0.956438 0.915564
vt 0.964778 0.915564
vt 0.956438 0.887582
vt 0.956438 0.944185
vt 0.964778 0.944185
vt 0.964778 0.972806
vt 0.973118 0.972806
vt 0.973118 0.944185
vt 0.973118 0.915564
vt 0.964778 0.887582
vt 0.956438 0.972806
vt 0.973119 0.887582
vt 0.026806 0.214683
vt 0.036065 0.214683
vt 0.026805 0.135881
vt 0.036064 0.003127
vt 0.017442 0.002849
vt 0.017442 0.135881
vt 0.047042 0.214683
vt 0.058774 0.003404
vt 0.058774 0.214683
vt 0.047042 0.003404
vt 0.064480 0.214683
vt 0.104199 0.003274
vt 0.104199 0.214683
vt 0.064480 0.003404
vt 0.361082 0.660033
vt 0.343913 0.660029
vt 0.343906 0.690299
vt 0.361093 0.629768
vt 0.343923 0.629766
vt 0.343930 0.599505
vt 0.361099 0.599504
vt 0.343931 0.569242
vt 0.361100 0.569241
vt 0.343934 0.538981
vt 0.361102 0.538977
vt 0.361093 0.508712
vt 0.343923 0.508714
vt 0.361097 0.478448
vt 0.343929 0.478446
vt 0.361092 0.448183
vt 0.343923 0.448184
vt 0.343922 0.417918
vt 0.361091 0.417917
vt 0.343920 0.387652
vt 0.361089 0.387652
vt 0.343923 0.357382
vt 0.361093 0.357385
vt 0.343929 0.327109
vt 0.361098 0.327118
vt 0.361114 0.296854
vt 0.343946 0.296846
vt 0.361120 0.266590
vt 0.343950 0.266587
vt 0.361123 0.238920
vt 0.343953 0.237172
vt 0.342036 0.217893
vt 0.343892 0.932421
vt 0.361062 0.962686
vt 0.361061 0.932420
vt 0.361059 0.902154
vt 0.343891 0.902152
vt 0.361067 0.871889
vt 0.343899 0.871886
vt 0.343901 0.841624
vt 0.361070 0.841624
vt 0.343903 0.811360
vt 0.361072 0.811360
vt 0.343902 0.781095
vt 0.361072 0.781095
vt 0.361074 0.750830
vt 0.343904 0.750830
vt 0.361076 0.720565
vt 0.343907 0.720566
vt 0.361074 0.690300
vt 0.343893 0.962687
vt 0.361065 0.992952
vt 0.343896 0.992110
vt 0.683199 0.235468
vt 0.685390 0.261169
vt 0.683523 0.209677
vt 0.686395 0.184038
vt 0.691739 0.158802
vt 0.699554 0.134225
vt 0.709728 0.110525
vt 0.706816 0.335268
vt 0.718705 0.358157
vt 0.732755 0.379814
vt 0.749799 0.401014
vt 0.697266 0.311318
vt 0.690107 0.286534
vt 0.383625 0.387653
vt 0.383628 0.357389
vt 0.383635 0.327125
vt 0.383648 0.296861
vt 0.383655 0.266594
vt 0.383659 0.238926
vt 0.383617 0.660039
vt 0.383627 0.629774
vt 0.383635 0.599508
vt 0.383637 0.569242
vt 0.383638 0.538975
vt 0.383631 0.508711
vt 0.383632 0.478446
vt 0.383629 0.448180
vt 0.383625 0.417917
vt 0.383595 0.902156
vt 0.383598 0.932420
vt 0.383602 0.871892
vt 0.383607 0.841627
vt 0.383608 0.811361
vt 0.383608 0.781096
vt 0.383610 0.750832
vt 0.383612 0.720566
vt 0.383612 0.690301
vt 0.383598 0.962685
vt 0.383602 0.992949
vt 0.142133 0.400906
vt 0.212288 0.438059
vt 0.212282 0.400902
vt 0.212277 0.363743
vt 0.142128 0.363746
vt 0.142124 0.326587
vt 0.212274 0.326586
vt 0.142120 0.289433
vt 0.212270 0.289428
vt 0.212265 0.252272
vt 0.142115 0.252275
vt 0.142112 0.215118
vt 0.212262 0.215114
vt 0.142107 0.177962
vt 0.212256 0.177957
vt 0.142107 0.145217
vt 0.212255 0.145224
vt 0.142107 0.115139
vt 0.142107 0.088081
vt 0.212306 0.772472
vt 0.142157 0.809627
vt 0.212306 0.809629
vt 0.142157 0.772467
vt 0.142157 0.735311
vt 0.212307 0.679578
vt 0.142157 0.698157
vt 0.142157 0.661001
vt 0.142159 0.623854
vt 0.212304 0.586686
vt 0.142154 0.586706
vt 0.212299 0.549530
vt 0.142149 0.549540
vt 0.142148 0.512380
vt 0.212297 0.512373
vt 0.212291 0.475216
vt 0.142142 0.475226
vt 0.142138 0.438065
vt 0.212306 0.846786
vt 0.142155 0.883948
vt 0.142157 0.846786
vt 0.212305 0.883943
vt 0.212307 0.921101
vt 0.142157 0.921100
vt 0.142154 0.958247
vt 0.212304 0.958258
vt 0.212303 0.995090
vt 0.142153 0.995090
vt 0.018082 0.215990
vt 0.008244 0.215990
vt 0.212306 0.661000
vt 0.056615 0.388298
vt 0.056615 0.420319
vt 0.044259 0.420318
vt 0.044259 0.388297
vt 0.056615 0.356276
vt 0.044259 0.356276
vt 0.056615 0.324255
vt 0.044259 0.324255
vt 0.056615 0.292234
vt 0.044259 0.292234
vt 0.056615 0.260216
vt 0.044259 0.260216
vt 0.044259 0.247127
vt 0.056615 0.247127
vt 0.056615 0.238950
vt 0.044259 0.238950
vt 0.044259 0.231770
vt 0.056615 0.231770
vt 0.056615 0.223329
vt 0.044259 0.223329
vt 0.056615 0.676489
vt 0.056615 0.708510
vt 0.044259 0.708511
vt 0.044259 0.676490
vt 0.056615 0.644468
vt 0.044259 0.644469
vt 0.044259 0.612446
vt 0.056615 0.612446
vt 0.056615 0.580425
vt 0.044259 0.580426
vt 0.056615 0.548404
vt 0.044259 0.548406
vt 0.056615 0.516383
vt 0.044259 0.516383
vt 0.044259 0.484360
vt 0.056615 0.484361
vt 0.056615 0.452340
vt 0.044259 0.452339
vt 0.056615 0.964681
vt 0.056615 0.996701
vt 0.044259 0.996701
vt 0.044259 0.964682
vt 0.056615 0.932660
vt 0.044259 0.932662
vt 0.044259 0.900640
vt 0.056615 0.900638
vt 0.044259 0.868617
vt 0.056615 0.868617
vt 0.044259 0.836595
vt 0.056615 0.836595
vt 0.044259 0.804574
vt 0.056615 0.804574
vt 0.056615 0.772553
vt 0.044259 0.772552
vt 0.056615 0.740531
vt 0.044259 0.740531
vt 0.032697 0.420317
vt 0.032696 0.388296
vt 0.032696 0.356275
vt 0.032697 0.324255
vt 0.032696 0.292231
vt 0.032697 0.260216
vt 0.032697 0.247127
vt 0.032695 0.238950
vt 0.032696 0.231770
vt 0.032697 0.223329
vt 0.032696 0.708511
vt 0.032697 0.676491
vt 0.032696 0.644469
vt 0.032697 0.612446
vt 0.032696 0.580427
vt 0.032697 0.548407
vt 0.032696 0.516383
vt 0.032697 0.484359
vt 0.032696 0.452338
vt 0.032696 0.996701
vt 0.032697 0.964684
vt 0.032696 0.932664
vt 0.032696 0.900642
vt 0.032696 0.868617
vt 0.032697 0.836594
vt 0.032696 0.804573
vt 0.032696 0.772552
vt 0.032697 0.740531
vt 0.022945 0.231770
vt 0.022943 0.238950
vt 0.022946 0.223329
vt 0.003224 0.420317
vt 0.003224 0.452338
vt 0.003224 0.388296
vt 0.003224 0.356275
vt 0.003224 0.324255
vt 0.003224 0.292230
vt 0.003224 0.260216
vt 0.003224 0.247127
vt 0.003224 0.243033
vt 0.022945 0.243030
vt 0.003224 0.708511
vt 0.003224 0.740531
vt 0.003224 0.676491
vt 0.003224 0.644469
vt 0.003224 0.612447
vt 0.003224 0.580427
vt 0.003224 0.548406
vt 0.003224 0.516383
vt 0.003224 0.484360
vt 0.003224 0.996701
vt 0.003224 0.964684
vt 0.003224 0.932664
vt 0.003224 0.900641
vt 0.003224 0.868617
vt 0.003224 0.836594
vt 0.003224 0.804573
vt 0.003224 0.772552
vt 0.104456 0.356276
vt 0.104455 0.388298
vt 0.122026 0.388298
vt 0.122027 0.356276
vt 0.122026 0.324255
vt 0.104455 0.324255
vt 0.104455 0.292231
vt 0.122028 0.292229
vt 0.104455 0.260216
vt 0.122028 0.260216
vt 0.122028 0.247177
vt 0.104488 0.247105
vt 0.122028 0.241554
vt 0.104384 0.238890
vt 0.104455 0.231777
vt 0.104455 0.223329
vt 0.104455 0.644467
vt 0.104456 0.676489
vt 0.122026 0.676487
vt 0.122025 0.644466
vt 0.104456 0.612446
vt 0.122026 0.612446
vt 0.104455 0.580425
vt 0.122026 0.580425
vt 0.104456 0.548403
vt 0.122026 0.548403
vt 0.122026 0.516382
vt 0.104455 0.516382
vt 0.122026 0.484362
vt 0.104455 0.484361
vt 0.104456 0.452340
vt 0.122027 0.452340
vt 0.104455 0.420319
vt 0.122025 0.420318
vt 0.104456 0.932658
vt 0.104455 0.964680
vt 0.122026 0.964680
vt 0.122027 0.932658
vt 0.104455 0.900637
vt 0.122025 0.900636
vt 0.122026 0.868616
vt 0.104455 0.868616
vt 0.104456 0.836595
vt 0.122026 0.836594
vt 0.104455 0.804574
vt 0.122026 0.804573
vt 0.122026 0.772552
vt 0.104456 0.772552
vt 0.104455 0.740531
vt 0.122026 0.740531
vt 0.104456 0.708510
vt 0.122026 0.708510
vt 0.104456 0.996701
vt 0.122026 0.996701
vt 0.062624 0.420319
vt 0.062624 0.388298
vt 0.062624 0.356276
vt 0.062624 0.324255
vt 0.062624 0.292234
vt 0.062624 0.260216
vt 0.062624 0.247127
vt 0.062624 0.238950
vt 0.062624 0.231770
vt 0.062624 0.223329
vt 0.062624 0.708510
vt 0.062624 0.676489
vt 0.062624 0.644467
vt 0.062624 0.612446
vt 0.062624 0.580425
vt 0.062624 0.548404
vt 0.062624 0.516382
vt 0.062624 0.484361
vt 0.062624 0.452340
vt 0.062624 0.996701
vt 0.062624 0.964680
vt 0.062624 0.932659
vt 0.062624 0.900638
vt 0.062624 0.868616
vt 0.062624 0.836595
vt 0.062624 0.804574
vt 0.062624 0.772553
vt 0.062624 0.740531
vt 0.770904 0.096934
vt 0.798250 0.097191
vt 0.825598 0.097447
vt 0.798251 0.097190
vt 0.750000 0.334208
vt 0.750197 0.313146
vt 0.737389 0.368874
vt 0.737646 0.341011
vt 0.659826 0.009961
vt 0.611177 0.009965
vt 0.659826 0.019613
vt 0.611178 0.019616
vt 0.611178 0.030475
vt 0.659827 0.030474
vt 0.659827 0.040126
vt 0.611178 0.040125
vt 0.737974 0.306117
vt 0.739643 0.127616
vt 0.659567 0.010097
vt 0.610919 0.010094
vt 0.659567 0.019748
vt 0.610918 0.019745
vt 0.659566 0.026568
vt 0.610917 0.030606
vt 0.659566 0.030608
vt 0.659566 0.040259
vt 0.610917 0.040257
vt 0.494380 0.033289
vt 0.543029 0.033288
vt 0.494380 0.022427
vt 0.543029 0.022429
vt 0.842057 0.335069
vt 0.842255 0.314008
vt 0.854020 0.369961
vt 0.854281 0.342098
vt 0.543029 0.042939
vt 0.494380 0.042940
vt 0.543029 0.012779
vt 0.494380 0.012775
vt 0.795418 0.400383
vt 0.768072 0.400131
vt 0.795411 0.400384
vt 0.822758 0.400642
vt 0.854607 0.307208
vt 0.856277 0.128707
vt 0.604370 0.040587
vt 0.604371 0.030936
vt 0.555722 0.040585
vt 0.555722 0.030935
vt 0.604371 0.020075
vt 0.555722 0.020075
vt 0.604370 0.010424
vt 0.555722 0.010424
vt 0.965517 0.969724
vt 0.957075 0.941403
vt 0.957076 0.969724
vt 0.973958 0.941403
vt 0.965516 0.941403
vt 0.973958 0.969724
vt 0.965516 0.912436
vt 0.957075 0.912436
vt 0.957075 0.883469
vt 0.965516 0.883469
vt 0.973958 0.912436
vt 0.973958 0.883469
vt 0.695937 0.615917
vt 0.695938 0.615917
vt 0.696041 0.764607
vt 0.696041 0.615917
vt 0.696041 0.618141
vt 0.683587 0.619237
vt 0.671512 0.622490
vt 0.660182 0.627803
vt 0.649942 0.635014
vt 0.641102 0.643904
vt 0.633932 0.654202
vt 0.628649 0.665595
vt 0.625413 0.677738
vt 0.243372 0.244791
s 1
usemtl portal_door_02
f 3/1/1 2/2/1 1/3/1
f 6/4/2 5/5/2 4/6/2
f 9/7/2 8/5/2 7/4/2
f 12/7/2 11/8/2 10/5/2
f 15/9/2 14/8/2 13/7/2
f 18/4/2 17/6/2 16/10/2
f 21/10/2 20/6/2 19/11/2
f 24/10/2 23/11/2 22/12/2
f 27/12/2 26/11/2 25/13/2
f 30/13/2 29/11/2 28/14/2
f 33/14/2 32/11/2 31/15/2
f 36/11/2 35/6/2 34/15/2
f 39/15/2 38/6/2 37/16/2
f 42/6/2 41/5/2 40/16/2
f 45/16/2 44/5/2 43/17/2
f 48/5/2 47/8/2 46/17/2
f 51/17/2 50/8/2 49/18/2
f 54/19/3 53/20/4 52/21/3
f 57/21/3 56/20/4 55/22/4
f 60/20/4 59/23/5 58/22/4
f 63/22/4 62/23/5 61/24/5
f 66/23/5 65/25/6 64/24/5
f 69/24/5 68/25/6 67/26/6
f 72/25/7 71/27/8 70/26/7
f 75/26/7 74/27/8 73/28/8
f 78/27/9 77/29/10 76/28/9
f 81/28/9 80/29/10 79/30/10
f 84/29/10 83/31/11 82/30/10
f 87/30/10 86/31/11 85/32/11
f 90/31/11 89/33/12 88/32/11
f 93/32/11 92/33/12 91/34/12
f 96/35/13 95/33/14 94/36/14
f 99/37/13 98/33/14 97/35/13
f 102/37/13 101/34/14 100/33/14
f 105/38/13 104/34/14 103/37/13
f 108/39/15 107/40/16 106/41/17
f 111/41/17 110/40/16 109/42/17
f 114/42/18 113/43/19 112/41/18
f 117/41/18 116/43/19 115/19/19
f 120/43/3 119/44/4 118/19/3
f 123/19/3 122/44/4 121/20/4
f 126/44/4 125/45/5 124/20/4
f 129/20/4 128/45/5 127/23/5
f 132/45/5 131/46/6 130/23/5
f 135/23/5 134/46/6 133/25/6
f 138/46/7 137/47/8 136/25/7
f 141/25/7 140/47/8 139/27/8
f 144/47/9 143/48/10 142/27/9
f 147/27/9 146/48/10 145/29/10
f 150/48/10 149/49/11 148/29/10
f 153/29/10 152/49/11 151/31/11
f 156/49/11 155/36/12 154/31/11
f 159/31/11 158/36/12 157/33/12
f 162/50/20 161/51/21 160/52/22
f 165/53/23 164/51/21 163/50/20
f 168/54/24 167/53/25 166/50/20
f 171/55/26 170/53/25 169/54/24
f 174/56/27 173/55/26 172/54/28
f 177/57/29 176/55/26 175/56/27
f 180/58/30 179/57/31 178/56/32
f 183/59/33 182/57/31 181/58/30
f 186/60/34 185/59/35 184/58/36
f 189/61/37 188/59/35 187/60/34
f 192/62/38 191/61/39 190/60/34
f 195/63/40 194/61/39 193/62/38
f 198/39/15 197/63/40 196/62/41
f 201/64/42 200/63/40 199/39/15
f 204/41/17 203/64/16 202/39/15
f 207/65/43 206/64/16 205/41/17
f 210/41/18 209/19/19 208/65/44
f 213/65/44 212/19/19 211/21/19
f 216/51/21 215/66/45 214/52/46
f 219/52/46 218/66/45 217/67/45
f 222/67/45 221/68/45 220/52/46
f 225/52/47 224/68/45 223/69/21
f 228/52/22 227/69/21 226/50/20
f 231/50/20 230/69/21 229/70/23
f 234/50/20 233/70/25 232/54/24
f 237/54/24 236/70/25 235/71/26
f 240/54/28 239/71/26 238/56/27
f 243/56/27 242/71/26 241/72/29
f 246/56/32 245/72/31 244/58/30
f 249/58/30 248/72/31 247/73/33
f 252/58/36 251/73/35 250/60/34
f 255/60/34 254/73/35 253/74/37
f 258/60/34 257/74/39 256/62/38
f 261/62/38 260/74/39 259/75/40
f 264/62/41 263/75/40 262/39/15
f 267/39/15 266/75/40 265/40/42
f 270/76/48 269/77/48 268/78/48
f 273/78/48 272/77/48 271/79/48
f 276/80/48 275/81/48 274/82/48
f 279/82/48 278/81/48 277/79/48
f 282/83/49 281/84/49 280/85/49
f 285/85/49 284/84/49 283/86/49
f 288/87/49 287/88/49 286/89/49
f 291/89/49 290/88/49 289/90/49
f 294/91/48 293/92/48 292/93/48
f 297/93/48 296/92/48 295/94/48
f 300/94/49 299/95/49 298/93/49
f 303/93/49 302/95/49 301/96/49
f 306/96/50 305/95/50 304/97/50
f 309/97/50 308/95/50 307/98/50
f 312/99/49 311/100/49 310/101/49
f 315/101/49 314/100/49 313/77/49
f 318/102/48 317/103/48 316/104/48
f 321/104/48 320/103/48 319/105/48
f 324/104/49 323/105/49 322/106/49
f 327/106/49 326/105/49 325/107/49
f 330/107/49 329/108/49 328/106/49
f 333/108/50 332/107/50 331/109/50
f 336/109/50 335/107/50 334/110/50
f 339/111/51 338/112/51 337/113/51
f 342/113/51 341/112/51 340/114/51
f 345/115/17 344/116/17 343/117/17
f 348/117/17 347/116/17 346/118/17
f 351/119/17 350/77/17 349/100/17
f 354/119/17 353/79/17 352/77/17
f 357/120/17 356/79/17 355/119/17
f 360/121/17 359/120/17 358/119/17
f 363/122/17 362/120/17 361/121/17
f 366/122/17 365/117/17 364/120/17
f 369/123/17 368/117/17 367/122/17
f 372/115/17 371/117/17 370/123/17
f 375/124/17 374/115/17 373/123/17
f 378/125/17 377/115/17 376/124/17
f 381/126/17 380/125/17 379/124/17
f 384/127/17 383/125/17 382/126/17
f 387/128/17 386/127/17 385/126/17
f 390/88/17 389/126/17 388/90/17
f 393/90/17 392/126/17 391/129/17
f 396/126/17 395/124/17 394/129/17
f 399/129/17 398/124/17 397/130/17
f 402/130/17 401/124/17 400/123/17
f 405/130/17 404/123/17 403/121/17
f 408/121/17 407/123/17 406/122/17
f 411/130/17 410/121/17 409/84/17
f 414/84/17 413/121/17 412/86/17
f 417/131/17 416/132/17 415/82/17
f 420/79/17 419/131/17 418/82/17
f 423/120/17 422/131/17 421/79/17
f 426/120/17 425/117/17 424/131/17
f 429/133/50 428/126/50 427/88/50
f 432/134/50 431/126/50 430/133/50
f 435/134/50 434/135/50 433/126/50
f 438/126/50 437/135/50 436/128/50
f 441/136/51 440/137/51 439/116/51
f 444/116/51 443/137/51 442/118/51
f 447/138/51 446/139/51 445/128/51
f 450/128/51 449/139/51 448/127/51
f 453/140/48 452/112/48 451/141/48
f 456/141/48 455/112/48 454/111/48
f 459/114/50 458/142/50 457/113/50
f 462/113/50 461/142/50 460/143/50
f 465/144/51 464/145/51 463/132/51
f 468/132/51 467/145/51 466/82/51
f 471/146/48 470/147/48 469/148/48
f 474/148/48 473/147/48 472/149/48
f 477/147/51 476/150/51 475/149/51
f 480/149/51 479/150/51 478/151/51
f 483/150/50 482/152/50 481/151/50
f 486/151/50 485/152/50 484/153/50
f 489/154/17 488/155/17 487/156/17
f 492/157/17 491/158/17 490/159/17
f 495/160/17 494/157/17 493/159/17
f 498/161/17 497/157/17 496/160/17
f 501/160/17 500/162/17 499/161/17
f 504/161/17 503/162/17 502/163/17
f 507/162/17 506/161/17 505/163/17
f 510/164/17 509/161/17 508/162/17
f 513/161/17 512/164/17 511/157/17
f 516/165/17 515/157/17 514/164/17
f 519/166/17 518/157/17 517/165/17
f 522/165/17 521/167/17 520/166/17
f 525/166/17 524/167/17 523/154/17
f 528/167/17 527/155/17 526/154/17
f 531/167/17 530/168/17 529/155/17
f 534/167/17 533/169/17 532/168/17
f 537/169/17 536/170/17 535/168/17
f 540/170/17 539/171/17 538/168/52
f 543/171/17 542/170/17 541/172/17
f 546/173/17 545/174/17 544/166/17
f 549/174/17 548/157/17 547/166/17
f 552/159/17 551/158/17 550/167/17
f 555/167/17 554/158/17 553/154/17
f 558/175/17 557/158/17 556/157/17
f 561/175/17 560/176/17 559/158/17
f 564/177/17 563/172/17 562/170/17
f 567/178/17 566/172/17 565/177/17
f 570/172/17 569/178/17 568/179/17
f 573/179/17 572/178/17 571/170/17
f 576/180/17 575/179/17 574/170/17
f 579/169/17 578/180/53 577/170/17
f 582/167/17 581/180/17 580/169/17
f 585/167/17 584/181/17 583/180/17
f 588/167/17 587/154/17 586/181/17
f 591/181/17 590/154/17 589/156/17
f 594/180/17 593/181/17 592/155/17
f 597/177/17 596/170/17 595/178/17
f 600/182/2 599/183/2 598/184/2
f 603/184/2 602/183/2 601/185/2
f 606/186/2 605/185/2 604/183/2
f 609/187/2 608/185/2 607/186/2
f 612/188/54 611/189/55 610/190/44
f 615/190/44 614/189/56 613/191/57
f 618/189/58 617/192/59 616/191/60
f 621/191/60 620/192/59 619/193/61
f 624/192/59 623/194/62 622/193/63
f 627/193/63 626/194/62 625/195/64
f 630/194/65 629/196/66 628/195/64
f 633/195/64 632/196/66 631/197/67
f 636/196/68 635/198/69 634/197/70
f 639/197/70 638/198/69 637/199/71
f 642/198/72 641/200/73 640/199/74
f 645/199/74 644/200/73 643/201/75
f 648/200/73 647/202/76 646/201/77
f 651/201/77 650/202/76 649/203/78
f 654/202/79 653/204/80 652/203/78
f 657/203/78 656/204/80 655/205/81
f 660/204/82 659/206/83 658/205/84
f 663/205/84 662/206/13 661/207/13
f 666/208/49 665/209/49 664/210/49
f 669/209/49 668/211/49 667/210/49
f 672/211/49 671/212/49 670/210/49
f 675/212/49 674/213/49 673/210/49
f 678/213/49 677/214/49 676/210/49
f 681/214/49 680/215/49 679/210/49
f 684/215/49 683/216/49 682/210/49
f 687/217/49 686/218/49 685/208/49
f 690/218/49 689/209/49 688/208/49
f 693/209/49 692/218/49 691/219/49
f 696/218/49 695/220/49 694/219/49
f 699/220/49 698/221/49 697/219/49
f 702/221/49 701/222/49 700/219/49
f 705/222/49 704/223/49 703/219/49
f 708/223/49 707/224/49 706/219/49
f 711/224/49 710/225/49 709/219/49
f 714/225/49 713/226/49 712/219/49
f 717/226/49 716/227/49 715/219/49
f 720/228/51 719/229/51 718/230/51
f 723/230/51 722/229/51 721/231/51
f 726/231/51 725/229/51 724/232/51
f 729/232/51 728/229/51 727/233/51
f 732/233/51 731/229/51 730/234/51
f 735/234/51 734/229/51 733/235/51
f 738/235/51 737/229/51 736/236/51
f 741/220/51 740/218/51 739/228/51
f 744/218/51 743/229/51 742/228/51
f 747/229/51 746/218/51 745/237/51
f 750/218/51 749/217/51 748/237/51
f 753/237/51 752/217/51 751/238/51
f 756/238/51 755/217/51 754/239/51
f 759/239/51 758/217/51 757/240/51
f 762/240/51 761/217/51 760/241/51
f 765/241/51 764/217/51 763/242/51
f 768/242/51 767/217/51 766/243/51
f 771/243/51 770/217/51 769/244/51
f 774/245/50 773/246/50 772/247/50
f 777/245/50 776/248/50 775/246/50
f 780/245/50 779/249/50 778/248/50
f 783/245/50 782/250/50 781/249/50
f 786/245/50 785/251/50 784/250/50
f 789/245/50 788/252/50 787/251/50
f 792/245/50 791/253/50 790/252/50
f 795/245/50 794/254/50 793/253/50
f 798/255/45 797/256/45 796/257/85
f 801/257/85 800/256/86 799/258/85
f 804/259/20 803/257/87 802/258/87
f 807/260/23 806/257/87 805/259/20
f 810/261/24 809/260/25 808/259/20
f 813/262/26 812/260/25 811/261/24
f 816/263/27 815/262/26 814/261/28
f 819/264/29 818/262/26 817/263/27
f 822/265/30 821/264/31 820/263/32
f 825/266/33 824/264/31 823/265/30
f 828/267/34 827/266/35 826/265/36
f 831/268/37 830/266/35 829/267/34
f 834/269/38 833/268/39 832/267/34
f 837/270/40 836/268/39 835/269/38
f 840/271/15 839/270/40 838/269/41
f 843/272/42 842/270/40 841/271/15
f 846/188/88 845/272/16 844/271/15
f 849/190/43 848/272/89 847/188/88
f 852/273/48 851/274/48 850/275/48
f 855/273/48 854/276/48 853/274/48
f 858/277/48 857/276/48 856/273/48
f 861/278/48 860/276/48 859/277/48
f 864/279/48 863/276/48 862/278/48
f 867/279/48 866/280/48 865/276/48
f 870/279/48 869/281/48 868/280/48
f 873/282/51 872/283/51 871/284/51
f 876/282/51 875/284/51 874/285/51
f 879/282/51 878/285/51 877/286/51
f 882/282/51 881/286/51 880/287/51
f 885/287/51 884/286/51 883/288/51
f 888/287/51 887/288/51 886/289/51
f 891/290/51 890/289/51 889/288/51
f 894/290/51 893/288/51 892/291/51
f 897/290/51 896/291/51 895/292/51
f 900/290/51 899/292/51 898/293/51
f 903/293/51 902/292/51 901/294/51
f 906/293/51 905/294/51 904/295/51
f 909/296/51 908/297/51 907/298/51
f 912/296/51 911/299/51 910/297/51
f 915/297/51 914/299/51 913/300/51
f 918/297/51 917/300/51 916/301/51
f 921/301/51 920/300/51 919/302/51
f 924/301/51 923/302/51 922/303/51
f 927/301/51 926/303/51 925/302/51
f 930/301/51 929/302/51 928/300/51
f 933/297/51 932/301/51 931/300/51
f 936/297/51 935/300/51 934/299/51
f 939/297/51 938/299/51 937/296/51
f 942/297/51 941/296/51 940/298/51
f 945/304/51 944/298/51 943/296/51
f 948/304/51 947/296/51 946/305/51
f 951/304/51 950/305/51 949/306/51
f 954/304/51 953/306/51 952/307/51
f 957/283/51 956/307/51 955/306/51
f 960/283/51 959/306/51 958/284/51
f 963/308/90 962/309/90 961/310/90
f 966/308/90 965/311/90 964/309/90
f 969/312/90 968/311/90 967/308/90
f 972/313/90 971/311/90 970/312/90
f 975/314/90 974/315/90 973/316/90
f 978/314/90 977/317/90 976/315/90
f 981/317/90 980/318/90 979/315/90
f 984/318/90 983/317/90 982/313/90
f 987/310/49 986/319/49 985/320/91
f 990/310/49 989/320/92 988/321/92
f 993/321/93 992/320/93 991/322/94
f 996/321/93 995/322/94 994/323/94
f 999/323/94 998/322/94 997/324/95
f 1002/323/94 1001/324/95 1000/325/95
f 1005/325/95 1004/324/95 1003/326/96
f 1008/325/97 1007/326/96 1006/327/96
f 1011/327/98 1010/326/98 1009/328/99
f 1014/327/98 1013/328/100 1012/329/100
f 1017/328/99 1016/330/101 1015/329/99
f 1020/328/99 1019/331/101 1018/330/101
f 1023/330/101 1022/331/101 1021/332/102
f 1026/330/101 1025/332/102 1024/333/102
f 1029/332/103 1028/334/104 1027/333/103
f 1032/332/103 1031/335/105 1030/334/105
f 1035/335/106 1034/336/107 1033/334/106
f 1038/335/106 1037/337/51 1036/336/51
f 1041/294/51 1040/293/51 1039/295/51
f 1044/294/51 1043/292/51 1042/293/51
f 1047/292/51 1046/290/51 1045/293/51
f 1050/292/51 1049/291/51 1048/290/51
f 1053/290/51 1052/291/51 1051/288/51
f 1056/290/51 1055/288/51 1054/289/51
f 1059/288/51 1058/287/51 1057/289/51
f 1062/288/51 1061/286/51 1060/287/51
f 1065/286/51 1064/282/51 1063/287/51
f 1068/286/51 1067/285/51 1066/282/51
f 1071/282/51 1070/285/51 1069/284/51
f 1074/282/51 1073/284/51 1072/283/51
f 1077/284/51 1076/307/51 1075/283/51
f 1080/284/51 1079/306/51 1078/307/51
f 1083/307/51 1082/306/51 1081/305/51
f 1086/307/51 1085/305/51 1084/304/51
f 1089/304/51 1088/305/51 1087/296/51
f 1092/304/51 1091/296/51 1090/298/51
f 1095/338/108 1094/339/109 1093/340/110
f 1098/341/111 1097/342/103 1096/343/111
f 1101/341/111 1100/344/103 1099/342/103
f 1104/344/102 1103/340/101 1102/342/102
f 1107/344/102 1106/345/112 1105/340/101
f 1110/338/108 1109/340/113 1108/345/114
f 1113/346/99 1112/338/108 1111/345/114
f 1116/347/90 1115/338/115 1114/346/100
f 1119/347/90 1118/346/100 1117/336/90
f 1122/348/48 1121/349/116 1120/350/48
f 1125/348/48 1124/351/116 1123/349/116
f 1128/351/116 1127/352/49 1126/349/116
f 1131/351/116 1130/353/49 1129/352/49
f 1134/353/49 1133/354/117 1132/352/49
f 1137/353/49 1136/355/118 1135/354/118
f 1140/355/118 1139/356/50 1138/354/118
f 1143/355/118 1142/357/50 1141/356/50
f 1146/357/50 1145/358/119 1144/356/50
f 1149/357/50 1148/359/119 1147/358/119
f 1152/359/119 1151/360/120 1150/358/119
f 1155/359/119 1154/361/51 1153/360/51
f 1158/361/51 1157/362/121 1156/360/51
f 1161/361/51 1160/363/121 1159/362/121
f 1164/363/121 1163/364/122 1162/362/121
f 1167/363/121 1166/365/48 1165/364/48
f 1170/247/90 1169/366/90 1168/367/90
f 1173/247/90 1172/246/90 1171/366/90
f 1176/368/51 1175/369/51 1174/370/51
f 1179/368/51 1178/371/51 1177/369/51
f 1182/372/90 1181/373/90 1180/371/90
f 1185/374/90 1184/373/90 1183/372/90
f 1188/374/90 1187/375/90 1186/373/90
f 1191/375/90 1190/376/90 1189/373/90
f 1194/375/90 1193/377/90 1192/376/90
f 1197/378/49 1196/379/49 1195/380/49
f 1200/378/49 1199/381/49 1198/379/49
f 1203/379/49 1202/381/49 1201/372/49
f 1206/382/123 1205/247/49 1204/367/49
f 1209/382/123 1208/245/123 1207/247/49
f 1212/383/124 1211/245/125 1210/382/125
f 1215/383/124 1214/254/124 1213/245/126
f 1218/253/127 1217/254/128 1216/383/128
f 1221/253/127 1220/383/128 1219/384/127
f 1224/385/129 1223/253/130 1222/384/130
f 1227/385/129 1226/252/129 1225/253/130
f 1230/386/131 1229/252/132 1228/385/132
f 1233/386/131 1232/251/131 1231/252/132
f 1236/250/133 1235/251/134 1234/386/134
f 1239/250/135 1238/386/131 1237/387/135
f 1242/249/136 1241/250/135 1240/387/135
f 1245/249/136 1244/387/135 1243/388/136
f 1248/248/137 1247/249/138 1246/388/138
f 1251/248/139 1250/388/138 1249/389/139
f 1254/246/51 1253/248/140 1252/389/140
f 1257/246/51 1256/389/140 1255/366/51
f 1260/380/48 1259/390/48 1258/391/48
f 1263/380/48 1262/379/48 1261/390/48
f 1266/379/48 1265/372/48 1264/390/48
f 1269/390/48 1268/372/48 1267/392/48
f 1272/392/48 1271/372/48 1270/393/48
f 1275/393/48 1274/372/48 1273/394/48
f 1278/372/48 1277/395/48 1276/394/48
f 1281/372/48 1280/371/48 1279/395/48
f 1284/395/48 1283/371/48 1282/396/48
f 1287/396/48 1286/371/48 1285/397/48
f 1290/397/48 1289/371/48 1288/398/48
f 1293/398/48 1292/371/48 1291/368/48
f 1296/398/48 1295/368/48 1294/399/48
f 1299/245/50 1298/253/50 1297/254/50
f 1302/245/50 1301/252/50 1300/253/50
f 1305/245/50 1304/251/50 1303/252/50
f 1308/245/50 1307/250/50 1306/251/50
f 1311/245/50 1310/249/50 1309/250/50
f 1314/245/50 1313/248/50 1312/249/50
f 1317/245/50 1316/246/50 1315/248/50
f 1320/245/50 1319/247/50 1318/246/50
f 1323/247/2 1322/366/2 1321/246/2
f 1326/247/2 1325/367/2 1324/366/2
f 1329/369/51 1328/368/51 1327/370/51
f 1332/369/51 1331/371/51 1330/368/51
f 1335/379/49 1334/372/49 1333/381/49
f 1338/378/49 1337/379/49 1336/381/49
f 1341/378/49 1340/380/49 1339/379/49
f 1344/398/48 1343/399/48 1342/368/48
f 1347/398/48 1346/368/48 1345/371/48
f 1350/397/48 1349/398/48 1348/371/48
f 1353/396/48 1352/397/48 1351/371/48
f 1356/395/48 1355/396/48 1354/371/48
f 1359/395/48 1358/371/48 1357/372/48
f 1362/395/48 1361/372/48 1360/394/48
f 1365/393/48 1364/394/48 1363/372/48
f 1368/392/48 1367/393/48 1366/372/48
f 1371/390/48 1370/392/48 1369/372/48
f 1374/379/48 1373/390/48 1372/372/48
f 1377/380/48 1376/390/48 1375/379/48
f 1380/380/48 1379/391/48 1378/390/48
f 1383/313/2 1382/312/2 1381/311/2
f 1386/312/2 1385/308/2 1384/311/2
f 1389/308/2 1388/309/2 1387/311/2
f 1392/308/2 1391/310/2 1390/309/2
f 1395/318/2 1394/313/2 1393/317/2
f 1398/317/2 1397/315/2 1396/318/2
f 1401/314/2 1400/315/2 1399/317/2
f 1404/314/2 1403/316/2 1402/315/2
f 1407/279/48 1406/280/48 1405/281/48
f 1410/279/48 1409/276/48 1408/280/48
f 1413/279/48 1412/278/48 1411/276/48
f 1416/278/48 1415/277/48 1414/276/48
f 1419/277/48 1418/273/48 1417/276/48
f 1422/273/48 1421/274/48 1420/276/48
f 1425/273/48 1424/275/48 1423/274/48
f 1428/310/49 1427/320/141 1426/319/49
f 1431/310/49 1430/321/123 1429/320/123
f 1434/321/126 1433/322/124 1432/320/126
f 1437/321/126 1436/323/124 1435/322/124
f 1440/323/128 1439/324/127 1438/322/128
f 1443/323/128 1442/325/127 1441/324/127
f 1446/325/130 1445/326/129 1444/324/130
f 1449/325/130 1448/327/129 1447/326/129
f 1452/327/132 1451/328/131 1450/326/132
f 1455/327/132 1454/329/131 1453/328/131
f 1458/330/135 1457/328/134 1456/329/134
f 1461/330/133 1460/331/133 1459/328/134
f 1464/330/142 1463/332/136 1462/331/142
f 1467/330/142 1466/333/136 1465/332/136
f 1470/333/138 1469/335/143 1468/332/138
f 1473/333/138 1472/334/139 1471/335/139
f 1476/336/51 1475/335/140 1474/334/140
f 1479/336/51 1478/337/51 1477/335/140
f 1482/312/144 1481/308/50 1480/400/50
f 1485/308/50 1484/310/50 1483/400/50
f 1488/310/50 1487/321/50 1486/400/50
f 1491/321/50 1490/323/50 1489/400/50
f 1494/323/50 1493/325/50 1492/400/50
f 1497/325/50 1496/327/50 1495/400/50
f 1500/327/50 1499/329/50 1498/400/50
f 1503/329/50 1502/401/145 1501/400/50
f 1506/330/50 1505/401/145 1504/329/50
f 1509/330/50 1508/333/50 1507/401/145
f 1512/402/145 1511/400/50 1510/401/145
f 1515/336/50 1514/346/50 1513/334/50
f 1518/333/50 1517/334/50 1516/346/50
f 1521/401/145 1520/333/50 1519/346/50
f 1524/345/146 1523/401/145 1522/346/50
f 1527/401/147 1526/345/148 1525/403/149
f 1530/402/147 1529/401/147 1528/403/149
f 1533/402/147 1532/403/149 1531/404/118
f 1536/405/118 1535/402/150 1534/404/118
f 1539/405/118 1538/406/151 1537/402/147
f 1542/405/118 1541/402/147 1540/406/151
f 1545/405/118 1544/404/118 1543/402/147
f 1548/344/149 1547/403/152 1546/345/153
f 1551/341/154 1550/403/154 1549/344/154
f 1554/407/149 1553/403/149 1552/341/149
f 1557/367/50 1556/382/50 1555/408/50
f 1560/382/50 1559/383/50 1558/408/50
f 1563/408/50 1562/383/50 1561/384/50
f 1566/384/50 1565/385/50 1564/408/50
f 1569/385/50 1568/386/50 1567/408/50
f 1572/408/50 1571/386/50 1570/387/50
f 1575/402/145 1574/408/50 1573/387/50
f 1578/387/50 1577/388/50 1576/402/145
f 1581/388/50 1580/389/50 1579/402/145
f 1584/402/145 1583/389/50 1582/406/151
f 1587/366/50 1586/406/151 1585/389/50
f 1590/406/151 1589/366/50 1588/409/50
f 1593/367/50 1592/409/50 1591/366/50
f 1596/367/50 1595/410/50 1594/409/50
f 1599/410/50 1598/367/50 1597/408/50
f 1602/411/144 1601/410/50 1600/408/50
f 1605/408/50 1604/412/144 1603/411/144
f 1608/411/155 1607/412/155 1606/413/156
f 1611/413/156 1610/412/155 1609/312/155
f 1614/413/156 1613/312/155 1612/313/156
f 1617/414/157 1616/413/158 1615/313/158
f 1620/414/157 1619/313/158 1618/318/157
f 1623/414/159 1622/318/159 1621/315/51
f 1626/414/159 1625/315/51 1624/415/51
f 1629/415/51 1628/315/51 1627/316/51
f 1632/415/51 1631/316/51 1630/416/51
f 1635/417/51 1634/415/51 1633/416/51
f 1638/417/51 1637/416/51 1636/418/51
f 1641/419/51 1640/417/51 1639/418/51
f 1644/419/51 1643/418/51 1642/420/51
f 1647/421/159 1646/414/159 1645/415/51
f 1650/422/158 1649/414/157 1648/421/160
f 1653/422/158 1652/413/158 1651/414/157
f 1656/411/155 1655/413/156 1654/422/156
f 1659/423/156 1658/411/155 1657/422/156
f 1662/423/161 1661/424/155 1660/411/155
f 1665/423/156 1664/411/155 1663/424/155
f 1668/411/144 1667/410/50 1666/424/144
f 1671/411/144 1670/424/144 1669/410/50
f 1674/423/156 1673/422/156 1672/411/155
f 1677/425/157 1676/422/158 1675/421/157
f 1680/425/157 1679/423/158 1678/422/158
f 1683/425/157 1682/422/158 1681/423/162
f 1686/425/157 1685/421/157 1684/422/158
f 1689/366/50 1688/389/50 1687/406/151
f 1692/406/151 1691/409/50 1690/366/50
f 1695/367/50 1694/366/50 1693/409/50
f 1698/367/50 1697/409/50 1696/410/50
f 1701/410/50 1700/408/50 1699/367/50
f 1704/411/144 1703/408/50 1702/410/50
f 1707/408/50 1706/411/144 1705/412/144
f 1710/422/156 1709/412/155 1708/411/155
f 1713/422/156 1712/413/156 1711/412/155
f 1716/421/157 1715/413/158 1714/422/158
f 1719/421/157 1718/414/157 1717/413/158
f 1722/421/159 1721/415/51 1720/414/159
f 1725/421/159 1724/417/51 1723/415/51
f 1728/425/159 1727/417/51 1726/421/159
f 1731/425/159 1730/419/51 1729/417/51
f 1734/425/159 1733/417/51 1732/419/51
f 1737/425/159 1736/421/159 1735/417/51
f 1740/421/159 1739/415/51 1738/417/51
f 1743/367/50 1742/408/50 1741/382/50
f 1746/382/50 1745/408/50 1744/383/50
f 1749/408/50 1748/384/50 1747/383/50
f 1752/384/50 1751/408/50 1750/385/50
f 1755/385/50 1754/408/50 1753/386/50
f 1758/408/50 1757/387/50 1756/386/50
f 1761/419/51 1760/420/51 1759/418/51
f 1764/419/51 1763/418/51 1762/417/51
f 1767/417/51 1766/418/51 1765/416/51
f 1770/417/51 1769/416/51 1768/415/51
f 1773/416/51 1772/315/51 1771/415/51
f 1776/414/159 1775/415/51 1774/315/51
f 1779/414/159 1778/315/51 1777/318/159
f 1782/414/157 1781/318/157 1780/313/158
f 1785/414/157 1784/313/158 1783/413/158
f 1788/413/156 1787/313/156 1786/312/155
f 1791/413/156 1790/312/155 1789/412/155
f 1794/312/144 1793/400/50 1792/412/144
f 1797/408/50 1796/412/144 1795/400/50
f 1800/402/145 1799/408/50 1798/400/50
f 1803/402/145 1802/387/50 1801/408/50
f 1806/387/50 1805/402/145 1804/388/50
f 1809/388/50 1808/402/145 1807/389/50
f 1812/402/145 1811/406/151 1810/389/50
f 1815/416/51 1814/316/51 1813/315/51
f 1818/375/2 1817/376/2 1816/377/2
f 1821/375/2 1820/373/2 1819/376/2
f 1824/373/2 1823/375/2 1822/374/2
f 1827/373/2 1826/374/2 1825/372/2
f 1830/372/2 1829/371/2 1828/373/2
f 1833/426/163 1832/427/163 1831/428/163
f 1836/426/163 1835/429/163 1834/427/163
f 1839/428/164 1838/430/164 1837/431/164
f 1842/428/164 1841/427/164 1840/430/164
f 1845/427/164 1844/432/164 1843/430/164
f 1848/427/164 1847/433/164 1846/432/164
f 1851/434/165 1850/435/165 1849/436/165
f 1854/434/166 1853/437/166 1852/435/166
f 1857/433/167 1856/438/167 1855/432/167
f 1860/433/167 1859/439/167 1858/438/167
f 1863/428/48 1862/440/48 1861/441/48
f 1866/428/48 1865/431/48 1864/440/48
f 1869/427/168 1868/426/168 1867/428/168
f 1872/427/168 1871/429/168 1870/426/168
f 1875/426/169 1874/442/169 1873/443/169
f 1878/426/169 1877/429/169 1876/442/169
f 1881/434/169 1880/442/169 1879/429/169
f 1884/434/169 1883/437/169 1882/442/169
f 1887/338/170 1886/340/135 1885/339/171
f 1890/346/131 1889/347/2 1888/336/2
f 1893/346/131 1892/338/172 1891/347/2
f 1896/346/134 1895/345/173 1894/338/170
f 1899/338/170 1898/345/173 1897/340/133
f 1902/344/136 1901/340/135 1900/345/174
f 1905/344/136 1904/342/136 1903/340/142
f 1908/341/139 1907/342/138 1906/344/138
f 1911/341/139 1910/343/139 1909/342/138
f 1914/444/51 1913/343/140 1912/341/140
f 1917/444/51 1916/341/140 1915/445/51
f 1920/246/51 1919/366/51 1918/389/106
f 1923/246/51 1922/389/106 1921/248/106
f 1926/389/105 1925/249/103 1924/248/105
f 1929/389/175 1928/388/103 1927/249/176
f 1932/387/101 1931/249/102 1930/388/102
f 1935/387/101 1934/250/101 1933/249/102
f 1938/386/99 1937/250/110 1936/387/110
f 1941/386/99 1940/251/99 1939/250/110
f 1944/386/177 1943/252/98 1942/251/177
f 1947/386/100 1946/385/98 1945/252/98
f 1950/384/178 1949/252/179 1948/385/179
f 1953/384/95 1952/253/95 1951/252/96
f 1956/383/180 1955/253/95 1954/384/95
f 1959/383/180 1958/254/180 1957/253/95
f 1962/383/94 1961/245/93 1960/254/94
f 1965/383/94 1964/382/93 1963/245/93
f 1968/382/92 1967/247/49 1966/245/92
f 1971/382/92 1970/367/49 1969/247/49
f 1974/435/181 1973/434/181 1972/436/181
f 1977/435/181 1976/437/181 1975/434/181
f 1980/433/182 1979/438/182 1978/439/182
f 1983/433/183 1982/432/183 1981/438/183
f 1986/428/48 1985/440/48 1984/431/48
f 1989/428/48 1988/441/48 1987/440/48
f 1992/446/184 1991/447/184 1990/448/184
f 1995/446/184 1994/449/184 1993/447/184
f 1998/450/185 1997/451/185 1996/452/185
f 2001/450/186 2000/453/186 1999/451/186
f 2004/454/187 2003/455/187 2002/456/187
f 2007/452/187 2006/455/187 2005/454/187
f 2010/452/187 2009/451/187 2008/455/187
f 2013/456/188 2012/457/188 2011/454/188
f 2016/456/188 2015/458/188 2014/457/188
f 2019/457/51 2018/459/51 2017/454/51
f 2022/457/51 2021/460/51 2020/459/51
f 2025/460/51 2024/461/51 2023/459/51
f 2028/460/51 2027/462/51 2026/461/51
f 2031/448/189 2030/449/189 2029/447/189
f 2034/448/189 2033/446/189 2032/449/189
f 2037/453/190 2036/452/190 2035/450/190
f 2040/453/191 2039/451/191 2038/452/191
f 2043/454/192 2042/455/192 2041/456/192
f 2046/452/192 2045/455/192 2044/454/192
f 2049/452/192 2048/451/192 2047/455/192
f 2052/454/193 2051/458/193 2050/457/193
f 2055/454/193 2054/456/193 2053/458/193
f 2058/446/194 2057/447/194 2056/448/194
f 2061/446/194 2060/449/194 2059/447/194
f 2064/453/10 2063/452/10 2062/450/10
f 2067/453/10 2066/451/10 2065/452/10
f 2070/454/48 2069/455/48 2068/456/48
f 2073/452/48 2072/455/48 2071/454/48
f 2076/452/48 2075/451/48 2074/455/48
f 2079/454/195 2078/458/195 2077/457/195
f 2082/454/195 2081/456/195 2080/458/195
f 2085/463/196 2084/464/49 2083/465/49
f 2088/463/116 2087/465/49 2086/466/116
f 2091/467/48 2090/463/116 2089/466/116
f 2094/467/48 2093/468/48 2092/463/116
f 2097/469/121 2096/468/48 2095/467/48
f 2100/469/121 2099/470/121 2098/468/48
f 2103/471/51 2102/470/121 2101/469/121
f 2106/471/51 2105/472/197 2104/470/121
f 2109/473/119 2108/472/51 2107/471/51
f 2112/473/119 2111/474/119 2110/472/51
f 2115/475/50 2114/474/119 2113/473/119
f 2118/475/50 2117/473/119 2116/476/50
f 2121/477/118 2120/475/50 2119/476/50
f 2124/477/118 2123/478/118 2122/475/50
f 2127/479/49 2126/478/118 2125/477/118
f 2130/479/49 2129/480/49 2128/478/118
f 2133/345/153 2132/346/50 2131/401/145
f 2136/400/50 2135/401/145 2134/329/50
f 2139/330/50 2138/329/50 2137/401/145
f 2142/330/50 2141/401/145 2140/333/50
f 2145/401/145 2144/346/50 2143/333/50
f 2148/346/50 2147/334/50 2146/333/50
f 2151/336/50 2150/334/50 2149/346/50
f 2154/327/50 2153/400/50 2152/329/50
f 2157/325/50 2156/400/50 2155/327/50
f 2160/323/50 2159/400/50 2158/325/50
f 2163/400/50 2162/323/50 2161/321/50
f 2166/310/50 2165/400/50 2164/321/50
f 2169/308/50 2168/400/50 2167/310/50
f 2172/312/144 2171/400/50 2170/308/50
f 2175/312/144 2174/412/144 2173/400/50
f 2178/408/50 2177/400/50 2176/412/144
f 2181/402/145 2180/400/50 2179/408/50
f 2184/402/145 2183/401/145 2182/400/50
f 2187/404/118 2186/401/147 2185/402/147
f 2190/404/118 2189/403/149 2188/401/147
f 2193/403/154 2192/345/198 2191/401/147
f 2196/344/149 2195/345/146 2194/403/199
f 2199/341/118 2198/344/154 2197/403/154
f 2202/407/118 2201/341/118 2200/403/149
f 2205/481/200 2204/341/118 2203/407/118
f 2208/481/200 2207/445/200 2206/341/118
f 2211/482/51 2210/483/51 2209/484/51
f 2214/482/51 2213/485/51 2212/483/51
f 2217/429/51 2216/485/51 2215/482/51
f 2220/429/51 2219/482/51 2218/427/51
f 2223/446/201 2222/447/201 2221/448/201
f 2226/446/201 2225/449/201 2224/447/201
f 2229/450/202 2228/451/202 2227/452/202
f 2232/450/203 2231/453/203 2230/451/203
f 2235/451/204 2234/454/204 2233/452/204
f 2238/451/204 2237/455/204 2236/454/204
f 2241/454/204 2240/455/204 2239/456/204
f 2244/429/204 2243/437/204 2242/434/204
f 2247/429/204 2246/442/204 2245/437/204
f 2250/426/204 2249/442/204 2248/429/204
f 2253/426/204 2252/443/204 2251/442/204
f 2256/456/205 2255/457/205 2254/454/205
f 2259/456/205 2258/458/205 2257/457/205
f 2262/457/51 2261/459/51 2260/454/51
f 2265/457/51 2264/460/51 2263/459/51
f 2268/460/51 2267/461/51 2266/459/51
f 2271/460/51 2270/462/51 2269/461/51
f 2274/448/206 2273/449/206 2272/447/206
f 2277/448/206 2276/446/206 2275/449/206
f 2280/453/207 2279/452/207 2278/450/207
f 2283/453/208 2282/451/208 2281/452/208
f 2286/451/209 2285/454/209 2284/452/209
f 2289/451/209 2288/455/209 2287/454/209
f 2292/454/209 2291/455/209 2290/456/209
f 2295/482/51 2294/429/51 2293/427/51
f 2298/482/51 2297/485/51 2296/429/51
f 2301/482/51 2300/483/51 2299/485/51
f 2304/482/51 2303/484/51 2302/483/51
f 2307/454/210 2306/458/210 2305/457/210
f 2310/454/210 2309/456/210 2308/458/210
f 2313/457/51 2312/459/51 2311/454/51
f 2316/457/51 2315/460/51 2314/459/51
f 2319/460/51 2318/461/51 2317/459/51
f 2322/460/51 2321/462/51 2320/461/51
f 2325/448/211 2324/449/211 2323/446/211
f 2328/448/212 2327/447/212 2326/449/212
f 2331/450/213 2330/451/213 2329/453/213
f 2334/450/214 2333/452/214 2332/451/214
f 2337/452/192 2336/455/192 2335/451/192
f 2340/452/192 2339/454/192 2338/455/192
f 2343/454/192 2342/456/192 2341/455/192
f 2346/430/215 2345/428/215 2344/431/215
f 2349/430/215 2348/427/215 2347/428/215
f 2352/427/215 2351/430/215 2350/432/215
f 2355/427/215 2354/432/215 2353/433/215
f 2358/363/121 2357/364/48 2356/365/48
f 2361/363/121 2360/362/121 2359/364/48
f 2364/361/51 2363/362/121 2362/363/121
f 2367/361/51 2366/360/51 2365/362/121
f 2370/359/119 2369/360/51 2368/361/51
f 2373/359/119 2372/358/119 2371/360/51
f 2376/357/50 2375/358/119 2374/359/119
f 2379/357/50 2378/356/50 2377/358/119
f 2382/355/118 2381/356/50 2380/357/50
f 2385/355/118 2384/354/118 2383/356/50
f 2388/353/49 2387/354/118 2386/355/118
f 2391/353/49 2390/352/49 2389/354/118
f 2394/351/116 2393/352/49 2392/353/49
f 2397/351/116 2396/349/116 2395/352/49
f 2400/348/48 2399/349/116 2398/351/116
f 2403/348/48 2402/350/216 2401/349/116
f 2406/457/217 2405/446/217 2404/448/217
f 2409/457/217 2408/486/217 2407/446/217
f 2412/458/217 2411/486/217 2410/457/217
f 2415/454/218 2414/458/218 2413/456/218
f 2418/454/218 2417/457/218 2416/458/218
f 2421/487/49 2420/488/118 2419/489/49
f 2424/487/49 2423/490/118 2422/488/118
f 2427/490/118 2426/491/50 2425/488/118
f 2430/490/118 2429/492/50 2428/491/50
f 2433/493/119 2432/491/50 2431/492/50
f 2436/493/119 2435/494/119 2434/491/50
f 2439/493/119 2438/495/51 2437/494/119
f 2442/493/119 2441/496/51 2440/495/51
f 2445/496/51 2444/497/121 2443/495/51
f 2448/496/51 2447/498/121 2446/497/121
f 2451/498/121 2450/499/48 2449/497/121
f 2454/498/121 2453/500/48 2452/499/48
f 2457/501/116 2456/499/48 2455/500/48
f 2460/501/116 2459/502/116 2458/499/48
f 2463/501/116 2462/503/49 2461/502/116
f 2466/501/116 2465/504/49 2464/503/49
f 2469/447/219 2468/446/219 2467/448/219
f 2472/447/219 2471/449/219 2470/446/219
f 2475/450/220 2474/451/220 2473/453/220
f 2478/450/220 2477/452/220 2476/451/220
f 2481/452/48 2480/455/48 2479/451/48
f 2484/452/48 2483/454/48 2482/455/48
f 2487/454/48 2486/456/48 2485/455/48
f 2490/457/221 2489/446/221 2488/448/221
f 2493/457/221 2492/486/221 2491/446/221
f 2496/458/221 2495/486/221 2494/457/221
f 2499/454/222 2498/458/222 2497/456/222
f 2502/454/222 2501/457/222 2500/458/222
f 2505/448/223 2504/449/223 2503/446/223
f 2508/448/223 2507/447/223 2506/449/223
f 2511/452/224 2510/453/224 2509/450/224
f 2514/452/225 2513/451/225 2512/453/225
f 2517/452/187 2516/455/187 2515/451/187
f 2520/452/187 2519/454/187 2518/455/187
f 2523/454/187 2522/456/187 2521/455/187
f 2526/460/51 2525/454/51 2524/457/51
f 2529/460/51 2528/459/51 2527/454/51
f 2532/460/51 2531/461/51 2530/459/51
f 2535/460/51 2534/462/51 2533/461/51
f 2538/458/217 2537/457/217 2536/486/217
f 2541/448/217 2540/486/217 2539/457/217
f 2544/448/217 2543/446/217 2542/486/217
f 2547/457/226 2546/456/226 2545/454/226
f 2550/457/226 2549/458/226 2548/456/226
f 2553/454/51 2552/460/51 2551/457/51
f 2556/454/51 2555/459/51 2554/460/51
f 2559/460/51 2558/459/51 2557/461/51
f 2562/460/51 2561/461/51 2560/462/51
f 2565/458/50 2564/486/50 2563/457/50
f 2568/486/50 2567/448/50 2566/457/50
f 2571/486/50 2570/446/50 2569/448/50
f 2574/447/227 2573/446/227 2572/448/227
f 2577/447/227 2576/449/227 2575/446/227
f 2580/450/228 2579/451/228 2578/453/228
f 2583/450/228 2582/452/228 2581/451/228
f 2586/454/229 2585/458/229 2584/456/229
f 2589/454/229 2588/457/229 2587/458/229
f 2592/447/230 2591/446/230 2590/448/230
f 2595/447/230 2594/449/230 2593/446/230
f 2598/452/231 2597/453/231 2596/450/231
f 2601/452/232 2600/451/232 2599/453/232
f 2604/458/233 2603/457/233 2602/486/233
f 2607/448/233 2606/486/233 2605/457/233
f 2610/448/233 2609/446/233 2608/486/233
f 2613/454/234 2612/458/234 2611/456/234
f 2616/454/234 2615/457/234 2614/458/234
f 2619/447/235 2618/446/235 2617/448/235
f 2622/447/235 2621/449/235 2620/446/235
f 2625/452/236 2624/453/236 2623/450/236
f 2628/452/237 2627/451/237 2626/453/237
f 2631/452/2 2630/455/2 2629/451/2
f 2634/452/2 2633/454/2 2632/455/2
f 2637/454/2 2636/456/2 2635/455/2
f 2640/460/51 2639/454/51 2638/457/51
f 2643/460/51 2642/459/51 2641/454/51
f 2646/460/51 2645/461/51 2644/459/51
f 2649/460/51 2648/462/51 2647/461/51
f 2652/458/90 2651/457/90 2650/486/90
f 2655/448/90 2654/486/90 2653/457/90
f 2658/448/90 2657/446/90 2656/486/90
f 2661/454/238 2660/458/238 2659/456/238
f 2664/454/238 2663/457/238 2662/458/238
f 2667/505/90 2666/506/90 2665/507/90
f 2670/505/90 2669/508/90 2668/506/90
f 2673/509/2 2672/510/2 2671/511/2
f 2676/509/2 2675/512/2 2674/510/2
f 2679/513/51 2678/514/51 2677/515/51
f 2682/513/51 2681/515/51 2680/516/51
f 2685/511/51 2684/513/51 2683/516/51
f 2688/511/51 2687/510/51 2686/513/51
f 2691/517/239 2690/518/206 2689/519/239
f 2694/517/239 2693/520/206 2692/518/206
f 2697/521/164 2696/518/206 2695/520/206
f 2700/521/164 2699/522/164 2698/518/206
f 2703/523/240 2702/522/164 2701/521/164
f 2706/523/240 2705/524/240 2704/522/164
f 2709/525/241 2708/524/240 2707/523/240
f 2712/525/241 2711/526/241 2710/524/242
f 2715/527/236 2714/526/241 2713/525/241
f 2718/527/236 2717/528/236 2716/526/241
f 2721/529/243 2720/528/236 2719/527/236
f 2724/529/243 2723/530/243 2722/528/236
f 2727/531/167 2726/530/244 2725/529/244
f 2730/531/167 2729/532/167 2728/530/244
f 2733/533/245 2732/532/167 2731/531/167
f 2736/533/245 2735/534/245 2734/532/167
f 2739/535/232 2738/534/246 2737/533/246
f 2742/535/232 2741/536/232 2740/534/246
f 2745/537/2 2744/536/232 2743/535/232
f 2748/537/2 2747/538/2 2746/536/232
f 2751/539/247 2750/538/2 2749/537/2
f 2754/539/247 2753/540/247 2752/538/2
f 2757/541/248 2756/540/247 2755/539/247
f 2760/541/248 2759/539/247 2758/542/248
f 2763/543/228 2762/541/249 2761/542/249
f 2766/543/228 2765/544/228 2764/541/249
f 2769/545/250 2768/544/228 2767/543/228
f 2772/545/250 2771/546/250 2770/544/228
f 2775/501/116 2774/503/49 2773/504/49
f 2778/501/116 2777/502/116 2776/503/49
f 2781/499/48 2780/502/116 2779/501/116
f 2784/499/48 2783/501/116 2782/500/48
f 2787/498/121 2786/499/48 2785/500/48
f 2790/498/121 2789/497/121 2788/499/48
f 2793/496/51 2792/497/121 2791/498/121
f 2796/496/51 2795/495/51 2794/497/121
f 2799/493/119 2798/495/51 2797/496/51
f 2802/493/119 2801/494/119 2800/495/51
f 2805/491/50 2804/494/119 2803/493/119
f 2808/491/50 2807/493/119 2806/492/50
f 2811/490/118 2810/491/50 2809/492/251
f 2814/490/118 2813/488/118 2812/491/50
f 2817/487/49 2816/488/118 2815/490/118
f 2820/487/49 2819/489/49 2818/488/118
f 2823/458/164 2822/486/164 2821/457/164
f 2826/486/164 2825/448/164 2824/457/164
f 2829/486/164 2828/446/164 2827/448/164
f 2832/547/51 2831/548/51 2830/549/51
f 2835/547/51 2834/549/51 2833/550/51
f 2838/551/51 2837/547/51 2836/550/51
f 2841/551/51 2840/550/51 2839/552/51
f 2844/553/51 2843/551/51 2842/552/51
f 2847/553/51 2846/554/51 2845/551/51
f 2850/555/51 2849/554/51 2848/553/51
f 2853/555/51 2852/556/51 2851/554/51
f 2856/557/51 2855/556/51 2854/555/51
f 2859/557/51 2858/555/51 2857/558/51
f 2862/559/51 2861/557/51 2860/558/51
f 2865/559/51 2864/560/51 2863/557/51
f 2868/561/51 2867/562/51 2866/563/51
f 2871/561/51 2870/564/51 2869/562/51
f 2874/561/51 2873/565/51 2872/564/51
f 2877/561/51 2876/566/51 2875/565/51
f 2880/566/51 2879/567/51 2878/565/51
f 2883/566/51 2882/568/51 2881/567/51
f 2886/566/51 2885/567/51 2884/568/51
f 2889/566/51 2888/565/51 2887/567/51
f 2892/561/51 2891/565/51 2890/566/51
f 2895/561/51 2894/564/51 2893/565/51
f 2898/562/51 2897/564/51 2896/561/51
f 2901/562/51 2900/561/51 2899/563/51
f 2904/569/51 2903/562/51 2902/563/51
f 2907/569/51 2906/570/51 2905/562/51
f 2910/571/51 2909/570/51 2908/569/51
f 2913/571/51 2912/572/51 2911/570/51
f 2916/548/51 2915/572/51 2914/571/51
f 2919/548/51 2918/571/51 2917/549/51
f 2922/559/51 2921/557/51 2920/560/51
f 2925/559/51 2924/558/51 2923/557/51
f 2928/555/51 2927/557/51 2926/558/51
f 2931/555/51 2930/556/51 2929/557/51
f 2934/555/51 2933/554/51 2932/556/51
f 2937/555/51 2936/553/51 2935/554/51
f 2940/553/51 2939/551/51 2938/554/51
f 2943/553/51 2942/552/51 2941/551/51
f 2946/550/51 2945/551/51 2944/552/51
f 2949/550/51 2948/547/51 2947/551/51
f 2952/550/51 2951/548/51 2950/547/51
f 2955/550/51 2954/549/51 2953/548/51
f 2958/549/51 2957/572/51 2956/548/51
f 2961/549/51 2960/571/51 2959/572/51
f 2964/569/51 2963/572/51 2962/571/51
f 2967/569/51 2966/570/51 2965/572/51
f 2970/569/51 2969/562/51 2968/570/51
f 2973/569/51 2972/563/51 2971/562/51
f 2976/537/51 2975/573/51 2974/574/51
f 2979/539/51 2978/573/51 2977/537/51
f 2982/539/51 2981/575/51 2980/573/51
f 2985/539/51 2984/576/51 2983/575/51
f 2988/539/51 2987/542/51 2986/576/51
f 2991/542/51 2990/577/51 2989/576/51
f 2994/542/51 2993/543/51 2992/577/51
f 2997/543/51 2996/578/51 2995/577/51
f 3000/543/51 2999/545/51 2998/578/51
f 3003/579/51 3002/517/51 3001/520/51
f 3006/579/51 3005/520/51 3004/521/51
f 3009/579/51 3008/521/51 3007/580/51
f 3012/523/51 3011/580/51 3010/521/51
f 3015/523/51 3014/581/51 3013/580/51
f 3018/525/51 3017/581/51 3016/523/51
f 3021/525/51 3020/582/51 3019/581/51
f 3024/527/51 3023/582/51 3022/525/51
f 3027/527/51 3026/583/51 3025/582/51
f 3030/527/51 3029/584/51 3028/583/51
f 3033/527/51 3032/529/51 3031/584/51
f 3036/529/51 3035/585/51 3034/584/51
f 3039/529/51 3038/531/51 3037/585/51
f 3042/533/51 3041/585/51 3040/531/51
f 3045/533/51 3044/586/51 3043/585/51
f 3048/533/51 3047/574/51 3046/586/51
f 3051/533/51 3050/535/51 3049/574/51
f 3054/537/51 3053/574/51 3052/535/51
f 3057/587/252 3056/588/253 3055/589/252
f 3060/587/252 3059/590/253 3058/588/253
f 3063/590/212 3062/591/236 3061/588/212
f 3066/590/212 3065/592/236 3064/591/236
f 3069/592/236 3068/593/243 3067/591/236
f 3072/592/236 3071/594/243 3070/593/243
f 3075/594/244 3074/595/167 3073/593/244
f 3078/594/244 3077/596/167 3076/595/167
f 3081/596/167 3080/597/232 3079/595/167
f 3084/596/167 3083/598/232 3082/597/232
f 3087/598/231 3086/599/2 3085/597/231
f 3090/598/231 3089/600/2 3088/599/2
f 3093/600/2 3092/601/247 3091/599/2
f 3096/600/2 3095/602/247 3094/601/247
f 3099/589/50 3098/603/50 3097/587/50
f 3102/589/50 3101/604/50 3100/603/50
f 3105/604/50 3104/605/50 3103/603/50
f 3108/604/50 3107/606/50 3106/605/50
f 3111/607/235 3110/608/254 3109/609/235
f 3114/607/235 3113/610/254 3112/608/254
f 3117/610/184 3116/606/255 3115/608/184
f 3120/610/184 3119/605/255 3118/606/255
f 3123/611/190 3122/612/5 3121/613/190
f 3126/611/190 3125/614/5 3124/612/5
f 3129/614/5 3128/615/209 3127/612/5
f 3132/614/5 3131/616/209 3130/615/209
f 3135/616/256 3134/617/202 3133/615/256
f 3138/616/256 3137/618/202 3136/617/202
f 3141/618/202 3140/619/257 3139/617/202
f 3144/618/202 3143/620/257 3142/619/257
f 3147/620/258 3146/621/90 3145/619/258
f 3150/620/258 3149/622/90 3148/621/90
f 3153/622/90 3152/623/259 3151/621/90
f 3156/622/90 3155/624/259 3154/623/259
f 3159/624/208 3158/625/182 3157/623/208
f 3162/624/208 3161/626/182 3160/625/182
f 3165/626/182 3164/627/260 3163/625/182
f 3168/626/182 3167/628/260 3166/627/260
f 3171/628/233 3170/609/235 3169/627/233
f 3174/628/233 3173/607/235 3172/609/235
f 3177/629/181 3176/630/213 3175/631/181
f 3180/629/181 3179/632/213 3178/630/213
f 3183/632/214 3182/633/48 3181/630/214
f 3186/632/214 3185/634/48 3184/633/48
f 3189/634/48 3188/635/186 3187/633/48
f 3192/634/48 3191/636/186 3190/635/186
f 3195/636/185 3194/637/166 3193/635/185
f 3198/636/185 3197/638/166 3196/637/166
f 3201/638/166 3200/639/261 3199/637/166
f 3204/638/166 3203/640/261 3202/639/261
f 3207/640/192 3206/641/10 3205/639/192
f 3210/640/192 3209/642/10 3208/641/10
f 3213/642/10 3212/643/262 3211/641/10
f 3216/642/10 3215/644/262 3214/643/262
f 3219/644/263 3218/645/204 3217/643/263
f 3222/644/263 3221/646/204 3220/645/204
f 3225/646/204 3224/613/191 3223/645/204
f 3228/646/204 3227/611/191 3226/613/191
f 3231/647/247 3230/648/228 3229/649/247
f 3234/647/247 3233/650/228 3232/648/228
f 3237/650/228 3236/651/250 3235/648/228
f 3240/650/228 3239/652/250 3238/651/250
f 3243/652/264 3242/653/265 3241/651/264
f 3246/652/264 3245/654/265 3244/653/265
f 3249/654/265 3248/655/266 3247/653/265
f 3252/654/265 3251/656/266 3250/655/266
f 3255/656/225 3254/657/169 3253/655/225
f 3258/656/225 3257/658/169 3256/657/169
f 3261/658/169 3260/659/267 3259/657/169
f 3264/658/169 3263/660/267 3262/659/267
f 3267/660/268 3266/661/220 3265/659/268
f 3270/660/268 3269/662/220 3268/661/220
f 3273/662/220 3272/663/187 3271/661/220
f 3276/662/220 3275/664/187 3274/663/187
f 3279/664/269 3278/631/181 3277/663/269
f 3282/664/269 3281/629/181 3280/631/181
f 3285/247/90 3284/366/90 3283/246/90
f 3288/247/90 3287/367/90 3286/366/90
f 3291/369/49 3290/368/49 3289/370/49
f 3294/369/49 3293/371/49 3292/368/49
f 3297/379/51 3296/372/51 3295/381/51
f 3300/378/51 3299/379/51 3298/381/51
f 3303/378/51 3302/380/51 3301/379/51
f 3306/398/48 3305/399/48 3304/368/48
f 3309/398/48 3308/368/48 3307/371/48
f 3312/397/48 3311/398/48 3310/371/48
f 3315/396/48 3314/397/48 3313/371/48
f 3318/395/48 3317/396/48 3316/371/48
f 3321/395/48 3320/371/48 3319/372/48
f 3324/395/48 3323/372/48 3322/394/48
f 3327/393/48 3326/394/48 3325/372/48
f 3330/392/48 3329/393/48 3328/372/48
f 3333/390/48 3332/392/48 3331/372/48
f 3336/379/48 3335/390/48 3334/372/48
f 3339/380/48 3338/390/48 3337/379/48
f 3342/380/48 3341/391/48 3340/390/48
f 3345/313/90 3344/312/90 3343/311/90
f 3348/312/90 3347/308/90 3346/311/90
f 3351/308/90 3350/309/90 3349/311/90
f 3354/308/90 3353/310/90 3352/309/90
f 3357/318/90 3356/313/90 3355/317/90
f 3360/317/90 3359/315/90 3358/318/90
f 3363/314/90 3362/315/90 3361/317/90
f 3366/314/90 3365/316/90 3364/315/90
f 3369/457/243 3368/446/243 3367/448/243
f 3372/457/243 3371/486/243 3370/446/243
f 3375/458/243 3374/486/243 3373/457/243
f 3378/310/51 3377/320/270 3376/319/51
f 3381/310/51 3380/321/106 3379/320/106
f 3384/321/105 3383/322/102 3382/320/105
f 3387/321/105 3386/323/103 3385/322/103
f 3390/323/102 3389/324/101 3388/322/102
f 3393/323/102 3392/325/101 3391/324/101
f 3396/325/101 3395/326/99 3394/324/101
f 3399/325/110 3398/327/99 3397/326/99
f 3402/327/100 3401/328/96 3400/326/100
f 3405/327/100 3404/329/98 3403/328/98
f 3408/330/95 3407/328/96 3406/329/96
f 3411/330/95 3410/331/95 3409/328/96
f 3414/330/95 3413/332/94 3412/331/95
f 3417/330/95 3416/333/94 3415/332/94
f 3420/334/93 3419/332/94 3418/333/94
f 3423/334/93 3422/335/93 3421/332/94
f 3426/336/271 3425/335/92 3424/334/92
f 3429/336/49 3428/337/49 3427/335/92
f 3432/247/2 3431/366/2 3430/367/2
f 3435/247/2 3434/246/2 3433/366/2
f 3438/368/49 3437/369/49 3436/370/49
f 3441/368/49 3440/371/49 3439/369/49
f 3444/372/2 3443/373/2 3442/371/2
f 3447/374/2 3446/373/2 3445/372/2
f 3450/374/2 3449/375/2 3448/373/2
f 3453/375/2 3452/376/2 3451/373/2
f 3456/375/2 3455/377/2 3454/376/2
f 3459/378/51 3458/379/51 3457/380/51
f 3462/378/51 3461/381/51 3460/379/51
f 3465/379/51 3464/381/51 3463/372/51
f 3468/458/221 3467/457/221 3466/486/221
f 3471/457/221 3470/446/221 3469/486/221
f 3474/457/221 3473/448/221 3472/446/221
f 3477/380/48 3476/390/48 3475/391/48
f 3480/380/48 3479/379/48 3478/390/48
f 3483/379/48 3482/372/48 3481/390/48
f 3486/390/48 3485/372/48 3484/392/48
f 3489/392/48 3488/372/48 3487/393/48
f 3492/393/48 3491/372/48 3490/394/48
f 3495/372/48 3494/395/48 3493/394/48
f 3498/372/48 3497/371/48 3496/395/48
f 3501/395/48 3500/371/48 3499/396/48
f 3504/396/48 3503/371/48 3502/397/48
f 3507/397/48 3506/371/48 3505/398/48
f 3510/398/48 3509/371/48 3508/368/48
f 3513/398/48 3512/368/48 3511/399/48
f 3516/460/51 3515/461/51 3514/462/51
f 3519/460/51 3518/459/51 3517/461/51
f 3522/457/51 3521/459/51 3520/460/51
f 3525/457/51 3524/454/51 3523/459/51
f 3528/314/2 3527/315/2 3526/316/2
f 3531/314/2 3530/317/2 3529/315/2
f 3534/317/2 3533/318/2 3532/315/2
f 3537/318/2 3536/317/2 3535/313/2
f 3540/308/2 3539/309/2 3538/310/2
f 3543/308/2 3542/311/2 3541/309/2
f 3546/312/2 3545/311/2 3544/308/2
f 3549/313/2 3548/311/2 3547/312/2
f 3552/407/50 3551/665/50 3550/481/50
f 3555/407/50 3554/666/50 3553/665/50
f 3558/667/50 3557/405/50 3556/668/50
f 3561/667/50 3560/404/50 3559/405/50
f 3564/669/50 3563/404/50 3562/667/50
f 3567/669/50 3566/403/50 3565/404/50
f 3570/669/50 3569/407/50 3568/403/50
f 3573/669/50 3572/666/50 3571/407/50
f 3576/669/50 3575/407/50 3574/666/50
f 3579/407/50 3578/665/50 3577/666/50
f 3582/407/50 3581/481/50 3580/665/50
f 3585/669/50 3584/403/50 3583/407/50
f 3588/669/50 3587/404/50 3586/403/50
f 3591/669/50 3590/667/50 3589/404/50
f 3594/667/50 3593/405/50 3592/404/50
f 3597/667/50 3596/668/50 3595/405/50
f 3600/667/50 3599/405/50 3598/668/50
f 3603/667/50 3602/668/50 3601/405/50
f 3606/667/50 3605/405/50 3604/404/50
f 3609/669/50 3608/667/50 3607/404/50
f 3612/669/50 3611/404/50 3610/403/50
f 3615/669/50 3614/403/50 3613/407/50
f 3618/669/50 3617/407/50 3616/666/50
f 3621/669/50 3620/666/50 3619/407/50
f 3624/669/50 3623/407/50 3622/403/50
f 3627/669/50 3626/403/50 3625/404/50
f 3630/669/50 3629/404/50 3628/667/50
f 3633/667/50 3632/404/50 3631/405/50
f 3636/366/50 3635/406/144 3634/389/50
f 3639/406/144 3638/366/50 3637/409/50
f 3642/367/50 3641/409/50 3640/366/50
f 3645/367/50 3644/410/50 3643/409/50
f 3648/410/50 3647/367/50 3646/408/50
f 3651/367/50 3650/382/50 3649/408/50
f 3654/382/50 3653/383/50 3652/408/50
f 3657/408/50 3656/383/50 3655/384/50
f 3660/384/50 3659/385/50 3658/408/50
f 3663/385/50 3662/386/50 3661/408/50
f 3666/408/50 3665/386/50 3664/387/50
f 3669/402/272 3668/408/50 3667/387/50
f 3672/387/50 3671/388/50 3670/402/272
f 3675/388/50 3674/389/50 3673/402/272
f 3678/402/272 3677/389/50 3676/406/144
f 3681/405/119 3680/402/273 3679/406/274
f 3684/402/273 3683/405/119 3682/406/274
f 3687/402/275 3686/404/119 3685/405/119
f 3690/402/273 3689/403/276 3688/404/119
f 3693/402/273 3692/401/273 3691/403/276
f 3696/405/119 3695/404/119 3694/402/273
f 3699/330/50 3698/333/50 3697/401/272
f 3702/330/50 3701/401/272 3700/329/50
f 3705/401/273 3704/345/277 3703/403/276
f 3708/345/278 3707/401/272 3706/346/50
f 3711/401/272 3710/333/50 3709/346/50
f 3714/333/50 3713/334/50 3712/346/50
f 3717/336/50 3716/346/50 3715/334/50
f 3720/344/279 3719/403/279 3718/345/278
f 3723/341/119 3722/403/276 3721/344/276
f 3726/407/119 3725/403/279 3724/341/119
f 3729/445/280 3728/407/119 3727/341/119
f 3732/445/280 3731/481/280 3730/407/119
f 3735/414/281 3734/315/49 3733/318/281
f 3738/414/282 3737/318/282 3736/313/283
f 3741/414/282 3740/313/283 3739/413/283
f 3744/413/284 3743/313/284 3742/312/285
f 3747/413/284 3746/312/285 3745/412/285
f 3750/312/151 3749/400/50 3748/412/151
f 3753/408/50 3752/412/151 3751/400/50
f 3756/402/272 3755/408/50 3754/400/50
f 3759/402/272 3758/387/50 3757/408/50
f 3762/387/50 3761/402/272 3760/388/50
f 3765/388/50 3764/402/272 3763/389/50
f 3768/402/272 3767/406/144 3766/389/50
f 3771/366/50 3770/389/50 3769/406/144
f 3774/406/144 3773/409/50 3772/366/50
f 3777/367/50 3776/366/50 3775/409/50
f 3780/367/50 3779/409/50 3778/410/50
f 3783/410/50 3782/408/50 3781/367/50
f 3786/411/151 3785/408/50 3784/410/50
f 3789/411/151 3788/410/50 3787/424/151
f 3792/367/50 3791/408/50 3790/382/50
f 3795/382/50 3794/408/50 3793/383/50
f 3798/408/50 3797/384/50 3796/383/50
f 3801/384/50 3800/408/50 3799/385/50
f 3804/385/50 3803/408/50 3802/386/50
f 3807/408/50 3806/387/50 3805/386/50
f 3810/402/272 3809/400/50 3808/401/272
f 3813/329/50 3812/401/272 3811/400/50
f 3816/327/50 3815/329/50 3814/400/50
f 3819/325/50 3818/327/50 3817/400/50
f 3822/323/50 3821/325/50 3820/400/50
f 3825/321/50 3824/323/50 3823/400/50
f 3828/310/50 3827/321/50 3826/400/50
f 3831/308/50 3830/310/50 3829/400/50
f 3834/312/151 3833/308/50 3832/400/50
f 3837/411/151 3836/410/50 3835/408/50
f 3840/411/151 3839/424/151 3838/410/50
f 3843/423/286 3842/424/287 3841/411/287
f 3846/423/284 3845/411/287 3844/424/287
f 3849/423/284 3848/422/284 3847/411/285
f 3852/408/50 3851/411/151 3850/412/151
f 3855/413/284 3854/412/285 3853/411/285
f 3858/413/284 3857/411/287 3856/422/284
f 3861/414/282 3860/413/283 3859/422/283
f 3864/414/282 3863/422/283 3862/421/282
f 3867/421/281 3866/415/49 3865/414/281
f 3870/421/281 3869/417/49 3868/415/49
f 3873/425/281 3872/417/49 3871/421/281
f 3876/425/281 3875/419/49 3874/417/49
f 3879/308/50 3878/400/50 3877/310/50
f 3882/312/151 3881/400/50 3880/308/50
f 3885/312/151 3884/412/151 3883/400/50
f 3888/413/284 3887/412/285 3886/312/285
f 3891/422/284 3890/412/285 3889/413/284
f 3894/421/282 3893/422/283 3892/413/283
f 3897/425/282 3896/422/283 3895/421/282
f 3900/425/281 3899/421/281 3898/417/49
f 3903/425/281 3902/417/49 3901/419/49
f 3906/419/49 3905/417/49 3904/418/49
f 3909/419/49 3908/418/49 3907/420/49
f 3912/419/49 3911/420/49 3910/418/49
f 3915/419/49 3914/418/49 3913/417/49
f 3918/417/49 3917/418/49 3916/416/49
f 3921/417/49 3920/416/49 3919/415/49
f 3924/415/49 3923/416/49 3922/316/49
f 3927/415/49 3926/316/49 3925/315/49
f 3930/414/281 3929/415/49 3928/315/49
f 3933/417/49 3932/416/49 3931/418/49
f 3936/417/49 3935/415/49 3934/416/49
f 3939/421/281 3938/415/49 3937/417/49
f 3942/421/281 3941/414/281 3940/415/49
f 3945/421/282 3944/413/283 3943/414/282
f 3948/414/282 3947/413/283 3946/313/283
f 3951/413/284 3950/312/285 3949/313/284
f 3954/414/282 3953/313/283 3952/318/282
f 3957/414/281 3956/318/281 3955/315/49
f 3960/414/281 3959/315/49 3958/415/49
f 3963/315/49 3962/416/49 3961/415/49
f 3966/315/49 3965/316/49 3964/416/49
f 3969/425/282 3968/421/282 3967/422/283
f 3972/425/282 3971/422/283 3970/423/288
f 3975/425/282 3974/423/283 3973/422/283
f 3978/423/284 3977/411/285 3976/422/284
f 3981/422/284 3980/411/285 3979/412/285
f 3984/408/50 3983/412/151 3982/411/151
f 3987/408/50 3986/400/50 3985/412/151
f 3990/402/272 3989/400/50 3988/408/50
f 3993/402/272 3992/401/272 3991/400/50
f 3996/404/119 3995/401/273 3994/402/273
f 3999/404/119 3998/403/276 3997/401/273
f 4002/403/276 4001/345/277 4000/401/273
f 4005/344/276 4004/345/289 4003/403/276
f 4008/341/276 4007/344/276 4006/403/276
f 4011/407/279 4010/341/279 4009/403/279
f 4014/345/289 4013/346/50 4012/401/272
f 4017/336/50 4016/334/50 4015/346/50
f 4020/346/50 4019/334/50 4018/333/50
f 4023/401/272 4022/346/50 4021/333/50
f 4026/330/50 4025/401/272 4024/333/50
f 4029/330/50 4028/329/50 4027/401/272
f 4032/400/50 4031/401/272 4030/329/50
f 4035/327/50 4034/400/50 4033/329/50
f 4038/325/50 4037/400/50 4036/327/50
f 4041/323/50 4040/400/50 4039/325/50
f 4044/400/50 4043/323/50 4042/321/50
f 4047/310/50 4046/400/50 4045/321/50
f 4050/477/118 4049/480/49 4048/479/49
f 4053/477/118 4052/478/118 4051/480/49
f 4056/477/118 4055/475/50 4054/478/118
f 4059/477/118 4058/476/50 4057/475/50
f 4062/476/50 4061/474/119 4060/475/50
f 4065/476/50 4064/473/119 4063/474/119
f 4068/473/119 4067/472/51 4066/474/119
f 4071/473/119 4070/471/51 4069/472/51
f 4074/471/51 4073/470/121 4072/472/51
f 4077/471/51 4076/469/121 4075/470/121
f 4080/467/48 4079/470/121 4078/469/121
f 4083/467/48 4082/468/48 4081/470/121
f 4086/467/48 4085/463/116 4084/468/48
f 4089/467/48 4088/466/116 4087/463/116
f 4092/466/116 4091/464/290 4090/463/116
f 4095/466/116 4094/465/49 4093/464/49
f 4098/427/291 4097/426/291 4096/428/291
f 4101/427/291 4100/429/291 4099/426/291
f 4104/426/204 4103/442/204 4102/443/204
f 4107/426/204 4106/429/204 4105/442/204
f 4110/437/204 4109/442/204 4108/429/204
f 4113/437/204 4112/429/204 4111/434/204
f 4116/435/165 4115/434/165 4114/436/165
f 4119/435/166 4118/437/166 4117/434/166
f 4122/433/167 4121/438/167 4120/439/167
f 4125/433/167 4124/432/167 4123/438/167
f 4128/428/48 4127/440/48 4126/431/48
f 4131/428/48 4130/441/48 4129/440/48
f 4134/426/292 4133/427/292 4132/428/292
f 4137/426/292 4136/429/292 4135/427/292
f 4140/428/215 4139/430/215 4138/431/215
f 4143/428/215 4142/427/215 4141/430/215
f 4146/427/215 4145/432/215 4144/430/215
f 4149/427/215 4148/433/215 4147/432/215
f 4152/434/169 4151/442/169 4150/437/169
f 4155/434/169 4154/429/169 4153/442/169
f 4158/426/169 4157/442/169 4156/429/169
f 4161/426/169 4160/443/169 4159/442/169
f 4164/434/181 4163/435/181 4162/436/181
f 4167/434/181 4166/437/181 4165/435/181
f 4170/433/183 4169/438/183 4168/432/183
f 4173/433/182 4172/439/182 4171/438/182
f 4176/428/48 4175/440/48 4174/441/48
f 4179/428/48 4178/431/48 4177/440/48
f 4182/348/48 4181/349/121 4180/350/48
f 4185/348/48 4184/351/121 4183/349/121
f 4188/351/121 4187/352/51 4186/349/121
f 4191/351/121 4190/353/51 4189/352/51
f 4194/353/51 4193/354/119 4192/352/51
f 4197/353/51 4196/355/119 4195/354/119
f 4200/355/119 4199/356/50 4198/354/119
f 4203/355/119 4202/357/50 4201/356/50
f 4206/357/50 4205/358/118 4204/356/50
f 4209/357/50 4208/359/118 4207/358/118
f 4212/359/118 4211/360/293 4210/358/118
f 4215/359/118 4214/361/49 4213/360/49
f 4218/361/49 4217/362/116 4216/360/49
f 4221/361/49 4220/363/116 4219/362/116
f 4224/363/116 4223/364/216 4222/362/116
f 4227/363/116 4226/365/48 4225/364/48
f 4230/447/184 4229/446/184 4228/448/184
f 4233/447/254 4232/449/254 4231/446/254
f 4236/450/186 4235/451/186 4234/453/186
f 4239/450/185 4238/452/185 4237/451/185
f 4242/452/187 4241/455/187 4240/451/187
f 4245/452/187 4244/454/187 4243/455/187
f 4248/454/187 4247/456/187 4246/455/187
f 4251/458/50 4250/457/50 4249/486/50
f 4254/457/50 4253/446/50 4252/486/50
f 4257/457/50 4256/448/50 4255/446/50
f 4260/457/294 4259/456/294 4258/454/294
f 4263/457/294 4262/458/294 4261/456/294
f 4266/448/189 4265/449/189 4264/446/189
f 4269/448/189 4268/447/189 4267/449/189
f 4272/452/190 4271/453/190 4270/450/190
f 4275/452/191 4274/451/191 4273/453/191
f 4278/452/192 4277/455/192 4276/451/192
f 4281/452/192 4280/454/192 4279/455/192
f 4284/454/192 4283/456/192 4282/455/192
f 4287/460/51 4286/461/51 4285/462/51
f 4290/460/51 4289/459/51 4288/461/51
f 4293/457/51 4292/459/51 4291/460/51
f 4296/457/51 4295/454/51 4294/459/51
f 4299/454/295 4298/458/295 4297/456/295
f 4302/454/295 4301/457/295 4300/458/295
f 4305/454/49 4304/460/49 4303/457/49
f 4308/454/49 4307/459/49 4306/460/49
f 4311/460/49 4310/459/49 4309/461/49
f 4314/460/49 4313/461/49 4312/462/49
f 4317/454/169 4316/451/169 4315/452/169
f 4320/454/169 4319/455/169 4318/451/169
f 4323/454/169 4322/456/169 4321/455/169
f 4326/447/194 4325/446/194 4324/448/194
f 4329/447/194 4328/449/194 4327/446/194
f 4332/452/10 4331/453/10 4330/450/10
f 4335/452/10 4334/451/10 4333/453/10
f 4338/452/48 4337/455/48 4336/451/48
f 4341/452/48 4340/454/48 4339/455/48
f 4344/454/48 4343/456/48 4342/455/48
f 4347/458/215 4346/457/215 4345/486/215
f 4350/457/215 4349/446/215 4348/486/215
f 4353/457/215 4352/448/215 4351/446/215
f 4356/458/50 4355/457/50 4354/486/50
f 4359/448/50 4358/486/50 4357/457/50
f 4362/448/50 4361/446/50 4360/486/50
f 4365/454/296 4364/458/296 4363/456/296
f 4368/454/296 4367/457/296 4366/458/296
f 4371/454/49 4370/460/49 4369/457/49
f 4374/454/49 4373/459/49 4372/460/49
f 4377/460/49 4376/459/49 4375/461/49
f 4380/460/49 4379/461/49 4378/462/49
f 4383/460/51 4382/461/51 4381/462/51
f 4386/460/51 4385/459/51 4384/461/51
f 4389/457/51 4388/459/51 4387/460/51
f 4392/457/51 4391/454/51 4390/459/51
f 4395/479/51 4394/478/119 4393/480/51
f 4398/479/120 4397/477/119 4396/478/119
f 4401/477/119 4400/475/50 4399/478/119
f 4404/477/119 4403/476/50 4402/475/50
f 4407/473/118 4406/475/50 4405/476/50
f 4410/473/118 4409/474/118 4408/475/50
f 4413/473/118 4412/472/293 4411/474/118
f 4416/473/118 4415/471/49 4414/472/49
f 4419/471/49 4418/470/116 4417/472/49
f 4422/471/49 4421/469/116 4420/470/116
f 4425/469/116 4424/468/48 4423/470/116
f 4428/469/116 4427/467/48 4426/468/48
f 4431/467/48 4430/463/121 4429/468/48
f 4434/467/48 4433/466/121 4432/463/121
f 4437/465/51 4436/463/121 4435/466/121
f 4440/465/51 4439/464/197 4438/463/121
f 4443/454/264 4442/451/264 4441/452/264
f 4446/454/264 4445/455/264 4444/451/264
f 4449/454/264 4448/456/264 4447/455/264
f 4452/487/51 4451/488/297 4450/489/51
f 4455/487/51 4454/490/119 4453/488/119
f 4458/490/119 4457/491/50 4456/488/119
f 4461/490/298 4460/492/50 4459/491/50
f 4464/493/118 4463/491/50 4462/492/251
f 4467/493/118 4466/494/118 4465/491/50
f 4470/493/118 4469/495/49 4468/494/118
f 4473/493/118 4472/496/49 4471/495/49
f 4476/496/49 4475/497/116 4474/495/49
f 4479/496/49 4478/498/116 4477/497/116
f 4482/498/116 4481/499/48 4480/497/116
f 4485/498/116 4484/500/48 4483/499/48
f 4488/501/121 4487/499/48 4486/500/48
f 4491/501/121 4490/502/121 4489/499/48
f 4494/501/121 4493/503/51 4492/502/121
f 4497/501/121 4496/504/51 4495/503/51
f 4500/447/201 4499/446/201 4498/448/201
f 4503/447/201 4502/449/201 4501/446/201
f 4506/450/203 4505/451/203 4504/453/203
f 4509/450/202 4508/452/202 4507/451/202
f 4512/458/164 4511/457/164 4510/486/164
f 4515/448/164 4514/486/164 4513/457/164
f 4518/448/164 4517/446/164 4516/486/164
f 4521/457/299 4520/456/299 4519/454/299
f 4524/457/299 4523/458/299 4522/456/299
f 4527/448/206 4526/449/206 4525/446/206
f 4530/448/206 4529/447/206 4528/449/206
f 4533/452/208 4532/453/208 4531/450/208
f 4536/452/208 4535/451/208 4534/453/208
f 4539/454/300 4538/458/300 4537/456/300
f 4542/454/300 4541/457/300 4540/458/300
f 4545/448/212 4544/449/212 4543/447/212
f 4548/448/211 4547/446/211 4546/449/211
f 4551/450/214 4550/451/214 4549/452/214
f 4554/450/213 4553/453/213 4552/451/213
f 4557/454/192 4556/455/192 4555/456/192
f 4560/452/192 4559/455/192 4558/454/192
f 4563/452/192 4562/451/192 4561/455/192
f 4566/454/301 4565/458/301 4564/457/301
f 4569/454/301 4568/456/301 4567/458/301
f 4572/457/49 4571/459/49 4570/454/49
f 4575/457/49 4574/460/49 4573/459/49
f 4578/460/49 4577/461/49 4576/459/49
f 4581/460/49 4580/462/49 4579/461/49
f 4584/670/90 4583/671/90 4582/672/90
f 4587/670/90 4586/673/90 4585/671/90
f 4590/673/90 4589/674/90 4588/671/90
f 4593/673/90 4592/675/90 4591/674/90
f 4596/675/90 4595/676/90 4594/674/90
f 4599/675/90 4598/677/90 4597/676/90
f 4602/677/90 4601/678/90 4600/676/90
f 4605/677/90 4604/679/90 4603/678/90
f 4608/677/90 4607/678/90 4606/679/90
f 4611/677/90 4610/676/90 4609/678/90
f 4614/675/90 4613/676/90 4612/677/90
f 4617/675/90 4616/674/90 4615/676/90
f 4620/673/90 4619/674/90 4618/675/90
f 4623/673/90 4622/671/90 4621/674/90
f 4626/670/90 4625/671/90 4624/673/90
f 4629/670/90 4628/672/90 4627/671/90
f 4632/680/204 4631/672/90 4630/670/90
f 4635/680/204 4634/681/204 4633/672/90
f 4638/682/48 4637/681/204 4636/680/204
f 4641/682/48 4640/683/48 4639/681/204
f 4644/684/302 4643/683/48 4642/682/48
f 4647/684/302 4646/685/302 4645/683/48
f 4650/686/166 4649/685/303 4648/684/303
f 4653/686/166 4652/687/166 4651/685/303
f 4656/688/48 4655/687/166 4654/686/166
f 4659/688/48 4658/689/48 4657/687/166
f 4662/690/2 4661/691/169 4660/692/2
f 4665/690/2 4664/693/169 4663/691/169
f 4668/693/304 4667/694/305 4666/691/169
f 4671/693/169 4670/695/305 4669/694/305
f 4674/695/306 4673/696/181 4672/694/306
f 4677/695/306 4676/697/181 4675/696/181
f 4680/697/181 4679/689/48 4678/696/181
f 4683/697/181 4682/688/48 4681/689/48
f 4686/688/48 4685/687/166 4684/689/48
f 4689/688/48 4688/686/166 4687/687/166
f 4692/686/166 4691/685/303 4690/687/166
f 4695/686/166 4694/684/303 4693/685/303
f 4698/684/302 4697/683/48 4696/685/302
f 4701/684/302 4700/682/48 4699/683/48
f 4704/682/48 4703/681/204 4702/683/48
f 4707/682/48 4706/680/204 4705/681/204
f 4710/680/204 4709/672/90 4708/681/204
f 4713/680/204 4712/670/90 4711/672/90
f 4716/697/181 4715/689/48 4714/688/48
f 4719/697/181 4718/696/181 4717/689/48
f 4722/695/306 4721/696/181 4720/697/181
f 4725/695/306 4724/694/306 4723/696/181
f 4728/693/169 4727/694/305 4726/695/305
f 4731/693/169 4730/691/169 4729/694/305
f 4734/690/2 4733/691/169 4732/693/169
f 4737/690/2 4736/692/2 4735/691/169
f 4740/698/2 4739/692/2 4738/690/2
f 4743/698/2 4742/699/2 4741/692/2
f 4746/700/2 4745/699/2 4744/698/2
f 4749/700/2 4748/701/2 4747/699/2
f 4752/702/2 4751/701/2 4750/700/2
f 4755/702/2 4754/703/2 4753/701/2
f 4758/704/2 4757/703/2 4756/702/2
f 4761/704/2 4760/705/2 4759/703/2
f 4764/704/2 4763/703/2 4762/705/2
f 4767/704/2 4766/702/2 4765/703/2
f 4770/702/2 4769/701/2 4768/703/2
f 4773/702/2 4772/700/2 4771/701/2
f 4776/700/2 4775/699/2 4774/701/2
f 4779/700/2 4778/698/2 4777/699/2
f 4782/698/2 4781/692/2 4780/699/2
f 4785/698/2 4784/690/2 4783/692/2
f 4788/446/219 4787/447/219 4786/448/219
f 4791/446/219 4790/449/219 4789/447/219
f 4794/450/220 4793/451/220 4792/452/220
f 4797/450/220 4796/453/220 4795/451/220
f 4800/454/48 4799/455/48 4798/456/48
f 4803/452/48 4802/455/48 4801/454/48
f 4806/452/48 4805/451/48 4804/455/48
f 4809/454/307 4808/458/307 4807/457/307
f 4812/454/307 4811/456/307 4810/458/307
f 4815/457/49 4814/459/49 4813/454/49
f 4818/457/49 4817/460/49 4816/459/49
f 4821/460/49 4820/461/49 4819/459/49
f 4824/460/49 4823/462/49 4822/461/49
f 4827/448/223 4826/449/223 4825/447/223
f 4830/448/223 4829/446/223 4828/449/223
f 4833/453/225 4832/452/225 4831/450/225
f 4836/453/225 4835/451/225 4834/452/225
f 4839/454/187 4838/455/187 4837/456/187
f 4842/452/187 4841/455/187 4840/454/187
f 4845/452/187 4844/451/187 4843/455/187
f 4848/456/308 4847/457/308 4846/454/308
f 4851/456/308 4850/458/308 4849/457/308
f 4854/446/227 4853/447/227 4852/448/227
f 4857/446/227 4856/449/227 4855/447/227
f 4860/450/228 4859/451/228 4858/452/228
f 4863/450/228 4862/453/228 4861/451/228
f 4866/451/169 4865/454/169 4864/452/169
f 4869/451/169 4868/455/169 4867/454/169
f 4872/454/169 4871/455/169 4870/456/169
f 4875/460/51 4874/461/51 4873/462/51
f 4878/460/51 4877/459/51 4876/461/51
f 4881/457/51 4880/459/51 4879/460/51
f 4884/457/51 4883/454/51 4882/459/51
f 4887/454/309 4886/458/309 4885/457/309
f 4890/454/309 4889/456/309 4888/458/309
f 4893/457/49 4892/459/49 4891/454/49
f 4896/457/49 4895/460/49 4894/459/49
f 4899/460/49 4898/461/49 4897/459/49
f 4902/460/49 4901/462/49 4900/461/49
f 4905/446/230 4904/447/230 4903/448/230
f 4908/446/230 4907/449/230 4906/447/230
f 4911/453/231 4910/452/231 4909/450/231
f 4914/453/232 4913/451/232 4912/452/232
f 4917/451/264 4916/454/264 4915/452/264
f 4920/451/264 4919/455/264 4918/454/264
f 4923/454/264 4922/455/264 4921/456/264
f 4926/460/51 4925/461/51 4924/462/51
f 4929/460/51 4928/459/51 4927/461/51
f 4932/457/51 4931/459/51 4930/460/51
f 4935/457/51 4934/454/51 4933/459/51
f 4938/454/310 4937/458/310 4936/457/310
f 4941/454/310 4940/456/310 4939/458/310
f 4944/457/49 4943/459/49 4942/454/49
f 4947/457/49 4946/460/49 4945/459/49
f 4950/460/49 4949/461/49 4948/459/49
f 4953/460/49 4952/462/49 4951/461/49
f 4956/446/235 4955/447/235 4954/448/235
f 4959/446/235 4958/449/235 4957/447/235
f 4962/453/236 4961/452/236 4960/450/236
f 4965/453/237 4964/451/237 4963/452/237
f 4968/454/2 4967/455/2 4966/456/2
f 4971/452/2 4970/455/2 4969/454/2
f 4974/452/2 4973/451/2 4972/455/2
f 4977/454/311 4976/458/311 4975/457/311
f 4980/454/311 4979/456/311 4978/458/311
f 4983/457/49 4982/459/49 4981/454/49
f 4986/457/49 4985/460/49 4984/459/49
f 4989/460/49 4988/461/49 4987/459/49
f 4992/460/49 4991/462/49 4990/461/49
f 4995/505/90 4994/506/90 4993/508/90
f 4998/505/90 4997/507/90 4996/506/90
f 5001/509/2 5000/510/2 4999/512/2
f 5004/509/2 5003/511/2 5002/510/2
f 5007/511/49 5006/513/49 5005/510/49
f 5010/511/49 5009/516/49 5008/513/49
f 5013/513/49 5012/516/49 5011/515/49
f 5016/513/49 5015/515/49 5014/514/49
f 5019/706/49 5018/707/49 5017/708/49
f 5022/706/49 5021/709/49 5020/707/49
f 5025/706/49 5024/507/49 5023/709/49
f 5028/706/49 5027/505/49 5026/507/49
f 5031/527/236 5030/526/241 5029/528/236
f 5034/527/236 5033/525/241 5032/526/241
f 5037/525/241 5036/524/242 5035/526/241
f 5040/525/241 5039/523/240 5038/524/240
f 5043/523/240 5042/522/164 5041/524/240
f 5046/523/240 5045/521/164 5044/522/164
f 5049/521/164 5048/518/206 5047/522/164
f 5052/521/164 5051/520/206 5050/518/206
f 5055/517/239 5054/518/206 5053/520/206
f 5058/517/239 5057/519/239 5056/518/206
f 5061/545/250 5060/544/228 5059/546/250
f 5064/545/250 5063/543/228 5062/544/228
f 5067/543/228 5066/541/249 5065/544/228
f 5070/543/228 5069/542/249 5068/541/249
f 5073/539/247 5072/541/248 5071/542/248
f 5076/539/247 5075/540/247 5074/541/248
f 5079/539/247 5078/538/2 5077/540/247
f 5082/539/247 5081/537/2 5080/538/2
f 5085/537/2 5084/536/232 5083/538/2
f 5088/537/2 5087/535/232 5086/536/232
f 5091/535/232 5090/534/246 5089/536/232
f 5094/535/232 5093/533/246 5092/534/246
f 5097/533/245 5096/532/167 5095/534/245
f 5100/533/245 5099/531/167 5098/532/167
f 5103/531/167 5102/530/244 5101/532/167
f 5106/531/167 5105/529/244 5104/530/244
f 5109/529/243 5108/528/236 5107/530/243
f 5112/529/243 5111/527/236 5110/528/236
f 5115/710/51 5114/711/51 5113/712/51
f 5118/713/51 5117/714/51 5116/715/51
f 5121/713/51 5120/716/51 5119/714/51
f 5124/711/51 5123/716/51 5122/713/51
f 5127/711/51 5126/717/51 5125/716/51
f 5130/710/51 5129/717/51 5128/711/51
f 5133/718/51 5132/717/51 5131/710/51
f 5136/718/51 5135/710/51 5134/719/51
f 5139/719/51 5138/710/51 5137/712/51
f 5142/719/51 5141/712/51 5140/720/51
f 5145/721/51 5144/722/51 5143/723/51
f 5148/721/51 5147/724/51 5146/722/51
f 5151/725/51 5150/724/51 5149/721/51
f 5154/725/51 5153/726/51 5152/724/51
f 5157/727/51 5156/726/51 5155/725/51
f 5160/727/51 5159/728/51 5158/726/51
f 5163/729/51 5162/728/51 5161/727/51
f 5166/729/51 5165/727/51 5164/730/51
f 5169/731/51 5168/729/51 5167/730/51
f 5172/731/51 5171/730/51 5170/732/51
f 5175/733/51 5174/731/51 5173/732/51
f 5178/733/51 5177/734/51 5176/731/51
f 5181/735/51 5180/734/51 5179/733/51
f 5184/735/51 5183/736/51 5182/734/51
f 5187/737/51 5186/736/51 5185/735/51
f 5190/737/51 5189/735/51 5188/738/51
f 5193/715/51 5192/737/51 5191/738/51
f 5196/715/51 5195/714/51 5194/737/51
f 5199/730/49 5198/729/49 5197/731/49
f 5202/727/49 5201/729/49 5200/730/49
f 5205/727/49 5204/728/49 5203/729/49
f 5208/727/49 5207/726/49 5206/728/49
f 5211/727/49 5210/725/49 5209/726/49
f 5214/725/49 5213/724/49 5212/726/49
f 5217/725/49 5216/721/49 5215/724/49
f 5220/721/49 5219/722/49 5218/724/49
f 5223/721/49 5222/723/49 5221/722/49
f 5226/710/49 5225/712/49 5224/711/49
f 5229/719/49 5228/712/49 5227/710/49
f 5232/718/49 5231/719/49 5230/710/49
f 5235/718/49 5234/710/49 5233/717/49
f 5238/710/49 5237/711/49 5236/717/49
f 5241/711/49 5240/716/49 5239/717/49
f 5244/711/49 5243/713/49 5242/716/49
f 5247/713/49 5246/714/49 5245/716/49
f 5250/713/49 5249/715/49 5248/714/49
f 5253/715/49 5252/737/49 5251/714/49
f 5256/715/49 5255/738/49 5254/737/49
f 5259/735/49 5258/737/49 5257/738/49
f 5262/735/49 5261/736/49 5260/737/49
f 5265/735/49 5264/734/49 5263/736/49
f 5268/735/49 5267/733/49 5266/734/49
f 5271/733/49 5270/731/49 5269/734/49
f 5274/733/49 5273/732/49 5272/731/49
f 5277/730/49 5276/731/49 5275/732/49
f 5280/719/49 5279/720/49 5278/712/49
f 5283/573/90 5282/727/208 5281/730/90
f 5286/573/90 5285/575/208 5284/727/208
f 5289/575/208 5288/725/312 5287/727/208
f 5292/575/208 5291/576/312 5290/725/312
f 5295/576/313 5294/721/182 5293/725/313
f 5298/576/313 5297/577/182 5296/721/182
f 5301/578/260 5300/721/182 5299/577/182
f 5304/578/260 5303/723/260 5302/721/182
f 5307/579/314 5306/712/204 5305/720/314
f 5310/579/314 5309/580/204 5308/712/204
f 5313/580/204 5312/711/191 5311/712/204
f 5316/580/204 5315/581/191 5314/711/191
f 5319/582/315 5318/711/316 5317/581/316
f 5322/582/315 5321/713/315 5320/711/316
f 5325/582/315 5324/715/5 5323/713/315
f 5328/582/315 5327/583/5 5326/715/5
f 5331/583/5 5330/738/209 5329/715/5
f 5334/583/5 5333/584/209 5332/738/209
f 5337/584/256 5336/735/202 5335/738/256
f 5340/584/256 5339/585/202 5338/735/202
f 5343/585/202 5342/733/317 5341/735/202
f 5346/585/202 5345/586/317 5344/733/317
f 5349/586/318 5348/732/257 5347/733/318
f 5352/586/318 5351/574/257 5350/732/257
f 5355/574/257 5354/730/90 5353/732/257
f 5358/574/257 5357/573/90 5356/730/90
f 5361/282/49 5360/284/49 5359/283/49
f 5364/282/49 5363/285/49 5362/284/49
f 5367/286/49 5366/285/49 5365/282/49
f 5370/286/49 5369/282/49 5368/287/49
f 5373/288/49 5372/286/49 5371/287/49
f 5376/288/49 5375/287/49 5374/289/49
f 5379/290/49 5378/288/49 5377/289/49
f 5382/290/49 5381/291/49 5380/288/49
f 5385/292/49 5384/291/49 5383/290/49
f 5388/292/49 5387/290/49 5386/293/49
f 5391/294/49 5390/292/49 5389/293/49
f 5394/294/49 5393/293/49 5392/295/49
f 5397/297/49 5396/296/49 5395/298/49
f 5400/297/49 5399/299/49 5398/296/49
f 5403/297/49 5402/300/49 5401/299/49
f 5406/297/49 5405/301/49 5404/300/49
f 5409/301/49 5408/302/49 5407/300/49
f 5412/301/49 5411/303/49 5410/302/49
f 5415/301/49 5414/302/49 5413/303/49
f 5418/301/49 5417/300/49 5416/302/49
f 5421/297/49 5420/300/49 5419/301/49
f 5424/297/49 5423/299/49 5422/300/49
f 5427/296/49 5426/299/49 5425/297/49
f 5430/296/49 5429/297/49 5428/298/49
f 5433/304/49 5432/296/49 5431/298/49
f 5436/304/49 5435/305/49 5434/296/49
f 5439/306/49 5438/305/49 5437/304/49
f 5442/306/49 5441/304/49 5440/307/49
f 5445/283/49 5444/306/49 5443/307/49
f 5448/283/49 5447/284/49 5446/306/49
f 5451/293/49 5450/294/49 5449/295/49
f 5454/293/49 5453/292/49 5452/294/49
f 5457/290/49 5456/292/49 5455/293/49
f 5460/290/49 5459/291/49 5458/292/49
f 5463/290/49 5462/288/49 5461/291/49
f 5466/290/49 5465/289/49 5464/288/49
f 5469/287/49 5468/288/49 5467/289/49
f 5472/287/49 5471/286/49 5470/288/49
f 5475/282/49 5474/286/49 5473/287/49
f 5478/282/49 5477/285/49 5476/286/49
f 5481/282/49 5480/284/49 5479/285/49
f 5484/282/49 5483/283/49 5482/284/49
f 5487/307/49 5486/284/49 5485/283/49
f 5490/307/49 5489/306/49 5488/284/49
f 5493/307/49 5492/305/49 5491/306/49
f 5496/307/49 5495/304/49 5494/305/49
f 5499/304/49 5498/296/49 5497/305/49
f 5502/304/49 5501/298/49 5500/296/49
f 5505/363/116 5504/364/48 5503/365/48
f 5508/363/116 5507/362/116 5506/364/48
f 5511/361/49 5510/362/116 5509/363/116
f 5514/361/49 5513/360/49 5512/362/116
f 5517/359/118 5516/360/49 5515/361/49
f 5520/359/118 5519/358/118 5518/360/49
f 5523/357/50 5522/358/118 5521/359/118
f 5526/357/50 5525/356/50 5524/358/118
f 5529/355/119 5528/356/50 5527/357/50
f 5532/355/119 5531/354/119 5530/356/50
f 5535/353/51 5534/354/119 5533/355/119
f 5538/353/51 5537/352/51 5536/354/119
f 5541/351/121 5540/352/51 5539/353/51
f 5544/351/121 5543/349/121 5542/352/51
f 5547/348/48 5546/349/121 5545/351/121
f 5550/348/48 5549/350/48 5548/349/121
f 5553/245/50 5552/253/50 5551/254/50
f 5556/245/50 5555/252/50 5554/253/50
f 5559/245/50 5558/251/50 5557/252/50
f 5562/245/50 5561/250/50 5560/251/50
f 5565/245/50 5564/249/50 5563/250/50
f 5568/245/50 5567/248/50 5566/249/50
f 5571/245/50 5570/246/50 5569/248/50
f 5574/245/50 5573/247/50 5572/246/50
f 5577/537/49 5576/573/49 5575/574/49
f 5580/539/49 5579/573/49 5578/537/49
f 5583/539/49 5582/575/49 5581/573/49
f 5586/542/49 5585/575/49 5584/539/49
f 5589/542/49 5588/576/49 5587/575/49
f 5592/542/49 5591/577/49 5590/576/49
f 5595/542/49 5594/543/49 5593/577/49
f 5598/543/49 5597/578/49 5596/577/49
f 5601/543/49 5600/545/49 5599/578/49
f 5604/579/49 5603/517/49 5602/520/49
f 5607/579/49 5606/520/49 5605/521/49
f 5610/579/49 5609/521/49 5608/580/49
f 5613/523/49 5612/580/49 5611/521/49
f 5616/523/49 5615/581/49 5614/580/49
f 5619/525/49 5618/581/49 5617/523/49
f 5622/525/49 5621/582/49 5620/581/49
f 5625/527/49 5624/582/49 5623/525/49
f 5628/527/49 5627/583/49 5626/582/49
f 5631/527/49 5630/584/49 5629/583/49
f 5634/527/49 5633/529/49 5632/584/49
f 5637/529/49 5636/585/49 5635/584/49
f 5640/529/49 5639/531/49 5638/585/49
f 5643/533/49 5642/585/49 5641/531/49
f 5646/533/49 5645/586/49 5644/585/49
f 5649/533/49 5648/574/49 5647/586/49
f 5652/533/49 5651/535/49 5650/574/49
f 5655/537/49 5654/574/49 5653/535/49
f 5658/505/2 5657/506/2 5656/507/2
f 5661/505/2 5660/508/2 5659/506/2
f 5664/739/166 5663/740/48 5662/741/48
f 5667/742/319 5666/740/48 5665/739/166
f 5670/742/319 5669/743/48 5668/740/48
f 5673/744/48 5672/740/48 5671/743/48
f 5676/744/48 5675/745/48 5674/740/48
f 5679/744/48 5678/740/48 5677/745/48
f 5682/744/48 5681/743/48 5680/740/48
f 5685/742/320 5684/740/48 5683/743/48
f 5688/742/320 5687/739/181 5686/740/48
f 5691/739/181 5690/741/48 5689/740/48
f 5694/279/48 5693/280/48 5692/281/48
f 5697/279/48 5696/276/48 5695/280/48
f 5700/279/48 5699/278/48 5698/276/48
f 5703/278/48 5702/277/48 5701/276/48
f 5706/277/48 5705/273/48 5704/276/48
f 5709/273/48 5708/274/48 5707/276/48
f 5712/273/48 5711/275/48 5710/274/48
f 5715/282/206 5714/283/321 5713/548/321
f 5718/282/206 5717/548/321 5716/547/206
f 5721/287/164 5720/282/206 5719/547/206
f 5724/287/164 5723/547/206 5722/551/164
f 5727/289/240 5726/287/164 5725/551/164
f 5730/289/240 5729/551/164 5728/554/240
f 5733/290/241 5732/289/242 5731/554/242
f 5736/290/241 5735/554/242 5734/556/241
f 5739/293/236 5738/290/241 5737/556/241
f 5742/293/236 5741/556/241 5740/557/236
f 5745/560/243 5744/293/236 5743/557/236
f 5748/560/243 5747/295/243 5746/293/236
f 5751/564/322 5750/298/227 5749/562/227
f 5754/564/322 5753/297/322 5752/298/227
f 5757/565/189 5756/297/323 5755/564/323
f 5760/565/189 5759/301/189 5758/297/323
f 5763/565/189 5762/303/50 5761/301/189
f 5766/565/189 5765/567/50 5764/303/50
f 5769/565/223 5768/303/50 5767/567/50
f 5772/565/223 5771/301/223 5770/303/50
f 5775/297/324 5774/301/223 5773/565/223
f 5778/297/324 5777/565/223 5776/564/324
f 5781/298/201 5780/297/325 5779/564/325
f 5784/298/201 5783/564/325 5782/562/201
f 5787/304/326 5786/298/201 5785/562/201
f 5790/304/326 5789/562/201 5788/570/326
f 5793/307/219 5792/304/221 5791/570/221
f 5796/307/219 5795/570/221 5794/572/219
f 5799/283/321 5798/307/219 5797/572/219
f 5802/283/321 5801/572/219 5800/548/321
f 5805/557/235 5804/295/233 5803/560/233
f 5808/557/235 5807/293/235 5806/295/233
f 5811/556/327 5810/293/235 5809/557/235
f 5814/556/327 5813/290/327 5812/293/235
f 5817/554/254 5816/290/327 5815/556/327
f 5820/554/328 5819/289/328 5818/290/327
f 5823/554/184 5822/287/215 5821/289/184
f 5826/554/184 5825/551/215 5824/287/215
f 5829/551/215 5828/282/230 5827/287/215
f 5832/551/215 5831/547/230 5830/282/230
f 5835/547/230 5834/283/329 5833/282/230
f 5838/547/230 5837/548/329 5836/283/329
f 5841/548/329 5840/307/194 5839/283/329
f 5844/548/329 5843/572/194 5842/307/194
f 5847/570/217 5846/307/194 5845/572/194
f 5850/570/217 5849/304/217 5848/307/194
f 5853/562/330 5852/304/331 5851/570/331
f 5856/562/330 5855/298/330 5854/304/331
f 5859/559/49 5858/557/49 5857/560/49
f 5862/559/49 5861/558/49 5860/557/49
f 5865/555/49 5864/557/49 5863/558/49
f 5868/555/49 5867/556/49 5866/557/49
f 5871/555/49 5870/554/49 5869/556/49
f 5874/555/49 5873/553/49 5872/554/49
f 5877/553/49 5876/551/49 5875/554/49
f 5880/553/49 5879/552/49 5878/551/49
f 5883/550/49 5882/551/49 5881/552/49
f 5886/550/49 5885/547/49 5884/551/49
f 5889/549/49 5888/547/49 5887/550/49
f 5892/549/49 5891/548/49 5890/547/49
f 5895/571/49 5894/548/49 5893/549/49
f 5898/571/49 5897/572/49 5896/548/49
f 5901/571/49 5900/570/49 5899/572/49
f 5904/571/49 5903/569/49 5902/570/49
f 5907/569/49 5906/562/49 5905/570/49
f 5910/569/49 5909/563/49 5908/562/49
f 5913/561/49 5912/562/49 5911/563/49
f 5916/561/49 5915/564/49 5914/562/49
f 5919/561/49 5918/565/49 5917/564/49
f 5922/561/49 5921/566/49 5920/565/49
f 5925/566/49 5924/567/49 5923/565/49
f 5928/566/49 5927/568/49 5926/567/49
f 5931/566/49 5930/567/49 5929/568/49
f 5934/566/49 5933/565/49 5932/567/49
f 5937/561/49 5936/565/49 5935/566/49
f 5940/561/49 5939/564/49 5938/565/49
f 5943/562/49 5942/564/49 5941/561/49
f 5946/562/49 5945/561/49 5944/563/49
f 5949/569/49 5948/562/49 5947/563/49
f 5952/569/49 5951/570/49 5950/562/49
f 5955/572/49 5954/570/49 5953/569/49
f 5958/572/49 5957/569/49 5956/571/49
f 5961/549/49 5960/572/49 5959/571/49
f 5964/549/49 5963/548/49 5962/572/49
f 5967/550/49 5966/548/49 5965/549/49
f 5970/550/49 5969/547/49 5968/548/49
f 5973/551/49 5972/547/49 5971/550/49
f 5976/551/49 5975/550/49 5974/552/49
f 5979/553/49 5978/551/49 5977/552/49
f 5982/553/49 5981/554/49 5980/551/49
f 5985/555/49 5984/554/49 5983/553/49
f 5988/555/49 5987/556/49 5986/554/49
f 5991/557/49 5990/556/49 5989/555/49
f 5994/557/49 5993/555/49 5992/558/49
f 5997/559/49 5996/557/49 5995/558/49
f 6000/559/49 5999/560/49 5998/557/49
f 6003/582/49 6002/583/49 6001/527/49
f 6006/582/49 6005/527/49 6004/525/49
f 6009/581/49 6008/582/49 6007/525/49
f 6012/581/49 6011/525/49 6010/523/49
f 6015/580/49 6014/581/49 6013/523/49
f 6018/580/49 6017/523/49 6016/521/49
f 6021/579/49 6020/580/49 6019/521/49
f 6024/579/49 6023/521/49 6022/520/49
f 6027/579/49 6026/520/49 6025/517/49
f 6030/543/49 6029/578/49 6028/545/49
f 6033/543/49 6032/577/49 6031/578/49
f 6036/542/49 6035/577/49 6034/543/49
f 6039/542/49 6038/576/49 6037/577/49
f 6042/539/49 6041/576/49 6040/542/49
f 6045/539/49 6044/575/49 6043/576/49
f 6048/573/49 6047/575/49 6046/539/49
f 6051/573/49 6050/539/49 6049/537/49
f 6054/574/49 6053/573/49 6052/537/49
f 6057/574/49 6056/537/49 6055/535/49
f 6060/533/49 6059/574/49 6058/535/49
f 6063/533/49 6062/586/49 6061/574/49
f 6066/585/49 6065/586/49 6064/533/49
f 6069/585/49 6068/533/49 6067/531/49
f 6072/529/49 6071/585/49 6070/531/49
f 6075/529/49 6074/584/49 6073/585/49
f 6078/527/49 6077/584/49 6076/529/49
f 6081/527/49 6080/583/49 6079/584/49
f 6084/375/90 6083/376/90 6082/377/90
f 6087/375/90 6086/373/90 6085/376/90
f 6090/373/90 6089/375/90 6088/374/90
f 6093/373/90 6092/374/90 6091/372/90
f 6096/372/90 6095/371/90 6094/373/90
f 6099/746/1 6098/747/1 6097/748/1
f 6102/746/1 6101/749/1 6100/747/1
f 6105/750/1 6104/747/1 6103/751/1
f 6108/752/1 6107/747/1 6106/750/1
f 6111/748/1 6110/747/1 6109/752/1
f 6114/752/1 6113/753/1 6112/748/1
f 6117/754/1 6116/748/1 6115/753/1
f 6120/755/1 6119/748/1 6118/754/1
f 6123/754/1 6122/756/1 6121/755/1
f 6126/755/1 6125/756/1 6124/757/1
f 6129/756/1 6128/758/1 6127/757/1
f 6132/759/1 6131/758/1 6130/756/1
f 6135/758/1 6134/759/1 6133/760/1
f 6138/761/1 6137/762/1 6136/763/1
f 6141/764/1 6140/762/1 6139/761/1
f 6144/761/1 6143/765/1 6142/764/1
f 6147/764/1 6146/765/1 6145/766/1
f 6150/765/1 6149/767/1 6148/766/1
f 6153/765/332 6152/768/332 6151/767/332
f 6156/765/1 6155/769/1 6154/768/1
f 6159/769/1 6158/770/333 6157/768/1
f 6162/770/1 6161/771/1 6160/768/1
f 6165/771/1 6164/770/1 6163/772/1
f 6168/773/1 6167/772/1 6166/770/1
f 6171/774/1 6170/772/1 6169/773/1
f 6174/772/1 6173/774/1 6172/775/1
f 6177/775/1 6176/774/1 6175/776/1
f 6180/777/1 6179/775/1 6178/776/334
f 6183/778/1 6182/777/1 6181/776/1
f 6186/750/1 6185/777/1 6184/778/1
f 6189/750/1 6188/779/1 6187/777/1
f 6192/750/1 6191/751/1 6190/779/1
f 6195/779/1 6194/751/1 6193/780/1
f 6198/781/1 6197/776/1 6196/774/1
f 6201/766/1 6200/767/1 6199/782/1
f 6204/777/1 6203/779/1 6202/783/1
f 6207/784/335 6206/785/336 6205/786/337
f 6210/787/338 6209/785/339 6208/784/335
f 6213/787/340 6212/788/341 6211/785/336
f 6216/789/342 6215/788/343 6214/787/340
f 6219/789/344 6218/790/345 6217/788/343
f 6222/791/346 6221/790/345 6220/789/344
f 6225/791/346 6224/792/347 6223/790/345
f 6228/793/348 6227/792/348 6226/791/346
f 6231/793/348 6230/794/349 6229/792/348
f 6234/792/347 6233/794/349 6232/795/350
f 6237/794/349 6236/796/351 6235/795/350
f 6240/795/350 6239/796/352 6238/797/353
f 6243/796/351 6242/798/354 6241/797/353
f 6246/797/355 6245/798/354 6244/799/356
f 6249/798/354 6248/800/357 6247/799/356
f 6252/799/356 6251/800/357 6250/801/357
f 6255/800/358 6254/802/359 6253/801/360
f 6258/803/359 6257/802/359 6256/800/360
f 6261/804/361 6260/802/359 6259/803/359
f 6264/805/361 6263/802/359 6262/804/362
f 6267/805/362 6266/804/362 6265/806/363
f 6270/806/363 6269/804/362 6268/807/364
f 6273/806/365 6272/807/364 6271/808/366
f 6276/808/366 6275/807/364 6274/809/367
f 6279/808/366 6278/809/367 6277/810/368
f 6282/810/368 6281/809/367 6280/811/369
f 6285/810/368 6284/811/369 6283/812/370
f 6288/812/370 6287/811/369 6286/813/371
f 6291/812/370 6290/813/371 6289/814/372
f 6294/814/372 6293/813/371 6292/815/372
f 6297/816/373 6296/814/372 6295/815/372
f 6300/817/374 6299/814/372 6298/816/373
f 6303/818/375 6302/817/374 6301/816/373
f 6306/819/376 6305/817/374 6304/818/375
f 6309/2/377 6308/819/378 6307/818/375
f 6312/1/377 6311/819/378 6310/2/377
f 6315/820/379 6314/821/379 6313/822/380
f 6318/822/381 6317/821/379 6316/823/382
f 6321/824/383 6320/822/382 6319/823/382
f 6324/825/384 6323/822/382 6322/824/385
f 6327/826/386 6326/825/384 6325/824/387
f 6330/827/388 6329/825/384 6328/826/386
f 6333/828/389 6332/827/388 6331/826/386
f 6336/829/390 6335/827/388 6334/828/389
f 6339/830/391 6338/829/390 6337/828/389
f 6342/831/392 6341/829/390 6340/830/391
f 6345/832/393 6344/831/392 6343/830/391
f 6348/833/393 6347/831/392 6346/832/393
f 6351/833/394 6350/832/393 6349/834/395
f 6354/834/395 6353/832/394 6352/835/396
f 6357/834/395 6356/835/396 6355/836/397
f 6360/836/397 6359/835/396 6358/837/398
f 6363/837/398 6362/838/399 6361/836/400
f 6366/839/401 6365/838/402 6364/837/398
f 6369/840/403 6368/841/404 6367/842/405
f 6372/842/405 6371/841/406 6370/843/407
f 6375/841/404 6374/844/408 6373/843/409
f 6378/843/410 6377/844/411 6376/845/412
f 6381/844/411 6380/846/413 6379/845/414
f 6384/845/414 6383/846/413 6382/847/415
f 6387/846/416 6386/848/417 6385/847/415
f 6390/847/415 6389/848/418 6388/849/418
f 6393/848/417 6392/850/419 6391/849/417
f 6396/851/420 6395/850/419 6394/848/417
f 6399/851/420 6398/852/421 6397/850/419
f 6402/853/422 6401/852/421 6400/851/420
f 6405/853/423 6404/854/424 6403/852/421
f 6408/855/425 6407/854/424 6406/853/422
f 6411/855/425 6410/856/426 6409/854/427
f 6414/857/426 6413/856/426 6412/855/425
f 6417/857/426 6416/821/379 6415/856/426
f 6420/856/428 6419/821/379 6418/820/379
f 6423/858/49 6422/859/49 6421/860/49
f 6426/858/49 6425/861/49 6424/859/49
f 6429/859/49 6428/861/49 6427/862/49
f 6432/860/49 6431/863/49 6430/842/49
f 6435/858/49 6434/860/49 6433/842/49
f 6438/858/49 6437/842/49 6436/843/49
f 6441/845/49 6440/858/49 6439/843/49
f 6444/847/49 6443/858/49 6442/845/49
f 6447/849/49 6446/858/49 6445/847/49
f 6450/850/49 6449/858/49 6448/849/49
f 6453/852/49 6452/858/49 6451/850/49
f 6456/854/49 6455/858/49 6454/852/49
f 6459/856/49 6458/858/49 6457/854/49
f 6462/864/49 6461/858/49 6460/856/49
f 6465/820/49 6464/864/49 6463/856/49
f 6468/822/49 6467/864/49 6466/820/49
f 6471/825/49 6470/864/49 6469/822/49
f 6474/865/49 6473/864/49 6472/825/49
f 6477/825/49 6476/827/49 6475/865/49
f 6480/829/49 6479/865/49 6478/827/49
f 6483/831/49 6482/865/49 6481/829/49
f 6486/833/49 6485/865/49 6484/831/49
f 6489/834/49 6488/865/49 6487/833/49
f 6492/836/49 6491/865/49 6490/834/49
f 6495/838/49 6494/865/49 6493/836/49
f 6498/866/49 6497/865/49 6496/838/49
f 6501/867/49 6500/866/49 6499/838/49
f 6504/866/49 6503/868/49 6502/865/49
f 6507/869/49 6506/870/49 6505/871/49
f 6510/872/49 6509/870/49 6508/869/49
f 6513/861/49 6512/872/49 6511/869/49
f 6516/858/49 6515/872/49 6514/861/49
f 6519/858/49 6518/873/49 6517/872/49
f 6522/864/49 6521/873/49 6520/858/49
f 6525/864/49 6524/874/49 6523/873/49
f 6528/865/49 6527/874/49 6526/864/49
f 6531/865/49 6530/875/49 6529/874/49
f 6534/876/49 6533/875/49 6532/865/49
f 6537/868/49 6536/876/49 6535/865/49
f 6540/877/49 6539/876/49 6538/868/49
f 6543/872/49 6542/878/49 6541/870/49
f 6546/873/49 6545/878/49 6544/872/49
f 6549/873/49 6548/879/49 6547/878/49
f 6552/874/49 6551/879/49 6550/873/49
f 6555/874/49 6554/880/49 6553/879/49
f 6558/875/49 6557/880/49 6556/874/49
f 6561/881/51 6560/882/51 6559/883/51
f 6564/883/51 6563/882/51 6562/884/51
f 6567/883/51 6566/884/51 6565/885/51
f 6570/885/51 6569/884/51 6568/886/51
f 6573/884/51 6572/887/51 6571/886/51
f 6576/888/51 6575/887/51 6574/884/51
f 6579/884/51 6578/889/51 6577/888/51
f 6582/882/51 6581/889/51 6580/884/51
f 6585/890/51 6584/889/51 6583/882/51
f 6588/881/51 6587/890/51 6586/882/51
f 6591/891/51 6590/890/51 6589/881/51
f 6594/891/51 6593/892/51 6592/890/51
f 6597/893/51 6596/892/51 6595/891/51
f 6600/894/51 6599/893/51 6598/891/51
f 6603/895/51 6602/893/51 6601/894/51
f 6606/896/51 6605/894/51 6604/891/51
f 6609/892/51 6608/897/51 6607/890/51
f 6612/890/51 6611/897/51 6610/898/51
f 6615/898/51 6614/889/51 6613/890/51
f 6618/899/51 6617/896/51 6616/784/51
f 6621/891/51 6620/784/51 6619/896/51
f 6624/784/51 6623/891/51 6622/787/51
f 6627/787/51 6626/891/51 6625/789/51
f 6630/891/51 6629/791/51 6628/789/51
f 6633/891/51 6632/793/51 6631/791/51
f 6636/891/51 6635/794/51 6634/793/51
f 6639/891/51 6638/796/51 6637/794/51
f 6642/891/51 6641/798/51 6640/796/51
f 6645/891/51 6644/800/51 6643/798/51
f 6648/881/51 6647/800/51 6646/891/51
f 6651/881/51 6650/803/51 6649/800/51
f 6654/803/51 6653/881/51 6652/804/51
f 6657/804/51 6656/881/51 6655/807/51
f 6660/883/51 6659/807/51 6658/881/51
f 6663/883/51 6662/809/51 6661/807/51
f 6666/883/51 6665/811/51 6664/809/51
f 6669/883/51 6668/813/51 6667/811/51
f 6672/883/51 6671/815/51 6670/813/51
f 6675/883/51 6674/816/51 6673/815/51
f 6678/883/51 6677/818/51 6676/816/51
f 6681/883/51 6680/866/51 6679/818/51
f 6684/883/51 6683/885/51 6682/866/51
f 6687/866/51 6686/885/51 6685/868/51
f 6690/885/51 6689/877/51 6688/868/51
f 6693/2/51 6692/818/51 6691/866/51
f 6696/208/49 6695/210/49 6694/217/49
f 6699/216/49 6698/217/49 6697/210/49
f 6702/900/49 6701/217/49 6700/216/49
f 6705/214/49 6704/217/49 6703/900/49
f 6708/213/49 6707/217/49 6706/214/49
f 6711/212/49 6710/217/49 6709/213/49
f 6714/901/49 6713/217/49 6712/212/49
f 6717/218/49 6716/217/49 6715/901/49
f 6720/209/49 6719/218/49 6718/901/49
f 6723/209/49 6722/902/49 6721/218/49
f 6726/218/49 6725/902/49 6724/220/49
f 6729/902/49 6728/227/49 6727/220/49
f 6732/227/49 6731/226/49 6730/220/49
f 6735/226/49 6734/225/49 6733/220/49
f 6738/225/49 6737/903/49 6736/220/49
f 6741/903/49 6740/904/49 6739/220/49
f 6744/904/49 6743/222/49 6742/220/49
f 6747/222/49 6746/221/49 6745/220/49
f 6750/338/429 6749/340/97 6748/339/430
f 6753/346/98 6752/347/90 6751/336/90
f 6756/346/98 6755/338/431 6754/347/90
f 6759/346/96 6758/345/432 6757/338/429
f 6762/338/429 6761/345/432 6760/340/178
f 6765/344/94 6764/340/95 6763/345/433
f 6768/344/94 6767/342/94 6766/340/95
f 6771/341/434 6770/342/94 6769/344/94
f 6774/341/434 6773/343/434 6772/342/94
f 6777/905/435 6776/906/436 6775/907/435
f 6780/908/437 6779/906/437 6778/905/435
f 6783/909/438 6782/906/437 6781/908/437
f 6786/910/439 6785/906/437 6784/909/440
f 6789/911/441 6788/910/439 6787/909/442
f 6792/912/443 6791/910/439 6790/911/441
f 6795/913/444 6794/912/443 6793/911/441
f 6798/914/445 6797/912/446 6796/913/444
f 6801/915/447 6800/914/445 6799/913/444
f 6804/916/448 6803/914/445 6802/915/447
f 6807/917/449 6806/916/448 6805/915/447
f 6810/918/449 6809/916/448 6808/917/449
f 6813/917/449 6812/919/450 6811/918/449
f 6816/920/451 6815/919/450 6814/917/449
f 6819/920/451 6818/921/452 6817/919/450
f 6822/922/453 6821/921/452 6820/920/451
f 6825/922/454 6824/923/455 6823/921/456
f 6828/924/455 6827/923/455 6826/922/454
f 6831/925/49 6830/926/49 6829/927/49
f 6834/928/49 6833/926/49 6832/925/49
f 6837/928/49 6836/929/49 6835/926/49
f 6840/930/49 6839/931/49 6838/928/49
f 6843/931/49 6842/932/49 6841/928/49
f 6846/932/49 6845/933/49 6844/928/49
f 6849/928/49 6848/933/49 6847/934/49
f 6852/928/49 6851/934/49 6850/929/49
f 6855/934/49 6854/935/49 6853/929/49
f 6858/936/49 6857/937/49 6856/938/49
f 6861/939/49 6860/937/49 6859/936/49
f 6864/939/49 6863/925/49 6862/937/49
f 6867/928/49 6866/925/49 6865/939/49
f 6870/940/49 6869/928/49 6868/939/49
f 6873/941/49 6872/928/49 6871/940/49
f 6876/942/49 6875/941/49 6874/940/49
f 6879/943/49 6878/941/49 6877/942/49
f 6882/944/49 6881/943/49 6880/942/49
f 6885/945/49 6884/943/49 6883/944/49
f 6888/943/49 6887/945/49 6886/946/49
f 6891/946/49 6890/945/49 6889/947/49
f 6894/948/49 6893/943/49 6892/946/49
f 6897/944/49 6896/942/49 6895/949/49
f 6900/949/49 6899/942/49 6898/950/49
f 6903/942/49 6902/940/49 6901/950/49
f 6906/950/49 6905/940/49 6904/951/49
f 6909/940/49 6908/939/49 6907/951/49
f 6912/951/49 6911/939/49 6910/936/49
f 6915/923/49 6914/952/49 6913/948/49
f 6918/952/49 6917/943/49 6916/948/49
f 6921/952/49 6920/921/49 6919/943/49
f 6924/921/49 6923/919/49 6922/943/49
f 6927/919/49 6926/918/49 6925/943/49
f 6930/918/49 6929/916/49 6928/943/49
f 6933/916/49 6932/914/49 6931/943/49
f 6936/914/49 6935/953/49 6934/943/49
f 6939/910/49 6938/943/49 6937/953/49
f 6942/943/49 6941/910/49 6940/941/49
f 6945/910/49 6944/906/49 6943/941/49
f 6948/906/49 6947/907/49 6946/941/49
f 6951/907/49 6950/954/49 6949/941/49
f 6954/941/49 6953/954/49 6952/928/49
f 6957/954/49 6956/955/49 6955/928/49
f 6960/955/49 6959/956/49 6958/928/49
f 6963/956/49 6962/957/49 6961/928/49
f 6966/957/49 6965/930/49 6964/928/49
f 6969/246/49 6968/366/49 6967/389/123
f 6972/246/49 6971/389/123 6970/248/123
f 6975/388/124 6974/248/126 6973/389/126
f 6978/388/124 6977/249/124 6976/248/125
f 6981/387/127 6980/249/128 6979/388/128
f 6984/387/127 6983/250/127 6982/249/128
f 6987/386/132 6986/250/130 6985/387/130
f 6990/386/129 6989/251/129 6988/250/130
f 6993/386/132 6992/252/131 6991/251/132
f 6996/386/132 6995/385/131 6994/252/131
f 6999/385/134 6998/253/135 6997/252/134
f 7002/385/134 7001/384/135 7000/253/135
f 7005/383/136 7004/253/135 7003/384/135
f 7008/383/136 7007/254/136 7006/253/142
f 7011/383/136 7010/245/139 7009/254/136
f 7014/383/138 7013/382/137 7012/245/137
f 7017/382/140 7016/247/51 7015/245/140
f 7020/382/140 7019/367/51 7018/247/51
f 7023/940/51 7022/943/51 7021/942/51
f 7026/941/51 7025/943/51 7024/940/51
f 7029/943/51 7028/945/51 7027/942/51
f 7032/942/51 7031/945/51 7030/944/51
f 7035/949/51 7034/942/51 7033/944/51
f 7038/950/51 7037/942/51 7036/949/51
f 7041/951/51 7040/942/51 7039/950/51
f 7044/940/51 7043/942/51 7042/951/51
f 7047/951/51 7046/939/51 7045/940/51
f 7050/939/51 7049/941/51 7048/940/51
f 7053/928/51 7052/941/51 7051/939/51
f 7056/937/51 7055/928/51 7054/939/51
f 7059/925/51 7058/928/51 7057/937/51
f 7062/928/51 7061/925/51 7060/926/51
f 7065/926/51 7064/925/51 7063/927/51
f 7068/929/51 7067/928/51 7066/926/51
f 7071/937/51 7070/939/51 7069/938/51
f 7074/938/51 7073/939/51 7072/936/51
f 7077/936/51 7076/939/51 7075/951/51
f 7080/945/51 7079/946/51 7078/947/51
f 7083/945/51 7082/948/51 7081/946/51
f 7086/943/51 7085/948/51 7084/945/51
f 7089/943/51 7088/921/51 7087/948/51
f 7092/943/51 7091/919/51 7090/921/51
f 7095/943/51 7094/918/51 7093/919/51
f 7098/943/51 7097/916/51 7096/918/51
f 7101/943/51 7100/914/51 7099/916/51
f 7104/943/51 7103/912/51 7102/914/51
f 7107/943/51 7106/910/51 7105/912/51
f 7110/943/51 7109/941/51 7108/910/51
f 7113/906/51 7112/910/51 7111/941/51
f 7116/907/51 7115/906/51 7114/941/51
f 7119/941/51 7118/954/51 7117/907/51
f 7122/941/51 7121/928/51 7120/954/51
f 7125/928/51 7124/955/51 7123/954/51
f 7128/928/51 7127/956/51 7126/955/51
f 7131/928/51 7130/957/51 7129/956/51
f 7134/923/51 7133/948/51 7132/921/51
f 7137/928/51 7136/930/51 7135/957/51
f 7140/928/51 7139/931/51 7138/930/51
f 7143/928/51 7142/932/51 7141/931/51
f 7146/933/51 7145/932/51 7144/928/51
f 7149/934/51 7148/933/51 7147/928/51
f 7152/928/51 7151/929/51 7150/934/51
f 7155/935/51 7154/934/51 7153/929/51
f 7158/245/50 7157/246/50 7156/247/50
f 7161/245/50 7160/248/50 7159/246/50
f 7164/245/50 7163/249/50 7162/248/50
f 7167/245/50 7166/250/50 7165/249/50
f 7170/245/50 7169/251/50 7168/250/50
f 7173/245/50 7172/252/50 7171/251/50
f 7176/245/50 7175/253/50 7174/252/50
f 7179/245/50 7178/254/50 7177/253/50
f 7182/958/17 7181/959/17 7180/960/17
f 7185/961/17 7184/959/17 7183/958/17
f 7188/962/17 7187/961/17 7186/958/17
f 7191/963/17 7190/961/17 7189/962/17
f 7194/964/17 7193/963/17 7192/962/17
f 7197/960/17 7196/965/17 7195/966/17
f 7200/959/17 7199/965/17 7198/960/17
f 7203/959/17 7202/967/17 7201/965/17
f 7206/965/17 7205/967/17 7204/968/17
f 7209/969/17 7208/962/17 7207/970/17
f 7212/970/17 7211/962/17 7210/971/17
f 7215/962/17 7214/958/17 7213/971/17
f 7218/971/17 7217/958/17 7216/972/17
f 7221/972/17 7220/958/17 7219/960/17
f 7224/972/17 7223/960/17 7222/973/17
f 7227/973/17 7226/960/17 7225/966/17
f 7230/966/17 7229/974/17 7228/973/17
f 7233/966/17 7232/965/17 7231/974/17
f 7236/974/17 7235/965/17 7234/975/17
f 7239/975/17 7238/976/17 7237/974/17
f 7242/975/17 7241/977/17 7240/976/17
f 7245/973/17 7244/974/17 7243/978/17
f 7248/974/17 7247/979/17 7246/978/17
f 7251/980/17 7250/979/17 7249/974/17
f 7254/974/17 7253/976/17 7252/980/17
f 7257/978/17 7256/979/17 7255/981/17
f 7260/972/17 7259/973/17 7258/982/17
f 7263/982/17 7262/973/17 7261/983/17
f 7266/984/17 7265/764/17 7264/762/17
f 7269/985/17 7268/764/17 7267/984/17
f 7272/751/17 7271/779/17 7270/780/17
f 7275/750/17 7274/779/17 7273/751/17
f 7278/750/17 7277/777/17 7276/779/17
f 7281/750/17 7280/778/17 7279/777/17
f 7284/777/17 7283/778/17 7282/775/17
f 7287/778/17 7286/781/17 7285/775/17
f 7290/781/17 7289/774/17 7288/775/17
f 7293/775/17 7292/774/17 7291/772/17
f 7296/772/17 7295/774/17 7294/771/17
f 7299/771/17 7298/774/17 7297/770/17
f 7302/768/17 7301/771/17 7300/770/53
f 7305/769/17 7304/768/17 7303/770/17
f 7308/765/17 7307/768/17 7306/769/17
f 7311/765/18 7310/767/18 7309/768/18
f 7314/765/17 7313/766/17 7312/767/17
f 7317/765/17 7316/764/17 7315/766/17
f 7320/761/17 7319/764/17 7318/765/17
f 7323/762/17 7322/764/17 7321/761/17
f 7326/761/17 7325/763/17 7324/762/17
f 7329/773/17 7328/770/17 7327/774/17
f 7332/767/17 7331/766/17 7330/782/17
f 7335/746/17 7334/747/17 7333/749/17
f 7338/746/17 7337/748/17 7336/747/17
f 7341/747/17 7340/750/17 7339/751/17
f 7344/752/17 7343/750/17 7342/747/17
f 7347/747/17 7346/748/17 7345/752/17
f 7350/754/17 7349/752/17 7348/748/17
f 7353/755/17 7352/754/17 7351/748/17
f 7356/754/17 7355/755/17 7354/756/17
f 7359/756/17 7358/755/17 7357/757/17
f 7362/758/17 7361/756/17 7360/757/17
f 7365/759/17 7364/756/17 7363/758/17
f 7368/758/17 7367/760/17 7366/759/17
f 7371/273/48 7370/274/48 7369/275/48
f 7374/273/48 7373/276/48 7372/274/48
f 7377/277/48 7376/276/48 7375/273/48
f 7380/278/48 7379/276/48 7378/277/48
f 7383/279/48 7382/276/48 7381/278/48
f 7386/279/48 7385/280/48 7384/276/48
f 7389/279/48 7388/281/48 7387/280/48
f 7392/513/48 7391/514/48 7390/986/48
f 7395/513/48 7394/986/48 7393/987/48
f 7398/988/48 7397/513/48 7396/987/48
f 7401/988/48 7400/987/48 7399/989/48
f 7404/989/48 7403/990/48 7402/988/48
f 7407/513/48 7406/988/48 7405/510/48
f 7410/513/48 7409/986/48 7408/514/48
f 7413/513/48 7412/987/48 7411/986/48
f 7416/988/48 7415/987/48 7414/513/48
f 7419/988/48 7418/989/48 7417/987/48
f 7422/989/48 7421/988/48 7420/990/48
f 7425/989/48 7424/990/48 7423/991/48
f 7428/989/48 7427/991/48 7426/990/48
f 7431/989/48 7430/990/48 7429/991/48
f 7434/989/48 7433/988/48 7432/990/48
f 7437/988/48 7436/989/48 7435/987/48
f 7440/988/48 7439/987/48 7438/513/48
f 7443/513/48 7442/510/48 7441/988/48
f 7446/513/48 7445/510/48 7444/988/48
f 7449/989/48 7448/991/48 7447/990/48
f 7452/989/48 7451/990/48 7450/988/48
f 7455/988/48 7454/987/48 7453/989/48
f 7458/988/48 7457/513/48 7456/987/48
f 7461/513/48 7460/988/48 7459/510/48
f 7464/509/90 7463/510/90 7462/511/90
f 7467/509/90 7466/512/90 7465/510/90
f 7470/511/49 7469/513/49 7468/516/49
f 7473/511/49 7472/510/49 7471/513/49
f 7476/992/50 7475/993/50 7474/994/50
f 7479/992/50 7478/995/50 7477/993/50
f 7482/992/50 7481/994/50 7480/996/50
f 7485/996/50 7484/994/50 7483/997/50
f 7488/994/50 7487/998/50 7486/997/50
f 7491/994/50 7490/509/50 7489/998/50
f 7494/993/50 7493/509/50 7492/994/50
f 7497/993/50 7496/999/50 7495/509/50
f 7500/509/50 7499/999/50 7498/511/50
f 7503/999/50 7502/516/50 7501/511/50
f 7506/999/50 7505/1000/50 7504/516/50
f 7509/996/50 7508/997/50 7507/1001/50
f 7512/996/50 7511/997/50 7510/994/50
f 7515/996/50 7514/1001/50 7513/997/50
f 7518/996/50 7517/997/50 7516/1001/50
f 7521/996/50 7520/1001/50 7519/997/50
f 7524/996/50 7523/997/50 7522/994/50
f 7527/994/50 7526/997/50 7525/998/50
f 7530/994/50 7529/998/50 7528/509/50
f 7533/993/50 7532/994/50 7531/509/50
f 7536/993/50 7535/509/50 7534/999/50
f 7539/509/50 7538/511/50 7537/999/50
f 7542/999/50 7541/511/50 7540/516/50
f 7545/999/50 7544/516/50 7543/1000/50
f 7548/515/50 7547/1000/50 7546/516/50
f 7551/515/50 7550/1002/50 7549/1000/50
f 7554/1000/50 7553/1002/50 7552/1003/50
f 7557/1000/50 7556/1003/50 7555/1004/50
f 7560/992/50 7559/993/50 7558/995/50
f 7563/992/50 7562/994/50 7561/993/50
f 7566/992/50 7565/996/50 7564/994/50
f 7569/992/50 7568/1005/50 7567/996/50
f 7572/994/50 7571/998/50 7570/509/50
f 7575/994/50 7574/997/50 7573/998/50
f 7578/994/50 7577/998/50 7576/997/50
f 7581/996/50 7580/994/50 7579/997/50
f 7584/992/50 7583/994/50 7582/996/50
f 7587/992/50 7586/996/50 7585/1005/50
f 7590/992/50 7589/1005/50 7588/1006/50
f 7593/992/50 7592/1006/50 7591/1005/50
f 7596/992/50 7595/1007/50 7594/1006/50
f 7599/992/50 7598/1006/50 7597/1007/50
f 7602/994/50 7601/509/50 7600/998/50
f 7605/993/50 7604/509/50 7603/994/50
f 7608/992/50 7607/993/50 7606/994/50
f 7611/992/50 7610/995/50 7609/993/50
f 7614/999/50 7613/516/50 7612/1000/50
f 7617/999/50 7616/511/50 7615/516/50
f 7620/509/50 7619/511/50 7618/999/50
f 7623/993/50 7622/509/50 7621/999/50
f 7626/993/50 7625/994/50 7624/509/50
f 7629/992/50 7628/994/50 7627/993/50
f 7632/992/50 7631/996/50 7630/994/50
f 7635/992/50 7634/1005/50 7633/996/50
f 7638/992/50 7637/996/50 7636/1005/50
f 7641/992/50 7640/1005/50 7639/1006/50
f 7644/992/50 7643/1006/50 7642/1007/50
f 7647/992/50 7646/1006/50 7645/1005/50
f 7650/992/50 7649/1007/50 7648/1006/50
f 7653/992/50 7652/993/50 7651/995/50
f 7656/993/50 7655/999/50 7654/509/50
f 7659/509/50 7658/999/50 7657/511/50
f 7662/999/50 7661/516/50 7660/511/50
f 7665/999/50 7664/1000/50 7663/516/50
f 7668/1000/50 7667/515/50 7666/516/50
f 7671/1000/50 7670/1002/50 7669/515/50
f 7674/1000/50 7673/1003/50 7672/1002/50
f 7677/1000/50 7676/1004/50 7675/1003/50
f 7680/721/182 7679/723/260 7678/578/260
f 7683/721/182 7682/578/260 7681/577/182
f 7686/576/313 7685/721/182 7684/577/182
f 7689/576/313 7688/725/313 7687/721/182
f 7692/575/208 7691/725/312 7690/576/312
f 7695/575/208 7694/727/208 7693/725/312
f 7698/573/90 7697/727/208 7696/575/208
f 7701/573/90 7700/730/90 7699/727/208
f 7704/574/257 7703/730/90 7702/573/90
f 7707/574/257 7706/732/257 7705/730/90
f 7710/586/318 7709/732/257 7708/574/257
f 7713/586/318 7712/733/318 7711/732/257
f 7716/585/202 7715/733/317 7714/586/317
f 7719/585/202 7718/735/202 7717/733/317
f 7722/584/256 7721/735/202 7720/585/202
f 7725/584/256 7724/738/256 7723/735/202
f 7728/583/5 7727/738/209 7726/584/209
f 7731/583/5 7730/715/5 7729/738/209
f 7734/582/315 7733/715/5 7732/583/5
f 7737/582/315 7736/713/315 7735/715/5
f 7740/711/316 7739/713/315 7738/582/315
f 7743/711/316 7742/582/315 7741/581/316
f 7746/580/204 7745/711/191 7744/581/191
f 7749/580/204 7748/712/204 7747/711/191
f 7752/712/204 7751/580/204 7750/579/314
f 7755/712/204 7754/579/314 7753/720/314
f 7758/310/51 7757/319/51 7756/320/457
f 7761/310/51 7760/320/140 7759/321/140
f 7764/321/139 7763/320/139 7762/322/136
f 7767/321/139 7766/322/138 7765/323/138
f 7770/323/136 7769/322/136 7768/324/135
f 7773/323/136 7772/324/142 7771/325/142
f 7776/325/135 7775/324/135 7774/326/134
f 7779/325/135 7778/326/134 7777/327/134
f 7782/327/131 7781/326/131 7780/328/132
f 7785/327/131 7784/328/132 7783/329/132
f 7788/328/129 7787/330/130 7786/329/129
f 7791/328/129 7790/331/130 7789/330/130
f 7794/330/127 7793/331/127 7792/332/128
f 7797/330/127 7796/332/128 7795/333/128
f 7800/333/124 7799/332/124 7798/335/126
f 7803/333/124 7802/335/126 7801/334/458
f 7806/335/123 7805/336/49 7804/334/123
f 7809/335/123 7808/337/49 7807/336/49
f 7812/582/51 7811/583/51 7810/527/51
f 7815/582/51 7814/527/51 7813/525/51
f 7818/581/51 7817/582/51 7816/525/51
f 7821/581/51 7820/525/51 7819/523/51
f 7824/580/51 7823/581/51 7822/523/51
f 7827/580/51 7826/523/51 7825/521/51
f 7830/579/51 7829/580/51 7828/521/51
f 7833/579/51 7832/521/51 7831/520/51
f 7836/579/51 7835/520/51 7834/517/51
f 7839/543/51 7838/578/51 7837/545/51
f 7842/543/51 7841/577/51 7840/578/51
f 7845/542/51 7844/577/51 7843/543/51
f 7848/542/51 7847/576/51 7846/577/51
f 7851/575/51 7850/576/51 7849/542/51
f 7854/575/51 7853/542/51 7852/539/51
f 7857/573/51 7856/575/51 7855/539/51
f 7860/573/51 7859/539/51 7858/537/51
f 7863/574/51 7862/573/51 7861/537/51
f 7866/574/51 7865/537/51 7864/535/51
f 7869/533/51 7868/574/51 7867/535/51
f 7872/533/51 7871/586/51 7870/574/51
f 7875/585/51 7874/586/51 7873/533/51
f 7878/585/51 7877/533/51 7876/531/51
f 7881/529/51 7880/585/51 7879/531/51
f 7884/529/51 7883/584/51 7882/585/51
f 7887/527/51 7886/584/51 7885/529/51
f 7890/527/51 7889/583/51 7888/584/51
f 7893/338/459 7892/339/460 7891/340/130
f 7896/341/123 7895/444/49 7894/445/49
f 7899/341/123 7898/343/123 7897/444/49
f 7902/341/126 7901/342/124 7900/343/126
f 7905/341/126 7904/344/124 7903/342/124
f 7908/344/128 7907/340/127 7906/342/128
f 7911/344/128 7910/345/461 7909/340/127
f 7914/338/459 7913/340/130 7912/345/462
f 7917/346/129 7916/338/459 7915/345/462
f 7920/347/2 7919/338/463 7918/346/132
f 7923/347/2 7922/346/132 7921/336/2
f 7926/382/106 7925/247/51 7924/367/51
f 7929/382/106 7928/245/106 7927/247/51
f 7932/383/103 7931/245/105 7930/382/105
f 7935/383/102 7934/254/102 7933/245/105
f 7938/253/101 7937/254/102 7936/383/102
f 7941/253/101 7940/383/102 7939/384/101
f 7944/252/99 7943/253/101 7942/384/101
f 7947/252/464 7946/384/113 7945/385/464
f 7950/386/98 7949/252/100 7948/385/100
f 7953/386/465 7952/251/465 7951/252/100
f 7956/250/97 7955/251/96 7954/386/96
f 7959/250/97 7958/386/96 7957/387/97
f 7962/249/180 7961/250/95 7960/387/95
f 7965/249/180 7964/387/95 7963/388/180
f 7968/389/466 7967/249/94 7966/388/94
f 7971/389/93 7970/248/93 7969/249/94
f 7974/246/49 7973/248/92 7972/389/92
f 7977/246/49 7976/389/92 7975/366/49
f 7980/505/2 7979/506/2 7978/508/2
f 7983/505/2 7982/507/2 7981/506/2
f 7986/739/181 7985/740/48 7984/741/48
f 7989/742/320 7988/740/48 7987/739/181
f 7992/742/320 7991/743/48 7990/740/48
f 7995/744/48 7994/740/48 7993/743/48
f 7998/744/48 7997/745/48 7996/740/48
f 8001/744/48 8000/740/48 7999/745/48
f 8004/744/48 8003/743/48 8002/740/48
f 8007/742/319 8006/740/48 8005/743/48
f 8010/742/319 8009/739/166 8008/740/48
f 8013/739/166 8012/741/48 8011/740/48
f 8016/482/49 8015/429/49 8014/427/49
f 8019/482/49 8018/485/49 8017/429/49
f 8022/482/49 8021/483/49 8020/485/49
f 8025/482/49 8024/484/49 8023/483/49
f 8028/509/90 8027/510/90 8026/512/90
f 8031/509/90 8030/511/90 8029/510/90
f 8034/511/51 8033/513/51 8032/510/51
f 8037/511/51 8036/516/51 8035/513/51
f 8040/1008/48 8039/1009/48 8038/1010/48
f 8043/1011/48 8042/1009/48 8041/1008/48
f 8046/1012/48 8045/1009/48 8044/1011/48
f 8049/1011/48 8048/1013/48 8047/1012/48
f 8052/1013/48 8051/1014/48 8050/1012/48
f 8055/1012/48 8054/1014/48 8053/1015/48
f 8058/1015/48 8057/1016/48 8056/1012/48
f 8061/1012/48 8060/1016/48 8059/1009/48
f 8064/1009/48 8063/1016/48 8062/1017/48
f 8067/1010/48 8066/1009/48 8065/1017/48
f 8070/1018/48 8069/1013/48 8068/1011/48
f 8073/1017/48 8072/1016/48 8071/1019/48
f 8076/430/164 8075/428/164 8074/431/164
f 8079/430/164 8078/427/164 8077/428/164
f 8082/427/164 8081/430/164 8080/432/164
f 8085/427/164 8084/432/164 8083/433/164
f 8088/482/49 8087/483/49 8086/484/49
f 8091/482/49 8090/485/49 8089/483/49
f 8094/429/49 8093/485/49 8092/482/49
f 8097/429/49 8096/482/49 8095/427/49
f 8100/5/90 8099/4/90 8098/6/90
f 8103/7/90 8102/4/90 8101/5/90
f 8106/8/90 8105/7/90 8104/5/90
f 8109/9/90 8108/7/90 8107/8/90
f 8112/4/90 8111/10/90 8110/6/90
f 8115/6/90 8114/10/90 8113/11/90
f 8118/10/90 8117/12/90 8116/11/90
f 8121/11/90 8120/12/90 8119/13/90
f 8124/13/90 8123/14/90 8122/11/90
f 8127/11/90 8126/14/90 8125/15/90
f 8130/11/90 8129/15/90 8128/6/90
f 8133/6/90 8132/15/90 8131/16/90
f 8136/6/90 8135/16/90 8134/5/90
f 8139/5/90 8138/16/90 8137/17/90
f 8142/5/90 8141/17/90 8140/8/90
f 8145/8/90 8144/17/90 8143/18/90
f 8148/64/467 8147/39/468 8146/63/469
f 8151/63/469 8150/39/468 8149/62/470
f 8154/63/469 8153/62/471 8152/61/472
f 8157/61/472 8156/62/471 8155/60/473
f 8160/61/474 8159/60/473 8158/59/475
f 8163/59/475 8162/60/473 8161/58/476
f 8166/59/477 8165/58/478 8164/57/479
f 8169/57/479 8168/58/478 8167/56/480
f 8172/57/481 8171/56/482 8170/55/483
f 8175/55/483 8174/56/482 8173/54/484
f 8178/55/483 8177/54/485 8176/53/486
f 8181/53/486 8180/54/485 8179/50/487
f 8184/53/488 8183/50/487 8182/51/489
f 8187/51/489 8186/50/487 8185/52/490
f 8190/51/489 8189/52/491 8188/66/492
f 8193/66/492 8192/52/491 8191/67/492
f 8196/67/492 8195/52/491 8194/68/492
f 8199/68/492 8198/52/493 8197/69/489
f 8202/52/490 8201/50/487 8200/69/489
f 8205/69/489 8204/50/487 8203/70/488
f 8208/50/487 8207/54/485 8206/70/486
f 8211/70/486 8210/54/485 8209/71/483
f 8214/54/484 8213/56/482 8212/71/483
f 8217/71/483 8216/56/482 8215/72/481
f 8220/56/480 8219/58/478 8218/72/479
f 8223/72/479 8222/58/478 8221/73/477
f 8226/58/476 8225/60/473 8224/73/475
f 8229/73/475 8228/60/473 8227/74/474
f 8232/60/473 8231/62/471 8230/74/472
f 8235/74/472 8234/62/471 8233/75/469
f 8238/62/470 8237/39/468 8236/75/469
f 8241/75/469 8240/39/468 8239/40/467
f 8244/39/468 8243/41/1 8242/40/494
f 8247/40/494 8246/41/1 8245/42/1
f 8250/42/332 8249/41/332 8248/43/495
f 8253/43/495 8252/41/332 8251/19/495
f 8256/43/496 8255/19/496 8254/44/497
f 8259/44/497 8258/19/496 8257/20/497
f 8262/44/497 8261/20/497 8260/45/265
f 8265/45/265 8264/20/497 8263/23/265
f 8268/45/265 8267/23/265 8266/46/498
f 8271/46/498 8270/23/265 8269/25/498
f 8274/46/499 8273/25/499 8272/47/500
f 8277/47/500 8276/25/499 8275/27/500
f 8280/47/501 8279/27/501 8278/48/220
f 8283/48/220 8282/27/501 8281/29/220
f 8286/48/220 8285/29/220 8284/49/502
f 8289/49/502 8288/29/220 8287/31/502
f 8292/49/502 8291/31/502 8290/36/503
f 8295/36/503 8294/31/502 8293/33/503
f 8298/33/503 8297/32/502 8296/34/503
f 8301/31/502 8300/32/502 8299/33/503
f 8304/31/502 8303/30/220 8302/32/502
f 8307/29/220 8306/30/220 8305/31/502
f 8310/29/220 8309/28/501 8308/30/220
f 8313/27/501 8312/28/501 8311/29/220
f 8316/27/500 8315/26/499 8314/28/500
f 8319/25/499 8318/26/499 8317/27/500
f 8322/25/498 8321/24/265 8320/26/498
f 8325/23/265 8324/24/265 8323/25/498
f 8328/23/265 8327/22/497 8326/24/265
f 8331/20/497 8330/22/497 8329/23/265
f 8334/20/497 8333/21/496 8332/22/497
f 8337/19/496 8336/21/496 8335/20/497
f 8340/19/495 8339/65/504 8338/21/495
f 8343/41/332 8342/65/504 8341/19/495
f 8346/65/505 8345/41/1 8344/64/494
f 8349/64/494 8348/41/1 8347/39/468
f 8352/33/506 8351/35/507 8350/36/506
f 8355/37/507 8354/35/507 8353/33/506
f 8358/34/506 8357/37/507 8356/33/506
f 8361/38/507 8360/37/507 8359/34/506
f 8364/458/217 8363/457/217 8362/486/217
f 8367/457/217 8366/446/217 8365/486/217
f 8370/457/217 8369/448/217 8368/446/217
f 8373/124/1 8372/130/1 8371/123/1
f 8376/129/1 8375/130/1 8374/124/1
f 8379/126/1 8378/129/1 8377/124/1
f 8382/90/1 8381/129/1 8380/126/1
f 8385/88/1 8384/90/1 8383/126/1
f 8388/123/1 8387/121/1 8386/122/1
f 8391/130/1 8390/121/1 8389/123/1
f 8394/130/1 8393/84/1 8392/121/1
f 8397/121/1 8396/84/1 8395/86/1
f 8400/128/1 8399/126/1 8398/127/1
f 8403/127/1 8402/126/1 8401/125/1
f 8406/126/1 8405/124/1 8404/125/1
f 8409/125/1 8408/124/1 8407/115/1
f 8412/115/1 8411/124/1 8410/123/1
f 8415/115/1 8414/123/1 8413/117/1
f 8418/117/1 8417/123/1 8416/122/1
f 8421/122/1 8420/120/1 8419/117/1
f 8424/122/1 8423/121/1 8422/120/1
f 8427/120/1 8426/121/1 8425/119/1
f 8430/120/1 8429/119/1 8428/79/1
f 8433/79/1 8432/119/1 8431/77/1
f 8436/119/1 8435/100/1 8434/77/1
f 8439/115/1 8438/117/1 8437/116/1
f 8442/116/1 8441/117/1 8440/118/1
f 8445/117/1 8444/120/1 8443/131/1
f 8448/120/1 8447/79/1 8446/131/1
f 8451/131/1 8450/79/1 8449/82/1
f 8454/131/1 8453/82/1 8452/132/1
f 8457/135/50 8456/126/50 8455/128/50
f 8460/134/50 8459/126/50 8458/135/50
f 8463/134/50 8462/133/50 8461/126/50
f 8466/126/50 8465/133/50 8464/88/50
f 8469/460/49 8468/461/49 8467/462/49
f 8472/460/49 8471/459/49 8470/461/49
f 8475/457/49 8474/459/49 8473/460/49
f 8478/457/49 8477/454/49 8476/459/49
f 8481/181/1 8480/180/1 8479/155/1
f 8484/167/1 8483/180/1 8482/181/1
f 8487/167/1 8486/169/1 8485/180/1
f 8490/169/1 8489/170/1 8488/180/1
f 8493/170/1 8492/179/1 8491/180/333
f 8496/179/1 8495/170/1 8494/172/1
f 8499/177/332 8498/172/332 8497/170/332
f 8502/178/1 8501/172/1 8500/177/1
f 8505/172/1 8504/178/1 8503/171/1
f 8508/171/1 8507/178/1 8506/170/1
f 8511/168/1 8510/171/1 8509/170/1
f 8514/169/1 8513/168/334 8512/170/1
f 8517/167/1 8516/168/1 8515/169/1
f 8520/167/1 8519/155/1 8518/168/1
f 8523/177/332 8522/170/332 8521/178/332
f 8526/154/1 8525/181/1 8524/156/1
f 8529/167/1 8528/181/1 8527/154/1
f 8532/158/1 8531/167/1 8530/154/1
f 8535/159/1 8534/167/1 8533/158/1
f 8538/158/1 8537/157/1 8536/159/1
f 8541/160/1 8540/159/1 8539/157/1
f 8544/161/1 8543/160/1 8542/157/1
f 8547/160/1 8546/161/1 8545/162/1
f 8550/162/1 8549/161/1 8548/163/1
f 8553/161/1 8552/162/1 8551/163/1
f 8556/164/1 8555/162/1 8554/161/1
f 8559/161/1 8558/157/1 8557/164/1
f 8562/165/1 8561/164/1 8560/157/1
f 8565/157/1 8564/166/1 8563/165/1
f 8568/165/1 8567/166/1 8566/167/1
f 8571/167/1 8570/166/1 8569/154/1
f 8574/167/1 8573/154/1 8572/155/1
f 8577/155/1 8576/154/1 8575/156/1
f 8580/174/1 8579/166/1 8578/157/1
f 8583/173/1 8582/166/1 8581/174/1
f 8586/175/1 8585/158/1 8584/176/1
f 8589/175/1 8588/157/1 8587/158/1
f 8592/458/221 8591/457/221 8590/486/221
f 8595/457/221 8594/446/221 8593/486/221
f 8598/457/221 8597/448/221 8596/446/221
f 8601/1020/508 8600/1021/508 8599/1022/48
f 8604/1021/508 8603/1023/48 8602/1022/48
f 8607/1023/48 8606/1024/48 8605/1022/48
f 8610/1022/48 8609/1024/48 8608/1025/48
f 8613/1022/48 8612/1021/509 8611/1020/509
f 8616/1023/48 8615/1021/509 8614/1022/48
f 8619/1024/48 8618/1023/48 8617/1022/48
f 8622/1025/48 8621/1024/48 8620/1022/48
f 8625/1026/509 8624/1027/48 8623/1028/509
f 8628/1026/509 8627/1029/48 8626/1027/48
f 8631/1026/508 8630/1027/48 8629/1029/48
f 8634/1026/508 8633/1028/508 8632/1027/48
f 8637/454/204 8636/451/204 8635/452/204
f 8640/454/204 8639/455/204 8638/451/204
f 8643/454/204 8642/456/204 8641/455/204
f 8646/1030/510 8645/1031/50 8644/1032/510
f 8649/1030/510 8648/1033/50 8647/1031/50
f 8652/1030/511 8651/1031/50 8650/1033/50
f 8655/1030/511 8654/1032/511 8653/1031/50
f 8658/460/49 8657/461/49 8656/462/49
f 8661/460/49 8660/459/49 8659/461/49
f 8664/457/49 8663/459/49 8662/460/49
f 8667/457/49 8666/454/49 8665/459/49
f 8670/1026/508 8669/1027/48 8668/1028/508
f 8673/1026/508 8672/1029/48 8671/1027/48
f 8676/1026/509 8675/1027/48 8674/1029/48
f 8679/1026/509 8678/1028/509 8677/1027/48
f 8682/1026/49 8681/1023/49 8680/1021/49
f 8685/1026/49 8684/1029/49 8683/1023/49
f 8688/1023/49 8687/1029/49 8686/1026/49
f 8691/1023/49 8690/1026/49 8689/1021/49
f 8694/454/209 8693/451/209 8692/452/209
f 8697/454/209 8696/455/209 8695/451/209
f 8700/454/209 8699/456/209 8698/455/209
f 8703/1030/511 8702/1031/50 8701/1032/511
f 8706/1030/511 8705/1033/50 8704/1031/50
f 8709/1030/510 8708/1031/50 8707/1033/50
f 8712/1030/510 8711/1032/510 8710/1031/50
f 8715/1030/49 8714/1027/49 8713/1028/49
f 8718/1030/49 8717/1033/49 8716/1027/49
f 8721/1027/49 8720/1033/49 8719/1030/49
f 8724/1027/49 8723/1030/49 8722/1028/49
f 8727/458/243 8726/457/243 8725/486/243
f 8730/457/243 8729/446/243 8728/486/243
f 8733/457/243 8732/448/243 8731/446/243
f 8736/1009/48 8735/1010/48 8734/1017/48
f 8739/1008/48 8738/1010/48 8737/1009/48
f 8742/1009/48 8741/1011/48 8740/1008/48
f 8745/1012/48 8744/1011/48 8743/1009/48
f 8748/1013/48 8747/1011/48 8746/1012/48
f 8751/1013/48 8750/1012/48 8749/1014/48
f 8754/1014/48 8753/1012/48 8752/1015/48
f 8757/1015/48 8756/1012/48 8755/1016/48
f 8760/1016/48 8759/1012/48 8758/1009/48
f 8763/1009/48 8762/1017/48 8761/1016/48
f 8766/1016/48 8765/1017/48 8764/1019/48
f 8769/1018/48 8768/1011/48 8767/1013/48
f 8772/1034/49 8771/1035/49 8770/1036/49
f 8775/1037/49 8774/1035/49 8773/1034/49
f 8778/1037/49 8777/1038/49 8776/1035/49
f 8781/1039/49 8780/1038/49 8779/1037/49
f 8784/1039/49 8783/1037/49 8782/1040/49
f 8787/1041/49 8786/1039/49 8785/1040/49
f 8790/1041/49 8789/1040/49 8788/1042/49
f 8793/1043/49 8792/1041/49 8791/1042/49
f 8796/1043/49 8795/1042/49 8794/1044/49
f 8799/1045/49 8798/1043/49 8797/1044/49
f 8802/1045/49 8801/1046/49 8800/1043/49
f 8805/1047/49 8804/1046/49 8803/1045/49
f 8808/1047/49 8807/1048/49 8806/1046/49
f 8811/1049/49 8810/1048/49 8809/1047/49
f 8814/1049/49 8813/1050/49 8812/1048/49
f 8817/1051/49 8816/1050/49 8815/1049/49
f 8820/1051/49 8819/1049/49 8818/1052/49
f 8823/1053/49 8822/1051/49 8821/1052/49
f 8826/1053/49 8825/1052/49 8824/1054/49
f 8829/1055/49 8828/1053/49 8827/1054/49
f 8832/1055/49 8831/1054/49 8830/1056/49
f 8835/1057/49 8834/1055/49 8833/1056/49
f 8838/1057/49 8837/1056/49 8836/1058/49
f 8841/1059/49 8840/1057/49 8839/1058/49
f 8844/1059/49 8843/1060/49 8842/1057/49
f 8847/1061/49 8846/1060/49 8845/1059/49
f 8850/1061/49 8849/1062/49 8848/1060/49
f 8853/1063/49 8852/1062/49 8851/1061/49
f 8856/1063/49 8855/1064/49 8854/1062/49
f 8859/1065/49 8858/1064/49 8857/1063/49
f 8862/1066/49 8861/1067/49 8860/1068/49
f 8865/1069/49 8864/1066/49 8863/1068/49
f 8868/1069/49 8867/1070/49 8866/1066/49
f 8871/1071/49 8870/1070/49 8869/1069/49
f 8874/1071/49 8873/1072/49 8872/1070/49
f 8877/1073/49 8876/1072/49 8875/1071/49
f 8880/1073/49 8879/1071/49 8878/1074/49
f 8883/1075/49 8882/1073/49 8881/1074/49
f 8886/1075/49 8885/1074/49 8884/1076/49
f 8889/1077/49 8888/1075/49 8887/1076/49
f 8892/1077/49 8891/1076/49 8890/1078/49
f 8895/1079/49 8894/1077/49 8893/1078/49
f 8898/1079/49 8897/1080/49 8896/1077/49
f 8901/1081/49 8900/1080/49 8899/1079/49
f 8904/1081/49 8903/1082/49 8902/1080/49
f 8907/1036/49 8906/1082/49 8905/1081/49
f 8910/1036/49 8909/1081/49 8908/1083/49
f 8913/1034/49 8912/1036/49 8911/1083/49
f 8916/1079/49 8915/1078/49 8914/1077/49
f 8919/1076/49 8918/1077/49 8917/1078/49
f 8922/1076/49 8921/1075/49 8920/1077/49
f 8925/1074/49 8924/1075/49 8923/1076/49
f 8928/1074/49 8927/1073/49 8926/1075/49
f 8931/1071/49 8930/1073/49 8929/1074/49
f 8934/1071/49 8933/1072/49 8932/1073/49
f 8937/1071/49 8936/1070/49 8935/1072/49
f 8940/1071/49 8939/1069/49 8938/1070/49
f 8943/1068/49 8942/1070/49 8941/1069/49
f 8946/1068/49 8945/1066/49 8944/1070/49
f 8949/1067/49 8948/1066/49 8947/1068/49
f 8952/1067/49 8951/1084/49 8950/1066/49
f 8955/1085/49 8954/1084/49 8953/1067/49
f 8958/1085/49 8957/1086/49 8956/1084/49
f 8961/1084/49 8960/1086/49 8959/1085/49
f 8964/1084/49 8963/1085/49 8962/1067/49
f 8967/1066/49 8966/1084/49 8965/1067/49
f 8970/460/49 8969/461/49 8968/462/49
f 8973/460/49 8972/459/49 8971/461/49
f 8976/457/49 8975/459/49 8974/460/49
f 8979/457/49 8978/454/49 8977/459/49
f 8982/549/512 8981/1087/513 8980/1088/512
f 8985/549/512 8984/550/513 8983/1087/513
f 8988/550/263 8987/1089/204 8986/1087/263
f 8991/550/263 8990/552/204 8989/1089/204
f 8994/552/204 8993/1090/191 8992/1089/204
f 8997/552/204 8996/553/191 8995/1090/191
f 9000/553/316 8999/1091/315 8998/1090/316
f 9003/553/316 9002/555/315 9001/1091/315
f 9006/555/514 9005/1092/5 9004/1091/514
f 9009/555/315 9008/558/5 9007/1092/5
f 9012/559/209 9011/1092/5 9010/558/5
f 9015/559/209 9014/1093/209 9013/1092/5
f 9018/561/306 9017/1094/181 9016/563/181
f 9021/561/306 9020/1095/306 9019/1094/181
f 9024/566/213 9023/1095/305 9022/561/305
f 9027/566/213 9026/1096/213 9025/1095/305
f 9030/568/48 9029/1096/213 9028/566/213
f 9033/568/48 9032/1097/48 9031/1096/213
f 9036/568/48 9035/1096/185 9034/1097/48
f 9039/568/48 9038/566/185 9037/1096/185
f 9042/566/185 9041/1095/302 9040/1096/185
f 9045/566/185 9044/561/302 9043/1095/302
f 9048/561/303 9047/1094/166 9046/1095/303
f 9051/561/303 9050/563/166 9049/1094/166
f 9054/563/166 9053/1098/261 9052/1094/166
f 9057/563/166 9056/569/261 9055/1098/261
f 9060/569/192 9059/1099/10 9058/1098/192
f 9063/569/192 9062/571/10 9061/1099/10
f 9066/571/10 9065/1088/512 9064/1099/10
f 9069/571/10 9068/549/512 9067/1088/512
f 9072/558/265 9071/1093/264 9070/559/264
f 9075/558/265 9074/1092/265 9073/1093/264
f 9078/555/515 9077/1092/265 9076/558/265
f 9081/555/515 9080/1091/515 9079/1092/265
f 9084/1090/224 9083/1091/515 9082/555/515
f 9087/1090/224 9086/555/515 9085/553/224
f 9090/1089/169 9089/1090/225 9088/553/225
f 9093/1089/169 9092/553/225 9091/552/169
f 9096/1087/267 9095/1089/169 9094/552/169
f 9099/1087/267 9098/552/169 9097/550/267
f 9102/1088/516 9101/1087/517 9100/550/517
f 9105/1088/516 9104/550/517 9103/549/516
f 9108/1099/220 9107/1088/516 9106/549/516
f 9111/1099/220 9110/549/516 9109/571/220
f 9114/1098/187 9113/1099/220 9112/571/220
f 9117/1098/187 9116/571/220 9115/569/187
f 9120/1094/181 9119/1098/269 9118/569/269
f 9123/1094/181 9122/569/269 9121/563/181
f 9126/457/221 9125/446/221 9124/448/221
f 9129/457/221 9128/486/221 9127/446/221
f 9132/458/221 9131/486/221 9130/457/221
f 9135/527/235 9134/526/327 9133/528/235
f 9138/527/235 9137/525/327 9136/526/327
f 9141/525/327 9140/524/328 9139/526/327
f 9144/525/327 9143/523/328 9142/524/328
f 9147/523/184 9146/522/215 9145/524/184
f 9150/523/184 9149/521/215 9148/522/215
f 9153/521/215 9152/518/230 9151/522/215
f 9156/521/215 9155/520/230 9154/518/230
f 9159/517/518 9158/518/230 9157/520/230
f 9162/517/518 9161/519/518 9160/518/230
f 9165/543/202 9164/546/256 9163/545/256
f 9168/543/202 9167/544/202 9166/546/256
f 9171/542/317 9170/544/202 9169/543/202
f 9174/542/317 9173/541/317 9172/544/202
f 9177/539/257 9176/541/318 9175/542/318
f 9180/539/257 9179/540/257 9178/541/318
f 9183/539/257 9182/538/90 9181/540/257
f 9186/539/257 9185/537/90 9184/538/90
f 9189/537/90 9188/536/208 9187/538/90
f 9192/537/90 9191/535/208 9190/536/208
f 9195/535/208 9194/534/312 9193/536/208
f 9198/535/208 9197/533/312 9196/534/312
f 9201/531/182 9200/534/313 9199/533/313
f 9204/531/182 9203/532/182 9202/534/313
f 9207/529/260 9206/532/182 9205/531/182
f 9210/529/260 9209/530/260 9208/532/182
f 9213/529/233 9212/528/235 9211/530/233
f 9216/529/233 9215/527/235 9214/528/235
f 9219/1056/236 9218/1054/243 9217/1100/243
f 9222/1056/236 9221/1100/243 9220/1101/236
f 9225/1058/241 9224/1056/236 9223/1101/236
f 9228/1058/241 9227/1101/236 9226/1102/241
f 9231/1059/240 9230/1058/241 9229/1102/241
f 9234/1059/240 9233/1102/241 9232/1103/240
f 9237/1104/164 9236/1059/240 9235/1103/240
f 9240/1104/164 9239/1061/164 9238/1059/240
f 9243/1063/519 9242/1061/164 9241/1104/164
f 9246/1063/519 9245/1104/164 9244/1105/519
f 9249/1037/264 9248/1034/265 9247/1106/265
f 9252/1037/264 9251/1106/265 9250/1107/264
f 9255/1040/228 9254/1037/250 9253/1107/250
f 9258/1040/228 9257/1107/250 9256/1108/228
f 9261/1042/249 9260/1040/228 9259/1108/228
f 9264/1042/249 9263/1108/228 9262/1109/249
f 9267/1110/247 9266/1042/248 9265/1109/248
f 9270/1110/247 9269/1044/247 9268/1042/248
f 9273/1111/2 9272/1044/247 9271/1110/247
f 9276/1111/2 9275/1045/2 9274/1044/247
f 9279/1047/231 9278/1045/2 9277/1111/2
f 9282/1047/232 9281/1111/2 9280/1112/232
f 9285/1113/246 9284/1047/232 9283/1112/232
f 9288/1113/246 9287/1049/246 9286/1047/232
f 9291/1052/167 9290/1049/245 9289/1113/245
f 9294/1052/167 9293/1113/245 9292/1114/167
f 9297/1054/244 9296/1052/167 9295/1114/167
f 9300/1054/244 9299/1114/167 9298/1100/244
f 9303/1115/181 9302/1068/306 9301/1116/306
f 9306/1115/181 9305/1069/181 9304/1068/306
f 9309/1117/269 9308/1069/520 9307/1115/520
f 9312/1117/269 9311/1071/269 9310/1069/520
f 9315/1074/220 9314/1071/187 9313/1117/187
f 9318/1074/220 9317/1117/187 9316/1118/220
f 9321/1119/516 9320/1074/220 9319/1118/220
f 9324/1119/516 9323/1076/516 9322/1074/220
f 9327/1120/517 9326/1076/516 9325/1119/516
f 9330/1120/517 9329/1078/517 9328/1076/516
f 9333/1079/169 9332/1078/267 9331/1120/267
f 9336/1079/169 9335/1120/267 9334/1121/169
f 9339/1122/225 9338/1079/169 9337/1121/169
f 9342/1122/225 9341/1081/225 9340/1079/169
f 9345/1123/515 9344/1081/224 9343/1122/224
f 9348/1123/515 9347/1083/515 9346/1081/266
f 9351/1106/265 9350/1083/515 9349/1123/515
f 9354/1106/265 9353/1034/265 9352/1083/515
f 9357/1120/513 9356/1076/512 9355/1078/513
f 9360/1120/513 9359/1119/512 9358/1076/512
f 9363/1119/512 9362/1074/10 9361/1076/512
f 9366/1119/512 9365/1118/10 9364/1074/10
f 9369/1117/192 9368/1074/10 9367/1118/10
f 9372/1117/192 9371/1071/192 9370/1074/10
f 9375/1117/261 9374/1069/165 9373/1071/261
f 9378/1117/261 9377/1115/165 9376/1069/165
f 9381/1115/166 9380/1068/303 9379/1069/166
f 9384/1115/166 9383/1116/303 9382/1068/303
f 9387/1116/302 9386/1067/185 9385/1068/302
f 9390/1116/302 9389/1124/185 9388/1067/185
f 9393/1124/185 9392/1085/48 9391/1067/185
f 9396/1124/185 9395/1125/48 9394/1085/48
f 9399/1124/213 9398/1085/48 9397/1125/48
f 9402/1124/213 9401/1067/213 9400/1085/48
f 9405/1116/305 9404/1067/213 9403/1124/213
f 9408/1116/305 9407/1068/305 9406/1067/213
f 9411/466/121 9410/464/51 9409/465/51
f 9414/466/121 9413/463/121 9412/464/51
f 9417/467/48 9416/463/121 9415/466/121
f 9420/467/48 9419/468/48 9418/463/121
f 9423/470/116 9422/468/48 9421/467/48
f 9426/470/116 9425/467/48 9424/469/116
f 9429/471/49 9428/470/116 9427/469/116
f 9432/471/49 9431/472/290 9430/470/116
f 9435/473/118 9434/472/49 9433/471/49
f 9438/473/118 9437/474/118 9436/472/49
f 9441/476/50 9440/474/118 9439/473/521
f 9444/476/50 9443/475/50 9442/474/118
f 9447/477/119 9446/475/50 9445/476/50
f 9450/477/119 9449/478/119 9448/475/50
f 9453/480/197 9452/478/119 9451/477/119
f 9456/480/51 9455/477/119 9454/479/51
f 9459/1111/90 9458/1044/257 9457/1045/90
f 9462/1111/90 9461/1110/257 9460/1044/257
f 9465/1110/257 9464/1042/318 9463/1044/257
f 9468/1110/257 9467/1109/318 9466/1042/318
f 9471/1109/317 9470/1040/202 9469/1042/317
f 9474/1109/317 9473/1108/202 9472/1040/202
f 9477/1108/202 9476/1037/256 9475/1040/202
f 9480/1108/202 9479/1107/256 9478/1037/256
f 9483/1106/5 9482/1037/209 9481/1107/209
f 9486/1106/5 9485/1034/5 9484/1037/209
f 9489/1123/315 9488/1034/5 9487/1106/5
f 9492/1123/315 9491/1083/315 9490/1034/5
f 9495/1122/190 9494/1083/315 9493/1123/315
f 9498/1122/316 9497/1081/316 9496/1083/315
f 9501/1122/191 9500/1079/204 9499/1081/191
f 9504/1122/191 9503/1121/204 9502/1079/204
f 9507/1120/263 9506/1079/204 9505/1121/204
f 9510/1120/263 9509/1078/263 9508/1079/204
f 9513/501/121 9512/503/51 9511/504/51
f 9516/501/121 9515/502/121 9514/503/51
f 9519/499/48 9518/502/121 9517/501/121
f 9522/499/48 9521/501/121 9520/500/48
f 9525/498/116 9524/499/48 9523/500/48
f 9528/498/116 9527/497/116 9526/499/48
f 9531/496/49 9530/497/116 9529/498/116
f 9534/496/49 9533/495/49 9532/497/116
f 9537/493/118 9536/495/49 9535/496/49
f 9540/493/118 9539/494/118 9538/495/49
f 9543/491/50 9542/494/118 9541/493/118
f 9546/491/50 9545/493/118 9544/492/50
f 9549/490/119 9548/491/50 9547/492/50
f 9552/490/119 9551/488/119 9550/491/50
f 9555/487/51 9554/488/119 9553/490/119
f 9558/487/51 9557/489/51 9556/488/119
f 9561/457/50 9560/446/50 9559/448/50
f 9564/457/50 9563/486/50 9562/446/50
f 9567/458/50 9566/486/50 9565/457/50
f 9570/1105/522 9569/1061/215 9568/1063/522
f 9573/1105/522 9572/1104/215 9571/1061/215
f 9576/1104/215 9575/1059/184 9574/1061/215
f 9579/1104/215 9578/1103/184 9577/1059/184
f 9582/1103/328 9581/1058/327 9580/1059/328
f 9585/1103/328 9584/1102/327 9583/1058/327
f 9588/1102/327 9587/1056/235 9586/1058/327
f 9591/1102/327 9590/1101/235 9589/1056/235
f 9594/1100/233 9593/1056/235 9592/1101/235
f 9597/1100/233 9596/1054/233 9595/1056/235
f 9600/1114/182 9599/1054/260 9598/1100/260
f 9603/1114/182 9602/1052/182 9601/1054/260
f 9606/1113/313 9605/1052/182 9604/1114/182
f 9609/1113/313 9608/1049/313 9607/1052/182
f 9612/1113/312 9611/1047/208 9610/1049/312
f 9615/1113/312 9614/1112/208 9613/1047/208
f 9618/1111/90 9617/1047/259 9616/1112/259
f 9621/1111/90 9620/1045/90 9619/1047/259
f 9624/458/217 9623/486/217 9622/457/217
f 9627/486/217 9626/448/217 9625/457/217
f 9630/486/217 9629/446/217 9628/448/217
f 9633/1126/49 9632/1127/49 9631/1128/49
f 9636/1129/49 9635/1126/49 9634/1128/49
f 9639/1129/49 9638/1130/49 9637/1126/49
f 9642/1131/49 9641/1130/49 9640/1129/49
f 9645/1131/49 9644/1129/49 9643/1132/49
f 9648/1133/49 9647/1131/49 9646/1132/49
f 9651/1133/49 9650/1132/49 9649/1134/49
f 9654/1135/49 9653/1133/49 9652/1134/49
f 9657/1135/49 9656/1136/49 9655/1133/49
f 9660/1137/49 9659/1136/49 9658/1135/49
f 9663/1137/49 9662/1135/49 9661/1138/49
f 9666/1139/49 9665/1137/49 9664/1138/49
f 9669/1139/49 9668/1138/49 9667/1140/49
f 9672/1141/49 9671/1139/49 9670/1140/49
f 9675/1141/49 9674/1140/49 9673/1142/49
f 9678/1142/49 9677/1143/49 9676/1141/49
f 9681/1142/49 9680/1144/49 9679/1143/49
f 9684/1145/49 9683/1146/49 9682/1147/49
f 9687/1145/49 9686/1148/49 9685/1146/49
f 9690/1149/49 9689/1148/49 9688/1145/49
f 9693/1149/49 9692/1145/49 9691/1150/49
f 9696/1150/49 9695/1151/49 9694/1149/49
f 9699/1150/49 9698/1152/49 9697/1151/49
f 9702/1150/49 9701/1153/49 9700/1152/49
f 9705/1154/49 9704/1153/49 9703/1150/49
f 9708/1154/49 9707/1155/49 9706/1153/49
f 9711/1156/49 9710/1155/49 9709/1154/49
f 9714/1156/49 9713/1157/49 9712/1155/49
f 9717/1158/49 9716/1157/49 9715/1156/49
f 9720/1158/49 9719/1156/49 9718/1159/49
f 9723/1160/49 9722/1158/49 9721/1159/49
f 9726/1160/49 9725/1161/49 9724/1158/49
f 9729/1162/49 9728/1161/49 9727/1160/49
f 9732/1162/49 9731/1160/49 9730/1127/49
f 9735/1126/49 9734/1162/49 9733/1127/49
f 9738/1163/49 9737/1164/49 9736/1165/49
f 9741/1163/49 9740/1166/49 9739/1164/49
f 9744/1167/49 9743/1164/49 9742/1166/49
f 9747/1167/49 9746/1168/49 9745/1164/49
f 9750/1167/49 9749/1169/49 9748/1168/49
f 9753/1167/49 9752/1170/49 9751/1169/49
f 9756/1171/49 9755/1169/49 9754/1170/49
f 9759/1171/49 9758/1172/49 9757/1169/49
f 9762/1169/49 9761/1172/49 9760/1171/49
f 9765/1169/49 9764/1171/49 9763/1170/49
f 9768/1167/49 9767/1169/49 9766/1170/49
f 9771/1167/49 9770/1168/49 9769/1169/49
f 9774/1164/49 9773/1168/49 9772/1167/49
f 9777/1164/49 9776/1167/49 9775/1166/49
f 9780/1163/49 9779/1164/49 9778/1166/49
f 9783/1163/49 9782/1165/49 9781/1164/49
f 9786/1146/49 9785/1165/49 9784/1163/49
f 9789/1146/49 9788/1163/49 9787/1147/49
f 9792/460/49 9791/454/49 9790/457/49
f 9795/460/49 9794/459/49 9793/454/49
f 9798/460/49 9797/461/49 9796/459/49
f 9801/460/49 9800/462/49 9799/461/49
f 9804/727/51 9803/728/51 9802/729/51
f 9807/725/51 9806/728/51 9805/727/51
f 9810/725/51 9809/726/51 9808/728/51
f 9813/725/51 9812/724/51 9811/726/51
f 9816/725/51 9815/721/51 9814/724/51
f 9819/721/51 9818/722/51 9817/724/51
f 9822/721/51 9821/723/51 9820/722/51
f 9825/718/51 9824/720/51 9823/712/51
f 9828/712/51 9827/717/51 9826/718/51
f 9831/712/51 9830/711/51 9829/717/51
f 9834/711/51 9833/716/51 9832/717/51
f 9837/711/51 9836/713/51 9835/716/51
f 9840/713/51 9839/714/51 9838/716/51
f 9843/713/51 9842/715/51 9841/714/51
f 9846/715/51 9845/737/51 9844/714/51
f 9849/715/51 9848/738/51 9847/737/51
f 9852/735/51 9851/737/51 9850/738/51
f 9855/735/51 9854/736/51 9853/737/51
f 9858/733/51 9857/736/51 9856/735/51
f 9861/733/51 9860/734/51 9859/736/51
f 9864/733/51 9863/731/51 9862/734/51
f 9867/733/51 9866/732/51 9865/731/51
f 9870/730/51 9869/731/51 9868/732/51
f 9873/730/51 9872/729/51 9871/731/51
f 9876/727/51 9875/729/51 9874/730/51
f 9879/457/215 9878/446/215 9877/448/215
f 9882/457/215 9881/486/215 9880/446/215
f 9885/458/215 9884/486/215 9883/457/215
f 9888/1052/51 9887/1053/51 9886/1054/51
f 9891/1054/51 9890/1053/51 9889/1055/51
f 9894/1054/51 9893/1055/51 9892/1056/51
f 9897/1056/51 9896/1055/51 9895/1057/51
f 9900/1056/51 9899/1057/51 9898/1058/51
f 9903/1059/51 9902/1058/51 9901/1057/51
f 9906/1059/51 9905/1057/51 9904/1060/51
f 9909/1061/51 9908/1059/51 9907/1060/51
f 9912/1061/51 9911/1060/51 9910/1062/51
f 9915/1063/51 9914/1061/51 9913/1062/51
f 9918/1063/51 9917/1062/51 9916/1064/51
f 9921/1065/51 9920/1063/51 9919/1064/51
f 9924/1034/51 9923/1036/51 9922/1035/51
f 9927/1037/51 9926/1034/51 9925/1035/51
f 9930/1037/51 9929/1035/51 9928/1038/51
f 9933/1037/51 9932/1038/51 9931/1039/51
f 9936/1037/51 9935/1039/51 9934/1040/51
f 9939/1040/51 9938/1039/51 9937/1041/51
f 9942/1040/51 9941/1041/51 9940/1042/51
f 9945/1042/51 9944/1041/51 9943/1043/51
f 9948/1042/51 9947/1043/51 9946/1044/51
f 9951/1045/51 9950/1044/51 9949/1043/51
f 9954/1045/51 9953/1043/51 9952/1046/51
f 9957/1047/51 9956/1045/51 9955/1046/51
f 9960/1047/51 9959/1046/51 9958/1048/51
f 9963/1049/51 9962/1047/51 9961/1048/51
f 9966/1049/51 9965/1048/51 9964/1050/51
f 9969/1049/51 9968/1050/51 9967/1051/51
f 9972/1049/51 9971/1051/51 9970/1052/51
f 9975/1052/51 9974/1051/51 9973/1053/51
f 9978/1067/51 9977/1066/51 9976/1068/51
f 9981/1069/51 9980/1068/51 9979/1066/51
f 9984/1069/51 9983/1066/51 9982/1070/51
f 9987/1071/51 9986/1069/51 9985/1070/51
f 9990/1071/51 9989/1070/51 9988/1072/51
f 9993/1071/51 9992/1072/51 9991/1073/51
f 9996/1071/51 9995/1073/51 9994/1074/51
f 9999/1074/51 9998/1073/51 9997/1075/51
f 10002/1074/51 10001/1075/51 10000/1076/51
f 10005/1076/51 10004/1075/51 10003/1077/51
f 10008/1076/51 10007/1077/51 10006/1078/51
f 10011/1079/51 10010/1078/51 10009/1077/51
f 10014/1079/51 10013/1077/51 10012/1080/51
f 10017/1081/51 10016/1079/51 10015/1080/51
f 10020/1081/51 10019/1080/51 10018/1082/51
f 10023/1081/51 10022/1082/51 10021/1036/51
f 10026/1081/51 10025/1036/51 10024/1083/51
f 10029/1034/51 10028/1083/51 10027/1036/51
f 10032/1079/51 10031/1077/51 10030/1078/51
f 10035/1077/51 10034/1076/51 10033/1078/51
f 10038/1077/51 10037/1075/51 10036/1076/51
f 10041/1075/51 10040/1074/51 10039/1076/51
f 10044/1075/51 10043/1073/51 10042/1074/51
f 10047/1073/51 10046/1071/51 10045/1074/51
f 10050/1073/51 10049/1072/51 10048/1071/51
f 10053/1071/51 10052/1072/51 10051/1070/51
f 10056/1071/51 10055/1070/51 10054/1069/51
f 10059/1070/51 10058/1068/51 10057/1069/51
f 10062/1070/51 10061/1066/51 10060/1068/51
f 10065/1066/51 10064/1067/51 10063/1068/51
f 10068/1066/51 10067/1084/51 10066/1067/51
f 10071/1084/51 10070/1085/51 10069/1067/51
f 10074/1084/51 10073/1086/51 10072/1085/51
f 10077/1085/51 10076/1086/51 10075/1084/51
f 10080/1085/51 10079/1084/51 10078/1067/51
f 10083/1067/51 10082/1084/51 10081/1066/51
f 10086/1047/51 10085/1046/51 10084/1045/51
f 10089/1045/51 10088/1046/51 10087/1043/51
f 10092/1045/51 10091/1043/51 10090/1044/51
f 10095/1043/51 10094/1042/51 10093/1044/51
f 10098/1043/51 10097/1041/51 10096/1042/51
f 10101/1041/51 10100/1040/51 10099/1042/51
f 10104/1041/51 10103/1039/51 10102/1040/51
f 10107/1039/51 10106/1037/51 10105/1040/51
f 10110/1039/51 10109/1038/51 10108/1037/51
f 10113/1037/51 10112/1038/51 10111/1035/51
f 10116/1037/51 10115/1035/51 10114/1034/51
f 10119/1034/51 10118/1035/51 10117/1036/51
f 10122/1034/51 10121/1036/51 10120/1083/51
f 10125/1036/51 10124/1081/51 10123/1083/51
f 10128/1036/51 10127/1082/51 10126/1081/51
f 10131/1081/51 10130/1082/51 10129/1080/51
f 10134/1081/51 10133/1080/51 10132/1079/51
f 10137/1079/51 10136/1080/51 10135/1077/51
f 10140/1065/51 10139/1064/51 10138/1063/51
f 10143/1063/51 10142/1064/51 10141/1062/51
f 10146/1063/51 10145/1062/51 10144/1061/51
f 10149/1061/51 10148/1062/51 10147/1060/51
f 10152/1061/51 10151/1060/51 10150/1059/51
f 10155/1059/51 10154/1060/51 10153/1057/51
f 10158/1059/51 10157/1057/51 10156/1058/51
f 10161/1057/51 10160/1056/51 10159/1058/51
f 10164/1057/51 10163/1055/51 10162/1056/51
f 10167/1055/51 10166/1054/51 10165/1056/51
f 10170/1055/51 10169/1053/51 10168/1054/51
f 10173/1053/51 10172/1052/51 10171/1054/51
f 10176/1053/51 10175/1051/51 10174/1052/51
f 10179/1051/51 10178/1049/51 10177/1052/51
f 10182/1051/51 10181/1050/51 10180/1049/51
f 10185/1049/51 10184/1050/51 10183/1048/51
f 10188/1049/51 10187/1048/51 10186/1047/51
f 10191/1047/51 10190/1048/51 10189/1046/51
f 10194/458/233 10193/486/233 10192/457/233
f 10197/486/233 10196/448/233 10195/457/233
f 10200/486/233 10199/446/233 10198/448/233
f 10203/1092/5 10202/1093/209 10201/559/209
f 10206/1092/5 10205/559/209 10204/558/5
f 10209/555/315 10208/1092/5 10207/558/5
f 10212/555/514 10211/1091/514 10210/1092/5
f 10215/553/316 10214/1091/315 10213/555/315
f 10218/553/316 10217/1090/316 10216/1091/315
f 10221/552/204 10220/1090/191 10219/553/191
f 10224/552/204 10223/1089/204 10222/1090/191
f 10227/550/263 10226/1089/204 10225/552/204
f 10230/550/263 10229/1087/263 10228/1089/204
f 10233/549/512 10232/1087/513 10231/550/513
f 10236/549/512 10235/1088/512 10234/1087/513
f 10239/571/10 10238/1088/512 10237/549/512
f 10242/571/10 10241/1099/10 10240/1088/512
f 10245/569/192 10244/1099/10 10243/571/10
f 10248/569/192 10247/1098/192 10246/1099/10
f 10251/563/166 10250/1098/261 10249/569/261
f 10254/563/166 10253/1094/166 10252/1098/261
f 10257/561/303 10256/1094/166 10255/563/166
f 10260/561/303 10259/1095/303 10258/1094/166
f 10263/566/185 10262/1095/302 10261/561/302
f 10266/566/185 10265/1096/185 10264/1095/302
f 10269/568/48 10268/1096/185 10267/566/185
f 10272/568/48 10271/1097/48 10270/1096/185
f 10275/568/48 10274/1096/213 10273/1097/48
f 10278/568/48 10277/566/213 10276/1096/213
f 10281/566/213 10280/1095/305 10279/1096/213
f 10284/566/213 10283/561/305 10282/1095/305
f 10287/561/306 10286/1094/181 10285/1095/306
f 10290/561/306 10289/563/181 10288/1094/181
f 10293/569/269 10292/1094/181 10291/563/181
f 10296/569/269 10295/1098/269 10294/1094/181
f 10299/571/220 10298/1098/187 10297/569/187
f 10302/571/220 10301/1099/220 10300/1098/187
f 10305/549/516 10304/1099/220 10303/571/220
f 10308/549/516 10307/1088/516 10306/1099/220
f 10311/550/517 10310/1088/516 10309/549/516
f 10314/550/517 10313/1087/517 10312/1088/516
f 10317/552/169 10316/1087/267 10315/550/267
f 10320/552/169 10319/1089/169 10318/1087/267
f 10323/553/225 10322/1089/169 10321/552/169
f 10326/553/225 10325/1090/225 10324/1089/169
f 10329/555/515 10328/1090/224 10327/553/224
f 10332/555/515 10331/1091/515 10330/1090/224
f 10335/555/515 10334/1092/265 10333/1091/515
f 10338/555/515 10337/558/265 10336/1092/265
f 10341/558/265 10340/1093/264 10339/1092/265
f 10344/558/265 10343/559/264 10342/1093/264
f 10347/517/518 10346/518/230 10345/519/518
f 10350/517/518 10349/520/230 10348/518/230
f 10353/521/215 10352/518/230 10351/520/230
f 10356/521/215 10355/522/215 10354/518/230
f 10359/523/184 10358/522/215 10357/521/215
f 10362/523/184 10361/524/184 10360/522/215
f 10365/525/327 10364/524/328 10363/523/328
f 10368/525/327 10367/526/327 10366/524/328
f 10371/527/235 10370/526/327 10369/525/327
f 10374/527/235 10373/528/235 10372/526/327
f 10377/529/233 10376/528/235 10375/527/235
f 10380/529/233 10379/530/233 10378/528/235
f 10383/532/182 10382/530/260 10381/529/260
f 10386/532/182 10385/529/260 10384/531/182
f 10389/534/313 10388/532/182 10387/531/182
f 10392/534/313 10391/531/182 10390/533/313
f 10395/535/208 10394/534/312 10393/533/312
f 10398/535/208 10397/536/208 10396/534/312
f 10401/537/90 10400/536/208 10399/535/208
f 10404/537/90 10403/538/90 10402/536/208
f 10407/539/257 10406/538/90 10405/537/90
f 10410/539/257 10409/540/257 10408/538/90
f 10413/541/318 10412/540/257 10411/539/257
f 10416/541/318 10415/539/257 10414/542/318
f 10419/544/202 10418/541/317 10417/542/317
f 10422/544/202 10421/542/317 10420/543/202
f 10425/546/256 10424/544/202 10423/543/202
f 10428/546/256 10427/543/202 10426/545/256
f 10431/1056/235 10430/1054/233 10429/1100/233
f 10434/1056/235 10433/1100/233 10432/1101/235
f 10437/1102/327 10436/1056/235 10435/1101/235
f 10440/1102/327 10439/1058/327 10438/1056/235
f 10443/1103/328 10442/1058/327 10441/1102/327
f 10446/1103/328 10445/1059/328 10444/1058/327
f 10449/1104/215 10448/1059/184 10447/1103/184
f 10452/1104/215 10451/1061/215 10450/1059/184
f 10455/1061/215 10454/1104/215 10453/1105/522
f 10458/1061/215 10457/1105/522 10456/1063/522
f 10461/1037/209 10460/1034/5 10459/1106/5
f 10464/1037/209 10463/1106/5 10462/1107/209
f 10467/1108/202 10466/1037/256 10465/1107/256
f 10470/1108/202 10469/1040/202 10468/1037/256
f 10473/1109/317 10472/1040/202 10471/1108/202
f 10476/1109/317 10475/1042/317 10474/1040/202
f 10479/1110/257 10478/1042/318 10477/1109/318
f 10482/1110/257 10481/1044/257 10480/1042/318
f 10485/1111/90 10484/1044/257 10483/1110/257
f 10488/1111/90 10487/1045/90 10486/1044/257
f 10491/1047/259 10490/1045/90 10489/1111/90
f 10494/1047/259 10493/1111/90 10492/1112/259
f 10497/1113/312 10496/1047/208 10495/1112/208
f 10500/1113/312 10499/1049/312 10498/1047/208
f 10503/1052/182 10502/1049/313 10501/1113/313
f 10506/1052/182 10505/1113/313 10504/1114/182
f 10509/1054/260 10508/1052/182 10507/1114/182
f 10512/1054/260 10511/1114/182 10510/1100/260
f 10515/1115/166 10514/1068/303 10513/1116/303
f 10518/1115/166 10517/1069/166 10516/1068/303
f 10521/1117/261 10520/1069/165 10519/1115/165
f 10524/1117/261 10523/1071/261 10522/1069/165
f 10527/1074/10 10526/1071/192 10525/1117/192
f 10530/1074/10 10529/1117/192 10528/1118/10
f 10533/1119/512 10532/1074/10 10531/1118/10
f 10536/1119/512 10535/1076/512 10534/1074/10
f 10539/1120/513 10538/1076/512 10537/1119/512
f 10542/1120/513 10541/1078/513 10540/1076/512
f 10545/1079/204 10544/1078/263 10543/1120/263
f 10548/1079/204 10547/1120/263 10546/1121/204
f 10551/1122/191 10550/1079/204 10549/1121/204
f 10554/1122/191 10553/1081/191 10552/1079/204
f 10557/1083/315 10556/1081/316 10555/1122/316
f 10560/1083/315 10559/1122/190 10558/1123/315
f 10563/1034/5 10562/1083/315 10561/1123/315
f 10566/1034/5 10565/1123/315 10564/1106/5
f 10569/1120/517 10568/1076/516 10567/1078/517
f 10572/1120/517 10571/1119/516 10570/1076/516
f 10575/1119/516 10574/1074/220 10573/1076/516
f 10578/1119/516 10577/1118/220 10576/1074/220
f 10581/1117/187 10580/1074/220 10579/1118/220
f 10584/1117/187 10583/1071/187 10582/1074/220
f 10587/1117/269 10586/1069/520 10585/1071/269
f 10590/1117/269 10589/1115/520 10588/1069/520
f 10593/1115/181 10592/1068/306 10591/1069/181
f 10596/1115/181 10595/1116/306 10594/1068/306
f 10599/1116/305 10598/1067/213 10597/1068/305
f 10602/1116/305 10601/1124/213 10600/1067/213
f 10605/1124/213 10604/1085/48 10603/1067/213
f 10608/1124/213 10607/1125/48 10606/1085/48
f 10611/1124/185 10610/1085/48 10609/1125/48
f 10614/1124/185 10613/1067/185 10612/1085/48
f 10617/1116/302 10616/1067/185 10615/1124/185
f 10620/1116/302 10619/1068/302 10618/1067/185
f 10623/458/90 10622/486/90 10621/457/90
f 10626/486/90 10625/448/90 10624/457/90
f 10629/486/90 10628/446/90 10627/448/90
f 10632/1111/2 10631/1044/247 10630/1045/2
f 10635/1111/2 10634/1110/247 10633/1044/247
f 10638/1110/247 10637/1042/248 10636/1044/247
f 10641/1110/247 10640/1109/248 10639/1042/248
f 10644/1108/228 10643/1042/249 10642/1109/249
f 10647/1108/228 10646/1040/228 10645/1042/249
f 10650/1107/250 10649/1040/228 10648/1108/228
f 10653/1107/250 10652/1037/250 10651/1040/228
f 10656/1106/265 10655/1037/264 10654/1107/264
f 10659/1106/265 10658/1034/265 10657/1037/264
f 10662/1106/265 10661/1083/515 10660/1034/265
f 10665/1106/265 10664/1123/515 10663/1083/515
f 10668/1123/515 10667/1081/266 10666/1083/515
f 10671/1123/515 10670/1122/224 10669/1081/224
f 10674/1122/225 10673/1079/169 10672/1081/225
f 10677/1122/225 10676/1121/169 10675/1079/169
f 10680/1120/267 10679/1079/169 10678/1121/169
f 10683/1120/267 10682/1078/267 10681/1079/169
f 10686/706/51 10685/507/51 10684/505/51
f 10689/706/51 10688/709/51 10687/507/51
f 10692/706/51 10691/707/51 10690/709/51
f 10695/706/51 10694/708/51 10693/707/51
f 10698/1145/51 10697/1147/51 10696/1146/51
f 10701/1145/51 10700/1146/51 10699/1148/51
f 10704/1145/51 10703/1148/51 10702/1149/51
f 10707/1145/51 10706/1149/51 10705/1150/51
f 10710/1150/51 10709/1149/51 10708/1151/51
f 10713/1150/51 10712/1151/51 10711/1152/51
f 10716/1150/51 10715/1152/51 10714/1153/51
f 10719/1154/51 10718/1150/51 10717/1153/51
f 10722/1154/51 10721/1153/51 10720/1155/51
f 10725/1156/51 10724/1154/51 10723/1155/51
f 10728/1156/51 10727/1155/51 10726/1157/51
f 10731/1156/51 10730/1157/51 10729/1158/51
f 10734/1156/51 10733/1158/51 10732/1159/51
f 10737/1160/51 10736/1159/51 10735/1158/51
f 10740/1160/51 10739/1158/51 10738/1161/51
f 10743/1160/51 10742/1161/51 10741/1162/51
f 10746/1160/51 10745/1162/51 10744/1127/51
f 10749/1127/51 10748/1162/51 10747/1126/51
f 10752/1127/51 10751/1126/51 10750/1128/51
f 10755/1129/51 10754/1128/51 10753/1126/51
f 10758/1129/51 10757/1126/51 10756/1130/51
f 10761/1129/51 10760/1130/51 10759/1131/51
f 10764/1129/51 10763/1131/51 10762/1132/51
f 10767/1132/51 10766/1131/51 10765/1133/51
f 10770/1132/51 10769/1133/51 10768/1134/51
f 10773/1135/51 10772/1134/51 10771/1133/51
f 10776/1135/51 10775/1133/51 10774/1136/51
f 10779/1135/51 10778/1136/51 10777/1137/51
f 10782/1135/51 10781/1137/51 10780/1138/51
f 10785/1138/51 10784/1137/51 10783/1139/51
f 10788/1138/51 10787/1139/51 10786/1140/51
f 10791/1140/51 10790/1139/51 10789/1141/51
f 10794/1140/51 10793/1141/51 10792/1142/51
f 10797/1142/51 10796/1141/51 10795/1143/51
f 10800/1142/51 10799/1143/51 10798/1144/51
f 10803/1173/51 10802/508/51 10801/506/51
f 10806/1173/51 10805/1174/51 10804/508/51
f 10809/1173/51 10808/508/51 10807/1174/51
f 10812/1173/51 10811/506/51 10810/508/51
f 10815/1162/51 10814/1160/51 10813/1127/51
f 10818/1162/51 10817/1161/51 10816/1160/51
f 10821/1160/51 10820/1161/51 10819/1158/51
f 10824/1160/51 10823/1158/51 10822/1159/51
f 10827/1158/51 10826/1156/51 10825/1159/51
f 10830/1158/51 10829/1157/51 10828/1156/51
f 10833/1156/51 10832/1157/51 10831/1155/51
f 10836/1156/51 10835/1155/51 10834/1175/51
f 10839/1175/51 10838/1155/51 10837/1153/51
f 10842/1175/51 10841/1153/51 10840/1152/51
f 10845/1175/51 10844/1152/51 10843/1151/51
f 10848/1175/51 10847/1151/51 10846/1149/51
f 10851/1149/51 10850/1145/51 10849/1175/51
f 10854/1149/51 10853/1148/51 10852/1145/51
f 10857/1148/51 10856/1147/51 10855/1145/51
f 10860/1148/51 10859/1146/51 10858/1147/51
f 10863/1146/51 10862/1163/51 10861/1147/51
f 10866/1146/51 10865/1165/51 10864/1163/51
f 10869/1163/51 10868/1165/51 10867/1164/51
f 10872/1163/51 10871/1164/51 10870/1166/51
f 10875/1164/51 10874/1167/51 10873/1166/51
f 10878/1164/51 10877/1168/51 10876/1167/51
f 10881/1167/51 10880/1168/51 10879/1169/51
f 10884/1167/51 10883/1169/51 10882/1170/51
f 10887/1169/51 10886/1171/51 10885/1170/51
f 10890/1169/51 10889/1172/51 10888/1171/51
f 10893/1171/51 10892/1172/51 10891/1169/51
f 10896/1171/51 10895/1169/51 10894/1170/51
f 10899/1167/51 10898/1170/51 10897/1169/51
f 10902/1167/51 10901/1169/51 10900/1168/51
f 10905/1167/51 10904/1168/51 10903/1164/51
f 10908/1167/51 10907/1164/51 10906/1166/51
f 10911/1163/51 10910/1166/51 10909/1164/51
f 10914/1163/51 10913/1164/51 10912/1165/51
f 10917/1163/51 10916/1165/51 10915/1146/51
f 10920/1163/51 10919/1146/51 10918/1147/51
f 10923/1142/51 10922/1144/51 10921/1143/51
f 10926/1142/51 10925/1143/51 10924/1141/51
f 10929/1141/51 10928/1140/51 10927/1142/51
f 10932/1141/51 10931/1139/51 10930/1140/51
f 10935/1139/51 10934/1138/51 10933/1140/51
f 10938/1139/51 10937/1137/51 10936/1138/51
f 10941/1137/51 10940/1135/51 10939/1138/51
f 10944/1137/51 10943/1136/51 10942/1135/51
f 10947/1135/51 10946/1136/51 10945/1133/51
f 10950/1135/51 10949/1133/51 10948/1134/51
f 10953/1133/51 10952/1132/51 10951/1134/51
f 10956/1133/51 10955/1131/51 10954/1132/51
f 10959/1131/51 10958/1129/51 10957/1132/51
f 10962/1131/51 10961/1130/51 10960/1129/51
f 10965/1129/51 10964/1130/51 10963/1126/51
f 10968/1129/51 10967/1126/51 10966/1128/51
f 10971/1126/51 10970/1127/51 10969/1128/51
f 10974/1126/51 10973/1162/51 10972/1127/51
f 10977/718/49 10976/712/49 10975/720/49
f 10980/717/49 10979/712/49 10978/718/49
f 10983/717/49 10982/711/49 10981/712/49
f 10986/711/49 10985/717/49 10984/716/49
f 10989/711/49 10988/716/49 10987/713/49
f 10992/713/49 10991/716/49 10990/714/49
f 10995/713/49 10994/714/49 10993/715/49
f 10998/715/49 10997/714/49 10996/737/49
f 11001/715/49 11000/737/49 10999/738/49
f 11004/737/49 11003/735/49 11002/738/49
f 11007/737/49 11006/736/49 11005/735/49
f 11010/736/49 11009/733/49 11008/735/49
f 11013/736/49 11012/734/49 11011/733/49
f 11016/733/49 11015/734/49 11014/731/49
f 11019/733/49 11018/731/49 11017/732/49
f 11022/731/49 11021/730/49 11020/732/49
f 11025/731/49 11024/729/49 11023/730/49
f 11028/729/49 11027/727/49 11026/730/49
f 11031/729/49 11030/728/49 11029/727/49
f 11034/728/49 11033/725/49 11032/727/49
f 11037/728/49 11036/726/49 11035/725/49
f 11040/725/49 11039/726/49 11038/724/49
f 11043/725/49 11042/724/49 11041/721/49
f 11046/721/49 11045/724/49 11044/722/49
f 11049/721/49 11048/722/49 11047/723/49
f 11052/742/51 11051/743/51 11050/1032/51
f 11055/1032/51 11054/743/51 11053/1031/51
f 11058/743/51 11057/744/51 11056/1031/51
f 11061/743/51 11060/1031/51 11059/744/51
f 11064/1032/51 11063/1031/51 11062/743/51
f 11067/742/51 11066/1032/51 11065/743/51
f 11070/560/243 11069/293/236 11068/295/243
f 11073/560/243 11072/557/236 11071/293/236
f 11076/556/241 11075/293/236 11074/557/236
f 11079/556/241 11078/290/241 11077/293/236
f 11082/554/242 11081/290/241 11080/556/241
f 11085/554/242 11084/289/242 11083/290/241
f 11088/551/164 11087/289/240 11086/554/240
f 11091/551/164 11090/287/164 11089/289/240
f 11094/547/206 11093/287/164 11092/551/164
f 11097/547/206 11096/282/206 11095/287/164
f 11100/548/321 11099/282/206 11098/547/206
f 11103/548/321 11102/283/321 11101/282/206
f 11106/572/219 11105/283/321 11104/548/321
f 11109/572/219 11108/307/219 11107/283/321
f 11112/570/221 11111/307/219 11110/572/219
f 11115/570/221 11114/304/221 11113/307/219
f 11118/562/201 11117/304/326 11116/570/326
f 11121/562/201 11120/298/201 11119/304/326
f 11124/564/325 11123/298/201 11122/562/201
f 11127/564/325 11126/297/325 11125/298/201
f 11130/565/223 11129/297/324 11128/564/324
f 11133/565/223 11132/301/223 11131/297/324
f 11136/565/223 11135/303/50 11134/301/223
f 11139/565/223 11138/567/50 11137/303/50
f 11142/565/189 11141/303/50 11140/567/50
f 11145/565/189 11144/301/189 11143/303/50
f 11148/297/323 11147/301/189 11146/565/189
f 11151/297/323 11150/565/189 11149/564/323
f 11154/298/227 11153/297/322 11152/564/322
f 11157/298/227 11156/564/322 11155/562/227
f 11160/304/331 11159/298/330 11158/562/330
f 11163/304/331 11162/562/330 11161/570/331
f 11166/307/194 11165/304/217 11164/570/217
f 11169/307/194 11168/570/217 11167/572/194
f 11172/548/329 11171/307/194 11170/572/194
f 11175/548/329 11174/283/329 11173/307/194
f 11178/547/230 11177/283/329 11176/548/329
f 11181/547/230 11180/282/230 11179/283/329
f 11184/551/215 11183/282/230 11182/547/230
f 11187/551/215 11186/287/215 11185/282/230
f 11190/554/184 11189/287/215 11188/551/215
f 11193/554/184 11192/289/184 11191/287/215
f 11196/290/327 11195/289/328 11194/554/328
f 11199/290/327 11198/554/254 11197/556/327
f 11202/293/235 11201/290/327 11200/556/327
f 11205/293/235 11204/556/327 11203/557/235
f 11208/295/233 11207/293/235 11206/557/235
f 11211/295/233 11210/557/235 11209/560/233
f 11214/573/2 11213/727/232 11212/730/2
f 11217/573/2 11216/575/232 11215/727/232
f 11220/575/232 11219/725/246 11218/727/232
f 11223/575/232 11222/576/246 11221/725/246
f 11226/577/167 11225/725/245 11224/576/245
f 11229/577/167 11228/721/167 11227/725/245
f 11232/578/244 11231/721/167 11230/577/167
f 11235/578/244 11234/723/244 11233/721/167
f 11238/579/523 11237/712/169 11236/720/523
f 11241/579/523 11240/580/169 11239/712/169
f 11244/580/169 11243/711/225 11242/712/169
f 11247/580/169 11246/581/225 11245/711/225
f 11250/581/266 11249/713/515 11248/711/266
f 11253/581/224 11252/582/515 11251/713/515
f 11256/582/515 11255/715/265 11254/713/515
f 11259/582/515 11258/583/265 11257/715/265
f 11262/583/265 11261/738/264 11260/715/265
f 11265/583/265 11264/584/264 11263/738/264
f 11268/584/250 11267/735/228 11266/738/250
f 11271/584/250 11270/585/228 11269/735/228
f 11274/585/228 11273/733/249 11272/735/228
f 11277/585/228 11276/586/249 11275/733/249
f 11280/574/247 11279/733/248 11278/586/248
f 11283/574/247 11282/732/247 11281/733/248
f 11286/574/247 11285/730/2 11284/732/247
f 11289/574/247 11288/573/2 11287/730/2
f 11292/1023/48 11291/1021/508 11290/1022/48
f 11295/1022/48 11294/1021/508 11293/1020/508
f 11298/1020/509 11297/1021/509 11296/1022/48
f 11301/1021/509 11300/1023/48 11299/1022/48
f 11304/1023/48 11303/1024/48 11302/1022/48
f 11307/1024/48 11306/1023/48 11305/1022/48
f 11310/1025/48 11309/1024/48 11308/1022/48
f 11313/1022/48 11312/1024/48 11311/1025/48
f 11316/1176/228 11315/1177/249 11314/1178/249
f 11319/1176/228 11318/1178/249 11317/1179/228
f 11322/1180/250 11321/1176/228 11320/1179/228
f 11325/1180/250 11324/1179/228 11323/1181/250
f 11328/1182/265 11327/1180/264 11326/1181/264
f 11331/1182/265 11330/1181/264 11329/1183/265
f 11334/1184/515 11333/1182/265 11332/1183/265
f 11337/1184/515 11336/1183/265 11335/1185/515
f 11340/1186/224 11339/1184/515 11338/1185/515
f 11343/1186/224 11342/1185/515 11341/1187/224
f 11346/1186/266 11345/1187/266 11344/1188/169
f 11349/1186/266 11348/1188/169 11347/1189/169
f 11352/1188/169 11351/1190/516 11350/1189/169
f 11355/1188/169 11354/1191/516 11353/1190/516
f 11358/1192/181 11357/1190/516 11356/1191/516
f 11361/1192/181 11360/1193/524 11359/1190/516
f 11364/1192/181 11363/1194/525 11362/1193/181
f 11367/1192/181 11366/1195/525 11365/1194/525
f 11370/1196/241 11369/1197/240 11368/1198/240
f 11373/1196/241 11372/1198/240 11371/1199/241
f 11376/1200/236 11375/1196/241 11374/1199/241
f 11379/1200/236 11378/1199/241 11377/1201/236
f 11382/1200/236 11381/1201/236 11380/1202/243
f 11385/1200/236 11384/1202/243 11383/1203/243
f 11388/1204/167 11387/1203/244 11386/1202/244
f 11391/1204/167 11390/1202/244 11389/1205/167
f 11394/1206/245 11393/1204/167 11392/1205/167
f 11397/1206/245 11396/1205/167 11395/1207/245
f 11400/1208/232 11399/1206/246 11398/1207/246
f 11403/1208/232 11402/1207/246 11401/1209/232
f 11406/1208/232 11405/1209/232 11404/1210/2
f 11409/1208/232 11408/1210/2 11407/1211/2
f 11412/1212/247 11411/1211/2 11410/1210/2
f 11415/1212/247 11414/1210/2 11413/1213/247
f 11418/1177/248 11417/1212/247 11416/1213/247
f 11421/1177/248 11420/1213/247 11419/1178/248
f 11424/1214/223 11423/1215/50 11422/1216/50
f 11427/1214/223 11426/1216/50 11425/1217/223
f 11430/1218/324 11429/1214/223 11428/1217/223
f 11433/1218/324 11432/1217/223 11431/1219/324
f 11436/1218/325 11435/1219/325 11434/1220/201
f 11439/1218/325 11438/1220/201 11437/1221/201
f 11442/1221/201 11441/1220/201 11440/1222/326
f 11445/1221/201 11444/1222/326 11443/1223/326
f 11448/1223/221 11447/1222/221 11446/1224/219
f 11451/1223/221 11450/1224/219 11449/1225/219
f 11454/1225/219 11453/1224/219 11452/1226/321
f 11457/1225/219 11456/1226/321 11455/1227/321
f 11460/1228/206 11459/1227/321 11458/1226/321
f 11463/1228/206 11462/1226/321 11461/1229/206
f 11466/1230/164 11465/1228/206 11464/1229/206
f 11469/1230/164 11468/1229/206 11467/1231/164
f 11472/1197/240 11471/1230/164 11470/1231/164
f 11475/1197/240 11474/1231/164 11473/1198/240
f 11478/1197/184 11477/1198/184 11476/1231/215
f 11481/1197/184 11480/1231/215 11479/1230/215
f 11484/1230/215 11483/1231/215 11482/1229/230
f 11487/1230/215 11486/1229/230 11485/1228/230
f 11490/1228/230 11489/1229/230 11488/1226/329
f 11493/1228/230 11492/1226/329 11491/1227/329
f 11496/1226/329 11495/1225/194 11494/1227/329
f 11499/1226/329 11498/1224/194 11497/1225/194
f 11502/1225/194 11501/1224/194 11500/1222/217
f 11505/1225/194 11504/1222/217 11503/1223/217
f 11508/1223/331 11507/1222/331 11506/1220/330
f 11511/1223/331 11510/1220/330 11509/1221/330
f 11514/1220/227 11513/1218/322 11512/1221/227
f 11517/1220/227 11516/1219/322 11515/1218/322
f 11520/1218/323 11519/1219/323 11518/1217/189
f 11523/1218/323 11522/1217/189 11521/1214/189
f 11526/1214/189 11525/1217/189 11524/1216/50
f 11529/1214/189 11528/1216/50 11527/1215/50
f 11532/1177/318 11531/1178/318 11530/1213/257
f 11535/1177/318 11534/1213/257 11533/1212/257
f 11538/1212/257 11537/1213/257 11536/1210/90
f 11541/1212/257 11540/1210/90 11539/1211/90
f 11544/1211/90 11543/1210/90 11542/1209/208
f 11547/1211/90 11546/1209/208 11545/1208/208
f 11550/1208/208 11549/1209/208 11548/1207/312
f 11553/1208/208 11552/1207/312 11551/1206/312
f 11556/1206/313 11555/1207/313 11554/1205/182
f 11559/1206/313 11558/1205/182 11557/1204/182
f 11562/1204/182 11561/1205/182 11560/1202/260
f 11565/1204/182 11564/1202/260 11563/1203/260
f 11568/1203/233 11567/1202/233 11566/1201/235
f 11571/1203/233 11570/1201/235 11569/1200/235
f 11574/1200/235 11573/1201/235 11572/1199/327
f 11577/1200/235 11576/1199/327 11575/1196/327
f 11580/1196/327 11579/1199/327 11578/1198/254
f 11583/1196/327 11582/1198/328 11581/1197/328
f 11586/1192/166 11585/1194/526 11584/1195/526
f 11589/1192/166 11588/1193/166 11587/1194/526
f 11592/1190/527 11591/1193/166 11590/1192/166
f 11595/1190/527 11594/1192/166 11593/1191/527
f 11598/1188/204 11597/1190/512 11596/1191/512
f 11601/1188/204 11600/1189/204 11599/1190/512
f 11604/1188/204 11603/1186/190 11602/1189/204
f 11607/1188/204 11606/1187/190 11605/1186/190
f 11610/1186/316 11609/1187/316 11608/1185/315
f 11613/1186/316 11612/1185/315 11611/1184/315
f 11616/1184/315 11615/1185/315 11614/1183/5
f 11619/1184/315 11618/1183/5 11617/1182/5
f 11622/1183/5 11621/1180/209 11620/1182/5
f 11625/1183/5 11624/1181/209 11623/1180/209
f 11628/1181/256 11627/1176/202 11626/1180/256
f 11631/1181/256 11630/1179/202 11629/1176/202
f 11634/1179/202 11633/1177/317 11632/1176/202
f 11637/1179/202 11636/1178/317 11635/1177/317
f 11640/706/51 11639/707/51 11638/708/51
f 11643/706/51 11642/709/51 11641/707/51
f 11646/706/51 11645/507/51 11644/709/51
f 11649/706/51 11648/505/51 11647/507/51
f 11652/1179/51 11651/1178/51 11650/1232/51
f 11655/1179/51 11654/1232/51 11653/1233/51
f 11658/1181/51 11657/1179/51 11656/1233/51
f 11661/1181/51 11660/1233/51 11659/1234/51
f 11664/1183/51 11663/1181/51 11662/1234/51
f 11667/1183/51 11666/1234/51 11665/1235/51
f 11670/1185/51 11669/1183/51 11668/1235/51
f 11673/1185/51 11672/1235/51 11671/1236/51
f 11676/1187/51 11675/1185/51 11674/1236/51
f 11679/1187/51 11678/1236/51 11677/1237/51
f 11682/1188/51 11681/1187/51 11680/1237/51
f 11685/1188/51 11684/1237/51 11683/1238/51
f 11688/1238/51 11687/1191/51 11686/1188/51
f 11691/1238/51 11690/1239/51 11689/1191/51
f 11694/1239/51 11693/1192/51 11692/1191/51
f 11697/1239/51 11696/1240/51 11695/1192/51
f 11700/1241/51 11699/1192/51 11698/1240/51
f 11703/1241/51 11702/1195/51 11701/1192/51
f 11706/1199/51 11705/1198/51 11704/1242/51
f 11709/1199/51 11708/1242/51 11707/1243/51
f 11712/1201/51 11711/1199/51 11710/1243/51
f 11715/1201/51 11714/1243/51 11713/1244/51
f 11718/1202/51 11717/1201/51 11716/1244/51
f 11721/1202/51 11720/1244/51 11719/1245/51
f 11724/1205/51 11723/1202/51 11722/1245/51
f 11727/1205/51 11726/1245/51 11725/1246/51
f 11730/1207/51 11729/1205/51 11728/1246/51
f 11733/1207/51 11732/1246/51 11731/1247/51
f 11736/1209/51 11735/1207/51 11734/1247/51
f 11739/1209/51 11738/1247/51 11737/1248/51
f 11742/1210/51 11741/1209/51 11740/1248/51
f 11745/1210/51 11744/1248/51 11743/1249/51
f 11748/1213/51 11747/1210/51 11746/1249/51
f 11751/1213/51 11750/1249/51 11749/1250/51
f 11754/1178/51 11753/1213/51 11752/1250/51
f 11757/1178/51 11756/1250/51 11755/1232/51
f 11760/1216/51 11759/1251/51 11758/1252/51
f 11763/1216/51 11762/1252/51 11761/1217/51
f 11766/1219/51 11765/1217/51 11764/1252/51
f 11769/1219/51 11768/1252/51 11767/1253/51
f 11772/1220/51 11771/1219/51 11770/1253/51
f 11775/1220/51 11774/1253/51 11773/1254/51
f 11778/1222/51 11777/1220/51 11776/1254/51
f 11781/1222/51 11780/1254/51 11779/1255/51
f 11784/1224/51 11783/1222/51 11782/1255/51
f 11787/1224/51 11786/1255/51 11785/1256/51
f 11790/1226/51 11789/1224/51 11788/1256/51
f 11793/1226/51 11792/1256/51 11791/1257/51
f 11796/1226/51 11795/1257/51 11794/1258/51
f 11799/1226/51 11798/1258/51 11797/1229/51
f 11802/1231/51 11801/1229/51 11800/1258/51
f 11805/1231/51 11804/1258/51 11803/1259/51
f 11808/1231/51 11807/1259/51 11806/1242/51
f 11811/1231/51 11810/1242/51 11809/1198/51
f 11814/1198/51 11813/1242/51 11812/1259/51
f 11817/1198/51 11816/1259/51 11815/1231/51
f 11820/1231/51 11819/1259/51 11818/1258/51
f 11823/1231/51 11822/1258/51 11821/1229/51
f 11826/1258/51 11825/1226/51 11824/1229/51
f 11829/1258/51 11828/1257/51 11827/1226/51
f 11832/1226/51 11831/1257/51 11830/1256/51
f 11835/1226/51 11834/1256/51 11833/1224/51
f 11838/1224/51 11837/1256/51 11836/1255/51
f 11841/1224/51 11840/1255/51 11839/1222/51
f 11844/1222/51 11843/1255/51 11842/1254/51
f 11847/1222/51 11846/1254/51 11845/1220/51
f 11850/1220/51 11849/1254/51 11848/1253/51
f 11853/1220/51 11852/1253/51 11851/1219/51
f 11856/1219/51 11855/1253/51 11854/1252/51
f 11859/1219/51 11858/1252/51 11857/1217/51
f 11862/1252/51 11861/1216/51 11860/1217/51
f 11865/1252/51 11864/1251/51 11863/1216/51
f 11868/1178/51 11867/1232/51 11866/1250/51
f 11871/1178/51 11870/1250/51 11869/1213/51
f 11874/1213/51 11873/1250/51 11872/1249/51
f 11877/1213/51 11876/1249/51 11875/1210/51
f 11880/1210/51 11879/1249/51 11878/1248/51
f 11883/1210/51 11882/1248/51 11881/1209/51
f 11886/1209/51 11885/1248/51 11884/1247/51
f 11889/1209/51 11888/1247/51 11887/1207/51
f 11892/1207/51 11891/1247/51 11890/1246/51
f 11895/1207/51 11894/1246/51 11893/1205/51
f 11898/1205/51 11897/1246/51 11896/1245/51
f 11901/1205/51 11900/1245/51 11899/1202/51
f 11904/1202/51 11903/1245/51 11902/1244/51
f 11907/1202/51 11906/1244/51 11905/1201/51
f 11910/1201/51 11909/1244/51 11908/1243/51
f 11913/1201/51 11912/1243/51 11911/1199/51
f 11916/1199/51 11915/1243/51 11914/1242/51
f 11919/1199/51 11918/1242/51 11917/1198/51
f 11922/1192/51 11921/1195/51 11920/1241/51
f 11925/1192/51 11924/1241/51 11923/1240/51
f 11928/1239/51 11927/1192/51 11926/1240/51
f 11931/1239/51 11930/1191/51 11929/1192/51
f 11934/1238/51 11933/1191/51 11932/1239/51
f 11937/1238/51 11936/1188/51 11935/1191/51
f 11940/1188/51 11939/1238/51 11938/1237/51
f 11943/1188/51 11942/1237/51 11941/1187/51
f 11946/1187/51 11945/1237/51 11944/1236/51
f 11949/1187/51 11948/1236/51 11947/1185/51
f 11952/1185/51 11951/1236/51 11950/1235/51
f 11955/1185/51 11954/1235/51 11953/1183/51
f 11958/1183/51 11957/1235/51 11956/1234/51
f 11961/1183/51 11960/1234/51 11959/1181/51
f 11964/1181/51 11963/1234/51 11962/1233/51
f 11967/1181/51 11966/1233/51 11965/1179/51
f 11970/1179/51 11969/1233/51 11968/1232/51
f 11973/1179/51 11972/1232/51 11971/1178/51
f 11976/573/2 11975/730/2 11974/727/232
f 11979/573/2 11978/727/232 11977/575/232
f 11982/575/232 11981/727/232 11980/725/246
f 11985/575/232 11984/725/246 11983/576/246
f 11988/725/245 11987/577/167 11986/576/245
f 11991/725/245 11990/721/167 11989/577/167
f 11994/721/167 11993/578/244 11992/577/167
f 11997/721/167 11996/723/244 11995/578/244
f 12000/712/169 11999/579/523 11998/720/523
f 12003/712/169 12002/580/169 12001/579/523
f 12006/580/169 12005/712/169 12004/711/225
f 12009/580/169 12008/711/225 12007/581/225
f 12012/581/266 12011/711/266 12010/713/515
f 12015/581/224 12014/713/515 12013/582/515
f 12018/582/515 12017/713/515 12016/715/265
f 12021/582/515 12020/715/265 12019/583/265
f 12024/583/265 12023/715/265 12022/738/264
f 12027/583/265 12026/738/264 12025/584/264
f 12030/584/250 12029/738/250 12028/735/228
f 12033/584/250 12032/735/228 12031/585/228
f 12036/585/228 12035/735/228 12034/733/249
f 12039/585/228 12038/733/249 12037/586/249
f 12042/733/248 12041/574/247 12040/586/248
f 12045/733/248 12044/732/247 12043/574/247
f 12048/574/247 12047/732/247 12046/730/2
f 12051/574/247 12050/730/2 12049/573/2
f 12054/1239/527 12053/1260/166 12052/1261/527
f 12057/1239/527 12056/1240/166 12055/1260/166
f 12060/1240/166 12059/1262/508 12058/1260/166
f 12063/1240/166 12062/1241/508 12061/1262/508
f 12066/1263/318 12065/1264/257 12064/1250/257
f 12069/1263/318 12068/1250/257 12067/1232/318
f 12072/1233/202 12071/1263/317 12070/1232/317
f 12075/1233/202 12074/1265/202 12073/1263/317
f 12078/1234/256 12077/1265/202 12076/1233/202
f 12081/1234/256 12080/1266/256 12079/1265/202
f 12084/1235/5 12083/1266/209 12082/1234/209
f 12087/1235/5 12086/1267/5 12085/1266/209
f 12090/1236/315 12089/1267/5 12088/1235/5
f 12093/1236/315 12092/1268/315 12091/1267/5
f 12096/1269/528 12095/1268/315 12094/1236/315
f 12099/1269/528 12098/1236/315 12097/1237/528
f 12102/1270/204 12101/1269/529 12100/1237/529
f 12105/1270/204 12104/1237/529 12103/1238/204
f 12108/1270/204 12107/1238/204 12106/1271/319
f 12111/1271/530 12110/1238/204 12109/1272/166
f 12114/1272/166 12113/1238/204 12112/1261/531
f 12117/1239/531 12116/1261/531 12115/1238/204
f 12120/1273/184 12119/1274/215 12118/1259/215
f 12123/1273/184 12122/1259/215 12121/1242/184
f 12126/1243/327 12125/1273/328 12124/1242/328
f 12129/1243/327 12128/1275/327 12127/1273/328
f 12132/1276/235 12131/1275/327 12130/1243/327
f 12135/1276/235 12134/1243/327 12133/1244/235
f 12138/1277/233 12137/1276/235 12136/1244/235
f 12141/1277/233 12140/1244/235 12139/1245/233
f 12144/1246/182 12143/1277/260 12142/1245/260
f 12147/1246/182 12146/1278/182 12145/1277/260
f 12150/1279/313 12149/1278/182 12148/1246/182
f 12153/1279/313 12152/1246/182 12151/1247/313
f 12156/1280/208 12155/1279/312 12154/1247/312
f 12159/1280/208 12158/1247/312 12157/1248/208
f 12162/1249/90 12161/1280/208 12160/1248/208
f 12165/1249/90 12164/1281/90 12163/1280/208
f 12168/1250/257 12167/1281/90 12166/1249/90
f 12171/1250/257 12170/1264/257 12169/1281/90
f 12174/1252/223 12173/1282/50 12172/1283/223
f 12177/1252/223 12176/1251/50 12175/1282/50
f 12180/1252/189 12179/1282/50 12178/1251/50
f 12183/1252/189 12182/1283/189 12181/1282/50
f 12186/1284/323 12185/1283/189 12184/1252/189
f 12189/1284/323 12188/1252/189 12187/1253/323
f 12192/1285/227 12191/1284/322 12190/1253/322
f 12195/1285/330 12194/1253/322 12193/1254/330
f 12198/1286/331 12197/1285/330 12196/1254/330
f 12201/1286/331 12200/1254/330 12199/1255/331
f 12204/1256/194 12203/1286/217 12202/1255/217
f 12207/1256/194 12206/1287/194 12205/1286/217
f 12210/1288/329 12209/1287/194 12208/1256/194
f 12213/1288/329 12212/1256/194 12211/1257/329
f 12216/1289/230 12215/1288/329 12214/1257/329
f 12219/1289/230 12218/1257/329 12217/1258/230
f 12222/1274/215 12221/1289/230 12220/1258/230
f 12225/1274/215 12224/1258/230 12223/1259/215
f 12228/600/2 12227/601/247 12226/602/247
f 12231/600/2 12230/599/2 12229/601/247
f 12234/598/231 12233/599/2 12232/600/2
f 12237/598/231 12236/597/231 12235/599/2
f 12240/596/167 12239/597/232 12238/598/232
f 12243/596/167 12242/595/167 12241/597/232
f 12246/594/244 12245/595/167 12244/596/167
f 12249/594/244 12248/593/244 12247/595/167
f 12252/592/236 12251/593/243 12250/594/243
f 12255/592/236 12254/591/236 12253/593/243
f 12258/590/212 12257/591/236 12256/592/236
f 12261/590/212 12260/588/212 12259/591/236
f 12264/587/252 12263/588/253 12262/590/253
f 12267/587/252 12266/589/252 12265/588/253
f 12270/1243/241 12269/1273/240 12268/1275/241
f 12273/1243/241 12272/1242/242 12271/1273/242
f 12276/1242/240 12275/1274/164 12274/1273/240
f 12279/1242/240 12278/1259/164 12277/1274/164
f 12282/1259/164 12281/1289/206 12280/1274/164
f 12285/1259/164 12284/1258/206 12283/1289/206
f 12288/1257/321 12287/1289/206 12286/1258/206
f 12291/1257/321 12290/1288/321 12289/1289/206
f 12294/1256/219 12293/1288/321 12292/1257/321
f 12297/1256/219 12296/1287/219 12295/1288/321
f 12300/1256/219 12299/1286/221 12298/1287/219
f 12303/1256/219 12302/1255/221 12301/1286/221
f 12306/1255/326 12305/1285/201 12304/1286/326
f 12309/1255/326 12308/1254/201 12307/1285/201
f 12312/1253/325 12311/1285/201 12310/1254/201
f 12315/1253/325 12314/1284/325 12313/1285/201
f 12318/1253/324 12317/1283/223 12316/1284/324
f 12321/1253/324 12320/1252/223 12319/1283/223
f 12324/1233/228 12323/1263/249 12322/1265/228
f 12327/1233/228 12326/1232/249 12325/1263/249
f 12330/1250/247 12329/1263/248 12328/1232/248
f 12333/1250/247 12332/1264/247 12331/1263/248
f 12336/1249/2 12335/1264/247 12334/1250/247
f 12339/1249/2 12338/1281/2 12337/1264/247
f 12342/1249/2 12341/1280/232 12340/1281/2
f 12345/1249/2 12344/1248/232 12343/1280/232
f 12348/1247/246 12347/1280/232 12346/1248/232
f 12351/1247/246 12350/1279/246 12349/1280/232
f 12354/1247/245 12353/1278/167 12352/1279/245
f 12357/1247/245 12356/1246/167 12355/1278/167
f 12360/1246/167 12359/1277/244 12358/1278/167
f 12363/1246/167 12362/1245/244 12361/1277/244
f 12366/1245/243 12365/1276/236 12364/1277/243
f 12369/1245/243 12368/1244/236 12367/1276/236
f 12372/1244/236 12371/1275/241 12370/1276/236
f 12375/1244/236 12374/1243/532 12373/1275/532
f 12378/1290/49 12377/1291/49 12376/1292/49
f 12381/1290/49 12380/1292/49 12379/1293/49
f 12384/1294/49 12383/1290/49 12382/1293/49
f 12387/1294/49 12386/1295/49 12385/1290/49
f 12390/1296/49 12389/1295/49 12388/1294/49
f 12393/1296/49 12392/1294/49 12391/1297/49
f 12396/1298/49 12395/1296/49 12394/1297/49
f 12399/1298/49 12398/1297/49 12397/1299/49
f 12402/1300/49 12401/1298/49 12400/1299/49
f 12405/1300/49 12404/1301/49 12403/1298/49
f 12408/1302/49 12407/1301/49 12406/1300/49
f 12411/1302/49 12410/1303/49 12409/1301/49
f 12414/1302/49 12413/1304/49 12412/1303/49
f 12417/1302/49 12416/1305/49 12415/1304/49
f 12420/1306/49 12419/1307/49 12418/1308/49
f 12423/1306/49 12422/1308/49 12421/1309/49
f 12426/1310/49 12425/1306/49 12424/1309/49
f 12429/1310/49 12428/1309/49 12427/1311/49
f 12432/1312/49 12431/1310/49 12430/1311/49
f 12435/1312/49 12434/1311/49 12433/1313/49
f 12438/1314/49 12437/1312/49 12436/1313/49
f 12441/1314/49 12440/1313/49 12439/1315/49
f 12444/1316/49 12443/1314/49 12442/1315/49
f 12447/1316/49 12446/1317/49 12445/1314/49
f 12450/1318/49 12449/1317/49 12448/1316/49
f 12453/1318/49 12452/1319/49 12451/1317/49
f 12456/1320/49 12455/1319/49 12454/1318/49
f 12459/1320/49 12458/1318/49 12457/1321/49
f 12462/1322/49 12461/1320/49 12460/1321/49
f 12465/1322/49 12464/1321/49 12463/1323/49
f 12468/1291/49 12467/1322/49 12466/1323/49
f 12471/1291/49 12470/1323/49 12469/1292/49
f 12474/1324/49 12473/1325/49 12472/1326/49
f 12477/1324/49 12476/1326/49 12475/1327/49
f 12480/1328/49 12479/1324/49 12478/1327/49
f 12483/1328/49 12482/1327/49 12481/1329/49
f 12486/1330/49 12485/1328/49 12484/1329/49
f 12489/1330/49 12488/1331/49 12487/1328/49
f 12492/1332/49 12491/1331/49 12490/1330/49
f 12495/1332/49 12494/1330/49 12493/1333/49
f 12498/1334/49 12497/1332/49 12496/1333/49
f 12501/1334/49 12500/1333/49 12499/1335/49
f 12504/1336/49 12503/1334/49 12502/1335/49
f 12507/1336/49 12506/1337/49 12505/1334/49
f 12510/1338/49 12509/1337/49 12508/1336/49
f 12513/1338/49 12512/1336/49 12511/1339/49
f 12516/1340/49 12515/1338/49 12514/1339/49
f 12519/1340/49 12518/1339/49 12517/1341/49
f 12522/1307/49 12521/1340/49 12520/1341/49
f 12525/1307/49 12524/1341/49 12523/1308/49
f 12528/1336/49 12527/1338/49 12526/1339/49
f 12531/1336/49 12530/1337/49 12529/1338/49
f 12534/1336/49 12533/1334/49 12532/1337/49
f 12537/1336/49 12536/1335/49 12535/1334/49
f 12540/1333/49 12539/1334/49 12538/1335/49
f 12543/1333/49 12542/1332/49 12541/1334/49
f 12546/1330/49 12545/1332/49 12544/1333/49
f 12549/1330/49 12548/1331/49 12547/1332/49
f 12552/1330/49 12551/1328/49 12550/1331/49
f 12555/1330/49 12554/1329/49 12553/1328/49
f 12558/1327/49 12557/1328/49 12556/1329/49
f 12561/1327/49 12560/1324/49 12559/1328/49
f 12564/1326/49 12563/1324/49 12562/1327/49
f 12567/1326/49 12566/1325/49 12565/1324/49
f 12570/1326/49 12569/1342/49 12568/1325/49
f 12573/1326/49 12572/1343/49 12571/1342/49
f 12576/1326/49 12575/1342/49 12574/1343/49
f 12579/1326/49 12578/1325/49 12577/1342/49
f 12582/1318/49 12581/1320/49 12580/1321/49
f 12585/1318/49 12584/1319/49 12583/1320/49
f 12588/1318/49 12587/1317/49 12586/1319/49
f 12591/1318/49 12590/1316/49 12589/1317/49
f 12594/1316/49 12593/1314/49 12592/1317/49
f 12597/1316/49 12596/1315/49 12595/1314/49
f 12600/1313/49 12599/1314/49 12598/1315/49
f 12603/1313/49 12602/1312/49 12601/1314/49
f 12606/1311/49 12605/1312/49 12604/1313/49
f 12609/1311/49 12608/1310/49 12607/1312/49
f 12612/1309/49 12611/1310/49 12610/1311/49
f 12615/1309/49 12614/1306/49 12613/1310/49
f 12618/1308/49 12617/1306/49 12616/1309/49
f 12621/1308/49 12620/1307/49 12619/1306/49
f 12624/1341/49 12623/1307/49 12622/1308/49
f 12627/1341/49 12626/1340/49 12625/1307/49
f 12630/1339/49 12629/1340/49 12628/1341/49
f 12633/1339/49 12632/1338/49 12631/1340/49
f 12636/1302/49 12635/1304/49 12634/1305/49
f 12639/1302/49 12638/1303/49 12637/1304/49
f 12642/1302/49 12641/1301/49 12640/1303/49
f 12645/1302/49 12644/1300/49 12643/1301/49
f 12648/1300/49 12647/1298/49 12646/1301/49
f 12651/1300/49 12650/1299/49 12649/1298/49
f 12654/1297/49 12653/1298/49 12652/1299/49
f 12657/1297/49 12656/1296/49 12655/1298/49
f 12660/1294/49 12659/1296/49 12658/1297/49
f 12663/1294/49 12662/1295/49 12661/1296/49
f 12666/1294/49 12665/1290/49 12664/1295/49
f 12669/1294/49 12668/1293/49 12667/1290/49
f 12672/1292/49 12671/1290/49 12670/1293/49
f 12675/1292/49 12674/1291/49 12673/1290/49
f 12678/1323/49 12677/1291/49 12676/1292/49
f 12681/1323/49 12680/1322/49 12679/1291/49
f 12684/1321/49 12683/1322/49 12682/1323/49
f 12687/1321/49 12686/1320/49 12685/1322/49
f 12690/1179/49 12689/1178/49 12688/1232/49
f 12693/1179/49 12692/1232/49 12691/1233/49
f 12696/1181/49 12695/1179/49 12694/1233/49
f 12699/1181/49 12698/1233/49 12697/1234/49
f 12702/1183/49 12701/1181/49 12700/1234/49
f 12705/1183/49 12704/1234/49 12703/1235/49
f 12708/1185/49 12707/1183/49 12706/1235/49
f 12711/1185/49 12710/1235/49 12709/1236/49
f 12714/1187/49 12713/1185/49 12712/1236/49
f 12717/1187/49 12716/1236/49 12715/1237/49
f 12720/1188/49 12719/1187/49 12718/1237/49
f 12723/1188/49 12722/1237/49 12721/1238/49
f 12726/1238/49 12725/1191/49 12724/1188/49
f 12729/1238/49 12728/1239/49 12727/1191/49
f 12732/1239/49 12731/1192/49 12730/1191/49
f 12735/1239/49 12734/1240/49 12733/1192/49
f 12738/1241/49 12737/1192/49 12736/1240/49
f 12741/1241/49 12740/1195/49 12739/1192/49
f 12744/1199/49 12743/1198/49 12742/1242/49
f 12747/1199/49 12746/1242/49 12745/1243/49
f 12750/1201/49 12749/1199/49 12748/1243/49
f 12753/1201/49 12752/1243/49 12751/1244/49
f 12756/1202/49 12755/1201/49 12754/1244/49
f 12759/1202/49 12758/1244/49 12757/1245/49
f 12762/1205/49 12761/1202/49 12760/1245/49
f 12765/1205/49 12764/1245/49 12763/1246/49
f 12768/1207/49 12767/1205/49 12766/1246/49
f 12771/1207/49 12770/1246/49 12769/1247/49
f 12774/1209/49 12773/1207/49 12772/1247/49
f 12777/1209/49 12776/1247/49 12775/1248/49
f 12780/1210/49 12779/1209/49 12778/1248/49
f 12783/1210/49 12782/1248/49 12781/1249/49
f 12786/1213/49 12785/1210/49 12784/1249/49
f 12789/1213/49 12788/1249/49 12787/1250/49
f 12792/1178/49 12791/1213/49 12790/1250/49
f 12795/1178/49 12794/1250/49 12793/1232/49
f 12798/1216/49 12797/1251/49 12796/1252/49
f 12801/1216/49 12800/1252/49 12799/1217/49
f 12804/1219/49 12803/1217/49 12802/1252/49
f 12807/1219/49 12806/1252/49 12805/1253/49
f 12810/1220/49 12809/1219/49 12808/1253/49
f 12813/1220/49 12812/1253/49 12811/1254/49
f 12816/1222/49 12815/1220/49 12814/1254/49
f 12819/1222/49 12818/1254/49 12817/1255/49
f 12822/1224/49 12821/1222/49 12820/1255/49
f 12825/1224/49 12824/1255/49 12823/1256/49
f 12828/1226/49 12827/1224/49 12826/1256/49
f 12831/1226/49 12830/1256/49 12829/1257/49
f 12834/1226/49 12833/1257/49 12832/1258/49
f 12837/1226/49 12836/1258/49 12835/1229/49
f 12840/1231/49 12839/1229/49 12838/1258/49
f 12843/1231/49 12842/1258/49 12841/1259/49
f 12846/1198/49 12845/1231/49 12844/1259/49
f 12849/1198/49 12848/1259/49 12847/1242/49
f 12852/1242/49 12851/1231/49 12850/1198/49
f 12855/1242/49 12854/1259/49 12853/1231/49
f 12858/1231/49 12857/1259/49 12856/1258/49
f 12861/1231/49 12860/1258/49 12859/1229/49
f 12864/1258/49 12863/1226/49 12862/1229/49
f 12867/1258/49 12866/1257/49 12865/1226/49
f 12870/1226/49 12869/1257/49 12868/1256/49
f 12873/1226/49 12872/1256/49 12871/1224/49
f 12876/1224/49 12875/1256/49 12874/1255/49
f 12879/1224/49 12878/1255/49 12877/1222/49
f 12882/1222/49 12881/1255/49 12880/1254/49
f 12885/1222/49 12884/1254/49 12883/1220/49
f 12888/1220/49 12887/1254/49 12886/1253/49
f 12891/1220/49 12890/1253/49 12889/1219/49
f 12894/1219/49 12893/1253/49 12892/1252/49
f 12897/1219/49 12896/1252/49 12895/1217/49
f 12900/1252/49 12899/1216/49 12898/1217/49
f 12903/1252/49 12902/1251/49 12901/1216/49
f 12906/1192/49 12905/1195/49 12904/1241/49
f 12909/1192/49 12908/1241/49 12907/1240/49
f 12912/1239/49 12911/1192/49 12910/1240/49
f 12915/1239/49 12914/1191/49 12913/1192/49
f 12918/1238/49 12917/1191/49 12916/1239/49
f 12921/1238/49 12920/1188/49 12919/1191/49
f 12924/1188/49 12923/1238/49 12922/1237/49
f 12927/1188/49 12926/1237/49 12925/1187/49
f 12930/1187/49 12929/1237/49 12928/1236/49
f 12933/1187/49 12932/1236/49 12931/1185/49
f 12936/1185/49 12935/1236/49 12934/1235/49
f 12939/1185/49 12938/1235/49 12937/1183/49
f 12942/1183/49 12941/1235/49 12940/1234/49
f 12945/1183/49 12944/1234/49 12943/1181/49
f 12948/1181/49 12947/1234/49 12946/1233/49
f 12951/1181/49 12950/1233/49 12949/1179/49
f 12954/1179/49 12953/1233/49 12952/1232/49
f 12957/1179/49 12956/1232/49 12955/1178/49
f 12960/1178/49 12959/1232/49 12958/1250/49
f 12963/1178/49 12962/1250/49 12961/1213/49
f 12966/1213/49 12965/1250/49 12964/1249/49
f 12969/1213/49 12968/1249/49 12967/1210/49
f 12972/1210/49 12971/1249/49 12970/1248/49
f 12975/1210/49 12974/1248/49 12973/1209/49
f 12978/1209/49 12977/1248/49 12976/1247/49
f 12981/1209/49 12980/1247/49 12979/1207/49
f 12984/1207/49 12983/1247/49 12982/1246/49
f 12987/1207/49 12986/1246/49 12985/1205/49
f 12990/1205/49 12989/1246/49 12988/1245/49
f 12993/1205/49 12992/1245/49 12991/1202/49
f 12996/1202/49 12995/1245/49 12994/1244/49
f 12999/1202/49 12998/1244/49 12997/1201/49
f 13002/1201/49 13001/1244/49 13000/1243/49
f 13005/1201/49 13004/1243/49 13003/1199/49
f 13008/1199/49 13007/1243/49 13006/1242/49
f 13011/1199/49 13010/1242/49 13009/1198/49
f 13014/604/50 13013/605/50 13012/606/50
f 13017/604/50 13016/603/50 13015/605/50
f 13020/589/50 13019/603/50 13018/604/50
f 13023/589/50 13022/587/50 13021/603/50
f 13026/650/228 13025/651/250 13024/652/250
f 13029/650/228 13028/648/228 13027/651/250
f 13032/647/247 13031/648/228 13030/650/228
f 13035/647/247 13034/649/247 13033/648/228
f 13038/632/214 13037/633/48 13036/634/48
f 13041/632/214 13040/630/214 13039/633/48
f 13044/629/181 13043/630/213 13042/632/213
f 13047/629/181 13046/631/181 13045/630/213
f 13050/664/269 13049/631/181 13048/629/181
f 13053/664/269 13052/663/269 13051/631/181
f 13056/662/220 13055/663/187 13054/664/187
f 13059/662/220 13058/661/220 13057/663/187
f 13062/660/268 13061/661/220 13060/662/220
f 13065/660/268 13064/659/268 13063/661/220
f 13068/658/169 13067/659/267 13066/660/267
f 13071/658/169 13070/657/169 13069/659/267
f 13074/656/225 13073/657/169 13072/658/169
f 13077/656/225 13076/655/225 13075/657/169
f 13080/654/265 13079/655/266 13078/656/266
f 13083/654/265 13082/653/265 13081/655/266
f 13086/652/264 13085/653/265 13084/654/265
f 13089/652/264 13088/651/264 13087/653/265
f 13092/614/5 13091/615/209 13090/616/209
f 13095/614/5 13094/612/5 13093/615/209
f 13098/611/190 13097/612/5 13096/614/5
f 13101/611/190 13100/613/190 13099/612/5
f 13104/646/204 13103/613/191 13102/611/191
f 13107/646/204 13106/645/204 13105/613/191
f 13110/644/263 13109/645/204 13108/646/204
f 13113/644/263 13112/643/263 13111/645/204
f 13116/642/10 13115/643/262 13114/644/262
f 13119/642/10 13118/641/10 13117/643/262
f 13122/640/192 13121/641/10 13120/642/10
f 13125/640/192 13124/639/192 13123/641/10
f 13128/638/166 13127/639/261 13126/640/261
f 13131/638/166 13130/637/166 13129/639/261
f 13134/636/185 13133/637/166 13132/638/166
f 13137/636/185 13136/635/185 13135/637/166
f 13140/634/48 13139/635/186 13138/636/186
f 13143/634/48 13142/633/48 13141/635/186
f 13146/610/184 13145/606/255 13144/605/255
f 13149/610/184 13148/608/184 13147/606/255
f 13152/607/235 13151/608/254 13150/610/254
f 13155/607/235 13154/609/235 13153/608/254
f 13158/628/233 13157/609/235 13156/607/235
f 13161/628/233 13160/627/233 13159/609/235
f 13164/626/182 13163/627/260 13162/628/260
f 13167/626/182 13166/625/182 13165/627/260
f 13170/624/208 13169/625/182 13168/626/182
f 13173/624/208 13172/623/208 13171/625/182
f 13176/622/90 13175/623/259 13174/624/259
f 13179/622/90 13178/621/90 13177/623/259
f 13182/620/258 13181/621/90 13180/622/90
f 13185/620/258 13184/619/258 13183/621/90
f 13188/618/202 13187/619/257 13186/620/257
f 13191/618/202 13190/617/202 13189/619/257
f 13194/616/256 13193/617/202 13192/618/202
f 13197/616/256 13196/615/256 13195/617/202
f 13200/1290/51 13199/1291/51 13198/1292/51
f 13203/1290/51 13202/1292/51 13201/1293/51
f 13206/1294/51 13205/1290/51 13204/1293/51
f 13209/1294/51 13208/1295/51 13207/1290/51
f 13212/1296/51 13211/1295/51 13210/1294/51
f 13215/1296/51 13214/1294/51 13213/1297/51
f 13218/1298/51 13217/1296/51 13216/1297/51
f 13221/1298/51 13220/1297/51 13219/1299/51
f 13224/1300/51 13223/1298/51 13222/1299/51
f 13227/1300/51 13226/1301/51 13225/1298/51
f 13230/1302/51 13229/1301/51 13228/1300/51
f 13233/1302/51 13232/1303/51 13231/1301/51
f 13236/1302/51 13235/1304/51 13234/1303/51
f 13239/1302/51 13238/1305/51 13237/1304/51
f 13242/1306/51 13241/1307/51 13240/1308/51
f 13245/1306/51 13244/1308/51 13243/1309/51
f 13248/1310/51 13247/1306/51 13246/1309/51
f 13251/1310/51 13250/1309/51 13249/1311/51
f 13254/1312/51 13253/1310/51 13252/1311/51
f 13257/1312/51 13256/1311/51 13255/1313/51
f 13260/1314/51 13259/1312/51 13258/1313/51
f 13263/1314/51 13262/1313/51 13261/1315/51
f 13266/1316/51 13265/1314/51 13264/1315/51
f 13269/1316/51 13268/1317/51 13267/1314/51
f 13272/1318/51 13271/1317/51 13270/1316/51
f 13275/1318/51 13274/1319/51 13273/1317/51
f 13278/1320/51 13277/1319/51 13276/1318/51
f 13281/1320/51 13280/1318/51 13279/1321/51
f 13284/1322/51 13283/1320/51 13282/1321/51
f 13287/1322/51 13286/1321/51 13285/1323/51
f 13290/1291/51 13289/1322/51 13288/1323/51
f 13293/1291/51 13292/1323/51 13291/1292/51
f 13296/1324/51 13295/1325/51 13294/1326/51
f 13299/1324/51 13298/1326/51 13297/1327/51
f 13302/1328/51 13301/1324/51 13300/1327/51
f 13305/1328/51 13304/1327/51 13303/1329/51
f 13308/1330/51 13307/1328/51 13306/1329/51
f 13311/1330/51 13310/1331/51 13309/1328/51
f 13314/1332/51 13313/1331/51 13312/1330/51
f 13317/1332/51 13316/1330/51 13315/1333/51
f 13320/1334/51 13319/1332/51 13318/1333/51
f 13323/1334/51 13322/1333/51 13321/1335/51
f 13326/1336/51 13325/1334/51 13324/1335/51
f 13329/1336/51 13328/1337/51 13327/1334/51
f 13332/1338/51 13331/1337/51 13330/1336/51
f 13335/1338/51 13334/1336/51 13333/1339/51
f 13338/1340/51 13337/1338/51 13336/1339/51
f 13341/1340/51 13340/1339/51 13339/1341/51
f 13344/1307/51 13343/1340/51 13342/1341/51
f 13347/1307/51 13346/1341/51 13345/1308/51
f 13350/1336/51 13349/1338/51 13348/1339/51
f 13353/1336/51 13352/1337/51 13351/1338/51
f 13356/1336/51 13355/1334/51 13354/1337/51
f 13359/1336/51 13358/1335/51 13357/1334/51
f 13362/1333/51 13361/1334/51 13360/1335/51
f 13365/1333/51 13364/1332/51 13363/1334/51
f 13368/1330/51 13367/1332/51 13366/1333/51
f 13371/1330/51 13370/1331/51 13369/1332/51
f 13374/1330/51 13373/1328/51 13372/1331/51
f 13377/1330/51 13376/1329/51 13375/1328/51
f 13380/1327/51 13379/1328/51 13378/1329/51
f 13383/1327/51 13382/1324/51 13381/1328/51
f 13386/1326/51 13385/1324/51 13384/1327/51
f 13389/1326/51 13388/1325/51 13387/1324/51
f 13392/1326/51 13391/1342/51 13390/1325/51
f 13395/1326/51 13394/1343/51 13393/1342/51
f 13398/1326/51 13397/1342/51 13396/1343/51
f 13401/1326/51 13400/1325/51 13399/1342/51
f 13404/1318/51 13403/1320/51 13402/1321/51
f 13407/1318/51 13406/1319/51 13405/1320/51
f 13410/1318/51 13409/1317/51 13408/1319/51
f 13413/1318/51 13412/1316/51 13411/1317/51
f 13416/1316/51 13415/1314/51 13414/1317/51
f 13419/1316/51 13418/1315/51 13417/1314/51
f 13422/1313/51 13421/1314/51 13420/1315/51
f 13425/1313/51 13424/1312/51 13423/1314/51
f 13428/1311/51 13427/1312/51 13426/1313/51
f 13431/1311/51 13430/1310/51 13429/1312/51
f 13434/1309/51 13433/1310/51 13432/1311/51
f 13437/1309/51 13436/1306/51 13435/1310/51
f 13440/1308/51 13439/1306/51 13438/1309/51
f 13443/1308/51 13442/1307/51 13441/1306/51
f 13446/1341/51 13445/1307/51 13444/1308/51
f 13449/1341/51 13448/1340/51 13447/1307/51
f 13452/1339/51 13451/1340/51 13450/1341/51
f 13455/1339/51 13454/1338/51 13453/1340/51
f 13458/1302/51 13457/1304/51 13456/1305/51
f 13461/1302/51 13460/1303/51 13459/1304/51
f 13464/1302/51 13463/1301/51 13462/1303/51
f 13467/1302/51 13466/1300/51 13465/1301/51
f 13470/1300/51 13469/1298/51 13468/1301/51
f 13473/1300/51 13472/1299/51 13471/1298/51
f 13476/1297/51 13475/1298/51 13474/1299/51
f 13479/1297/51 13478/1296/51 13477/1298/51
f 13482/1294/51 13481/1296/51 13480/1297/51
f 13485/1294/51 13484/1295/51 13483/1296/51
f 13488/1294/51 13487/1290/51 13486/1295/51
f 13491/1294/51 13490/1293/51 13489/1290/51
f 13494/1292/51 13493/1290/51 13492/1293/51
f 13497/1292/51 13496/1291/51 13495/1290/51
f 13500/1323/51 13499/1291/51 13498/1292/51
f 13503/1323/51 13502/1322/51 13501/1291/51
f 13506/1321/51 13505/1322/51 13504/1323/51
f 13509/1321/51 13508/1320/51 13507/1322/51
f 13512/1344/313 13511/1291/182 13510/1322/313
f 13515/1344/313 13514/1345/182 13513/1291/182
f 13518/1346/260 13517/1291/182 13516/1345/182
f 13521/1346/260 13520/1290/260 13519/1291/182
f 13524/1347/235 13523/1290/233 13522/1346/233
f 13527/1347/235 13526/1295/235 13525/1290/233
f 13530/1347/235 13529/1296/327 13528/1295/235
f 13533/1347/235 13532/1348/327 13531/1296/327
f 13536/1349/328 13535/1296/327 13534/1348/327
f 13539/1349/328 13538/1298/328 13537/1296/327
f 13542/1349/184 13541/1301/215 13540/1298/184
f 13545/1349/184 13544/1350/215 13543/1301/215
f 13548/1350/215 13547/1303/329 13546/1301/215
f 13551/1350/215 13550/1351/329 13549/1303/329
f 13554/1352/330 13553/1303/533 13552/1351/533
f 13557/1352/330 13556/1304/330 13555/1303/533
f 13560/1352/227 13559/1305/510 13558/1304/227
f 13563/1352/227 13562/1353/510 13561/1305/510
f 13566/1354/316 13565/1307/315 13564/1340/316
f 13569/1354/316 13568/1355/315 13567/1307/315
f 13572/1356/5 13571/1307/315 13570/1355/315
f 13575/1356/5 13574/1306/5 13573/1307/315
f 13578/1357/209 13577/1306/5 13576/1356/5
f 13581/1357/209 13580/1310/209 13579/1306/5
f 13584/1358/202 13583/1310/256 13582/1357/256
f 13587/1358/202 13586/1312/202 13585/1310/256
f 13590/1358/202 13589/1314/317 13588/1312/202
f 13593/1358/202 13592/1359/317 13591/1314/317
f 13596/1359/318 13595/1317/257 13594/1314/318
f 13599/1359/318 13598/1360/257 13597/1317/257
f 13602/1360/257 13601/1319/90 13600/1317/257
f 13605/1360/257 13604/1361/90 13603/1319/90
f 13608/1361/90 13607/1320/208 13606/1319/90
f 13611/1361/90 13610/1362/208 13609/1320/208
f 13614/1362/208 13613/1322/312 13612/1320/208
f 13617/1362/208 13616/1344/312 13615/1322/312
f 13620/1363/48 13619/1325/185 13618/1342/48
f 13623/1363/48 13622/1364/185 13621/1325/185
f 13626/1365/302 13625/1325/185 13624/1364/185
f 13629/1365/302 13628/1324/302 13627/1325/185
f 13632/1366/166 13631/1324/303 13630/1365/303
f 13635/1366/166 13634/1328/166 13633/1324/303
f 13638/1366/166 13637/1331/261 13636/1328/166
f 13641/1366/166 13640/1367/261 13639/1331/261
f 13644/1367/192 13643/1332/10 13642/1331/192
f 13647/1367/192 13646/1368/10 13645/1332/10
f 13650/1368/10 13649/1334/512 13648/1332/10
f 13653/1368/10 13652/1369/512 13651/1334/512
f 13656/1370/262 13655/1334/512 13654/1369/512
f 13659/1370/262 13658/1337/262 13657/1334/512
f 13662/1370/263 13661/1338/204 13660/1337/263
f 13665/1370/263 13664/1371/204 13663/1338/204
f 13668/1354/191 13667/1338/204 13666/1371/204
f 13671/1354/191 13670/1340/191 13669/1338/204
f 13674/1372/50 13673/976/50 13672/1373/50
f 13677/1373/50 13676/976/50 13675/980/50
f 13680/1374/50 13679/1375/50 13678/979/50
f 13683/979/50 13682/1375/50 13681/980/50
f 13686/1376/49 13685/967/49 13684/1377/49
f 13689/1377/49 13688/967/49 13687/968/49
f 13692/1378/49 13691/964/49 13690/1379/49
f 13695/1379/49 13694/964/49 13693/963/49
f 13698/1380/50 13697/1381/50 13696/1382/50
f 13701/1382/50 13700/1381/50 13699/1383/50
f 13704/1383/49 13703/1384/49 13702/1382/49
f 13707/1382/49 13706/1384/49 13705/1385/49
f 13710/1385/48 13709/1384/48 13708/1386/48
f 13713/1386/48 13712/1384/48 13711/1387/48
f 13716/1388/49 13715/977/49 13714/1389/49
f 13719/1389/49 13718/977/49 13717/976/49
f 13722/1390/50 13721/1391/50 13720/1392/50
f 13725/1392/50 13724/1391/50 13723/1393/50
f 13728/1392/49 13727/1393/49 13726/1394/49
f 13731/1394/49 13730/1393/49 13729/1395/49
f 13734/1395/49 13733/1396/49 13732/1394/49
f 13737/1396/48 13736/1395/48 13735/1397/48
f 13740/1397/48 13739/1395/48 13738/1398/48
f 13743/1399/51 13742/1400/51 13741/1401/51
f 13746/1401/51 13745/1400/51 13744/1402/51
f 13749/972/1 13748/982/1 13747/973/1
f 13752/973/1 13751/982/1 13750/983/1
f 13755/974/1 13754/973/1 13753/978/1
f 13758/978/1 13757/981/1 13756/979/1
f 13761/978/1 13760/979/1 13759/974/1
f 13764/974/1 13763/979/1 13762/980/1
f 13767/980/1 13766/976/1 13765/974/1
f 13770/975/1 13769/976/1 13768/977/1
f 13773/974/1 13772/976/1 13771/975/1
f 13776/965/1 13775/974/1 13774/975/1
f 13779/966/1 13778/974/1 13777/965/1
f 13782/966/1 13781/973/1 13780/974/1
f 13785/960/1 13784/973/1 13783/966/1
f 13788/972/1 13787/973/1 13786/960/1
f 13791/958/1 13790/972/1 13789/960/1
f 13794/971/1 13793/972/1 13792/958/1
f 13797/962/1 13796/971/1 13795/958/1
f 13800/970/1 13799/971/1 13798/962/1
f 13803/969/1 13802/970/1 13801/962/1
f 13806/964/1 13805/962/1 13804/963/1
f 13809/963/1 13808/962/1 13807/961/1
f 13812/962/1 13811/958/1 13810/961/1
f 13815/961/1 13814/958/1 13813/959/1
f 13818/959/1 13817/958/1 13816/960/1
f 13821/959/1 13820/960/1 13819/965/1
f 13824/965/1 13823/960/1 13822/966/1
f 13827/959/1 13826/965/1 13825/967/1
f 13830/967/1 13829/965/1 13828/968/1
f 13833/1176/51 13832/1177/51 13831/1344/51
f 13836/1176/51 13835/1344/51 13834/1345/51
f 13839/1346/51 13838/1176/51 13837/1345/51
f 13842/1346/51 13841/1180/51 13840/1176/51
f 13845/1182/51 13844/1180/51 13843/1346/51
f 13848/1182/51 13847/1346/51 13846/1347/51
f 13851/1184/51 13850/1182/51 13849/1347/51
f 13854/1184/51 13853/1347/51 13852/1348/51
f 13857/1349/51 13856/1184/51 13855/1348/51
f 13860/1349/51 13859/1186/51 13858/1184/51
f 13863/1350/51 13862/1186/51 13861/1349/51
f 13866/1350/51 13865/1189/51 13864/1186/51
f 13869/1189/51 13868/1350/51 13867/1351/51
f 13872/1189/51 13871/1351/51 13870/1190/51
f 13875/1190/51 13874/1351/51 13873/1352/51
f 13878/1190/51 13877/1352/51 13876/1193/51
f 13881/1352/51 13880/1194/51 13879/1193/51
f 13884/1352/51 13883/1353/51 13882/1194/51
f 13887/1355/51 13886/1197/51 13885/1354/51
f 13890/1355/51 13889/1196/51 13888/1197/51
f 13893/1356/51 13892/1196/51 13891/1355/51
f 13896/1356/51 13895/1200/51 13894/1196/51
f 13899/1357/51 13898/1200/51 13897/1356/51
f 13902/1357/51 13901/1203/51 13900/1200/51
f 13905/1358/51 13904/1203/51 13903/1357/51
f 13908/1358/51 13907/1204/51 13906/1203/51
f 13911/1359/51 13910/1204/51 13909/1358/51
f 13914/1359/51 13913/1206/51 13912/1204/51
f 13917/1208/51 13916/1206/51 13915/1359/51
f 13920/1208/51 13919/1359/51 13918/1360/51
f 13923/1211/51 13922/1208/51 13921/1360/51
f 13926/1211/51 13925/1360/51 13924/1361/51
f 13929/1212/51 13928/1211/51 13927/1361/51
f 13932/1212/51 13931/1361/51 13930/1362/51
f 13935/1177/51 13934/1212/51 13933/1362/51
f 13938/1177/51 13937/1362/51 13936/1344/51
f 13941/1214/51 13940/1215/51 13939/1363/51
f 13944/1214/51 13943/1363/51 13942/1364/51
f 13947/1365/51 13946/1214/51 13945/1364/51
f 13950/1365/51 13949/1218/51 13948/1214/51
f 13953/1366/51 13952/1218/51 13951/1365/51
f 13956/1366/51 13955/1221/51 13954/1218/51
f 13959/1223/51 13958/1221/51 13957/1366/51
f 13962/1223/51 13961/1366/51 13960/1367/51
f 13965/1225/51 13964/1223/51 13963/1367/51
f 13968/1225/51 13967/1367/51 13966/1368/51
f 13971/1369/51 13970/1225/51 13969/1368/51
f 13974/1369/51 13973/1227/51 13972/1225/51
f 13977/1228/51 13976/1227/51 13975/1369/51
f 13980/1228/51 13979/1369/51 13978/1370/51
f 13983/1230/51 13982/1228/51 13981/1370/51
f 13986/1230/51 13985/1370/51 13984/1371/51
f 13989/1354/51 13988/1230/51 13987/1371/51
f 13992/1354/51 13991/1197/51 13990/1230/51
f 13995/1354/51 13994/1230/51 13993/1197/51
f 13998/1354/51 13997/1371/51 13996/1230/51
f 14001/1370/51 14000/1230/51 13999/1371/51
f 14004/1370/51 14003/1228/51 14002/1230/51
f 14007/1369/51 14006/1228/51 14005/1370/51
f 14010/1369/51 14009/1227/51 14008/1228/51
f 14013/1369/51 14012/1225/51 14011/1227/51
f 14016/1369/51 14015/1368/51 14014/1225/51
f 14019/1367/51 14018/1225/51 14017/1368/51
f 14022/1367/51 14021/1223/51 14020/1225/51
f 14025/1366/51 14024/1223/51 14023/1367/51
f 14028/1366/51 14027/1221/51 14026/1223/51
f 14031/1366/51 14030/1218/51 14029/1221/51
f 14034/1366/51 14033/1365/51 14032/1218/51
f 14037/1365/51 14036/1214/51 14035/1218/51
f 14040/1365/51 14039/1364/51 14038/1214/51
f 14043/1363/51 14042/1214/51 14041/1364/51
f 14046/1363/51 14045/1215/51 14044/1214/51
f 14049/1403/51 14048/1404/51 14047/982/51
f 14052/982/51 14051/1404/51 14050/983/51
f 14055/1405/51 14054/1406/51 14053/969/51
f 14058/969/51 14057/1406/51 14056/970/51
f 14061/1407/50 14060/1400/50 14059/1408/50
f 14064/1408/50 14063/1400/50 14062/1399/50
f 14067/1402/48 14066/1409/48 14065/1401/48
f 14070/1401/48 14069/1409/48 14068/1410/48
f 14073/1411/48 14072/962/48 14071/1412/48
f 14076/1412/48 14075/962/48 14074/964/48
f 14079/1413/48 14078/1414/48 14077/962/48
f 14082/962/48 14081/1414/48 14080/969/48
f 14085/1415/51 14084/1416/51 14083/981/51
f 14088/981/51 14087/1416/51 14086/979/51
f 14091/1417/50 14090/1418/50 14089/1419/50
f 14094/1419/50 14093/1418/50 14092/1420/50
f 14097/1418/51 14096/1421/51 14095/1420/51
f 14100/1420/51 14099/1421/51 14098/1422/51
f 14103/1421/48 14102/1423/48 14101/1422/48
f 14106/1422/48 14105/1423/48 14104/1424/48
f 14109/985/1 14108/984/1 14107/764/1
f 14112/984/1 14111/762/1 14110/764/1
f 14115/1425/50 14114/1426/50 14113/1427/50
f 14118/1428/50 14117/1429/50 14116/1430/50
f 14121/1430/50 14120/1429/50 14119/1425/50
f 14124/1429/50 14123/1426/50 14122/1425/50
f 14127/1431/50 14126/1426/50 14125/1429/50
f 14130/1432/50 14129/1426/50 14128/1431/50
f 14133/1431/50 14132/1433/50 14131/1432/50
f 14136/1434/50 14135/1433/50 14134/1431/50
f 14139/1435/50 14138/1434/50 14137/1431/50
f 14142/1436/50 14141/1434/50 14140/1435/50
f 14145/1429/50 14144/1428/50 14143/1431/50
f 14148/1431/50 14147/1428/50 14146/1435/50
f 14151/839/384 14150/3/534 14149/838/535
f 14154/838/536 14153/3/536 14152/867/537
f 14157/786/354 14156/1437/538 14155/784/539
f 14160/784/540 14159/1437/540 14158/899/541
f 14163/863/542 14162/1438/543 14161/842/543
f 14166/842/543 14165/1438/543 14164/840/424
f 14169/217/51 14168/218/51 14167/208/51
f 14172/903/51 14171/225/51 14170/226/51
f 14175/904/51 14174/903/51 14173/226/51
f 14178/222/51 14177/904/51 14176/226/51
f 14181/221/51 14180/222/51 14179/226/51
f 14184/220/51 14183/221/51 14182/226/51
f 14187/227/51 14186/220/51 14185/226/51
f 14190/902/51 14189/220/51 14188/227/51
f 14193/218/51 14192/220/51 14191/902/51
f 14196/209/51 14195/218/51 14194/902/51
f 14199/218/51 14198/209/51 14197/208/51
f 14202/208/51 14201/209/51 14200/210/51
f 14205/210/51 14204/209/51 14203/216/51
f 14208/209/51 14207/901/51 14206/216/51
f 14211/901/51 14210/212/51 14209/216/51
f 14214/212/51 14213/213/51 14212/216/51
f 14217/213/51 14216/214/51 14215/216/51
f 14220/214/51 14219/900/51 14218/216/51
f 14223/1197/184 14222/1231/215 14221/1198/184
f 14226/1197/184 14225/1230/215 14224/1231/215
f 14229/1230/215 14228/1229/230 14227/1231/215
f 14232/1230/215 14231/1228/230 14230/1229/230
f 14235/1228/230 14234/1226/329 14233/1229/230
f 14238/1228/230 14237/1227/329 14236/1226/329
f 14241/1225/194 14240/1226/329 14239/1227/329
f 14244/1225/194 14243/1224/194 14242/1226/329
f 14247/1225/194 14246/1222/217 14245/1224/194
f 14250/1225/194 14249/1223/217 14248/1222/217
f 14253/1223/331 14252/1220/330 14251/1222/331
f 14256/1223/331 14255/1221/330 14254/1220/330
f 14259/1218/322 14258/1220/227 14257/1221/227
f 14262/1218/322 14261/1219/322 14260/1220/227
f 14265/1218/323 14264/1217/189 14263/1219/323
f 14268/1218/323 14267/1214/189 14266/1217/189
f 14271/1214/189 14270/1216/50 14269/1217/189
f 14274/1214/189 14273/1215/50 14272/1216/50
f 14277/1214/223 14276/1216/50 14275/1215/50
f 14280/1214/223 14279/1217/223 14278/1216/50
f 14283/1218/324 14282/1217/223 14281/1214/223
f 14286/1218/324 14285/1219/324 14284/1217/223
f 14289/1220/201 14288/1219/325 14287/1218/325
f 14292/1220/201 14291/1218/325 14290/1221/201
f 14295/1222/326 14294/1220/201 14293/1221/201
f 14298/1222/326 14297/1221/201 14296/1223/326
f 14301/1224/219 14300/1222/221 14299/1223/221
f 14304/1224/219 14303/1223/221 14302/1225/219
f 14307/1226/321 14306/1224/219 14305/1225/219
f 14310/1226/321 14309/1225/219 14308/1227/321
f 14313/1228/206 14312/1226/321 14311/1227/321
f 14316/1228/206 14315/1229/206 14314/1226/321
f 14319/1230/164 14318/1229/206 14317/1228/206
f 14322/1230/164 14321/1231/164 14320/1229/206
f 14325/1197/240 14324/1231/164 14323/1230/164
f 14328/1197/240 14327/1198/240 14326/1231/164
f 14331/1196/241 14330/1198/240 14329/1197/240
f 14334/1196/241 14333/1199/241 14332/1198/240
f 14337/1200/236 14336/1199/241 14335/1196/241
f 14340/1200/236 14339/1201/236 14338/1199/241
f 14343/1202/243 14342/1201/236 14341/1200/236
f 14346/1202/243 14345/1200/236 14344/1203/243
f 14349/1204/167 14348/1202/244 14347/1203/244
f 14352/1204/167 14351/1205/167 14350/1202/244
f 14355/1206/245 14354/1205/167 14353/1204/167
f 14358/1206/245 14357/1207/245 14356/1205/167
f 14361/1208/232 14360/1207/246 14359/1206/246
f 14364/1208/232 14363/1209/232 14362/1207/246
f 14367/1210/2 14366/1209/232 14365/1208/232
f 14370/1210/2 14369/1208/232 14368/1211/2
f 14373/1212/247 14372/1210/2 14371/1211/2
f 14376/1212/247 14375/1213/247 14374/1210/2
f 14379/1177/248 14378/1213/247 14377/1212/247
f 14382/1177/248 14381/1178/248 14380/1213/247
f 14385/1176/228 14384/1178/249 14383/1177/249
f 14388/1176/228 14387/1179/228 14386/1178/249
f 14391/1180/250 14390/1179/228 14389/1176/228
f 14394/1180/250 14393/1181/250 14392/1179/228
f 14397/1182/265 14396/1181/264 14395/1180/264
f 14400/1182/265 14399/1183/265 14398/1181/264
f 14403/1184/515 14402/1183/265 14401/1182/265
f 14406/1184/515 14405/1185/515 14404/1183/265
f 14409/1186/224 14408/1185/515 14407/1184/515
f 14412/1186/224 14411/1187/224 14410/1185/515
f 14415/1188/169 14414/1187/266 14413/1186/266
f 14418/1188/169 14417/1186/266 14416/1189/169
f 14421/1188/169 14420/1189/169 14419/1190/516
f 14424/1188/169 14423/1190/516 14422/1191/516
f 14427/1190/516 14426/1192/544 14425/1191/516
f 14430/1190/516 14429/1193/181 14428/1192/181
f 14433/1192/181 14432/1193/181 14431/1194/525
f 14436/1192/181 14435/1194/525 14434/1195/525
f 14439/1177/318 14438/1213/257 14437/1178/318
f 14442/1177/318 14441/1212/257 14440/1213/257
f 14445/1212/257 14444/1210/90 14443/1213/257
f 14448/1212/257 14447/1211/90 14446/1210/90
f 14451/1211/90 14450/1209/208 14449/1210/90
f 14454/1211/90 14453/1208/208 14452/1209/208
f 14457/1208/208 14456/1207/312 14455/1209/208
f 14460/1208/208 14459/1206/312 14458/1207/312
f 14463/1206/313 14462/1205/182 14461/1207/313
f 14466/1206/313 14465/1204/182 14464/1205/182
f 14469/1204/182 14468/1202/260 14467/1205/182
f 14472/1204/182 14471/1203/260 14470/1202/260
f 14475/1203/233 14474/1201/235 14473/1202/233
f 14478/1203/233 14477/1200/235 14476/1201/235
f 14481/1200/235 14480/1199/327 14479/1201/235
f 14484/1200/235 14483/1196/327 14482/1199/327
f 14487/1196/327 14486/1198/254 14485/1199/327
f 14490/1196/327 14489/1197/328 14488/1198/328
f 14493/1192/166 14492/1195/526 14491/1194/526
f 14496/1192/166 14495/1194/526 14494/1193/166
f 14499/1192/166 14498/1193/545 14497/1190/527
f 14502/1192/166 14501/1190/527 14500/1191/527
f 14505/1188/204 14504/1191/512 14503/1190/512
f 14508/1188/204 14507/1190/512 14506/1189/204
f 14511/1186/190 14510/1188/204 14509/1189/204
f 14514/1186/190 14513/1187/190 14512/1188/204
f 14517/1186/316 14516/1185/315 14515/1187/316
f 14520/1186/316 14519/1184/315 14518/1185/315
f 14523/1184/315 14522/1183/5 14521/1185/315
f 14526/1184/315 14525/1182/5 14524/1183/5
f 14529/1180/209 14528/1183/5 14527/1182/5
f 14532/1180/209 14531/1181/209 14530/1183/5
f 14535/1176/202 14534/1181/256 14533/1180/256
f 14538/1176/202 14537/1179/202 14536/1181/256
f 14541/1177/317 14540/1179/202 14539/1176/202
f 14544/1177/317 14543/1178/317 14542/1179/202
f 14547/182/90 14546/184/90 14545/183/90
f 14550/183/90 14549/184/90 14548/185/90
f 14553/185/90 14552/186/90 14551/183/90
f 14556/187/90 14555/186/90 14554/185/90
f 14559/1354/224 14558/1307/515 14557/1340/224
f 14562/1354/224 14561/1355/515 14560/1307/515
f 14565/1355/515 14564/1306/265 14563/1307/515
f 14568/1355/515 14567/1356/265 14566/1306/265
f 14571/1356/265 14570/1310/264 14569/1306/265
f 14574/1356/265 14573/1357/264 14572/1310/264
f 14577/1357/250 14576/1312/228 14575/1310/250
f 14580/1357/250 14579/1358/228 14578/1312/228
f 14583/1358/228 14582/1314/249 14581/1312/228
f 14586/1358/228 14585/1359/249 14584/1314/249
f 14589/1359/248 14588/1317/247 14587/1314/248
f 14592/1359/248 14591/1360/247 14590/1317/247
f 14595/1361/2 14594/1317/247 14593/1360/247
f 14598/1361/2 14597/1319/2 14596/1317/247
f 14601/1361/2 14600/1320/232 14599/1319/2
f 14604/1361/2 14603/1362/232 14602/1320/232
f 14607/1362/232 14606/1322/246 14605/1320/232
f 14610/1362/232 14609/1344/246 14608/1322/246
f 14613/1345/167 14612/1322/245 14611/1344/245
f 14616/1345/167 14615/1291/167 14614/1322/245
f 14619/1346/244 14618/1291/167 14617/1345/167
f 14622/1346/244 14621/1290/244 14620/1291/167
f 14625/1347/236 14624/1290/243 14623/1346/243
f 14628/1347/236 14627/1295/236 14626/1290/243
f 14631/1347/236 14630/1296/241 14629/1295/236
f 14634/1347/236 14633/1348/241 14632/1296/241
f 14637/1348/241 14636/1298/211 14635/1296/241
f 14640/1348/241 14639/1349/211 14638/1298/211
f 14643/1349/253 14642/1301/164 14641/1298/253
f 14646/1349/253 14645/1350/164 14644/1301/164
f 14649/1350/164 14648/1303/546 14647/1301/164
f 14652/1350/164 14651/1351/546 14650/1303/546
f 14655/1352/201 14654/1303/547 14653/1351/547
f 14658/1352/201 14657/1304/201 14656/1303/547
f 14661/1352/548 14660/1305/511 14659/1304/548
f 14664/1352/548 14663/1353/511 14662/1305/511
f 14667/188/549 14666/190/549 14665/189/549
f 14670/189/549 14669/190/549 14668/191/549
f 14673/190/550 14672/188/550 14671/272/550
f 14676/272/550 14675/188/550 14674/271/550
f 14679/272/167 14678/271/167 14677/270/167
f 14682/270/167 14681/271/167 14680/269/167
f 14685/270/551 14684/269/551 14683/268/551
f 14688/268/551 14687/269/551 14686/267/551
f 14691/268/552 14690/267/552 14689/266/552
f 14694/266/552 14693/267/552 14692/265/552
f 14697/266/164 14696/265/164 14695/264/164
f 14700/264/164 14699/265/164 14698/263/164
f 14703/264/553 14702/263/553 14701/262/553
f 14706/262/553 14705/263/553 14704/261/553
f 14709/262/554 14708/261/554 14707/260/554
f 14712/260/554 14711/261/554 14710/259/554
f 14715/260/555 14714/259/555 14713/257/555
f 14718/257/555 14717/259/555 14716/258/555
f 14721/255/492 14720/257/492 14719/256/492
f 14724/256/556 14723/257/556 14722/258/556
f 14727/189/228 14726/191/228 14725/192/228
f 14730/192/228 14729/191/228 14728/193/228
f 14733/192/557 14732/193/557 14731/194/557
f 14736/194/557 14735/193/557 14734/195/557
f 14739/194/558 14738/195/558 14737/196/558
f 14742/196/558 14741/195/558 14740/197/558
f 14745/196/169 14744/197/169 14743/198/169
f 14748/198/169 14747/197/169 14746/199/169
f 14751/198/559 14750/199/559 14749/200/559
f 14754/200/559 14753/199/559 14752/201/559
f 14757/200/560 14756/201/560 14755/202/560
f 14760/202/560 14759/201/560 14758/203/560
f 14763/202/181 14762/203/181 14761/204/181
f 14766/204/181 14765/203/181 14764/205/181
f 14769/204/561 14768/205/561 14767/206/561
f 14772/206/507 14771/205/507 14770/207/507
f 14775/924/562 14774/952/563 14773/1439/564
f 14778/1439/565 14777/952/563 14776/923/566
f 14781/935/567 14780/1440/568 14779/934/568
f 14784/934/569 14783/1440/569 14782/1441/570
f 14787/1441/571 14786/1440/572 14785/934/572
f 14790/934/572 14789/1440/572 14788/935/573
f 14793/1441/574 14792/1442/575 14791/934/576
f 14796/934/576 14795/1442/577 14794/933/578
f 14799/1442/575 14798/1443/579 14797/933/580
f 14802/933/581 14801/1443/582 14800/932/583
f 14805/1443/582 14804/1444/584 14803/932/585
f 14808/932/585 14807/1444/584 14806/931/586
f 14811/1444/587 14810/1445/588 14809/931/586
f 14814/931/586 14813/1445/589 14812/930/589
f 14817/930/588 14816/1445/588 14815/957/590
f 14820/957/590 14819/1445/588 14818/1446/591
f 14823/957/590 14822/1446/591 14821/956/592
f 14826/956/593 14825/1446/591 14824/1447/594
f 14829/956/592 14828/1447/594 14827/955/570
f 14832/955/570 14831/1447/594 14830/1448/595
f 14835/955/570 14834/1448/595 14833/954/596
f 14838/954/597 14837/1448/595 14836/1449/596
f 14841/1449/598 14840/905/435 14839/954/599
f 14844/954/598 14843/905/435 14842/907/435
f 14847/906/600 14846/905/601 14845/907/601
f 14850/908/602 14849/905/601 14848/906/602
f 14853/906/602 14852/909/603 14851/908/602
f 14856/910/562 14855/909/603 14854/906/602
f 14859/910/562 14858/911/604 14857/909/605
f 14862/953/606 14861/911/604 14860/910/562
f 14865/953/606 14864/913/607 14863/911/608
f 14868/914/609 14867/913/607 14866/953/606
f 14871/914/610 14870/915/611 14869/913/612
f 14874/916/613 14873/915/611 14872/914/610
f 14877/916/613 14876/917/614 14875/915/611
f 14880/918/614 14879/917/614 14878/916/613
f 14883/919/615 14882/917/614 14881/918/614
f 14886/920/616 14885/917/614 14884/919/615
f 14889/921/617 14888/920/616 14887/919/615
f 14892/922/618 14891/920/616 14890/921/617
f 14895/921/619 14894/952/620 14893/922/618
f 14898/922/618 14897/952/621 14896/924/622
f 14901/1441/623 14900/934/624 14899/1442/625
f 14904/1442/626 14903/934/624 14902/933/627
f 14907/1442/625 14906/933/628 14905/1443/629
f 14910/1443/630 14909/933/628 14908/932/631
f 14913/1443/630 14912/932/632 14911/1444/633
f 14916/1444/633 14915/932/632 14914/931/634
f 14919/1444/633 14918/931/634 14917/1445/635
f 14922/1445/636 14921/931/634 14920/930/636
f 14925/930/635 14924/957/637 14923/1445/635
f 14928/1445/636 14927/957/637 14926/1446/638
f 14931/957/637 14930/956/639 14929/1446/638
f 14934/1446/638 14933/956/639 14932/1447/640
f 14937/956/639 14936/955/571 14935/1447/641
f 14940/1447/640 14939/955/571 14938/1448/642
f 14943/955/643 14942/954/644 14941/1448/642
f 14946/1448/642 14945/954/644 14944/1449/644
f 14949/1449/645 14948/954/646 14947/905/601
f 14952/905/601 14951/954/645 14950/907/601
f 14955/1363/48 14954/1325/213 14953/1342/48
f 14958/1363/48 14957/1364/213 14956/1325/213
f 14961/1364/213 14960/1324/305 14959/1325/213
f 14964/1364/213 14963/1365/305 14962/1324/305
f 14967/1366/181 14966/1324/306 14965/1365/306
f 14970/1366/181 14969/1328/181 14968/1324/306
f 14973/1367/269 14972/1328/181 14971/1366/181
f 14976/1367/269 14975/1331/269 14974/1328/181
f 14979/1368/220 14978/1331/187 14977/1367/187
f 14982/1368/220 14981/1332/220 14980/1331/187
f 14985/1369/516 14984/1332/220 14983/1368/220
f 14988/1369/516 14987/1334/516 14986/1332/220
f 14991/1369/516 14990/1337/268 14989/1334/516
f 14994/1369/516 14993/1370/268 14992/1337/268
f 14997/1370/267 14996/1338/169 14995/1337/267
f 15000/1370/267 14999/1371/169 14998/1338/169
f 15003/1371/169 15002/1340/225 15001/1338/169
f 15006/1371/169 15005/1354/225 15004/1340/225
f 15009/1338/204 15008/1340/191 15007/1354/191
f 15012/1338/204 15011/1354/191 15010/1371/204
f 15015/1370/263 15014/1338/204 15013/1371/204
f 15018/1370/263 15017/1337/263 15016/1338/204
f 15021/1334/512 15020/1337/262 15019/1370/262
f 15024/1334/512 15023/1370/262 15022/1369/512
f 15027/1368/10 15026/1334/512 15025/1369/512
f 15030/1368/10 15029/1332/10 15028/1334/512
f 15033/1367/192 15032/1332/10 15031/1368/10
f 15036/1367/192 15035/1331/192 15034/1332/10
f 15039/1366/166 15038/1331/261 15037/1367/261
f 15042/1366/166 15041/1328/166 15040/1331/261
f 15045/1324/303 15044/1328/166 15043/1366/166
f 15048/1324/303 15047/1366/166 15046/1365/303
f 15051/1325/185 15050/1324/302 15049/1365/302
f 15054/1325/185 15053/1365/302 15052/1364/185
f 15057/1363/48 15056/1325/185 15055/1364/185
f 15060/1363/48 15059/1342/48 15058/1325/185
f 15063/1362/208 15062/1322/312 15061/1344/312
f 15066/1362/208 15065/1320/208 15064/1322/312
f 15069/1361/90 15068/1320/208 15067/1362/208
f 15072/1361/90 15071/1319/90 15070/1320/208
f 15075/1360/257 15074/1319/90 15073/1361/90
f 15078/1360/257 15077/1317/257 15076/1319/90
f 15081/1359/318 15080/1317/257 15079/1360/257
f 15084/1359/318 15083/1314/318 15082/1317/257
f 15087/1358/202 15086/1314/317 15085/1359/317
f 15090/1358/202 15089/1312/202 15088/1314/317
f 15093/1310/256 15092/1312/202 15091/1358/202
f 15096/1310/256 15095/1358/202 15094/1357/256
f 15099/1306/5 15098/1310/209 15097/1357/209
f 15102/1306/5 15101/1357/209 15100/1356/5
f 15105/1307/315 15104/1306/5 15103/1356/5
f 15108/1307/315 15107/1356/5 15106/1355/315
f 15111/1354/316 15110/1307/315 15109/1355/315
f 15114/1354/316 15113/1340/316 15112/1307/315
f 15117/1352/227 15116/1305/510 15115/1353/510
f 15120/1352/227 15119/1304/227 15118/1305/510
f 15123/1303/533 15122/1304/330 15121/1352/330
f 15126/1303/533 15125/1352/330 15124/1351/533
f 15129/1350/215 15128/1303/329 15127/1351/329
f 15132/1350/215 15131/1301/215 15130/1303/329
f 15135/1349/184 15134/1301/215 15133/1350/215
f 15138/1349/184 15137/1298/184 15136/1301/215
f 15141/1296/327 15140/1298/328 15139/1349/328
f 15144/1296/327 15143/1349/328 15142/1348/327
f 15147/1347/235 15146/1296/327 15145/1348/327
f 15150/1347/235 15149/1295/235 15148/1296/327
f 15153/1290/233 15152/1295/235 15151/1347/235
f 15156/1290/233 15155/1347/235 15154/1346/233
f 15159/1291/182 15158/1290/260 15157/1346/260
f 15162/1291/182 15161/1346/260 15160/1345/182
f 15165/1344/313 15164/1291/182 15163/1345/182
f 15168/1344/313 15167/1322/313 15166/1291/182
f 15171/1372/50 15170/1373/50 15169/976/50
f 15174/976/50 15173/1373/50 15172/980/50
f 15177/1374/50 15176/979/50 15175/1375/50
f 15180/1375/50 15179/979/50 15178/980/50
f 15183/1376/49 15182/1377/49 15181/967/49
f 15186/967/49 15185/1377/49 15184/968/49
f 15189/1378/49 15188/1379/49 15187/964/49
f 15192/964/49 15191/1379/49 15190/963/49
f 15195/1380/50 15194/1382/50 15193/1381/50
f 15198/1381/50 15197/1382/50 15196/1383/50
f 15201/1383/49 15200/1382/49 15199/1384/49
f 15204/1384/49 15203/1382/49 15202/1385/49
f 15207/1385/48 15206/1386/48 15205/1384/48
f 15210/1384/48 15209/1386/48 15208/1387/48
f 15213/1411/48 15212/1412/48 15211/962/48
f 15216/962/48 15215/1412/48 15214/964/48
f 15219/1413/48 15218/962/48 15217/1414/48
f 15222/1414/48 15221/962/48 15220/969/48
f 15225/1388/49 15224/1389/49 15223/977/49
f 15228/977/49 15227/1389/49 15226/976/49
f 15231/1390/50 15230/1392/50 15229/1391/50
f 15234/1391/50 15233/1392/50 15232/1393/50
f 15237/1392/49 15236/1394/49 15235/1393/49
f 15240/1393/49 15239/1394/49 15238/1395/49
f 15243/1395/49 15242/1394/49 15241/1396/49
f 15246/1176/49 15245/1177/49 15244/1344/49
f 15249/1176/49 15248/1344/49 15247/1345/49
f 15252/1346/49 15251/1176/49 15250/1345/49
f 15255/1346/49 15254/1180/49 15253/1176/49
f 15258/1182/49 15257/1180/49 15256/1346/49
f 15261/1182/49 15260/1346/49 15259/1347/49
f 15264/1184/49 15263/1182/49 15262/1347/49
f 15267/1184/49 15266/1347/49 15265/1348/49
f 15270/1349/49 15269/1184/49 15268/1348/49
f 15273/1349/49 15272/1186/49 15271/1184/49
f 15276/1350/49 15275/1186/49 15274/1349/49
f 15279/1350/49 15278/1189/49 15277/1186/49
f 15282/1189/49 15281/1350/49 15280/1351/49
f 15285/1189/49 15284/1351/49 15283/1190/49
f 15288/1190/49 15287/1351/49 15286/1352/49
f 15291/1190/49 15290/1352/49 15289/1193/49
f 15294/1352/49 15293/1194/49 15292/1193/49
f 15297/1352/49 15296/1353/49 15295/1194/49
f 15300/1355/49 15299/1197/49 15298/1354/49
f 15303/1355/49 15302/1196/49 15301/1197/49
f 15306/1356/49 15305/1196/49 15304/1355/49
f 15309/1356/49 15308/1200/49 15307/1196/49
f 15312/1357/49 15311/1200/49 15310/1356/49
f 15315/1357/49 15314/1203/49 15313/1200/49
f 15318/1358/49 15317/1203/49 15316/1357/49
f 15321/1358/49 15320/1204/49 15319/1203/49
f 15324/1206/49 15323/1204/49 15322/1358/49
f 15327/1206/49 15326/1358/49 15325/1359/49
f 15330/1208/49 15329/1206/49 15328/1359/49
f 15333/1208/49 15332/1359/49 15331/1360/49
f 15336/1211/49 15335/1208/49 15334/1360/49
f 15339/1211/49 15338/1360/49 15337/1361/49
f 15342/1212/49 15341/1211/49 15340/1361/49
f 15345/1212/49 15344/1361/49 15343/1362/49
f 15348/1177/49 15347/1212/49 15346/1362/49
f 15351/1177/49 15350/1362/49 15349/1344/49
f 15354/1214/49 15353/1215/49 15352/1363/49
f 15357/1214/49 15356/1363/49 15355/1364/49
f 15360/1365/49 15359/1214/49 15358/1364/49
f 15363/1365/49 15362/1218/49 15361/1214/49
f 15366/1366/49 15365/1218/49 15364/1365/49
f 15369/1366/49 15368/1221/49 15367/1218/49
f 15372/1223/49 15371/1221/49 15370/1366/49
f 15375/1223/49 15374/1366/49 15373/1367/49
f 15378/1225/49 15377/1223/49 15376/1367/49
f 15381/1225/49 15380/1367/49 15379/1368/49
f 15384/1369/49 15383/1225/49 15382/1368/49
f 15387/1369/49 15386/1227/49 15385/1225/49
f 15390/1228/49 15389/1227/49 15388/1369/49
f 15393/1228/49 15392/1369/49 15391/1370/49
f 15396/1230/49 15395/1228/49 15394/1370/49
f 15399/1230/49 15398/1370/49 15397/1371/49
f 15402/1354/49 15401/1230/49 15400/1371/49
f 15405/1354/49 15404/1197/49 15403/1230/49
f 15408/1354/49 15407/1230/49 15406/1197/49
f 15411/1354/49 15410/1371/49 15409/1230/49
f 15414/1370/49 15413/1230/49 15412/1371/49
f 15417/1370/49 15416/1228/49 15415/1230/49
f 15420/1369/49 15419/1228/49 15418/1370/49
f 15423/1369/49 15422/1227/49 15421/1228/49
f 15426/1369/49 15425/1225/49 15424/1227/49
f 15429/1369/49 15428/1368/49 15427/1225/49
f 15432/1367/49 15431/1225/49 15430/1368/49
f 15435/1367/49 15434/1223/49 15433/1225/49
f 15438/1366/49 15437/1223/49 15436/1367/49
f 15441/1366/49 15440/1221/49 15439/1223/49
f 15444/1366/49 15443/1218/49 15442/1221/49
f 15447/1366/49 15446/1365/49 15445/1218/49
f 15450/1365/49 15449/1214/49 15448/1218/49
f 15453/1365/49 15452/1364/49 15451/1214/49
f 15456/1363/49 15455/1214/49 15454/1364/49
f 15459/1363/49 15458/1215/49 15457/1214/49
f 15462/1396/48 15461/1397/48 15460/1395/48
f 15465/1395/48 15464/1397/48 15463/1398/48
f 15468/1399/51 15467/1401/51 15466/1400/51
f 15471/1400/51 15470/1401/51 15469/1402/51
f 15474/1403/51 15473/982/51 15472/1404/51
f 15477/1404/51 15476/982/51 15475/983/51
f 15480/1405/51 15479/969/51 15478/1406/51
f 15483/1406/51 15482/969/51 15481/970/51
f 15486/1407/50 15485/1408/50 15484/1400/50
f 15489/1400/50 15488/1408/50 15487/1399/50
f 15492/1402/48 15491/1401/48 15490/1409/48
f 15495/1409/48 15494/1401/48 15493/1410/48
f 15498/1415/51 15497/981/51 15496/1416/51
f 15501/1416/51 15500/981/51 15499/979/51
f 15504/1417/50 15503/1419/50 15502/1418/50
f 15507/1418/50 15506/1419/50 15505/1420/50
f 15510/1418/51 15509/1420/51 15508/1421/51
f 15513/1421/51 15512/1420/51 15511/1422/51
f 15516/1421/48 15515/1422/48 15514/1423/48
f 15519/1423/48 15518/1422/48 15517/1424/48
f 15522/779/17 15521/777/17 15520/783/17
f 15525/1239/516 15524/1260/181 15523/1261/516
f 15528/1239/516 15527/1240/181 15526/1260/181
f 15531/1240/181 15530/1262/509 15529/1260/181
f 15534/1240/181 15533/1241/509 15532/1262/509
f 15537/1263/248 15536/1264/247 15535/1250/247
f 15540/1263/248 15539/1250/247 15538/1232/248
f 15543/1233/228 15542/1263/249 15541/1232/249
f 15546/1233/228 15545/1265/228 15544/1263/249
f 15549/1266/250 15548/1265/228 15547/1233/228
f 15552/1266/250 15551/1233/228 15550/1234/250
f 15555/1235/265 15554/1266/264 15553/1234/264
f 15558/1235/265 15557/1267/265 15556/1266/264
f 15561/1268/515 15560/1267/265 15559/1235/265
f 15564/1268/515 15563/1235/265 15562/1236/515
f 15567/1269/647 15566/1268/515 15565/1236/515
f 15570/1269/647 15569/1236/515 15568/1237/647
f 15573/1270/169 15572/1269/648 15571/1237/648
f 15576/1270/169 15575/1237/648 15574/1238/169
f 15579/1270/169 15578/1238/169 15577/1271/320
f 15582/1271/649 15581/1238/169 15580/1272/181
f 15585/1272/181 15584/1238/169 15583/1261/516
f 15588/1239/516 15587/1261/516 15586/1238/169
f 15591/1242/240 15590/1274/164 15589/1259/164
f 15594/1242/240 15593/1273/240 15592/1274/164
f 15597/1243/241 15596/1273/242 15595/1242/242
f 15600/1243/241 15599/1275/241 15598/1273/240
f 15603/1244/236 15602/1275/532 15601/1243/532
f 15606/1244/236 15605/1276/236 15604/1275/241
f 15609/1245/243 15608/1276/236 15607/1244/236
f 15612/1245/243 15611/1277/243 15610/1276/236
f 15615/1246/167 15614/1277/244 15613/1245/244
f 15618/1246/167 15617/1278/167 15616/1277/244
f 15621/1247/245 15620/1278/167 15619/1246/167
f 15624/1247/245 15623/1279/245 15622/1278/167
f 15627/1280/232 15626/1279/246 15625/1247/246
f 15630/1280/232 15629/1247/246 15628/1248/232
f 15633/1249/2 15632/1280/232 15631/1248/232
f 15636/1249/2 15635/1281/2 15634/1280/232
f 15639/1264/247 15638/1281/2 15637/1249/2
f 15642/1264/247 15641/1249/2 15640/1250/247
f 15645/1252/189 15644/1282/50 15643/1283/189
f 15648/1252/189 15647/1251/50 15646/1282/50
f 15651/1252/223 15650/1282/50 15649/1251/50
f 15654/1252/223 15653/1283/223 15652/1282/50
f 15657/1253/324 15656/1283/223 15655/1252/223
f 15660/1253/324 15659/1284/324 15658/1283/223
f 15663/1285/201 15662/1284/325 15661/1253/325
f 15666/1285/201 15665/1253/325 15664/1254/201
f 15669/1255/326 15668/1285/201 15667/1254/201
f 15672/1255/326 15671/1286/326 15670/1285/201
f 15675/1256/219 15674/1286/221 15673/1255/221
f 15678/1256/219 15677/1287/219 15676/1286/221
f 15681/1288/321 15680/1287/219 15679/1256/219
f 15684/1288/321 15683/1256/219 15682/1257/321
f 15687/1289/206 15686/1288/321 15685/1257/321
f 15690/1289/206 15689/1257/321 15688/1258/206
f 15693/1259/164 15692/1289/206 15691/1258/206
f 15696/1259/164 15695/1274/164 15694/1289/206
f 15699/1243/327 15698/1273/328 15697/1275/327
f 15702/1243/327 15701/1242/328 15700/1273/254
f 15705/1259/215 15704/1273/184 15703/1242/184
f 15708/1259/215 15707/1274/215 15706/1273/184
f 15711/1258/230 15710/1274/215 15709/1259/215
f 15714/1258/230 15713/1289/230 15712/1274/215
f 15717/1257/329 15716/1289/230 15715/1258/230
f 15720/1257/329 15719/1288/329 15718/1289/230
f 15723/1256/194 15722/1288/329 15721/1257/329
f 15726/1256/194 15725/1287/194 15724/1288/329
f 15729/1256/194 15728/1286/217 15727/1287/194
f 15732/1256/194 15731/1255/217 15730/1286/217
f 15735/1254/330 15734/1286/331 15733/1255/331
f 15738/1254/330 15737/1285/330 15736/1286/331
f 15741/1253/322 15740/1285/227 15739/1254/227
f 15744/1253/322 15743/1284/322 15742/1285/227
f 15747/1252/189 15746/1284/323 15745/1253/323
f 15750/1252/189 15749/1283/189 15748/1284/323
f 15753/1426/50 15752/1425/50 15751/1427/50
f 15756/1428/50 15755/1430/50 15754/1429/50
f 15759/1429/50 15758/1430/50 15757/1425/50
f 15762/1429/50 15761/1425/50 15760/1426/50
f 15765/1426/50 15764/1431/50 15763/1429/50
f 15768/1432/50 15767/1431/50 15766/1426/50
f 15771/1433/50 15770/1431/50 15769/1432/50
f 15774/1434/50 15773/1431/50 15772/1433/50
f 15777/1434/50 15776/1435/50 15775/1431/50
f 15780/1436/50 15779/1435/50 15778/1434/50
f 15783/1429/50 15782/1431/50 15781/1428/50
f 15786/1428/50 15785/1431/50 15784/1435/50
f 15789/998/49 15788/512/49 15787/509/49
f 15792/998/49 15791/1450/49 15790/512/49
f 15795/998/49 15794/512/49 15793/1450/49
f 15798/998/49 15797/509/49 15796/512/49
f 15801/1233/202 15800/1263/317 15799/1265/202
f 15804/1233/202 15803/1232/317 15802/1263/317
f 15807/1250/257 15806/1263/318 15805/1232/318
f 15810/1250/257 15809/1264/257 15808/1263/318
f 15813/1250/257 15812/1281/90 15811/1264/257
f 15816/1250/257 15815/1249/90 15814/1281/90
f 15819/1249/90 15818/1280/208 15817/1281/90
f 15822/1249/90 15821/1248/208 15820/1280/208
f 15825/1247/312 15824/1280/208 15823/1248/208
f 15828/1247/312 15827/1279/312 15826/1280/208
f 15831/1246/182 15830/1279/313 15829/1247/313
f 15834/1246/182 15833/1278/182 15832/1279/313
f 15837/1246/182 15836/1277/260 15835/1278/182
f 15840/1246/182 15839/1245/260 15838/1277/260
f 15843/1244/235 15842/1277/233 15841/1245/233
f 15846/1244/235 15845/1276/235 15844/1277/233
f 15849/1243/327 15848/1276/235 15847/1244/235
f 15852/1243/327 15851/1275/327 15850/1276/235
f 15855/1173/49 15854/508/49 15853/506/49
f 15858/1173/49 15857/1174/49 15856/508/49
f 15861/1173/49 15860/508/49 15859/1174/49
f 15864/1173/49 15863/506/49 15862/508/49
f 15867/1262/508 15866/1241/508 15865/1240/166
f 15870/1262/508 15869/1240/166 15868/1260/166
f 15873/1260/166 15872/1240/166 15871/1239/527
f 15876/1260/166 15875/1239/527 15874/1261/527
f 15879/1239/531 15878/1238/204 15877/1261/531
f 15882/1272/166 15881/1261/531 15880/1238/204
f 15885/1271/530 15884/1272/166 15883/1238/204
f 15888/1270/204 15887/1271/319 15886/1238/204
f 15891/1237/529 15890/1270/204 15889/1238/204
f 15894/1237/529 15893/1269/529 15892/1270/204
f 15897/1236/315 15896/1269/528 15895/1237/528
f 15900/1236/315 15899/1268/315 15898/1269/528
f 15903/1236/315 15902/1267/5 15901/1268/315
f 15906/1236/315 15905/1235/5 15904/1267/5
f 15909/1235/5 15908/1266/209 15907/1267/5
f 15912/1235/5 15911/1234/209 15910/1266/209
f 15915/1234/256 15914/1265/202 15913/1266/256
f 15918/1234/256 15917/1233/202 15916/1265/202
f 15921/742/49 15920/1032/49 15919/743/49
f 15924/1032/49 15923/1031/49 15922/743/49
f 15927/743/49 15926/1031/49 15925/744/49
f 15930/743/49 15929/744/49 15928/1031/49
f 15933/1032/49 15932/743/49 15931/1031/49
f 15936/742/49 15935/743/49 15934/1032/49
f 15939/706/49 15938/507/49 15937/505/49
f 15942/706/49 15941/709/49 15940/507/49
f 15945/706/49 15944/707/49 15943/709/49
f 15948/706/49 15947/708/49 15946/707/49
f 15951/1194/49 15950/1353/49 15949/1352/49
f 15954/1194/49 15953/1352/49 15952/1193/49
f 15957/1190/49 15956/1193/49 15955/1352/49
f 15960/1190/49 15959/1352/49 15958/1351/49
f 15963/1189/49 15962/1190/49 15961/1351/49
f 15966/1189/49 15965/1351/49 15964/1350/49
f 15969/1350/49 15968/1186/49 15967/1189/49
f 15972/1350/49 15971/1349/49 15970/1186/49
f 15975/1349/49 15974/1184/49 15973/1186/49
f 15978/1349/49 15977/1348/49 15976/1184/49
f 15981/1347/49 15980/1184/49 15979/1348/49
f 15984/1347/49 15983/1182/49 15982/1184/49
f 15987/1346/49 15986/1182/49 15985/1347/49
f 15990/1346/49 15989/1180/49 15988/1182/49
f 15993/1346/49 15992/1176/49 15991/1180/49
f 15996/1346/49 15995/1345/49 15994/1176/49
f 15999/1344/49 15998/1176/49 15997/1345/49
f 16002/1344/49 16001/1177/49 16000/1176/49
f 16005/1362/49 16004/1177/49 16003/1344/49
f 16008/1362/49 16007/1212/49 16006/1177/49
f 16011/1361/49 16010/1212/49 16009/1362/49
f 16014/1361/49 16013/1211/49 16012/1212/49
f 16017/1360/49 16016/1211/49 16015/1361/49
f 16020/1360/49 16019/1208/49 16018/1211/49
f 16023/1359/49 16022/1208/49 16021/1360/49
f 16026/1359/49 16025/1206/49 16024/1208/49
f 16029/1359/49 16028/1204/49 16027/1206/49
f 16032/1359/49 16031/1358/49 16030/1204/49
f 16035/1358/49 16034/1203/49 16033/1204/49
f 16038/1358/49 16037/1357/49 16036/1203/49
f 16041/1357/49 16040/1200/49 16039/1203/49
f 16044/1357/49 16043/1356/49 16042/1200/49
f 16047/1356/49 16046/1196/49 16045/1200/49
f 16050/1356/49 16049/1355/49 16048/1196/49
f 16053/1355/49 16052/1197/49 16051/1196/49
f 16056/1355/49 16055/1354/49 16054/1197/49
f 16059/998/51 16058/512/51 16057/509/51
f 16062/998/51 16061/1450/51 16060/512/51
f 16065/998/51 16064/512/51 16063/1450/51
f 16068/998/51 16067/509/51 16066/512/51
f 16071/1194/51 16070/1353/51 16069/1352/51
f 16074/1194/51 16073/1352/51 16072/1193/51
f 16077/1190/51 16076/1193/51 16075/1352/51
f 16080/1190/51 16079/1352/51 16078/1351/51
f 16083/1189/51 16082/1190/51 16081/1351/51
f 16086/1189/51 16085/1351/51 16084/1350/51
f 16089/1350/51 16088/1186/51 16087/1189/51
f 16092/1350/51 16091/1349/51 16090/1186/51
f 16095/1349/51 16094/1184/51 16093/1186/51
f 16098/1349/51 16097/1348/51 16096/1184/51
f 16101/1347/51 16100/1184/51 16099/1348/51
f 16104/1347/51 16103/1182/51 16102/1184/51
f 16107/1346/51 16106/1182/51 16105/1347/51
f 16110/1346/51 16109/1180/51 16108/1182/51
f 16113/1346/51 16112/1176/51 16111/1180/51
f 16116/1346/51 16115/1345/51 16114/1176/51
f 16119/1344/51 16118/1176/51 16117/1345/51
f 16122/1344/51 16121/1177/51 16120/1176/51
f 16125/1362/51 16124/1177/51 16123/1344/51
f 16128/1362/51 16127/1212/51 16126/1177/51
f 16131/1361/51 16130/1212/51 16129/1362/51
f 16134/1361/51 16133/1211/51 16132/1212/51
f 16137/1360/51 16136/1211/51 16135/1361/51
f 16140/1360/51 16139/1208/51 16138/1211/51
f 16143/1359/51 16142/1208/51 16141/1360/51
f 16146/1359/51 16145/1206/51 16144/1208/51
f 16149/1358/51 16148/1206/51 16147/1359/51
f 16152/1358/51 16151/1204/51 16150/1206/51
f 16155/1358/51 16154/1203/51 16153/1204/51
f 16158/1358/51 16157/1357/51 16156/1203/51
f 16161/1357/51 16160/1200/51 16159/1203/51
f 16164/1357/51 16163/1356/51 16162/1200/51
f 16167/1356/51 16166/1196/51 16165/1200/51
f 16170/1356/51 16169/1355/51 16168/1196/51
f 16173/1355/51 16172/1197/51 16171/1196/51
f 16176/1355/51 16175/1354/51 16174/1197/51
f 16179/76/48 16178/78/48 16177/77/48
f 16182/77/48 16181/78/48 16180/79/48
f 16185/80/48 16184/82/48 16183/81/48
f 16188/81/48 16187/82/48 16186/79/48
f 16191/83/49 16190/85/49 16189/84/49
f 16194/84/49 16193/85/49 16192/86/49
f 16197/87/49 16196/89/49 16195/88/49
f 16200/88/49 16199/89/49 16198/90/49
f 16203/91/48 16202/93/48 16201/92/48
f 16206/92/48 16205/93/48 16204/94/48
f 16209/94/49 16208/93/49 16207/95/49
f 16212/95/49 16211/93/49 16210/96/49
f 16215/96/50 16214/97/50 16213/95/50
f 16218/95/50 16217/97/50 16216/98/50
f 16221/99/49 16220/101/49 16219/100/49
f 16224/100/49 16223/101/49 16222/77/49
f 16227/102/48 16226/104/48 16225/103/48
f 16230/103/48 16229/104/48 16228/105/48
f 16233/104/49 16232/106/49 16231/105/49
f 16236/105/49 16235/106/49 16234/107/49
f 16239/107/49 16238/106/49 16237/108/49
f 16242/1352/548 16241/1305/511 16240/1353/511
f 16245/1352/548 16244/1304/548 16243/1305/511
f 16248/1303/547 16247/1304/201 16246/1352/201
f 16251/1303/547 16250/1352/201 16249/1351/547
f 16254/1350/164 16253/1303/546 16252/1351/546
f 16257/1350/164 16256/1301/164 16255/1303/546
f 16260/1349/253 16259/1301/164 16258/1350/164
f 16263/1349/253 16262/1298/253 16261/1301/164
f 16266/1348/241 16265/1298/211 16264/1349/211
f 16269/1348/241 16268/1296/241 16267/1298/211
f 16272/1347/236 16271/1296/241 16270/1348/241
f 16275/1347/236 16274/1295/236 16273/1296/241
f 16278/1290/243 16277/1295/236 16276/1347/236
f 16281/1290/243 16280/1347/236 16279/1346/243
f 16284/1291/167 16283/1290/244 16282/1346/244
f 16287/1291/167 16286/1346/244 16285/1345/167
f 16290/1322/245 16289/1291/167 16288/1345/167
f 16293/1322/245 16292/1345/167 16291/1344/245
f 16296/1362/232 16295/1322/246 16294/1344/246
f 16299/1362/232 16298/1320/232 16297/1322/246
f 16302/1361/2 16301/1320/232 16300/1362/232
f 16305/1361/2 16304/1319/2 16303/1320/232
f 16308/1317/247 16307/1319/2 16306/1361/2
f 16311/1317/247 16310/1361/2 16309/1360/247
f 16314/1359/248 16313/1317/247 16312/1360/247
f 16317/1359/248 16316/1314/248 16315/1317/247
f 16320/1358/228 16319/1314/249 16318/1359/249
f 16323/1358/228 16322/1312/228 16321/1314/249
f 16326/1357/250 16325/1312/228 16324/1358/228
f 16329/1357/250 16328/1310/250 16327/1312/228
f 16332/1356/265 16331/1310/264 16330/1357/264
f 16335/1356/265 16334/1306/265 16333/1310/264
f 16338/1355/515 16337/1306/265 16336/1356/265
f 16341/1355/515 16340/1307/515 16339/1306/265
f 16344/1354/224 16343/1307/515 16342/1355/515
f 16347/1354/224 16346/1340/224 16345/1307/515
f 16350/1371/169 16349/1340/225 16348/1354/225
f 16353/1371/169 16352/1338/169 16351/1340/225
f 16356/1370/267 16355/1338/169 16354/1371/169
f 16359/1370/267 16358/1337/267 16357/1338/169
f 16362/1369/516 16361/1337/268 16360/1370/268
f 16365/1369/516 16364/1334/516 16363/1337/268
f 16368/1332/220 16367/1334/516 16366/1369/516
f 16371/1332/220 16370/1369/516 16369/1368/220
f 16374/1331/187 16373/1332/220 16372/1368/220
f 16377/1331/187 16376/1368/220 16375/1367/187
f 16380/1328/181 16379/1331/269 16378/1367/269
f 16383/1328/181 16382/1367/269 16381/1366/181
f 16386/1324/306 16385/1328/181 16384/1366/181
f 16389/1324/306 16388/1366/181 16387/1365/306
f 16392/1364/213 16391/1324/305 16390/1365/305
f 16395/1364/213 16394/1325/213 16393/1324/305
f 16398/1363/48 16397/1325/213 16396/1364/213
f 16401/1363/48 16400/1342/48 16399/1325/213
f 16404/108/50 16403/109/50 16402/107/50
f 16407/107/50 16406/109/50 16405/110/50
f 16410/111/51 16409/113/51 16408/112/51
f 16413/112/51 16412/113/51 16411/114/51
f 16416/136/51 16415/116/51 16414/137/51
f 16419/137/51 16418/116/51 16417/118/51
f 16422/138/51 16421/128/51 16420/139/51
f 16425/139/51 16424/128/51 16423/127/51
f 16428/140/48 16427/141/48 16426/112/48
f 16431/112/48 16430/141/48 16429/111/48
f 16434/114/50 16433/113/50 16432/142/50
f 16437/142/50 16436/113/50 16435/143/50
f 16440/144/51 16439/132/51 16438/145/51
f 16443/145/51 16442/132/51 16441/82/51
f 16446/146/48 16445/148/48 16444/147/48
f 16449/147/48 16448/148/48 16447/149/48
f 16452/147/51 16451/149/51 16450/150/51
f 16455/150/51 16454/149/51 16453/151/51
f 16458/150/50 16457/151/50 16456/152/50
f 16461/152/50 16460/151/50 16459/153/50
f 16464/1023/51 16463/1026/51 16462/1021/51
f 16467/1023/51 16466/1029/51 16465/1026/51
f 16470/1026/51 16469/1029/51 16468/1023/51
f 16473/1026/51 16472/1023/51 16471/1021/51
f 16476/1262/509 16475/1241/509 16474/1240/181
f 16479/1262/509 16478/1240/181 16477/1260/181
f 16482/1260/181 16481/1240/181 16480/1239/516
f 16485/1260/181 16484/1239/516 16483/1261/516
f 16488/1239/516 16487/1238/169 16486/1261/516
f 16491/1272/181 16490/1261/516 16489/1238/169
f 16494/1271/649 16493/1272/181 16492/1238/169
f 16497/1270/169 16496/1271/320 16495/1238/169
f 16500/1237/648 16499/1270/169 16498/1238/169
f 16503/1237/648 16502/1269/648 16501/1270/169
f 16506/1236/515 16505/1269/647 16504/1237/647
f 16509/1236/515 16508/1268/515 16507/1269/647
f 16512/1235/265 16511/1268/515 16510/1236/515
f 16515/1235/265 16514/1267/265 16513/1268/515
f 16518/1235/265 16517/1266/264 16516/1267/265
f 16521/1235/265 16520/1234/264 16519/1266/264
f 16524/1233/228 16523/1266/250 16522/1234/250
f 16527/1233/228 16526/1265/228 16525/1266/250
f 16530/1063/519 16529/1105/519 16528/1104/164
f 16533/1063/519 16532/1104/164 16531/1061/164
f 16536/1104/164 16535/1059/240 16534/1061/164
f 16539/1104/164 16538/1103/240 16537/1059/240
f 16542/1102/241 16541/1059/240 16540/1103/240
f 16545/1102/241 16544/1058/241 16543/1059/240
f 16548/1101/236 16547/1058/241 16546/1102/241
f 16551/1101/236 16550/1056/236 16549/1058/241
f 16554/1100/243 16553/1056/236 16552/1101/236
f 16557/1100/243 16556/1054/243 16555/1056/236
f 16560/1114/167 16559/1054/244 16558/1100/244
f 16563/1114/167 16562/1052/167 16561/1054/244
f 16566/1113/245 16565/1052/167 16564/1114/167
f 16569/1113/245 16568/1049/245 16567/1052/167
f 16572/1113/246 16571/1047/232 16570/1049/246
f 16575/1113/246 16574/1112/232 16573/1047/232
f 16578/1111/2 16577/1047/232 16576/1112/232
f 16581/1111/2 16580/1045/2 16579/1047/231
f 16584/1142/49 16583/1143/49 16582/1144/49
f 16587/1142/49 16586/1141/49 16585/1143/49
f 16590/1140/49 16589/1141/49 16588/1142/49
f 16593/1140/49 16592/1139/49 16591/1141/49
f 16596/1138/49 16595/1139/49 16594/1140/49
f 16599/1138/49 16598/1137/49 16597/1139/49
f 16602/1135/49 16601/1137/49 16600/1138/49
f 16605/1135/49 16604/1136/49 16603/1137/49
f 16608/1135/49 16607/1133/49 16606/1136/49
f 16611/1135/49 16610/1134/49 16609/1133/49
f 16614/1132/49 16613/1133/49 16612/1134/49
f 16617/1132/49 16616/1131/49 16615/1133/49
f 16620/1129/49 16619/1131/49 16618/1132/49
f 16623/1129/49 16622/1130/49 16621/1131/49
f 16626/1129/49 16625/1126/49 16624/1130/49
f 16629/1129/49 16628/1128/49 16627/1126/49
f 16632/1127/49 16631/1126/49 16630/1128/49
f 16635/1127/49 16634/1162/49 16633/1126/49
f 16638/1160/49 16637/1162/49 16636/1127/49
f 16641/1160/49 16640/1161/49 16639/1162/49
f 16644/1160/49 16643/1158/49 16642/1161/49
f 16647/1160/49 16646/1159/49 16645/1158/49
f 16650/1156/49 16649/1158/49 16648/1159/49
f 16653/1156/49 16652/1157/49 16651/1158/49
f 16656/1156/49 16655/1155/49 16654/1157/49
f 16659/1156/49 16658/1175/49 16657/1155/49
f 16662/1175/49 16661/1153/49 16660/1155/49
f 16665/1175/49 16664/1152/49 16663/1153/49
f 16668/1175/49 16667/1151/49 16666/1152/49
f 16671/1175/49 16670/1149/49 16669/1151/49
f 16674/1145/49 16673/1149/49 16672/1175/49
f 16677/1145/49 16676/1148/49 16675/1149/49
f 16680/1147/49 16679/1148/49 16678/1145/49
f 16683/1147/49 16682/1146/49 16681/1148/49
f 16686/1163/49 16685/1146/49 16684/1147/49
f 16689/1163/49 16688/1165/49 16687/1146/49
f 16692/1065/49 16691/1063/49 16690/1064/49
f 16695/1063/49 16694/1062/49 16693/1064/49
f 16698/1063/49 16697/1061/49 16696/1062/49
f 16701/1061/49 16700/1060/49 16699/1062/49
f 16704/1061/49 16703/1059/49 16702/1060/49
f 16707/1059/49 16706/1057/49 16705/1060/49
f 16710/1059/49 16709/1058/49 16708/1057/49
f 16713/1056/49 16712/1057/49 16711/1058/49
f 16716/1056/49 16715/1055/49 16714/1057/49
f 16719/1054/49 16718/1055/49 16717/1056/49
f 16722/1054/49 16721/1053/49 16720/1055/49
f 16725/1052/49 16724/1053/49 16723/1054/49
f 16728/1052/49 16727/1051/49 16726/1053/49
f 16731/1049/49 16730/1051/49 16729/1052/49
f 16734/1049/49 16733/1050/49 16732/1051/49
f 16737/1049/49 16736/1048/49 16735/1050/49
f 16740/1049/49 16739/1047/49 16738/1048/49
f 16743/1047/49 16742/1046/49 16741/1048/49
f 16746/1047/49 16745/1045/49 16744/1046/49
f 16749/1045/49 16748/1043/49 16747/1046/49
f 16752/1045/49 16751/1044/49 16750/1043/49
f 16755/1042/49 16754/1043/49 16753/1044/49
f 16758/1042/49 16757/1041/49 16756/1043/49
f 16761/1040/49 16760/1041/49 16759/1042/49
f 16764/1040/49 16763/1039/49 16762/1041/49
f 16767/1037/49 16766/1039/49 16765/1040/49
f 16770/1037/49 16769/1038/49 16768/1039/49
f 16773/1037/49 16772/1035/49 16771/1038/49
f 16776/1037/49 16775/1034/49 16774/1035/49
f 16779/1034/49 16778/1036/49 16777/1035/49
f 16782/1034/49 16781/1083/49 16780/1036/49
f 16785/1081/49 16784/1036/49 16783/1083/49
f 16788/1081/49 16787/1082/49 16786/1036/49
f 16791/1081/49 16790/1080/49 16789/1082/49
f 16794/1081/49 16793/1079/49 16792/1080/49
f 16797/1079/49 16796/1077/49 16795/1080/49
f 16800/1027/51 16799/1030/51 16798/1028/51
f 16803/1027/51 16802/1033/51 16801/1030/51
f 16806/1030/51 16805/1033/51 16804/1027/51
f 16809/1030/51 16808/1027/51 16807/1028/51
