# Blender 5.1.0
# www.blender.org
mtllib button.mtl
o portal_button_reduced_2
v -0.001997 2.392912 0.296835
v -0.001145 2.389060 0.296899
v 0.003884 2.392912 0.296816
v -0.001145 2.389060 0.296899
v 0.003032 2.389060 0.296886
v 0.003884 2.392912 0.296816
v -0.000026 2.392912 -0.000297
v 0.104326 2.386690 -0.000638
v 0.103095 2.386691 0.015691
v -0.000026 2.392912 -0.000297
v 0.103095 2.386691 0.015691
v 0.099324 2.386690 0.031625
v -0.000026 2.392912 -0.000297
v 0.099324 2.386690 0.031625
v 0.093107 2.386690 0.046774
v -0.000026 2.392912 -0.000297
v 0.093107 2.386690 0.046774
v 0.084597 2.386691 0.060764
v -0.000026 2.392912 -0.000297
v 0.084597 2.386691 0.060764
v 0.074003 2.386690 0.073250
v -0.000026 2.392912 -0.000297
v 0.074003 2.386690 0.073250
v 0.061586 2.386690 0.083925
v -0.000026 2.392912 -0.000297
v 0.061586 2.386690 0.083925
v 0.047652 2.386690 0.092527
v -0.000026 2.392912 -0.000297
v 0.047652 2.386690 0.092527
v 0.032544 2.386691 0.098843
v -0.000026 2.392912 -0.000297
v 0.032544 2.386691 0.098843
v 0.016634 2.386691 0.102717
v -0.000026 2.392912 -0.000297
v 0.016634 2.386691 0.102717
v 0.000314 2.386691 0.104055
v -0.000026 2.392912 -0.000297
v 0.102988 2.386690 -0.016958
v 0.104326 2.386690 -0.000638
v -0.000026 2.392912 -0.000297
v 0.099114 2.386690 -0.032868
v 0.102988 2.386690 -0.016958
v -0.000026 2.392912 -0.000297
v 0.092798 2.386690 -0.047976
v 0.099114 2.386690 -0.032868
v -0.000026 2.392912 -0.000297
v 0.084197 2.386690 -0.061910
v 0.092798 2.386690 -0.047976
v -0.000026 2.392912 -0.000297
v 0.076410 2.386690 -0.074327
v 0.084197 2.386690 -0.061910
v -0.000026 2.392912 -0.000297
v 0.063515 2.386690 -0.084921
v 0.076410 2.386690 -0.074327
v -0.000026 2.392912 -0.000297
v 0.049068 2.386690 -0.093431
v 0.063515 2.386690 -0.084921
v -0.000026 2.392912 -0.000297
v 0.033424 2.386690 -0.099648
v 0.049068 2.386690 -0.093431
v -0.000026 2.392912 -0.000297
v 0.016968 2.386690 -0.103419
v 0.033424 2.386690 -0.099648
v -0.000026 2.392912 -0.000297
v 0.000106 2.386690 -0.104650
v 0.016968 2.386690 -0.103419
v -0.000026 2.392912 -0.000297
v -0.016748 2.386690 -0.103312
v 0.000106 2.386690 -0.104650
v -0.000026 2.392912 -0.000297
v -0.033178 2.386690 -0.099437
v -0.016748 2.386690 -0.103312
v -0.000026 2.392912 -0.000297
v -0.048780 2.386690 -0.093122
v -0.033178 2.386690 -0.099437
v -0.000026 2.392912 -0.000297
v -0.063170 2.386690 -0.084520
v -0.048780 2.386690 -0.093122
v -0.000026 2.392912 -0.000297
v -0.075992 2.386690 -0.073845
v -0.063170 2.386690 -0.084520
v -0.000026 2.392912 -0.000297
v -0.086391 2.386690 -0.061359
v -0.075992 2.386690 -0.073845
v -0.000026 2.392912 -0.000297
v -0.095180 2.386690 -0.047369
v -0.086391 2.386690 -0.061359
v -0.000026 2.392912 -0.000297
v -0.100706 2.386690 -0.032220
v -0.095180 2.386690 -0.047369
v -0.000026 2.392912 -0.000297
v -0.104337 2.386690 -0.016286
v -0.100706 2.386690 -0.032220
v -0.000026 2.392912 -0.000297
v -0.104379 2.386690 0.000043
v -0.104337 2.386690 -0.016286
v -0.000026 2.392912 -0.000297
v -0.103041 2.386690 0.016363
v -0.104379 2.386690 0.000043
v -0.000026 2.392912 -0.000297
v -0.099166 2.386690 0.032273
v -0.103041 2.386690 0.016363
v -0.000026 2.392912 -0.000297
v -0.092851 2.386690 0.047381
v -0.099166 2.386690 0.032273
v -0.000026 2.392912 -0.000297
v -0.084249 2.386690 0.061315
v -0.092851 2.386690 0.047381
v -0.000026 2.392912 -0.000297
v -0.073574 2.386690 0.073732
v -0.084249 2.386690 0.061315
v -0.000026 2.392912 -0.000297
v -0.061088 2.386690 0.084326
v -0.073574 2.386690 0.073732
v -0.000026 2.392912 -0.000297
v -0.047098 2.386690 0.092836
v -0.061088 2.386690 0.084326
v -0.000026 2.392912 -0.000297
v -0.031949 2.386691 0.099053
v -0.047098 2.386690 0.092836
v -0.000026 2.392912 -0.000297
v -0.016014 2.386691 0.102824
v -0.031949 2.386691 0.099053
v -0.000026 2.392912 -0.000297
v 0.000314 2.386691 0.104055
v -0.016014 2.386691 0.102824
v 0.104326 2.386690 -0.000638
v 0.107849 2.392912 0.002291
v 0.103095 2.386691 0.015691
v 0.107849 2.392912 0.002291
v 0.106795 2.392912 0.016264
v 0.103095 2.386691 0.015691
v 0.106795 2.392912 0.016264
v 0.102889 2.392912 0.032771
v 0.103095 2.386691 0.015691
v 0.102889 2.392912 0.032771
v 0.099324 2.386690 0.031625
v 0.103095 2.386691 0.015691
v 0.099324 2.386690 0.031625
v 0.102889 2.392912 0.032771
v 0.093107 2.386690 0.046774
v 0.102889 2.392912 0.032771
v 0.096449 2.392912 0.048463
v 0.093107 2.386690 0.046774
v 0.093107 2.386690 0.046774
v 0.096449 2.392912 0.048463
v 0.084597 2.386691 0.060764
v 0.096449 2.392912 0.048463
v 0.087633 2.392912 0.062955
v 0.084597 2.386691 0.060764
v 0.087633 2.392912 0.062955
v 0.076659 2.392912 0.075889
v 0.084597 2.386691 0.060764
v 0.076659 2.392912 0.075889
v 0.074003 2.386690 0.073250
v 0.084597 2.386691 0.060764
v 0.074003 2.386690 0.073250
v 0.076659 2.392912 0.075889
v 0.061586 2.386690 0.083925
v 0.076659 2.392912 0.075889
v 0.063797 2.392912 0.086948
v 0.061586 2.386690 0.083925
v 0.061586 2.386690 0.083925
v 0.063797 2.392912 0.086948
v 0.047652 2.386690 0.092527
v 0.063797 2.392912 0.086948
v 0.049363 2.392912 0.095858
v 0.047652 2.386690 0.092527
v 0.049363 2.392912 0.095858
v 0.033713 2.392912 0.102400
v 0.047652 2.386690 0.092527
v 0.033713 2.392912 0.102400
v 0.032544 2.386691 0.098843
v 0.047652 2.386690 0.092527
v 0.032544 2.386691 0.098843
v 0.033713 2.392912 0.102400
v 0.016634 2.386691 0.102717
v 0.033713 2.392912 0.102400
v 0.017232 2.392912 0.106413
v 0.016634 2.386691 0.102717
v 0.017232 2.392912 0.106413
v 0.003266 2.392912 0.107558
v 0.016634 2.386691 0.102717
v 0.003266 2.392912 0.107558
v 0.000314 2.386691 0.104055
v 0.016634 2.386691 0.102717
v 0.003032 2.389060 0.296886
v -0.001145 2.389060 0.296899
v 0.002415 2.389060 0.107628
v -0.001145 2.389060 0.296899
v -0.001763 2.389060 0.107642
v 0.002415 2.389060 0.107628
v 0.297157 2.389060 -0.003356
v 0.297171 2.389060 0.000821
v 0.107900 2.389060 -0.002738
v 0.297171 2.389060 0.000821
v 0.107913 2.389060 0.003834
v 0.107900 2.389060 -0.002738
v -0.003085 2.389060 -0.297481
v 0.001093 2.389060 -0.297494
v -0.002467 2.389060 -0.108223
v 0.001093 2.389060 -0.297494
v 0.001710 2.389060 -0.105842
v -0.002467 2.389060 -0.108223
v -0.297223 2.389060 -0.001416
v -0.107966 2.389060 -0.002034
v -0.297209 2.389060 0.002761
v -0.107966 2.389060 -0.002034
v -0.107952 2.389060 0.002143
v -0.297209 2.389060 0.002761
v 0.001093 2.389060 -0.297494
v -0.003085 2.389060 -0.297481
v 0.001945 2.392912 -0.297430
v -0.003085 2.389060 -0.297481
v -0.003936 2.392912 -0.297411
v 0.001945 2.392912 -0.297430
v -0.107952 2.389060 0.002143
v -0.107966 2.389060 -0.002034
v -0.107882 2.392912 0.002995
v -0.107966 2.389060 -0.002034
v -0.107901 2.392912 -0.002886
v -0.107882 2.392912 0.002995
v -0.107901 2.392912 -0.002886
v -0.107966 2.389060 -0.002034
v -0.297159 2.392912 -0.002269
v -0.107966 2.389060 -0.002034
v -0.297223 2.389060 -0.001416
v -0.297159 2.392912 -0.002269
v -0.002615 2.392912 0.107578
v -0.001763 2.389060 0.107642
v -0.001997 2.392912 0.296835
v -0.001763 2.389060 0.107642
v -0.001145 2.389060 0.296899
v -0.001997 2.392912 0.296835
v 0.003032 2.389060 0.296886
v 0.002415 2.389060 0.107628
v 0.003884 2.392912 0.296816
v 0.002415 2.389060 0.107628
v 0.003266 2.392912 0.107558
v 0.003884 2.392912 0.296816
v -0.297209 2.389060 0.002761
v -0.107952 2.389060 0.002143
v -0.297140 2.392912 0.003613
v -0.107952 2.389060 0.002143
v -0.107882 2.392912 0.002995
v -0.297140 2.392912 0.003613
v 0.107830 2.392912 -0.001195
v 0.107900 2.389060 -0.002738
v 0.107849 2.392912 0.002291
v 0.107900 2.389060 -0.002738
v 0.107913 2.389060 0.003834
v 0.107849 2.392912 0.002291
v -0.002467 2.389060 -0.108223
v 0.001710 2.389060 -0.105842
v -0.003319 2.392912 -0.105758
v 0.001710 2.389060 -0.105842
v 0.002562 2.392912 -0.108173
v -0.003319 2.392912 -0.105758
v -0.297159 2.392912 -0.002269
v -0.297223 2.389060 -0.001416
v -0.297140 2.392912 0.003613
v -0.297223 2.389060 -0.001416
v -0.297209 2.389060 0.002761
v -0.297140 2.392912 0.003613
v 0.003266 2.392912 0.107558
v 0.002415 2.389060 0.107628
v -0.002615 2.392912 0.107578
v 0.002415 2.389060 0.107628
v -0.001763 2.389060 0.107642
v -0.002615 2.392912 0.107578
v 0.001710 2.389060 -0.105842
v 0.001093 2.389060 -0.297494
v 0.002562 2.392912 -0.108173
v 0.001093 2.389060 -0.297494
v 0.001945 2.392912 -0.297430
v 0.002562 2.392912 -0.108173
v 0.107849 2.392912 0.002291
v 0.107913 2.389060 0.003834
v 0.297106 2.392912 0.001674
v 0.107913 2.389060 0.003834
v 0.297171 2.389060 0.000821
v 0.297106 2.392912 0.001674
v 0.297106 2.392912 0.001674
v 0.297171 2.389060 0.000821
v 0.297087 2.392912 -0.004208
v 0.297171 2.389060 0.000821
v 0.297157 2.389060 -0.003356
v 0.297087 2.392912 -0.004208
v 0.297157 2.389060 -0.003356
v 0.107900 2.389060 -0.002738
v 0.297087 2.392912 -0.004208
v 0.107900 2.389060 -0.002738
v 0.107830 2.392912 -0.001195
v 0.297087 2.392912 -0.004208
v -0.003085 2.389060 -0.297481
v -0.002467 2.389060 -0.108223
v -0.003936 2.392912 -0.297411
v -0.002467 2.389060 -0.108223
v -0.003319 2.392912 -0.105758
v -0.003936 2.392912 -0.297411
v -0.297159 2.392912 -0.002269
v -0.293871 2.392912 -0.045856
v -0.107901 2.392912 -0.002886
v -0.293871 2.392912 -0.045856
v -0.106848 2.392912 -0.016859
v -0.107901 2.392912 -0.002886
v -0.293871 2.392912 -0.045856
v -0.283127 2.392912 -0.091262
v -0.106848 2.392912 -0.016859
v -0.283127 2.392912 -0.091262
v -0.102942 2.392912 -0.033366
v -0.106848 2.392912 -0.016859
v -0.283127 2.392912 -0.091262
v -0.265411 2.392912 -0.134429
v -0.102942 2.392912 -0.033366
v -0.265411 2.392912 -0.134429
v -0.096502 2.392912 -0.049058
v -0.102942 2.392912 -0.033366
v -0.265411 2.392912 -0.134429
v -0.241161 2.392912 -0.174293
v -0.096502 2.392912 -0.049058
v -0.241161 2.392912 -0.174293
v -0.087686 2.392912 -0.063550
v -0.096502 2.392912 -0.049058
v -0.241161 2.392912 -0.174293
v -0.210974 2.392912 -0.209873
v -0.087686 2.392912 -0.063550
v -0.210974 2.392912 -0.209873
v -0.076712 2.392912 -0.076484
v -0.087686 2.392912 -0.063550
v -0.210974 2.392912 -0.209873
v -0.175592 2.392912 -0.240292
v -0.076712 2.392912 -0.076484
v -0.175592 2.392912 -0.240292
v -0.063849 2.392912 -0.087542
v -0.076712 2.392912 -0.076484
v -0.175592 2.392912 -0.240292
v -0.135887 2.392912 -0.264802
v -0.063849 2.392912 -0.087542
v -0.135887 2.392912 -0.264802
v -0.049416 2.392912 -0.096452
v -0.063849 2.392912 -0.087542
v -0.135887 2.392912 -0.264802
v -0.092837 2.392912 -0.282798
v -0.049416 2.392912 -0.096452
v -0.092837 2.392912 -0.282798
v -0.033766 2.392912 -0.102995
v -0.049416 2.392912 -0.096452
v -0.092837 2.392912 -0.282798
v -0.047501 2.392912 -0.293839
v -0.033766 2.392912 -0.102995
v -0.047501 2.392912 -0.293839
v -0.017285 2.392912 -0.107008
v -0.033766 2.392912 -0.102995
v -0.047501 2.392912 -0.293839
v -0.003936 2.392912 -0.297411
v -0.017285 2.392912 -0.107008
v -0.003936 2.392912 -0.297411
v -0.003319 2.392912 -0.105758
v -0.017285 2.392912 -0.107008
v 0.001945 2.392912 -0.297430
v 0.045532 2.392912 -0.294143
v 0.002562 2.392912 -0.108173
v 0.045532 2.392912 -0.294143
v 0.016535 2.392912 -0.107119
v 0.002562 2.392912 -0.108173
v 0.045532 2.392912 -0.294143
v 0.090939 2.392912 -0.283398
v 0.016535 2.392912 -0.107119
v 0.090939 2.392912 -0.283398
v 0.033042 2.392912 -0.103213
v 0.016535 2.392912 -0.107119
v 0.090939 2.392912 -0.283398
v 0.134105 2.392912 -0.265683
v 0.033042 2.392912 -0.103213
v 0.134105 2.392912 -0.265683
v 0.048734 2.392912 -0.096773
v 0.033042 2.392912 -0.103213
v 0.134105 2.392912 -0.265683
v 0.173969 2.392912 -0.241433
v 0.048734 2.392912 -0.096773
v 0.173969 2.392912 -0.241433
v 0.063226 2.392912 -0.087957
v 0.048734 2.392912 -0.096773
v 0.173969 2.392912 -0.241433
v 0.209549 2.392912 -0.211245
v 0.063226 2.392912 -0.087957
v 0.209549 2.392912 -0.211245
v 0.076160 2.392912 -0.076983
v 0.063226 2.392912 -0.087957
v 0.209549 2.392912 -0.211245
v 0.239968 2.392912 -0.175863
v 0.076160 2.392912 -0.076983
v 0.239968 2.392912 -0.175863
v 0.087219 2.392912 -0.064121
v 0.076160 2.392912 -0.076983
v 0.239968 2.392912 -0.175863
v 0.264478 2.392912 -0.136158
v 0.087219 2.392912 -0.064121
v 0.264478 2.392912 -0.136158
v 0.096129 2.392912 -0.049687
v 0.087219 2.392912 -0.064121
v 0.264478 2.392912 -0.136158
v 0.282475 2.392912 -0.093108
v 0.096129 2.392912 -0.049687
v 0.282475 2.392912 -0.093108
v 0.102671 2.392912 -0.034037
v 0.096129 2.392912 -0.049687
v 0.282475 2.392912 -0.093108
v 0.293515 2.392912 -0.047772
v 0.102671 2.392912 -0.034037
v 0.293515 2.392912 -0.047772
v 0.106685 2.392912 -0.017556
v 0.102671 2.392912 -0.034037
v 0.293515 2.392912 -0.047772
v 0.297087 2.392912 -0.004208
v 0.106685 2.392912 -0.017556
v 0.297087 2.392912 -0.004208
v 0.107830 2.392912 -0.001195
v 0.106685 2.392912 -0.017556
v 0.297106 2.392912 0.001674
v 0.293819 2.392912 0.045261
v 0.107849 2.392912 0.002291
v 0.293819 2.392912 0.045261
v 0.106795 2.392912 0.016264
v 0.107849 2.392912 0.002291
v 0.293819 2.392912 0.045261
v 0.283074 2.392912 0.090667
v 0.106795 2.392912 0.016264
v 0.283074 2.392912 0.090667
v 0.102889 2.392912 0.032771
v 0.106795 2.392912 0.016264
v 0.283074 2.392912 0.090667
v 0.265359 2.392912 0.133834
v 0.102889 2.392912 0.032771
v 0.265359 2.392912 0.133834
v 0.096449 2.392912 0.048463
v 0.102889 2.392912 0.032771
v 0.265359 2.392912 0.133834
v 0.241109 2.392912 0.173698
v 0.096449 2.392912 0.048463
v 0.241109 2.392912 0.173698
v 0.087633 2.392912 0.062955
v 0.096449 2.392912 0.048463
v 0.241109 2.392912 0.173698
v 0.210921 2.392912 0.209278
v 0.087633 2.392912 0.062955
v 0.210921 2.392912 0.209278
v 0.076659 2.392912 0.075889
v 0.087633 2.392912 0.062955
v 0.210921 2.392912 0.209278
v 0.175539 2.392912 0.239697
v 0.076659 2.392912 0.075889
v 0.175539 2.392912 0.239697
v 0.063797 2.392912 0.086948
v 0.076659 2.392912 0.075889
v 0.175539 2.392912 0.239697
v 0.135834 2.392912 0.264207
v 0.063797 2.392912 0.086948
v 0.135834 2.392912 0.264207
v 0.049363 2.392912 0.095858
v 0.063797 2.392912 0.086948
v 0.135834 2.392912 0.264207
v 0.092784 2.392912 0.282204
v 0.049363 2.392912 0.095858
v 0.092784 2.392912 0.282204
v 0.033713 2.392912 0.102400
v 0.049363 2.392912 0.095858
v 0.092784 2.392912 0.282204
v 0.047449 2.392912 0.293244
v 0.033713 2.392912 0.102400
v 0.047449 2.392912 0.293244
v 0.017232 2.392912 0.106413
v 0.033713 2.392912 0.102400
v 0.047449 2.392912 0.293244
v 0.003884 2.392912 0.296816
v 0.017232 2.392912 0.106413
v 0.003884 2.392912 0.296816
v 0.003266 2.392912 0.107558
v 0.017232 2.392912 0.106413
v -0.001997 2.392912 0.296835
v -0.045584 2.392912 0.293548
v -0.002615 2.392912 0.107578
v -0.045584 2.392912 0.293548
v -0.016588 2.392912 0.106524
v -0.002615 2.392912 0.107578
v -0.045584 2.392912 0.293548
v -0.090991 2.392912 0.282803
v -0.016588 2.392912 0.106524
v -0.090991 2.392912 0.282803
v -0.033095 2.392912 0.102618
v -0.016588 2.392912 0.106524
v -0.090991 2.392912 0.282803
v -0.134158 2.392912 0.265088
v -0.033095 2.392912 0.102618
v -0.134158 2.392912 0.265088
v -0.048787 2.392912 0.096178
v -0.033095 2.392912 0.102618
v -0.134158 2.392912 0.265088
v -0.174022 2.392912 0.240838
v -0.048787 2.392912 0.096178
v -0.174022 2.392912 0.240838
v -0.063279 2.392912 0.087362
v -0.048787 2.392912 0.096178
v -0.174022 2.392912 0.240838
v -0.209601 2.392912 0.210650
v -0.063279 2.392912 0.087362
v -0.209601 2.392912 0.210650
v -0.076213 2.392912 0.076388
v -0.063279 2.392912 0.087362
v -0.209601 2.392912 0.210650
v -0.240021 2.392912 0.175268
v -0.076213 2.392912 0.076388
v -0.240021 2.392912 0.175268
v -0.087271 2.392912 0.063526
v -0.076213 2.392912 0.076388
v -0.240021 2.392912 0.175268
v -0.264530 2.392912 0.135563
v -0.087271 2.392912 0.063526
v -0.264530 2.392912 0.135563
v -0.096181 2.392912 0.049092
v -0.087271 2.392912 0.063526
v -0.264530 2.392912 0.135563
v -0.282527 2.392912 0.092513
v -0.096181 2.392912 0.049092
v -0.282527 2.392912 0.092513
v -0.102724 2.392912 0.033442
v -0.096181 2.392912 0.049092
v -0.282527 2.392912 0.092513
v -0.293568 2.392912 0.047177
v -0.102724 2.392912 0.033442
v -0.293568 2.392912 0.047177
v -0.106737 2.392912 0.016961
v -0.102724 2.392912 0.033442
v -0.293568 2.392912 0.047177
v -0.297140 2.392912 0.003613
v -0.106737 2.392912 0.016961
v -0.297140 2.392912 0.003613
v -0.107882 2.392912 0.002995
v -0.106737 2.392912 0.016961
v -0.048772 2.355457 0.314110
v 0.001010 2.355457 0.317749
v -0.001062 2.355457 -0.318134
v 0.001010 2.355457 0.317749
v 0.050771 2.355457 0.313785
v -0.001062 2.355457 -0.318134
v 0.050771 2.355457 0.313785
v 0.099279 2.355457 0.301972
v -0.001062 2.355457 -0.318134
v 0.099279 2.355457 0.301972
v 0.145341 2.355457 0.282716
v -0.001062 2.355457 -0.318134
v 0.145341 2.355457 0.282716
v 0.187825 2.355457 0.256491
v -0.001062 2.355457 -0.318134
v 0.187825 2.355457 0.256491
v 0.225683 2.355457 0.223943
v -0.001062 2.355457 -0.318134
v 0.225683 2.355457 0.223943
v 0.257983 2.355457 0.185874
v -0.001062 2.355457 -0.318134
v 0.257983 2.355457 0.185874
v 0.283930 2.355457 0.143220
v -0.001062 2.355457 -0.318134
v 0.283930 2.355457 0.143220
v 0.302885 2.355457 0.097033
v -0.001062 2.355457 -0.318134
v 0.302885 2.355457 0.097033
v 0.314381 2.355457 0.048449
v -0.001062 2.355457 -0.318134
v 0.314381 2.355457 0.048449
v 0.317980 2.355457 -0.001334
v -0.001062 2.355457 -0.318134
v 0.317980 2.355457 -0.001334
v 0.314057 2.355457 -0.051094
v -0.001062 2.355457 -0.318134
v 0.314057 2.355457 -0.051094
v 0.302243 2.355457 -0.099602
v -0.001062 2.355457 -0.318134
v 0.302243 2.355457 -0.099602
v 0.282987 2.355457 -0.145665
v -0.001062 2.355457 -0.318134
v 0.282987 2.355457 -0.145665
v 0.256762 2.355457 -0.188148
v -0.001062 2.355457 -0.318134
v 0.256762 2.355457 -0.188148
v 0.224214 2.355457 -0.226006
v -0.001062 2.355457 -0.318134
v 0.224214 2.355457 -0.226006
v 0.186145 2.355457 -0.258306
v -0.001062 2.355457 -0.318134
v 0.186145 2.355457 -0.258306
v 0.143491 2.355457 -0.284254
v -0.001062 2.355457 -0.318134
v 0.143491 2.355457 -0.284254
v 0.097304 2.355457 -0.303209
v -0.001062 2.355457 -0.318134
v 0.097304 2.355457 -0.303209
v 0.048720 2.355457 -0.314705
v -0.001062 2.355457 -0.318134
v -0.050823 2.355457 -0.314380
v -0.099331 2.355457 -0.302567
v -0.001062 2.355457 -0.318134
v -0.099331 2.355457 -0.302567
v -0.145394 2.355457 -0.283311
v -0.001062 2.355457 -0.318134
v -0.145394 2.355457 -0.283311
v -0.187877 2.355457 -0.257086
v -0.001062 2.355457 -0.318134
v -0.187877 2.355457 -0.257086
v -0.225735 2.355457 -0.224538
v -0.001062 2.355457 -0.318134
v -0.225735 2.355457 -0.224538
v -0.258035 2.355457 -0.186469
v -0.001062 2.355457 -0.318134
v -0.258035 2.355457 -0.186469
v -0.283982 2.355457 -0.143815
v -0.001062 2.355457 -0.318134
v -0.283982 2.355457 -0.143815
v -0.302937 2.355457 -0.097628
v -0.001062 2.355457 -0.318134
v -0.302937 2.355457 -0.097628
v -0.314434 2.355457 -0.049044
v -0.001062 2.355457 -0.318134
v -0.314434 2.355457 -0.049044
v -0.318083 2.355457 0.000739
v -0.001062 2.355457 -0.318134
v -0.318083 2.355457 0.000739
v -0.314109 2.355457 0.050499
v -0.001062 2.355457 -0.318134
v -0.314109 2.355457 0.050499
v -0.302296 2.355457 0.099007
v -0.001062 2.355457 -0.318134
v -0.302296 2.355457 0.099007
v -0.283040 2.355457 0.145070
v -0.001062 2.355457 -0.318134
v -0.283040 2.355457 0.145070
v -0.256815 2.355457 0.187554
v -0.001062 2.355457 -0.318134
v -0.256815 2.355457 0.187554
v -0.224267 2.355457 0.225411
v -0.001062 2.355457 -0.318134
v -0.224267 2.355457 0.225411
v -0.186198 2.355457 0.257711
v -0.001062 2.355457 -0.318134
v -0.186198 2.355457 0.257711
v -0.143544 2.355457 0.283659
v -0.001062 2.355457 -0.318134
v -0.143544 2.355457 0.283659
v -0.097356 2.355457 0.302614
v -0.001062 2.355457 -0.318134
v -0.097356 2.355457 0.302614
v -0.048772 2.355457 0.314110
v -0.001062 2.355457 -0.318134
v -0.302937 2.372168 -0.097628
v -0.314434 2.372168 -0.049044
v -0.302937 2.355457 -0.097628
v -0.314434 2.372168 -0.049044
v -0.314434 2.355457 -0.049044
v -0.302937 2.355457 -0.097628
v -0.314434 2.355457 -0.049044
v -0.314434 2.372168 -0.049044
v -0.318083 2.355457 0.000739
v -0.314434 2.372168 -0.049044
v -0.318083 2.372168 0.000739
v -0.318083 2.355457 0.000739
v -0.318083 2.355457 0.000739
v -0.318083 2.372168 0.000739
v -0.314109 2.355457 0.050499
v -0.318083 2.372168 0.000739
v -0.314109 2.372168 0.050499
v -0.314109 2.355457 0.050499
v -0.314109 2.372168 0.050499
v -0.302296 2.372168 0.099007
v -0.314109 2.355457 0.050499
v -0.302296 2.372168 0.099007
v -0.302296 2.355457 0.099007
v -0.314109 2.355457 0.050499
v -0.302296 2.355457 0.099007
v -0.302296 2.372168 0.099007
v -0.283040 2.355457 0.145070
v -0.302296 2.372168 0.099007
v -0.283040 2.372168 0.145070
v -0.283040 2.355457 0.145070
v -0.283040 2.355457 0.145070
v -0.283040 2.372168 0.145070
v -0.256815 2.355457 0.187554
v -0.283040 2.372168 0.145070
v -0.256815 2.372168 0.187554
v -0.256815 2.355457 0.187554
v -0.256815 2.372168 0.187554
v -0.224267 2.372168 0.225411
v -0.256815 2.355457 0.187554
v -0.224267 2.372168 0.225411
v -0.224267 2.355457 0.225411
v -0.256815 2.355457 0.187554
v -0.224267 2.372168 0.225411
v -0.186198 2.372168 0.257711
v -0.224267 2.355457 0.225411
v -0.186198 2.372168 0.257711
v -0.186198 2.355457 0.257711
v -0.224267 2.355457 0.225411
v -0.186198 2.372168 0.257711
v -0.143544 2.372168 0.283659
v -0.186198 2.355457 0.257711
v -0.143544 2.372168 0.283659
v -0.143544 2.355457 0.283659
v -0.186198 2.355457 0.257711
v -0.143544 2.355457 0.283659
v -0.143544 2.372168 0.283659
v -0.097356 2.355457 0.302614
v -0.143544 2.372168 0.283659
v -0.097357 2.372168 0.302614
v -0.097356 2.355457 0.302614
v -0.097356 2.355457 0.302614
v -0.097357 2.372168 0.302614
v -0.048772 2.355457 0.314110
v -0.097357 2.372168 0.302614
v -0.048772 2.372168 0.314110
v -0.048772 2.355457 0.314110
v -0.048772 2.355457 0.314110
v -0.048772 2.372168 0.314110
v 0.001010 2.355457 0.317749
v -0.048772 2.372168 0.314110
v 0.001010 2.372168 0.317749
v 0.001010 2.355457 0.317749
v 0.317980 2.355457 -0.001334
v 0.317980 2.372168 -0.001334
v 0.314057 2.372168 -0.051094
v 0.314057 2.355457 -0.051094
v 0.317980 2.355457 -0.001334
v 0.314057 2.372168 -0.051094
v 0.314057 2.372168 -0.051094
v 0.302243 2.372168 -0.099602
v 0.314057 2.355457 -0.051094
v 0.302243 2.372168 -0.099602
v 0.302243 2.355457 -0.099602
v 0.314057 2.355457 -0.051094
v 0.302243 2.355457 -0.099602
v 0.302243 2.372168 -0.099602
v 0.282987 2.355457 -0.145665
v 0.302243 2.372168 -0.099602
v 0.282987 2.372168 -0.145665
v 0.282987 2.355457 -0.145665
v 0.282987 2.355457 -0.145665
v 0.282987 2.372168 -0.145665
v 0.256762 2.355457 -0.188148
v 0.282987 2.372168 -0.145665
v 0.256762 2.372168 -0.188148
v 0.256762 2.355457 -0.188148
v 0.256762 2.372168 -0.188148
v 0.224214 2.372168 -0.226006
v 0.256762 2.355457 -0.188148
v 0.224214 2.372168 -0.226006
v 0.224214 2.355457 -0.226006
v 0.256762 2.355457 -0.188148
v 0.224214 2.355457 -0.226006
v 0.224214 2.372168 -0.226006
v 0.186145 2.355457 -0.258306
v 0.224214 2.372168 -0.226006
v 0.186145 2.372168 -0.258306
v 0.186145 2.355457 -0.258306
v 0.186145 2.355457 -0.258306
v 0.186145 2.372168 -0.258306
v 0.143491 2.355457 -0.284254
v 0.186145 2.372168 -0.258306
v 0.143491 2.372168 -0.284254
v 0.143491 2.355457 -0.284254
v 0.143491 2.372168 -0.284254
v 0.097304 2.372168 -0.303209
v 0.143491 2.355457 -0.284254
v 0.097304 2.372168 -0.303209
v 0.097304 2.355457 -0.303209
v 0.143491 2.355457 -0.284254
v 0.097304 2.355457 -0.303209
v 0.097304 2.372168 -0.303209
v 0.048720 2.355457 -0.314705
v 0.097304 2.372168 -0.303209
v 0.048720 2.372168 -0.314705
v 0.048720 2.355457 -0.314705
v 0.048720 2.355457 -0.314705
v 0.048720 2.372168 -0.314705
v -0.001062 2.355457 -0.318134
v 0.048720 2.372168 -0.314705
v -0.001062 2.372168 -0.318134
v -0.001062 2.355457 -0.318134
v -0.001062 2.355457 -0.318134
v -0.001062 2.372168 -0.318134
v -0.050823 2.372168 -0.314380
v -0.050823 2.355457 -0.314380
v -0.001062 2.355457 -0.318134
v -0.050823 2.372168 -0.314380
v -0.050823 2.372168 -0.314380
v -0.099331 2.372168 -0.302567
v -0.050823 2.355457 -0.314380
v -0.099331 2.372168 -0.302567
v -0.099331 2.355457 -0.302567
v -0.050823 2.355457 -0.314380
v -0.099331 2.355457 -0.302567
v -0.099331 2.372168 -0.302567
v -0.145394 2.355457 -0.283311
v -0.099331 2.372168 -0.302567
v -0.145394 2.372168 -0.283311
v -0.145394 2.355457 -0.283311
v -0.145394 2.372168 -0.283311
v -0.187877 2.372168 -0.257086
v -0.145394 2.355457 -0.283311
v -0.187877 2.372168 -0.257086
v -0.187877 2.355457 -0.257086
v -0.145394 2.355457 -0.283311
v -0.187877 2.372168 -0.257086
v -0.225735 2.372168 -0.224538
v -0.187877 2.355457 -0.257086
v -0.225735 2.372168 -0.224538
v -0.225735 2.355457 -0.224538
v -0.187877 2.355457 -0.257086
v -0.225735 2.372168 -0.224538
v -0.258035 2.372168 -0.186469
v -0.225735 2.355457 -0.224538
v -0.258035 2.372168 -0.186469
v -0.258035 2.355457 -0.186469
v -0.225735 2.355457 -0.224538
v -0.258035 2.355457 -0.186469
v -0.258035 2.372168 -0.186469
v -0.283982 2.355457 -0.143815
v -0.258035 2.372168 -0.186469
v -0.283982 2.372168 -0.143815
v -0.283982 2.355457 -0.143815
v -0.283982 2.372168 -0.143815
v -0.302937 2.372168 -0.097628
v -0.283982 2.355457 -0.143815
v -0.302937 2.372168 -0.097628
v -0.302937 2.355457 -0.097628
v -0.283982 2.355457 -0.143815
v -0.102724 2.392912 0.033442
v -0.106737 2.392912 0.016961
v -0.103041 2.386690 0.016363
v -0.106737 2.392912 0.016961
v -0.107882 2.392912 0.002995
v -0.103041 2.386690 0.016363
v -0.107882 2.392912 0.002995
v -0.104379 2.386690 0.000043
v -0.103041 2.386690 0.016363
v -0.107882 2.392912 0.002995
v -0.107901 2.392912 -0.002886
v -0.104379 2.386690 0.000043
v -0.104379 2.386690 0.000043
v -0.107901 2.392912 -0.002886
v -0.104337 2.386690 -0.016286
v -0.107901 2.392912 -0.002886
v -0.106848 2.392912 -0.016859
v -0.104337 2.386690 -0.016286
v -0.104337 2.386690 -0.016286
v -0.106848 2.392912 -0.016859
v -0.100706 2.386690 -0.032220
v -0.106848 2.392912 -0.016859
v -0.102942 2.392912 -0.033366
v -0.100706 2.386690 -0.032220
v -0.100706 2.386690 -0.032220
v -0.102942 2.392912 -0.033366
v -0.095180 2.386690 -0.047369
v -0.102942 2.392912 -0.033366
v -0.096502 2.392912 -0.049058
v -0.095180 2.386690 -0.047369
v -0.095180 2.386690 -0.047369
v -0.096502 2.392912 -0.049058
v -0.086391 2.386690 -0.061359
v -0.096502 2.392912 -0.049058
v -0.087686 2.392912 -0.063550
v -0.086391 2.386690 -0.061359
v -0.086391 2.386690 -0.061359
v -0.087686 2.392912 -0.063550
v -0.075992 2.386690 -0.073845
v -0.087686 2.392912 -0.063550
v -0.076712 2.392912 -0.076484
v -0.075992 2.386690 -0.073845
v -0.075992 2.386690 -0.073845
v -0.076712 2.392912 -0.076484
v -0.063170 2.386690 -0.084520
v -0.076712 2.392912 -0.076484
v -0.063849 2.392912 -0.087542
v -0.063170 2.386690 -0.084520
v -0.063170 2.386690 -0.084520
v -0.063849 2.392912 -0.087542
v -0.048780 2.386690 -0.093122
v -0.063849 2.392912 -0.087542
v -0.049416 2.392912 -0.096452
v -0.048780 2.386690 -0.093122
v -0.048780 2.386690 -0.093122
v -0.049416 2.392912 -0.096452
v -0.033178 2.386690 -0.099437
v -0.049416 2.392912 -0.096452
v -0.033766 2.392912 -0.102995
v -0.033178 2.386690 -0.099437
v -0.033178 2.386690 -0.099437
v -0.033766 2.392912 -0.102995
v -0.016748 2.386690 -0.103312
v -0.033766 2.392912 -0.102995
v -0.017285 2.392912 -0.107008
v -0.016748 2.386690 -0.103312
v -0.017285 2.392912 -0.107008
v -0.003319 2.392912 -0.105758
v -0.016748 2.386690 -0.103312
v -0.003319 2.392912 -0.105758
v 0.000106 2.386690 -0.104650
v -0.016748 2.386690 -0.103312
v -0.003319 2.392912 -0.105758
v 0.002562 2.392912 -0.108173
v 0.000106 2.386690 -0.104650
v 0.000106 2.386690 -0.104650
v 0.002562 2.392912 -0.108173
v 0.016968 2.386690 -0.103419
v 0.002562 2.392912 -0.108173
v 0.016535 2.392912 -0.107119
v 0.016968 2.386690 -0.103419
v 0.016535 2.392912 -0.107119
v 0.033042 2.392912 -0.103213
v 0.016968 2.386690 -0.103419
v 0.033042 2.392912 -0.103213
v 0.033424 2.386690 -0.099648
v 0.016968 2.386690 -0.103419
v 0.033042 2.392912 -0.103213
v 0.048734 2.392912 -0.096773
v 0.033424 2.386690 -0.099648
v 0.048734 2.392912 -0.096773
v 0.049068 2.386690 -0.093431
v 0.033424 2.386690 -0.099648
v 0.048734 2.392912 -0.096773
v 0.063226 2.392912 -0.087957
v 0.049068 2.386690 -0.093431
v 0.063226 2.392912 -0.087957
v 0.063515 2.386690 -0.084921
v 0.049068 2.386690 -0.093431
v 0.063226 2.392912 -0.087957
v 0.076160 2.392912 -0.076983
v 0.063515 2.386690 -0.084921
v 0.076160 2.392912 -0.076983
v 0.076410 2.386690 -0.074327
v 0.063515 2.386690 -0.084921
v 0.076160 2.392912 -0.076983
v 0.087219 2.392912 -0.064121
v 0.076410 2.386690 -0.074327
v 0.087219 2.392912 -0.064121
v 0.084197 2.386690 -0.061910
v 0.076410 2.386690 -0.074327
v 0.084197 2.386690 -0.061910
v 0.087219 2.392912 -0.064121
v 0.092798 2.386690 -0.047976
v 0.087219 2.392912 -0.064121
v 0.096129 2.392912 -0.049687
v 0.092798 2.386690 -0.047976
v 0.092798 2.386690 -0.047976
v 0.096129 2.392912 -0.049687
v 0.099114 2.386690 -0.032868
v 0.096129 2.392912 -0.049687
v 0.102671 2.392912 -0.034037
v 0.099114 2.386690 -0.032868
v 0.099114 2.386690 -0.032868
v 0.102671 2.392912 -0.034037
v 0.102988 2.386690 -0.016958
v 0.102671 2.392912 -0.034037
v 0.106685 2.392912 -0.017556
v 0.102988 2.386690 -0.016958
v 0.106685 2.392912 -0.017556
v 0.107830 2.392912 -0.001195
v 0.102988 2.386690 -0.016958
v 0.107830 2.392912 -0.001195
v 0.104326 2.386690 -0.000638
v 0.102988 2.386690 -0.016958
v 0.107830 2.392912 -0.001195
v 0.107849 2.392912 0.002291
v 0.104326 2.386690 -0.000638
v 0.297106 2.392912 0.001674
v 0.317980 2.372168 -0.001334
v 0.293819 2.392912 0.045261
v 0.317980 2.372168 -0.001334
v 0.314381 2.372168 0.048449
v 0.293819 2.392912 0.045261
v 0.314381 2.372168 0.048449
v 0.302885 2.372168 0.097033
v 0.293819 2.392912 0.045261
v 0.302885 2.372168 0.097033
v 0.283074 2.392912 0.090667
v 0.293819 2.392912 0.045261
v 0.302885 2.372168 0.097033
v 0.283930 2.372168 0.143220
v 0.283074 2.392912 0.090667
v 0.283930 2.372168 0.143220
v 0.265359 2.392912 0.133834
v 0.283074 2.392912 0.090667
v 0.283930 2.372168 0.143220
v 0.257983 2.372168 0.185874
v 0.265359 2.392912 0.133834
v 0.257983 2.372168 0.185874
v 0.241109 2.392912 0.173698
v 0.265359 2.392912 0.133834
v 0.257983 2.372168 0.185874
v 0.225683 2.372168 0.223943
v 0.241109 2.392912 0.173698
v 0.225683 2.372168 0.223943
v 0.210921 2.392912 0.209278
v 0.241109 2.392912 0.173698
v 0.225683 2.372168 0.223943
v 0.187825 2.372168 0.256491
v 0.210921 2.392912 0.209278
v 0.187825 2.372168 0.256491
v 0.175539 2.392912 0.239697
v 0.210921 2.392912 0.209278
v 0.187825 2.372168 0.256491
v 0.145341 2.372168 0.282716
v 0.175539 2.392912 0.239697
v 0.145341 2.372168 0.282716
v 0.135834 2.392912 0.264207
v 0.175539 2.392912 0.239697
v 0.145341 2.372168 0.282716
v 0.099279 2.372168 0.301972
v 0.135834 2.392912 0.264207
v 0.099279 2.372168 0.301972
v 0.092784 2.392912 0.282204
v 0.135834 2.392912 0.264207
v 0.099279 2.372168 0.301972
v 0.050771 2.372168 0.313785
v 0.092784 2.392912 0.282204
v 0.050771 2.372168 0.313785
v 0.047449 2.392912 0.293244
v 0.092784 2.392912 0.282204
v 0.050771 2.372168 0.313785
v 0.001010 2.372168 0.317749
v 0.047449 2.392912 0.293244
v 0.001010 2.372168 0.317749
v 0.003884 2.392912 0.296816
v 0.047449 2.392912 0.293244
v 0.003266 2.392912 0.107558
v -0.002615 2.392912 0.107578
v 0.000314 2.386691 0.104055
v 0.000314 2.386691 0.104055
v -0.002615 2.392912 0.107578
v -0.016014 2.386691 0.102824
v -0.002615 2.392912 0.107578
v -0.016588 2.392912 0.106524
v -0.016014 2.386691 0.102824
v -0.016588 2.392912 0.106524
v -0.033095 2.392912 0.102618
v -0.016014 2.386691 0.102824
v -0.033095 2.392912 0.102618
v -0.031949 2.386691 0.099053
v -0.016014 2.386691 0.102824
v -0.031949 2.386691 0.099053
v -0.033095 2.392912 0.102618
v -0.047098 2.386690 0.092836
v -0.033095 2.392912 0.102618
v -0.048787 2.392912 0.096178
v -0.047098 2.386690 0.092836
v -0.047098 2.386690 0.092836
v -0.048787 2.392912 0.096178
v -0.061088 2.386690 0.084326
v -0.048787 2.392912 0.096178
v -0.063279 2.392912 0.087362
v -0.061088 2.386690 0.084326
v -0.061088 2.386690 0.084326
v -0.063279 2.392912 0.087362
v -0.073574 2.386690 0.073732
v -0.063279 2.392912 0.087362
v -0.076213 2.392912 0.076388
v -0.073574 2.386690 0.073732
v -0.073574 2.386690 0.073732
v -0.076213 2.392912 0.076388
v -0.084249 2.386690 0.061315
v -0.076213 2.392912 0.076388
v -0.087271 2.392912 0.063526
v -0.084249 2.386690 0.061315
v -0.087271 2.392912 0.063526
v -0.096181 2.392912 0.049092
v -0.084249 2.386690 0.061315
v -0.096181 2.392912 0.049092
v -0.092851 2.386690 0.047381
v -0.084249 2.386690 0.061315
v -0.092851 2.386690 0.047381
v -0.096181 2.392912 0.049092
v -0.099166 2.386690 0.032273
v -0.096181 2.392912 0.049092
v -0.102724 2.392912 0.033442
v -0.099166 2.386690 0.032273
v -0.099166 2.386690 0.032273
v -0.102724 2.392912 0.033442
v -0.103041 2.386690 0.016363
v -0.145394 2.372168 -0.283311
v -0.099331 2.372168 -0.302567
v -0.135887 2.392912 -0.264802
v -0.099331 2.372168 -0.302567
v -0.092837 2.392912 -0.282798
v -0.135887 2.392912 -0.264802
v -0.099331 2.372168 -0.302567
v -0.050823 2.372168 -0.314380
v -0.092837 2.392912 -0.282798
v -0.050823 2.372168 -0.314380
v -0.047501 2.392912 -0.293839
v -0.092837 2.392912 -0.282798
v -0.050823 2.372168 -0.314380
v -0.001062 2.372168 -0.318134
v -0.047501 2.392912 -0.293839
v -0.001062 2.372168 -0.318134
v -0.003936 2.392912 -0.297411
v -0.047501 2.392912 -0.293839
v 0.001945 2.392912 -0.297430
v -0.003936 2.392912 -0.297411
v -0.001062 2.372168 -0.318134
v 0.001945 2.392912 -0.297430
v -0.001062 2.372168 -0.318134
v 0.045532 2.392912 -0.294143
v -0.001062 2.372168 -0.318134
v 0.048720 2.372168 -0.314705
v 0.045532 2.392912 -0.294143
v 0.048720 2.372168 -0.314705
v 0.097304 2.372168 -0.303209
v 0.045532 2.392912 -0.294143
v 0.097304 2.372168 -0.303209
v 0.090939 2.392912 -0.283398
v 0.045532 2.392912 -0.294143
v 0.097304 2.372168 -0.303209
v 0.143491 2.372168 -0.284254
v 0.090939 2.392912 -0.283398
v 0.143491 2.372168 -0.284254
v 0.134105 2.392912 -0.265683
v 0.090939 2.392912 -0.283398
v 0.143491 2.372168 -0.284254
v 0.186145 2.372168 -0.258306
v 0.134105 2.392912 -0.265683
v 0.186145 2.372168 -0.258306
v 0.173969 2.392912 -0.241433
v 0.134105 2.392912 -0.265683
v 0.186145 2.372168 -0.258306
v 0.224214 2.372168 -0.226006
v 0.173969 2.392912 -0.241433
v 0.224214 2.372168 -0.226006
v 0.209549 2.392912 -0.211245
v 0.173969 2.392912 -0.241433
v 0.224214 2.372168 -0.226006
v 0.256762 2.372168 -0.188148
v 0.209549 2.392912 -0.211245
v 0.256762 2.372168 -0.188148
v 0.239968 2.392912 -0.175863
v 0.209549 2.392912 -0.211245
v 0.256762 2.372168 -0.188148
v 0.282987 2.372168 -0.145665
v 0.239968 2.392912 -0.175863
v 0.282987 2.372168 -0.145665
v 0.264478 2.392912 -0.136158
v 0.239968 2.392912 -0.175863
v 0.282987 2.372168 -0.145665
v 0.302243 2.372168 -0.099602
v 0.264478 2.392912 -0.136158
v 0.302243 2.372168 -0.099602
v 0.282475 2.392912 -0.093108
v 0.264478 2.392912 -0.136158
v 0.302243 2.372168 -0.099602
v 0.314057 2.372168 -0.051094
v 0.282475 2.392912 -0.093108
v 0.314057 2.372168 -0.051094
v 0.293515 2.392912 -0.047772
v 0.282475 2.392912 -0.093108
v 0.314057 2.372168 -0.051094
v 0.317980 2.372168 -0.001334
v 0.293515 2.392912 -0.047772
v 0.317980 2.372168 -0.001334
v 0.297087 2.392912 -0.004208
v 0.293515 2.392912 -0.047772
v 0.297106 2.392912 0.001674
v 0.297087 2.392912 -0.004208
v 0.317980 2.372168 -0.001334
v 0.001010 2.355457 0.317749
v 0.001010 2.372168 0.317749
v 0.050771 2.355457 0.313785
v 0.001010 2.372168 0.317749
v 0.050771 2.372168 0.313785
v 0.050771 2.355457 0.313785
v 0.050771 2.355457 0.313785
v 0.050771 2.372168 0.313785
v 0.099279 2.355457 0.301972
v 0.050771 2.372168 0.313785
v 0.099279 2.372168 0.301972
v 0.099279 2.355457 0.301972
v 0.099279 2.372168 0.301972
v 0.145341 2.372168 0.282716
v 0.099279 2.355457 0.301972
v 0.145341 2.372168 0.282716
v 0.145341 2.355457 0.282716
v 0.099279 2.355457 0.301972
v 0.145341 2.372168 0.282716
v 0.187825 2.372168 0.256491
v 0.145341 2.355457 0.282716
v 0.187825 2.372168 0.256491
v 0.187825 2.355457 0.256491
v 0.145341 2.355457 0.282716
v 0.187825 2.355457 0.256491
v 0.187825 2.372168 0.256491
v 0.225683 2.355457 0.223943
v 0.187825 2.372168 0.256491
v 0.225683 2.372168 0.223943
v 0.225683 2.355457 0.223943
v 0.225683 2.355457 0.223943
v 0.225683 2.372168 0.223943
v 0.257983 2.355457 0.185874
v 0.225683 2.372168 0.223943
v 0.257983 2.372168 0.185874
v 0.257983 2.355457 0.185874
v 0.257983 2.372168 0.185874
v 0.283930 2.372168 0.143220
v 0.257983 2.355457 0.185874
v 0.283930 2.372168 0.143220
v 0.283930 2.355457 0.143220
v 0.257983 2.355457 0.185874
v 0.283930 2.372168 0.143220
v 0.302885 2.372168 0.097033
v 0.283930 2.355457 0.143220
v 0.302885 2.372168 0.097033
v 0.302885 2.355457 0.097033
v 0.283930 2.355457 0.143220
v 0.302885 2.372168 0.097033
v 0.314381 2.372168 0.048449
v 0.302885 2.355457 0.097033
v 0.314381 2.372168 0.048449
v 0.314381 2.355457 0.048449
v 0.302885 2.355457 0.097033
v 0.314381 2.355457 0.048449
v 0.314381 2.372168 0.048449
v 0.317980 2.355457 -0.001334
v 0.314381 2.372168 0.048449
v 0.317980 2.372168 -0.001334
v 0.317980 2.355457 -0.001334
v -0.314109 2.372168 0.050499
v -0.293568 2.392912 0.047177
v -0.282527 2.392912 0.092513
v -0.297140 2.392912 0.003613
v -0.293568 2.392912 0.047177
v -0.314109 2.372168 0.050499
v -0.318083 2.372168 0.000739
v -0.297140 2.392912 0.003613
v -0.314109 2.372168 0.050499
v -0.297140 2.392912 0.003613
v -0.318083 2.372168 0.000739
v -0.297159 2.392912 -0.002269
v -0.297159 2.392912 -0.002269
v -0.318083 2.372168 0.000739
v -0.314434 2.372168 -0.049044
v -0.293871 2.392912 -0.045856
v -0.297159 2.392912 -0.002269
v -0.314434 2.372168 -0.049044
v -0.314434 2.372168 -0.049044
v -0.302937 2.372168 -0.097628
v -0.293871 2.392912 -0.045856
v -0.302937 2.372168 -0.097628
v -0.283127 2.392912 -0.091262
v -0.293871 2.392912 -0.045856
v -0.302937 2.372168 -0.097628
v -0.283982 2.372168 -0.143815
v -0.283127 2.392912 -0.091262
v -0.283982 2.372168 -0.143815
v -0.265411 2.392912 -0.134429
v -0.283127 2.392912 -0.091262
v -0.283982 2.372168 -0.143815
v -0.258035 2.372168 -0.186469
v -0.265411 2.392912 -0.134429
v -0.258035 2.372168 -0.186469
v -0.241161 2.392912 -0.174293
v -0.265411 2.392912 -0.134429
v -0.258035 2.372168 -0.186469
v -0.225735 2.372168 -0.224538
v -0.241161 2.392912 -0.174293
v -0.225735 2.372168 -0.224538
v -0.210974 2.392912 -0.209873
v -0.241161 2.392912 -0.174293
v -0.225735 2.372168 -0.224538
v -0.187877 2.372168 -0.257086
v -0.210974 2.392912 -0.209873
v -0.187877 2.372168 -0.257086
v -0.175592 2.392912 -0.240292
v -0.210974 2.392912 -0.209873
v -0.187877 2.372168 -0.257086
v -0.145394 2.372168 -0.283311
v -0.175592 2.392912 -0.240292
v -0.145394 2.372168 -0.283311
v -0.135887 2.392912 -0.264802
v -0.175592 2.392912 -0.240292
v -0.001997 2.392912 0.296835
v 0.003884 2.392912 0.296816
v 0.001010 2.372168 0.317749
v -0.001997 2.392912 0.296835
v 0.001010 2.372168 0.317749
v -0.045584 2.392912 0.293548
v 0.001010 2.372168 0.317749
v -0.048772 2.372168 0.314110
v -0.045584 2.392912 0.293548
v -0.048772 2.372168 0.314110
v -0.097357 2.372168 0.302614
v -0.045584 2.392912 0.293548
v -0.097357 2.372168 0.302614
v -0.090991 2.392912 0.282803
v -0.045584 2.392912 0.293548
v -0.097357 2.372168 0.302614
v -0.143544 2.372168 0.283659
v -0.090991 2.392912 0.282803
v -0.143544 2.372168 0.283659
v -0.134158 2.392912 0.265088
v -0.090991 2.392912 0.282803
v -0.143544 2.372168 0.283659
v -0.186198 2.372168 0.257711
v -0.134158 2.392912 0.265088
v -0.186198 2.372168 0.257711
v -0.174022 2.392912 0.240838
v -0.134158 2.392912 0.265088
v -0.186198 2.372168 0.257711
v -0.224267 2.372168 0.225411
v -0.174022 2.392912 0.240838
v -0.224267 2.372168 0.225411
v -0.209601 2.392912 0.210650
v -0.174022 2.392912 0.240838
v -0.224267 2.372168 0.225411
v -0.256815 2.372168 0.187554
v -0.209601 2.392912 0.210650
v -0.256815 2.372168 0.187554
v -0.240021 2.392912 0.175268
v -0.209601 2.392912 0.210650
v -0.256815 2.372168 0.187554
v -0.283040 2.372168 0.145070
v -0.240021 2.392912 0.175268
v -0.283040 2.372168 0.145070
v -0.264530 2.392912 0.135563
v -0.240021 2.392912 0.175268
v -0.283040 2.372168 0.145070
v -0.302296 2.372168 0.099007
v -0.264530 2.392912 0.135563
v -0.302296 2.372168 0.099007
v -0.282527 2.392912 0.092513
v -0.264530 2.392912 0.135563
v -0.302296 2.372168 0.099007
v -0.314109 2.372168 0.050499
v -0.282527 2.392912 0.092513
v -0.111426 2.336925 0.362979
v -0.114773 2.336351 0.363050
v -0.121125 2.296011 0.448190
v 0.033601 2.319725 -0.343383
v 0.023759 2.273192 -0.344028
v 0.033601 2.319725 -0.351338
v 0.023759 2.273192 -0.344028
v 0.023759 2.273192 -0.351983
v 0.033601 2.319725 -0.351338
v 0.023759 2.273192 -0.344028
v 0.000052 2.263351 -0.345586
v 0.023759 2.273192 -0.351983
v 0.000052 2.263351 -0.345586
v 0.000051 2.263351 -0.353540
v 0.023759 2.273192 -0.351983
v 0.000052 2.220778 -0.345586
v -0.045005 2.220778 -0.342629
v -0.023656 2.273192 -0.344028
v 0.000052 2.263351 -0.345586
v 0.000052 2.220778 -0.345586
v -0.023656 2.273192 -0.344028
v -0.132147 2.220778 -0.319280
v -0.172690 2.220778 -0.299286
v -0.132147 2.319725 -0.319280
v -0.132147 2.220778 -0.319280
v -0.132147 2.319725 -0.319280
v -0.089341 2.220778 -0.333810
v -0.132147 2.319725 -0.319280
v -0.089341 2.319725 -0.333810
v -0.089341 2.220778 -0.333810
v -0.089341 2.220778 -0.333810
v -0.089341 2.319725 -0.333810
v -0.045005 2.319725 -0.342629
v -0.045005 2.220778 -0.342629
v -0.089341 2.220778 -0.333810
v -0.045005 2.319725 -0.342629
v -0.045005 2.220778 -0.342629
v -0.045005 2.319725 -0.342629
v -0.023656 2.273192 -0.344028
v -0.045005 2.319725 -0.342629
v -0.033498 2.319725 -0.343383
v -0.023656 2.273192 -0.344028
v -0.345586 2.220778 -0.000051
v -0.345586 2.263351 -0.000052
v -0.344028 2.273192 -0.023759
v -0.342629 2.220778 -0.045108
v -0.345586 2.220778 -0.000051
v -0.344028 2.273192 -0.023759
v -0.342629 2.319725 -0.045108
v -0.342629 2.220778 -0.045108
v -0.344028 2.273192 -0.023759
v -0.342629 2.220778 -0.045108
v -0.342629 2.319725 -0.045108
v -0.333810 2.220778 -0.089444
v -0.342629 2.319725 -0.045108
v -0.333810 2.319725 -0.089444
v -0.333810 2.220778 -0.089444
v -0.333810 2.319725 -0.089444
v -0.319280 2.319725 -0.132250
v -0.333810 2.220778 -0.089444
v -0.319280 2.319725 -0.132250
v -0.319279 2.220778 -0.132250
v -0.333810 2.220778 -0.089444
v -0.319280 2.319725 -0.132250
v -0.299286 2.319725 -0.172793
v -0.319279 2.220778 -0.132250
v -0.299286 2.319725 -0.172793
v -0.299286 2.220778 -0.172793
v -0.319279 2.220778 -0.132250
v -0.299286 2.319725 -0.172793
v -0.274172 2.319725 -0.210379
v -0.299286 2.220778 -0.172793
v -0.274172 2.319725 -0.210379
v -0.274172 2.220778 -0.210379
v -0.299286 2.220778 -0.172793
v -0.274172 2.319725 -0.210379
v -0.244314 2.319725 -0.244366
v -0.274172 2.220778 -0.210379
v -0.244314 2.319725 -0.244366
v -0.244314 2.220778 -0.244366
v -0.274172 2.220778 -0.210379
v -0.244314 2.220778 -0.244366
v -0.244314 2.319725 -0.244366
v -0.210276 2.319725 -0.274172
v -0.210276 2.220778 -0.274172
v -0.244314 2.220778 -0.244366
v -0.210276 2.319725 -0.274172
v -0.210276 2.220778 -0.274172
v -0.210276 2.319725 -0.274172
v -0.172690 2.319725 -0.299286
v -0.172690 2.220778 -0.299286
v -0.210276 2.220778 -0.274172
v -0.172690 2.319725 -0.299286
v -0.172690 2.220778 -0.299286
v -0.172690 2.319725 -0.299286
v -0.132147 2.319725 -0.319280
v -0.343383 2.319725 -0.033601
v -0.342629 2.319725 -0.045108
v -0.344028 2.273192 -0.023759
v -0.033498 2.319725 -0.343383
v -0.045005 2.319725 -0.342629
v -0.033498 2.319725 -0.351338
v -0.045005 2.319725 -0.342629
v -0.046043 2.319725 -0.350516
v -0.033498 2.319725 -0.351338
v -0.045005 2.319725 -0.342629
v -0.089341 2.319725 -0.333810
v -0.046043 2.319725 -0.350516
v -0.089341 2.319725 -0.333810
v -0.091400 2.319725 -0.341494
v -0.046043 2.319725 -0.350516
v -0.089341 2.319725 -0.333810
v -0.132147 2.319725 -0.319280
v -0.091400 2.319725 -0.341494
v -0.132147 2.319725 -0.319280
v -0.135191 2.319725 -0.326629
v -0.091400 2.319725 -0.341494
v -0.132147 2.319725 -0.319280
v -0.172690 2.319725 -0.299286
v -0.135191 2.319725 -0.326629
v -0.172690 2.319725 -0.299286
v -0.176667 2.319725 -0.306175
v -0.135191 2.319725 -0.326629
v -0.172690 2.319725 -0.299286
v -0.210276 2.319725 -0.274172
v -0.176667 2.319725 -0.306175
v -0.210276 2.319725 -0.274172
v -0.215119 2.319725 -0.280482
v -0.176667 2.319725 -0.306175
v -0.210276 2.319725 -0.274172
v -0.244314 2.319725 -0.244366
v -0.215119 2.319725 -0.280482
v -0.244314 2.319725 -0.244366
v -0.249939 2.319725 -0.249991
v -0.215119 2.319725 -0.280482
v -0.249939 2.319725 -0.249991
v -0.244314 2.319725 -0.244366
v -0.274172 2.319725 -0.210379
v -0.280483 2.319725 -0.215222
v -0.249939 2.319725 -0.249991
v -0.274172 2.319725 -0.210379
v -0.306175 2.319725 -0.176770
v -0.280483 2.319725 -0.215222
v -0.274172 2.319725 -0.210379
v -0.299286 2.319725 -0.172793
v -0.306175 2.319725 -0.176770
v -0.274172 2.319725 -0.210379
v -0.326629 2.319725 -0.135294
v -0.306175 2.319725 -0.176770
v -0.299286 2.319725 -0.172793
v -0.319280 2.319725 -0.132250
v -0.326629 2.319725 -0.135294
v -0.299286 2.319725 -0.172793
v -0.341494 2.319725 -0.091503
v -0.326629 2.319725 -0.135294
v -0.319280 2.319725 -0.132250
v -0.333810 2.319725 -0.089444
v -0.341494 2.319725 -0.091503
v -0.319280 2.319725 -0.132250
v -0.350516 2.319725 -0.046146
v -0.341494 2.319725 -0.091503
v -0.333810 2.319725 -0.089444
v -0.342629 2.319725 -0.045108
v -0.350516 2.319725 -0.046146
v -0.333810 2.319725 -0.089444
v -0.350516 2.319725 -0.046146
v -0.342629 2.319725 -0.045108
v -0.351338 2.319725 -0.033601
v -0.342629 2.319725 -0.045108
v -0.343383 2.319725 -0.033601
v -0.351338 2.319725 -0.033601
v 0.046146 2.319725 -0.350516
v 0.033601 2.319725 -0.351338
v 0.023759 2.273192 -0.351983
v 0.000051 2.263351 -0.353540
v 0.000051 2.220778 -0.353540
v 0.023759 2.273192 -0.351983
v 0.000051 2.220778 -0.353540
v 0.046146 2.220778 -0.350516
v 0.023759 2.273192 -0.351983
v 0.046146 2.220778 -0.350516
v 0.046146 2.319725 -0.350516
v 0.023759 2.273192 -0.351983
v 0.046146 2.220778 -0.350516
v 0.091503 2.220778 -0.341494
v 0.046146 2.319725 -0.350516
v 0.091503 2.220778 -0.341494
v 0.091503 2.319725 -0.341494
v 0.046146 2.319725 -0.350516
v 0.091503 2.319725 -0.341494
v 0.091503 2.220778 -0.341494
v 0.135294 2.319725 -0.326629
v 0.091503 2.220778 -0.341494
v 0.135294 2.220778 -0.326629
v 0.135294 2.319725 -0.326629
v 0.135294 2.220778 -0.326629
v 0.176770 2.220778 -0.306175
v 0.135294 2.319725 -0.326629
v 0.176770 2.220778 -0.306175
v 0.176770 2.319725 -0.306175
v 0.135294 2.319725 -0.326629
v 0.176770 2.319725 -0.306175
v 0.176770 2.220778 -0.306175
v 0.215222 2.319725 -0.280482
v 0.176770 2.220778 -0.306175
v 0.215222 2.220778 -0.280482
v 0.215222 2.319725 -0.280482
v 0.215222 2.319725 -0.280482
v 0.215222 2.220778 -0.280482
v 0.249991 2.319725 -0.249939
v 0.215222 2.220778 -0.280482
v 0.249991 2.220778 -0.249939
v 0.249991 2.319725 -0.249939
v 0.249991 2.319725 -0.249939
v 0.249991 2.220778 -0.249939
v 0.280482 2.319725 -0.215119
v 0.249991 2.220778 -0.249939
v 0.280483 2.220778 -0.215119
v 0.280482 2.319725 -0.215119
v 0.280482 2.319725 -0.215119
v 0.280483 2.220778 -0.215119
v 0.306175 2.319725 -0.176667
v 0.280483 2.220778 -0.215119
v 0.306175 2.220778 -0.176667
v 0.306175 2.319725 -0.176667
v 0.306175 2.319725 -0.176667
v 0.306175 2.220778 -0.176667
v 0.326629 2.319725 -0.135191
v 0.306175 2.220778 -0.176667
v 0.326629 2.220778 -0.135191
v 0.326629 2.319725 -0.135191
v 0.326629 2.319725 -0.135191
v 0.326629 2.220778 -0.135191
v 0.341494 2.319725 -0.091400
v 0.326629 2.220778 -0.135191
v 0.341494 2.220778 -0.091400
v 0.341494 2.319725 -0.091400
v 0.341494 2.319725 -0.091400
v 0.341494 2.220778 -0.091400
v 0.350516 2.220778 -0.046043
v 0.350516 2.319725 -0.046043
v 0.341494 2.319725 -0.091400
v 0.350516 2.220778 -0.046043
v 0.350516 2.319725 -0.046043
v 0.350516 2.220778 -0.046043
v 0.351983 2.273192 -0.023656
v 0.351338 2.319725 -0.033498
v 0.350516 2.319725 -0.046043
v 0.351983 2.273192 -0.023656
v 0.350516 2.220778 -0.046043
v 0.353540 2.220778 0.000052
v 0.351983 2.273192 -0.023656
v 0.353540 2.220778 0.000052
v 0.353540 2.263351 0.000051
v 0.351983 2.273192 -0.023656
v -0.033498 2.319725 -0.351338
v -0.046043 2.319725 -0.350516
v -0.023656 2.273192 -0.351983
v -0.135191 2.319725 -0.326629
v -0.135191 2.220778 -0.326629
v -0.091400 2.319725 -0.341494
v -0.135191 2.220778 -0.326629
v -0.091400 2.220778 -0.341494
v -0.091400 2.319725 -0.341494
v -0.091400 2.319725 -0.341494
v -0.091400 2.220778 -0.341494
v -0.046043 2.319725 -0.350516
v -0.091400 2.220778 -0.341494
v -0.046043 2.220778 -0.350516
v -0.046043 2.319725 -0.350516
v -0.046043 2.319725 -0.350516
v -0.046043 2.220778 -0.350516
v -0.023656 2.273192 -0.351983
v -0.046043 2.220778 -0.350516
v 0.000051 2.220778 -0.353540
v -0.023656 2.273192 -0.351983
v 0.000051 2.220778 -0.353540
v 0.000051 2.263351 -0.353540
v -0.023656 2.273192 -0.351983
v -0.350516 2.319725 -0.046146
v -0.351338 2.319725 -0.033601
v -0.351983 2.273192 -0.023759
v -0.350516 2.220778 -0.046146
v -0.350516 2.319725 -0.046146
v -0.351983 2.273192 -0.023759
v -0.350516 2.319725 -0.046146
v -0.350516 2.220778 -0.046146
v -0.341494 2.319725 -0.091503
v -0.350516 2.220778 -0.046146
v -0.341494 2.220778 -0.091503
v -0.341494 2.319725 -0.091503
v -0.341494 2.319725 -0.091503
v -0.341494 2.220778 -0.091503
v -0.326629 2.319725 -0.135294
v -0.341494 2.220778 -0.091503
v -0.326629 2.220778 -0.135294
v -0.326629 2.319725 -0.135294
v -0.326629 2.319725 -0.135294
v -0.326629 2.220778 -0.135294
v -0.306175 2.319725 -0.176770
v -0.326629 2.220778 -0.135294
v -0.306175 2.220778 -0.176770
v -0.306175 2.319725 -0.176770
v -0.306175 2.220778 -0.176770
v -0.280482 2.220778 -0.215222
v -0.306175 2.319725 -0.176770
v -0.280482 2.220778 -0.215222
v -0.280483 2.319725 -0.215222
v -0.306175 2.319725 -0.176770
v -0.280482 2.220778 -0.215222
v -0.249939 2.220778 -0.249991
v -0.280483 2.319725 -0.215222
v -0.249939 2.220778 -0.249991
v -0.249939 2.319725 -0.249991
v -0.280483 2.319725 -0.215222
v -0.249939 2.319725 -0.249991
v -0.249939 2.220778 -0.249991
v -0.215119 2.319725 -0.280482
v -0.249939 2.220778 -0.249991
v -0.215119 2.220778 -0.280482
v -0.215119 2.319725 -0.280482
v -0.215119 2.319725 -0.280482
v -0.215119 2.220778 -0.280482
v -0.176667 2.319725 -0.306175
v -0.215119 2.220778 -0.280482
v -0.176667 2.220778 -0.306175
v -0.176667 2.319725 -0.306175
v -0.176667 2.319725 -0.306175
v -0.176667 2.220778 -0.306175
v -0.135191 2.319725 -0.326629
v -0.176667 2.220778 -0.306175
v -0.135191 2.220778 -0.326629
v -0.135191 2.319725 -0.326629
v -0.353540 2.263351 -0.000052
v -0.353540 2.220778 -0.000051
v -0.351983 2.273192 -0.023759
v -0.353540 2.220778 -0.000051
v -0.350516 2.220778 -0.046146
v -0.351983 2.273192 -0.023759
v -0.033498 2.319725 -0.343383
v -0.033498 2.319725 -0.351338
v -0.023656 2.273192 -0.344028
v -0.033498 2.319725 -0.351338
v -0.023656 2.273192 -0.351983
v -0.023656 2.273192 -0.344028
v -0.023656 2.273192 -0.344028
v -0.023656 2.273192 -0.351983
v 0.000052 2.263351 -0.345586
v -0.023656 2.273192 -0.351983
v 0.000051 2.263351 -0.353540
v 0.000052 2.263351 -0.345586
v 0.260170 2.213520 0.199915
v 0.199812 2.213520 0.260170
v 0.180179 2.213520 0.138536
v 0.180179 2.213520 0.138536
v 0.209872 2.213520 0.087107
v 0.260170 2.213520 0.199915
v 0.209872 2.213520 0.087107
v 0.303023 2.213520 0.125691
v 0.260170 2.213520 0.199915
v 0.325206 2.213520 0.042905
v 0.303023 2.213520 0.125691
v 0.209872 2.213520 0.087107
v 0.225242 2.213520 0.029744
v 0.325206 2.213520 0.042905
v 0.209872 2.213520 0.087107
v 0.325205 2.213520 -0.042802
v 0.325206 2.213520 0.042905
v 0.225242 2.213520 0.029744
v 0.225242 2.213520 -0.029641
v 0.325205 2.213520 -0.042802
v 0.225242 2.213520 0.029744
v 0.225242 2.213520 -0.029641
v 0.209872 2.213520 -0.087004
v 0.325205 2.213520 -0.042802
v 0.209872 2.213520 -0.087004
v 0.303023 2.213520 -0.125588
v 0.325205 2.213520 -0.042802
v 0.260170 2.213520 -0.199812
v 0.303023 2.213520 -0.125588
v 0.209872 2.213520 -0.087004
v 0.180179 2.213520 -0.138433
v 0.260170 2.213520 -0.199812
v 0.209872 2.213520 -0.087004
v 0.180179 2.213520 -0.138433
v 0.138536 2.213520 -0.180179
v 0.260170 2.213520 -0.199812
v -0.225242 2.213520 0.029641
v -0.325205 2.213520 0.042802
v -0.225242 2.213520 -0.029744
v -0.225242 2.213520 0.029641
v -0.209872 2.213520 0.087004
v -0.325205 2.213520 0.042802
v -0.209872 2.213520 0.087004
v -0.303023 2.213520 0.125588
v -0.325205 2.213520 0.042802
v -0.260170 2.213520 0.199812
v -0.303023 2.213520 0.125588
v -0.209872 2.213520 0.087004
v -0.180179 2.213520 0.138433
v -0.260170 2.213520 0.199812
v -0.209872 2.213520 0.087004
v -0.180179 2.213520 0.138433
v -0.138536 2.213520 0.180179
v -0.260170 2.213520 0.199812
v -0.138536 2.213520 0.180179
v -0.199915 2.213520 0.260170
v -0.260170 2.213520 0.199812
v -0.138536 2.213520 0.180179
v -0.087107 2.213520 0.209872
v -0.199915 2.213520 0.260170
v -0.087107 2.213520 0.209872
v -0.125691 2.213520 0.303023
v -0.199915 2.213520 0.260170
v -0.042905 2.213520 0.325205
v -0.125691 2.213520 0.303023
v -0.087107 2.213520 0.209872
v -0.029744 2.213520 0.225242
v -0.042905 2.213520 0.325205
v -0.087107 2.213520 0.209872
v -0.042905 2.213520 0.325205
v -0.029744 2.213520 0.225242
v 0.029641 2.213520 0.225242
v 0.042802 2.213520 0.325205
v -0.042905 2.213520 0.325205
v 0.029641 2.213520 0.225242
v 0.029641 2.213520 0.225242
v 0.087004 2.213520 0.209872
v 0.042802 2.213520 0.325205
v 0.087004 2.213520 0.209872
v 0.125588 2.213520 0.303023
v 0.042802 2.213520 0.325205
v 0.199812 2.213520 0.260170
v 0.125588 2.213520 0.303023
v 0.087004 2.213520 0.209872
v 0.138433 2.213520 0.180179
v 0.199812 2.213520 0.260170
v 0.087004 2.213520 0.209872
v 0.199812 2.213520 0.260170
v 0.138433 2.213520 0.180179
v 0.180179 2.213520 0.138536
v 0.138536 2.213520 -0.180179
v 0.199915 2.213520 -0.260170
v 0.260170 2.213520 -0.199812
v 0.138536 2.213520 -0.180179
v 0.087107 2.213520 -0.209872
v 0.199915 2.213520 -0.260170
v 0.087107 2.213520 -0.209872
v 0.125691 2.213520 -0.303023
v 0.199915 2.213520 -0.260170
v 0.042905 2.213520 -0.325205
v 0.125691 2.213520 -0.303023
v 0.087107 2.213520 -0.209872
v 0.029744 2.213520 -0.225242
v 0.042905 2.213520 -0.325205
v 0.087107 2.213520 -0.209872
v 0.042905 2.213520 -0.325205
v 0.029744 2.213520 -0.225242
v -0.029641 2.213520 -0.225242
v -0.042802 2.213520 -0.325205
v 0.042905 2.213520 -0.325205
v -0.029641 2.213520 -0.225242
v -0.029641 2.213520 -0.225242
v -0.087004 2.213520 -0.209872
v -0.042802 2.213520 -0.325205
v -0.087004 2.213520 -0.209872
v -0.125588 2.213520 -0.303023
v -0.042802 2.213520 -0.325205
v -0.199812 2.213520 -0.260170
v -0.125588 2.213520 -0.303023
v -0.087004 2.213520 -0.209872
v -0.138433 2.213520 -0.180179
v -0.199812 2.213520 -0.260170
v -0.087004 2.213520 -0.209872
v -0.138433 2.213520 -0.180179
v -0.180179 2.213520 -0.138536
v -0.199812 2.213520 -0.260170
v -0.180179 2.213520 -0.138536
v -0.260170 2.213520 -0.199915
v -0.199812 2.213520 -0.260170
v -0.180179 2.213520 -0.138536
v -0.209872 2.213520 -0.087107
v -0.260170 2.213520 -0.199915
v -0.209872 2.213520 -0.087107
v -0.303023 2.213520 -0.125691
v -0.260170 2.213520 -0.199915
v -0.325206 2.213520 -0.042905
v -0.303023 2.213520 -0.125691
v -0.209872 2.213520 -0.087107
v -0.225242 2.213520 -0.029744
v -0.325206 2.213520 -0.042905
v -0.209872 2.213520 -0.087107
v -0.325205 2.213520 0.042802
v -0.325206 2.213520 -0.042905
v -0.225242 2.213520 -0.029744
v -0.180179 2.213520 -0.138536
v -0.138433 2.213520 -0.180179
v 0.000000 2.213520 0.000000
v -0.138433 2.213520 -0.180179
v -0.087004 2.213520 -0.209872
v 0.000000 2.213520 0.000000
v -0.087004 2.213520 -0.209872
v -0.029641 2.213520 -0.225242
v 0.000000 2.213520 0.000000
v -0.029641 2.213520 -0.225242
v 0.029744 2.213520 -0.225242
v 0.000000 2.213520 0.000000
v 0.029744 2.213520 -0.225242
v 0.087107 2.213520 -0.209872
v 0.000000 2.213520 0.000000
v 0.087107 2.213520 -0.209872
v 0.138536 2.213520 -0.180179
v 0.000000 2.213520 0.000000
v 0.138536 2.213520 -0.180179
v 0.180179 2.213520 -0.138433
v 0.000000 2.213520 0.000000
v 0.180179 2.213520 -0.138433
v 0.209872 2.213520 -0.087004
v 0.000000 2.213520 0.000000
v 0.209872 2.213520 -0.087004
v 0.225242 2.213520 -0.029641
v 0.000000 2.213520 0.000000
v 0.225242 2.213520 -0.029641
v 0.225242 2.213520 0.029744
v 0.000000 2.213520 0.000000
v 0.225242 2.213520 0.029744
v 0.209872 2.213520 0.087107
v 0.000000 2.213520 0.000000
v 0.209872 2.213520 0.087107
v 0.180179 2.213520 0.138536
v 0.000000 2.213520 0.000000
v 0.180179 2.213520 0.138536
v 0.138433 2.213520 0.180179
v 0.000000 2.213520 0.000000
v 0.138433 2.213520 0.180179
v 0.087004 2.213520 0.209872
v 0.000000 2.213520 0.000000
v 0.087004 2.213520 0.209872
v 0.029641 2.213520 0.225242
v 0.000000 2.213520 0.000000
v 0.029641 2.213520 0.225242
v -0.029744 2.213520 0.225242
v 0.000000 2.213520 0.000000
v -0.029744 2.213520 0.225242
v -0.087107 2.213520 0.209872
v 0.000000 2.213520 0.000000
v -0.087107 2.213520 0.209872
v -0.138536 2.213520 0.180179
v 0.000000 2.213520 0.000000
v -0.138536 2.213520 0.180179
v -0.180179 2.213520 0.138433
v 0.000000 2.213520 0.000000
v -0.180179 2.213520 0.138433
v -0.209872 2.213520 0.087004
v 0.000000 2.213520 0.000000
v -0.209872 2.213520 0.087004
v -0.225242 2.213520 0.029641
v 0.000000 2.213520 0.000000
v -0.225242 2.213520 0.029641
v -0.225242 2.213520 -0.029744
v 0.000000 2.213520 0.000000
v -0.225242 2.213520 -0.029744
v -0.209872 2.213520 -0.087107
v 0.000000 2.213520 0.000000
v -0.209872 2.213520 -0.087107
v -0.180179 2.213520 -0.138536
v 0.000000 2.213520 0.000000
v -0.199812 2.213520 -0.260170
v -0.260170 2.213520 -0.199915
v -0.199812 2.205962 -0.260170
v -0.199812 2.213520 -0.260170
v -0.199812 2.205962 -0.260170
v -0.125588 2.205962 -0.303023
v -0.125588 2.213520 -0.303023
v -0.199812 2.213520 -0.260170
v -0.125588 2.205962 -0.303023
v -0.125588 2.213520 -0.303023
v -0.125588 2.205962 -0.303023
v -0.042802 2.213520 -0.325205
v -0.125588 2.205962 -0.303023
v -0.042802 2.205962 -0.325206
v -0.042802 2.213520 -0.325205
v -0.042802 2.205962 -0.325206
v 0.042905 2.205962 -0.325206
v -0.042802 2.213520 -0.325205
v 0.042905 2.205962 -0.325206
v 0.042905 2.213520 -0.325205
v -0.042802 2.213520 -0.325205
v 0.042905 2.213520 -0.325205
v 0.042905 2.205962 -0.325206
v 0.125691 2.205962 -0.303023
v 0.125691 2.213520 -0.303023
v 0.042905 2.213520 -0.325205
v 0.125691 2.205962 -0.303023
v 0.125691 2.213520 -0.303023
v 0.125691 2.205962 -0.303023
v 0.199915 2.213520 -0.260170
v 0.125691 2.205962 -0.303023
v 0.199915 2.205962 -0.260170
v 0.199915 2.213520 -0.260170
v 0.199915 2.213520 -0.260170
v 0.199915 2.205962 -0.260170
v 0.260170 2.213520 -0.199812
v -0.042905 2.205962 0.325206
v -0.042905 2.213520 0.325205
v 0.042802 2.213520 0.325205
v -0.042905 2.213520 0.325205
v -0.042905 2.205962 0.325206
v -0.125691 2.205962 0.303023
v -0.125691 2.213520 0.303023
v -0.042905 2.213520 0.325205
v -0.125691 2.205962 0.303023
v -0.125691 2.213520 0.303023
v -0.125691 2.205962 0.303023
v -0.199915 2.213520 0.260170
v -0.125691 2.205962 0.303023
v -0.199915 2.205962 0.260170
v -0.199915 2.213520 0.260170
v -0.199915 2.213520 0.260170
v -0.199915 2.205962 0.260170
v -0.260170 2.213520 0.199812
v -0.199915 2.205962 0.260170
v -0.260170 2.205962 0.199812
v -0.260170 2.213520 0.199812
v -0.260170 2.213520 0.199812
v -0.260170 2.205962 0.199812
v -0.303023 2.213520 0.125588
v -0.260170 2.205962 0.199812
v -0.303023 2.205962 0.125588
v -0.303023 2.213520 0.125588
v -0.303023 2.213520 0.125588
v -0.303023 2.205962 0.125588
v -0.325205 2.205962 0.042802
v -0.325205 2.213520 0.042802
v -0.303023 2.213520 0.125588
v -0.325205 2.205962 0.042802
v -0.325205 2.205962 0.042802
v -0.325206 2.205962 -0.042905
v -0.325205 2.213520 0.042802
v -0.325206 2.205962 -0.042905
v -0.325206 2.213520 -0.042905
v -0.325205 2.213520 0.042802
v -0.325206 2.213520 -0.042905
v -0.325206 2.205962 -0.042905
v -0.303023 2.213520 -0.125691
v -0.325206 2.205962 -0.042905
v -0.303023 2.205962 -0.125691
v -0.303023 2.213520 -0.125691
v -0.303023 2.213520 -0.125691
v -0.303023 2.205962 -0.125691
v -0.260170 2.213520 -0.199915
v -0.303023 2.205962 -0.125691
v -0.260170 2.205962 -0.199915
v -0.260170 2.213520 -0.199915
v -0.260170 2.213520 -0.199915
v -0.260170 2.205962 -0.199915
v -0.199812 2.205962 -0.260170
v 0.199915 2.205962 -0.260170
v 0.260170 2.205962 -0.199812
v 0.260170 2.213520 -0.199812
v 0.260170 2.213520 -0.199812
v 0.260170 2.205962 -0.199812
v 0.303023 2.213520 -0.125588
v 0.260170 2.205962 -0.199812
v 0.303023 2.205962 -0.125588
v 0.303023 2.213520 -0.125588
v 0.303023 2.213520 -0.125588
v 0.303023 2.205962 -0.125588
v 0.325205 2.205962 -0.042802
v 0.325205 2.213520 -0.042802
v 0.303023 2.213520 -0.125588
v 0.325205 2.205962 -0.042802
v 0.325205 2.205962 -0.042802
v 0.325206 2.205962 0.042905
v 0.325205 2.213520 -0.042802
v 0.325206 2.205962 0.042905
v 0.325206 2.213520 0.042905
v 0.325205 2.213520 -0.042802
v 0.325206 2.213520 0.042905
v 0.325206 2.205962 0.042905
v 0.303023 2.213520 0.125691
v 0.325206 2.205962 0.042905
v 0.303023 2.205962 0.125691
v 0.303023 2.213520 0.125691
v 0.303023 2.213520 0.125691
v 0.303023 2.205962 0.125691
v 0.260170 2.213520 0.199915
v 0.303023 2.205962 0.125691
v 0.260170 2.205962 0.199915
v 0.260170 2.213520 0.199915
v 0.260170 2.205962 0.199915
v 0.199812 2.205962 0.260170
v 0.260170 2.213520 0.199915
v 0.199812 2.205962 0.260170
v 0.199812 2.213520 0.260170
v 0.260170 2.213520 0.199915
v 0.199812 2.213520 0.260170
v 0.199812 2.205962 0.260170
v 0.125588 2.205962 0.303023
v 0.125588 2.213520 0.303023
v 0.199812 2.213520 0.260170
v 0.125588 2.205962 0.303023
v 0.125588 2.213520 0.303023
v 0.125588 2.205962 0.303023
v 0.042802 2.213520 0.325205
v 0.125588 2.205962 0.303023
v 0.042802 2.205962 0.325206
v 0.042802 2.213520 0.325205
v 0.042802 2.205962 0.325206
v -0.042905 2.205962 0.325206
v 0.042802 2.213520 0.325205
v 0.243688 2.235334 0.249485
v 0.243688 2.282299 0.249485
v 0.247226 2.258839 0.253023
v 0.156755 2.235334 0.162552
v 0.243688 2.235334 0.249485
v 0.156755 2.188370 0.162552
v 0.156755 2.188370 0.162552
v 0.243688 2.235334 0.249485
v 0.320150 2.188370 0.325947
v 0.320150 2.188370 0.325947
v 0.243688 2.235334 0.249485
v 0.292262 2.259103 0.298059
v 0.243688 2.235334 0.249485
v 0.247226 2.258839 0.253023
v 0.292262 2.259103 0.298059
v 0.320150 2.243517 0.325947
v 0.320150 2.188370 0.325947
v 0.292262 2.259103 0.298059
v 0.247226 2.258839 0.253023
v 0.243688 2.282299 0.249485
v 0.250759 2.282299 0.256556
v 0.250759 2.282299 0.256556
v 0.292262 2.259103 0.298059
v 0.247226 2.258839 0.253023
v 0.297933 2.259195 0.292059
v 0.325985 2.243517 0.320111
v 0.292262 2.259103 0.298059
v 0.325985 2.243517 0.320111
v 0.320150 2.243517 0.325947
v 0.292262 2.259103 0.298059
v 0.243688 2.235334 0.249485
v 0.156755 2.235334 0.162552
v 0.249523 2.235334 0.243649
v 0.156755 2.235334 0.162552
v 0.162591 2.235334 0.156716
v 0.249523 2.235334 0.243649
v 0.249523 2.282299 0.243649
v 0.253005 2.258459 0.247131
v 0.256594 2.282299 0.250720
v 0.256594 2.282299 0.250720
v 0.253005 2.258459 0.247131
v 0.297933 2.259195 0.292059
v 0.249523 2.282299 0.243649
v 0.243688 2.282299 0.249485
v 0.249523 2.235334 0.243649
v 0.243688 2.282299 0.249485
v 0.243688 2.235334 0.249485
v 0.249523 2.235334 0.243649
v 0.256594 2.282299 0.250720
v 0.297933 2.259195 0.292059
v 0.250759 2.282299 0.256556
v 0.297933 2.259195 0.292059
v 0.292262 2.259103 0.298059
v 0.250759 2.282299 0.256556
v 0.256594 2.282299 0.250720
v 0.250759 2.282299 0.256556
v 0.249523 2.282299 0.243649
v 0.250759 2.282299 0.256556
v 0.243688 2.282299 0.249485
v 0.249523 2.282299 0.243649
v -0.247226 2.258839 -0.253023
v -0.243688 2.282299 -0.249485
v -0.250759 2.282299 -0.256556
v -0.250759 2.282299 -0.256556
v -0.292262 2.259103 -0.298059
v -0.247226 2.258839 -0.253023
v -0.297933 2.259195 -0.292059
v -0.325985 2.243517 -0.320111
v -0.292262 2.259103 -0.298059
v -0.325985 2.243517 -0.320111
v -0.320150 2.243517 -0.325947
v -0.292262 2.259103 -0.298059
v -0.243688 2.235334 -0.249485
v -0.156755 2.235334 -0.162552
v -0.249523 2.235334 -0.243649
v -0.156755 2.235334 -0.162552
v -0.162591 2.235334 -0.156716
v -0.249523 2.235334 -0.243649
v -0.249523 2.282299 -0.243649
v -0.253005 2.258459 -0.247131
v -0.256594 2.282299 -0.250720
v -0.256594 2.282299 -0.250720
v -0.253005 2.258459 -0.247131
v -0.297933 2.259195 -0.292059
v -0.249523 2.282299 -0.243649
v -0.243688 2.282299 -0.249485
v -0.249523 2.235334 -0.243649
v -0.243688 2.282299 -0.249485
v -0.243688 2.235334 -0.249485
v -0.249523 2.235334 -0.243649
v -0.156755 2.235334 -0.162552
v -0.243688 2.235334 -0.249485
v -0.156755 2.188369 -0.162552
v -0.156755 2.188369 -0.162552
v -0.243688 2.235334 -0.249485
v -0.320150 2.188369 -0.325947
v -0.320150 2.188369 -0.325947
v -0.243688 2.235334 -0.249485
v -0.292262 2.259103 -0.298059
v -0.243688 2.235334 -0.249485
v -0.247226 2.258839 -0.253023
v -0.292262 2.259103 -0.298059
v -0.243688 2.235334 -0.249485
v -0.243688 2.282299 -0.249485
v -0.247226 2.258839 -0.253023
v -0.320150 2.243517 -0.325947
v -0.320150 2.188369 -0.325947
v -0.292262 2.259103 -0.298059
v 0.325985 2.188370 0.320111
v 0.325985 2.243517 0.320111
v 0.297933 2.259195 0.292059
v 0.162591 2.188370 0.156716
v 0.325985 2.188370 0.320111
v 0.249523 2.235334 0.243649
v 0.249523 2.235334 0.243649
v 0.325985 2.188370 0.320111
v 0.297933 2.259195 0.292059
v 0.253005 2.258459 0.247131
v 0.249523 2.235334 0.243649
v 0.297933 2.259195 0.292059
v 0.249523 2.235334 0.243649
v 0.253005 2.258459 0.247131
v 0.249523 2.282299 0.243649
v 0.162591 2.235334 0.156716
v 0.162591 2.188370 0.156716
v 0.249523 2.235334 0.243649
v -0.256594 2.282299 -0.250720
v -0.297933 2.259195 -0.292059
v -0.250759 2.282299 -0.256556
v -0.297933 2.259195 -0.292059
v -0.292262 2.259103 -0.298059
v -0.250759 2.282299 -0.256556
v -0.162591 2.188369 -0.156716
v -0.162591 2.235334 -0.156716
v -0.156755 2.188369 -0.162552
v -0.162591 2.235334 -0.156716
v -0.156755 2.235334 -0.162552
v -0.156755 2.188369 -0.162552
v -0.256594 2.282299 -0.250720
v -0.250759 2.282299 -0.256556
v -0.249523 2.282299 -0.243649
v -0.250759 2.282299 -0.256556
v -0.243688 2.282299 -0.249485
v -0.249523 2.282299 -0.243649
v 0.090951 2.343853 0.276965
v 0.084630 2.343853 0.226478
v 0.090951 2.349010 0.276965
v 0.084630 2.343853 0.226478
v 0.084630 2.349010 0.226478
v 0.090951 2.349010 0.276965
v 0.163690 2.349010 0.187493
v 0.163690 2.343853 0.187493
v 0.199894 2.349010 0.223244
v 0.163690 2.343853 0.187493
v 0.199894 2.343853 0.223244
v 0.199894 2.349010 0.223244
v 0.127155 2.343853 0.312716
v 0.127155 2.349010 0.312716
v 0.206214 2.343853 0.273731
v 0.127155 2.349010 0.312716
v 0.206214 2.349010 0.273731
v 0.206214 2.343853 0.273731
v 0.163690 2.343853 0.187493
v 0.163690 2.349010 0.187493
v 0.084630 2.343853 0.226478
v 0.163690 2.349010 0.187493
v 0.084630 2.349010 0.226478
v 0.084630 2.343853 0.226478
v 0.199894 2.349010 0.223244
v 0.199894 2.343853 0.223244
v 0.206214 2.349010 0.273731
v 0.199894 2.343853 0.223244
v 0.206214 2.343853 0.273731
v 0.206214 2.349010 0.273731
v 0.084630 2.349010 0.226478
v 0.163690 2.349010 0.187493
v 0.199894 2.349010 0.223244
v 0.090951 2.349010 0.276965
v 0.084630 2.349010 0.226478
v 0.199894 2.349010 0.223244
v 0.090951 2.349010 0.276965
v 0.199894 2.349010 0.223244
v 0.127155 2.349010 0.312716
v 0.199894 2.349010 0.223244
v 0.206214 2.349010 0.273731
v 0.127155 2.349010 0.312716
v 0.090951 2.343853 0.276965
v 0.090951 2.349010 0.276965
v 0.127155 2.343853 0.312716
v 0.090951 2.349010 0.276965
v 0.127155 2.349010 0.312716
v 0.127155 2.343853 0.312716
v -0.235243 2.349076 -0.079865
v -0.235243 2.343920 -0.079865
v -0.284171 2.349076 -0.093825
v -0.235243 2.343920 -0.079865
v -0.284171 2.343920 -0.093825
v -0.284171 2.349076 -0.093825
v -0.214437 2.343920 -0.193281
v -0.184637 2.343920 -0.152040
v -0.214437 2.349076 -0.193281
v -0.184637 2.343920 -0.152040
v -0.184637 2.349076 -0.152040
v -0.214437 2.349076 -0.193281
v -0.263365 2.349076 -0.207241
v -0.313971 2.349076 -0.135066
v -0.263365 2.343920 -0.207241
v -0.313971 2.349076 -0.135066
v -0.313971 2.343920 -0.135066
v -0.263365 2.343920 -0.207241
v -0.235243 2.349076 -0.079865
v -0.184637 2.349076 -0.152040
v -0.235243 2.343920 -0.079865
v -0.184637 2.349076 -0.152040
v -0.184637 2.343920 -0.152040
v -0.235243 2.343920 -0.079865
v -0.263365 2.343920 -0.207241
v -0.214437 2.343920 -0.193281
v -0.263365 2.349076 -0.207241
v -0.214437 2.343920 -0.193281
v -0.214437 2.349076 -0.193281
v -0.263365 2.349076 -0.207241
v -0.313971 2.349076 -0.135066
v -0.284171 2.349076 -0.093825
v -0.313971 2.343920 -0.135066
v -0.284171 2.349076 -0.093825
v -0.284171 2.343920 -0.093825
v -0.313971 2.343920 -0.135066
v 0.161291 2.357804 0.212831
v 0.161291 2.256914 0.212831
v 0.164951 2.256914 0.199171
v 0.164951 2.357804 0.199171
v 0.161291 2.357804 0.212831
v 0.164951 2.256914 0.199171
v 0.164951 2.357804 0.199171
v 0.164951 2.256914 0.199171
v 0.178611 2.357804 0.202831
v 0.164951 2.256914 0.199171
v 0.178611 2.256914 0.202831
v 0.178611 2.357804 0.202831
v 0.178611 2.357804 0.202831
v 0.178611 2.256914 0.202831
v 0.174951 2.256914 0.216492
v 0.174951 2.357804 0.216492
v 0.178611 2.357804 0.202831
v 0.174951 2.256914 0.216492
v 0.174951 2.357804 0.216492
v 0.174951 2.256914 0.216492
v 0.161291 2.357804 0.212831
v 0.174951 2.256914 0.216492
v 0.161291 2.256914 0.212831
v 0.161291 2.357804 0.212831
v -0.325985 2.188369 -0.320111
v -0.325985 2.243517 -0.320111
v -0.297933 2.259195 -0.292059
v -0.162591 2.188369 -0.156716
v -0.325985 2.188369 -0.320111
v -0.249523 2.235334 -0.243649
v -0.249523 2.235334 -0.243649
v -0.325985 2.188369 -0.320111
v -0.297933 2.259195 -0.292059
v -0.253005 2.258459 -0.247131
v -0.249523 2.235334 -0.243649
v -0.297933 2.259195 -0.292059
v -0.249523 2.235334 -0.243649
v -0.253005 2.258459 -0.247131
v -0.249523 2.282299 -0.243649
v -0.162591 2.235334 -0.156716
v -0.162591 2.188369 -0.156716
v -0.249523 2.235334 -0.243649
v 0.117593 2.345138 0.278006
v 0.117593 2.260179 0.278006
v 0.095791 2.345138 0.232243
v 0.117593 2.260179 0.278006
v 0.095791 2.260179 0.232243
v 0.095791 2.345138 0.232243
v 0.149450 2.345138 0.206679
v 0.149450 2.260179 0.206679
v 0.171252 2.345138 0.252441
v 0.149450 2.260179 0.206679
v 0.171252 2.260179 0.252441
v 0.171252 2.345138 0.252441
v 0.149450 2.345138 0.206679
v 0.095791 2.345138 0.232243
v 0.149450 2.260179 0.206679
v 0.095791 2.345138 0.232243
v 0.095791 2.260179 0.232243
v 0.149450 2.260179 0.206679
v 0.171252 2.260179 0.252441
v 0.117593 2.260179 0.278006
v 0.171252 2.345138 0.252441
v 0.117593 2.260179 0.278006
v 0.117593 2.345138 0.278006
v 0.171252 2.345138 0.252441
v 0.181646 2.355378 0.265466
v 0.185951 2.355378 0.274501
v 0.121986 2.355378 0.293889
v 0.185951 2.355378 0.274501
v 0.126291 2.355378 0.302924
v 0.121986 2.355378 0.293889
v 0.116907 2.349076 0.291942
v 0.121986 2.355378 0.293889
v 0.124603 2.349076 0.308096
v 0.121986 2.355378 0.293889
v 0.126291 2.355378 0.302924
v 0.124603 2.349076 0.308096
v 0.185951 2.355378 0.274501
v 0.181646 2.355378 0.265466
v 0.191030 2.349076 0.276449
v 0.181646 2.355378 0.265466
v 0.183334 2.349076 0.260295
v 0.191030 2.349076 0.276449
v 0.116907 2.349076 0.291942
v 0.183334 2.349076 0.260295
v 0.121986 2.355378 0.293889
v 0.183334 2.349076 0.260295
v 0.181646 2.355378 0.265466
v 0.121986 2.355378 0.293889
v 0.124603 2.349076 0.308096
v 0.126291 2.355378 0.302924
v 0.191030 2.349076 0.276449
v 0.126291 2.355378 0.302924
v 0.185951 2.355378 0.274501
v 0.191030 2.349076 0.276449
v -0.246098 2.357804 -0.103672
v -0.246098 2.256914 -0.103672
v -0.242437 2.256914 -0.090012
v -0.242437 2.357804 -0.090012
v -0.246098 2.357804 -0.103672
v -0.242437 2.256914 -0.090012
v -0.242437 2.357804 -0.090012
v -0.242437 2.256914 -0.090012
v -0.256098 2.357804 -0.086351
v -0.242437 2.256914 -0.090012
v -0.256098 2.256914 -0.086351
v -0.256098 2.357804 -0.086351
v -0.256098 2.357804 -0.086351
v -0.256098 2.256914 -0.086351
v -0.259758 2.256914 -0.100012
v -0.259758 2.357804 -0.100012
v -0.256098 2.357804 -0.086351
v -0.259758 2.256914 -0.100012
v -0.259758 2.357804 -0.100012
v -0.259758 2.256914 -0.100012
v -0.246098 2.357804 -0.103672
v -0.259758 2.256914 -0.100012
v -0.246098 2.256914 -0.103672
v -0.246098 2.357804 -0.103672
v -0.313971 2.349076 -0.135066
v -0.263365 2.349076 -0.207241
v -0.284171 2.349076 -0.093825
v -0.263365 2.349076 -0.207241
v -0.214437 2.349076 -0.193281
v -0.284171 2.349076 -0.093825
v -0.235243 2.349076 -0.079865
v -0.284171 2.349076 -0.093825
v -0.214437 2.349076 -0.193281
v -0.184637 2.349076 -0.152040
v -0.235243 2.349076 -0.079865
v -0.214437 2.349076 -0.193281
v 0.138492 2.259576 -0.334350
v 0.138492 2.253443 -0.334350
v 0.047237 2.259576 -0.358801
v 0.138492 2.253443 -0.334350
v 0.047237 2.253443 -0.358801
v 0.047237 2.259576 -0.358801
v 0.047237 2.253443 -0.358801
v -0.047237 2.253443 -0.358801
v 0.047237 2.259576 -0.358801
v -0.047237 2.253443 -0.358801
v -0.047237 2.259576 -0.358801
v 0.047237 2.259576 -0.358801
v -0.047237 2.253443 -0.358801
v -0.138492 2.253443 -0.334350
v -0.047237 2.259576 -0.358801
v -0.138492 2.253443 -0.334350
v -0.138492 2.259576 -0.334350
v -0.047237 2.259576 -0.358801
v 0.138492 2.259576 0.334350
v 0.138492 2.253443 0.334350
v 0.220309 2.259576 0.287113
v 0.138492 2.253443 0.334350
v 0.220309 2.253443 0.287113
v 0.220309 2.259576 0.287113
v 0.220309 2.253443 0.287113
v 0.287113 2.253443 0.220309
v 0.220309 2.259576 0.287113
v 0.287113 2.253443 0.220309
v 0.287113 2.259576 0.220309
v 0.220309 2.259576 0.287113
v 0.287113 2.253443 0.220309
v 0.334350 2.253443 0.138492
v 0.287113 2.259576 0.220309
v 0.334350 2.253443 0.138492
v 0.334350 2.259576 0.138492
v 0.287113 2.259576 0.220309
v 0.334350 2.259576 0.138492
v 0.334350 2.253443 0.138492
v 0.358801 2.259576 0.047237
v 0.334350 2.253443 0.138492
v 0.358801 2.253443 0.047237
v 0.358801 2.259576 0.047237
v 0.358801 2.253443 0.047237
v 0.358802 2.253443 -0.047237
v 0.358801 2.259576 0.047237
v 0.358802 2.253443 -0.047237
v 0.358802 2.259576 -0.047237
v 0.358801 2.259576 0.047237
v 0.358802 2.259576 -0.047237
v 0.358802 2.253443 -0.047237
v 0.334350 2.259576 -0.138492
v 0.358802 2.253443 -0.047237
v 0.334350 2.253443 -0.138492
v 0.334350 2.259576 -0.138492
v 0.334350 2.259576 -0.138492
v 0.334350 2.253443 -0.138492
v 0.287113 2.259576 -0.220309
v 0.334350 2.253443 -0.138492
v 0.287113 2.253443 -0.220309
v 0.287113 2.259576 -0.220309
v 0.287113 2.259576 -0.220309
v 0.287113 2.253443 -0.220309
v 0.220309 2.259576 -0.287113
v 0.287113 2.253443 -0.220309
v 0.220309 2.253443 -0.287113
v 0.220309 2.259576 -0.287113
v 0.220309 2.259576 -0.287113
v 0.220309 2.253443 -0.287113
v 0.138492 2.259576 -0.334350
v 0.220309 2.253443 -0.287113
v 0.138492 2.253443 -0.334350
v 0.138492 2.259576 -0.334350
v -0.240841 2.345138 -0.181964
v -0.240841 2.260179 -0.181964
v -0.199079 2.345138 -0.153233
v -0.240841 2.260179 -0.181964
v -0.199079 2.260179 -0.153233
v -0.199079 2.345138 -0.153233
v -0.232767 2.345138 -0.104264
v -0.232767 2.260179 -0.104264
v -0.274529 2.345138 -0.132995
v -0.232767 2.260179 -0.104264
v -0.274529 2.260179 -0.132995
v -0.274529 2.345138 -0.132995
v -0.232767 2.345138 -0.104264
v -0.199079 2.345138 -0.153233
v -0.232767 2.260179 -0.104264
v -0.199079 2.345138 -0.153233
v -0.199079 2.260179 -0.153233
v -0.232767 2.260179 -0.104264
v -0.274529 2.260179 -0.132995
v -0.240841 2.260179 -0.181964
v -0.274529 2.345138 -0.132995
v -0.240841 2.260179 -0.181964
v -0.240841 2.345138 -0.181964
v -0.274529 2.345138 -0.132995
v -0.290043 2.355378 -0.139077
v -0.298289 2.355378 -0.144750
v -0.252588 2.355378 -0.193522
v -0.298289 2.355378 -0.144750
v -0.260833 2.355378 -0.199195
v -0.252588 2.355378 -0.193522
v -0.247215 2.349076 -0.194376
v -0.252588 2.355378 -0.193522
v -0.261957 2.349076 -0.204517
v -0.252588 2.355378 -0.193522
v -0.260833 2.355378 -0.199195
v -0.261957 2.349076 -0.204517
v -0.298289 2.355378 -0.144750
v -0.290043 2.355378 -0.139077
v -0.303661 2.349076 -0.143896
v -0.290043 2.355378 -0.139077
v -0.288919 2.349076 -0.133755
v -0.303661 2.349076 -0.143896
v -0.247215 2.349076 -0.194376
v -0.288919 2.349076 -0.133755
v -0.252588 2.355378 -0.193522
v -0.288919 2.349076 -0.133755
v -0.290043 2.355378 -0.139077
v -0.252588 2.355378 -0.193522
v -0.261957 2.349076 -0.204517
v -0.260833 2.355378 -0.199195
v -0.303661 2.349076 -0.143896
v -0.260833 2.355378 -0.199195
v -0.298289 2.355378 -0.144750
v -0.303661 2.349076 -0.143896
v 0.087746 2.182925 -0.212259
v 0.139614 2.182925 -0.182313
v 0.139614 2.355457 -0.182313
v 0.139614 2.355457 -0.182313
v 0.139614 2.182925 -0.182313
v 0.182313 2.355457 -0.139614
v 0.139614 2.182925 -0.182313
v 0.182313 2.182925 -0.139614
v 0.182313 2.355457 -0.139614
v 0.182313 2.355457 -0.139614
v 0.182313 2.182925 -0.139614
v 0.212259 2.355457 -0.087746
v 0.182313 2.182925 -0.139614
v 0.212259 2.182925 -0.087746
v 0.212259 2.355457 -0.087746
v 0.212259 2.355457 -0.087746
v 0.212259 2.182925 -0.087746
v 0.227761 2.182925 -0.029895
v 0.227761 2.355457 -0.029895
v 0.212259 2.355457 -0.087746
v 0.227761 2.182925 -0.029895
v 0.227761 2.355457 -0.029895
v 0.227761 2.182925 -0.029895
v 0.227761 2.355457 0.029895
v 0.227761 2.182925 -0.029895
v 0.227761 2.182925 0.029895
v 0.227761 2.355457 0.029895
v 0.227761 2.355457 0.029895
v 0.227761 2.182925 0.029895
v 0.212259 2.355457 0.087746
v 0.227761 2.182925 0.029895
v 0.212259 2.182925 0.087746
v 0.212259 2.355457 0.087746
v 0.212259 2.355457 0.087746
v 0.212259 2.182925 0.087746
v 0.182313 2.355457 0.139614
v 0.212259 2.182925 0.087746
v 0.182313 2.182925 0.139614
v 0.182313 2.355457 0.139614
v 0.182313 2.182925 0.139614
v 0.139614 2.182925 0.182313
v 0.182313 2.355457 0.139614
v 0.139614 2.182925 0.182313
v 0.139614 2.355457 0.182313
v 0.182313 2.355457 0.139614
v 0.139614 2.355457 0.182313
v 0.139614 2.182925 0.182313
v 0.087746 2.182925 0.212259
v 0.087746 2.355457 0.212259
v 0.139614 2.355457 0.182313
v 0.087746 2.182925 0.212259
v 0.087746 2.355457 0.212259
v 0.087746 2.182925 0.212259
v 0.029895 2.182925 0.227761
v 0.029895 2.355457 0.227761
v 0.087746 2.355457 0.212259
v 0.029895 2.182925 0.227761
v 0.029895 2.355457 0.227761
v 0.029895 2.182925 0.227761
v -0.029895 2.355457 0.227761
v 0.029895 2.182925 0.227761
v -0.029895 2.182925 0.227761
v -0.029895 2.355457 0.227761
v -0.029895 2.355457 0.227761
v -0.029895 2.182925 0.227761
v -0.087746 2.355457 0.212259
v -0.029895 2.182925 0.227761
v -0.087746 2.182925 0.212259
v -0.087746 2.355457 0.212259
v -0.087746 2.355457 0.212259
v -0.087746 2.182925 0.212259
v -0.139614 2.355457 0.182313
v -0.087746 2.182925 0.212259
v -0.139614 2.182925 0.182313
v -0.139614 2.355457 0.182313
v -0.139614 2.182925 0.182313
v -0.182313 2.182925 0.139614
v -0.139614 2.355457 0.182313
v -0.182313 2.182925 0.139614
v -0.182313 2.355457 0.139614
v -0.139614 2.355457 0.182313
v -0.182313 2.355457 0.139614
v -0.182313 2.182925 0.139614
v -0.212259 2.355457 0.087746
v -0.182313 2.182925 0.139614
v -0.212259 2.182925 0.087746
v -0.212259 2.355457 0.087746
v -0.212259 2.355457 0.087746
v -0.212259 2.182925 0.087746
v -0.227761 2.182925 0.029895
v -0.227761 2.355457 0.029895
v -0.212259 2.355457 0.087746
v -0.227761 2.182925 0.029895
v -0.227761 2.355457 0.029895
v -0.227761 2.182925 0.029895
v -0.227761 2.355457 -0.029895
v -0.227761 2.182925 0.029895
v -0.227761 2.182925 -0.029895
v -0.227761 2.355457 -0.029895
v -0.227761 2.355457 -0.029895
v -0.227761 2.182925 -0.029895
v -0.212259 2.355457 -0.087746
v -0.227761 2.182925 -0.029895
v -0.212259 2.182925 -0.087746
v -0.212259 2.355457 -0.087746
v -0.212259 2.355457 -0.087746
v -0.212259 2.182925 -0.087746
v -0.182313 2.355457 -0.139614
v -0.212259 2.182925 -0.087746
v -0.182313 2.182925 -0.139614
v -0.182313 2.355457 -0.139614
v -0.182313 2.182925 -0.139614
v -0.139614 2.182925 -0.182313
v -0.182313 2.355457 -0.139614
v -0.139614 2.182925 -0.182313
v -0.139614 2.355457 -0.182313
v -0.182313 2.355457 -0.139614
v -0.139614 2.355457 -0.182313
v -0.139614 2.182925 -0.182313
v -0.087746 2.182925 -0.212259
v -0.087746 2.355457 -0.212259
v -0.139614 2.355457 -0.182313
v -0.087746 2.182925 -0.212259
v -0.087746 2.355457 -0.212259
v -0.087746 2.182925 -0.212259
v -0.029895 2.182925 -0.227761
v -0.029895 2.355457 -0.227761
v -0.087746 2.355457 -0.212259
v -0.029895 2.182925 -0.227761
v -0.029895 2.355457 -0.227761
v -0.029895 2.182925 -0.227761
v 0.029895 2.355457 -0.227761
v -0.029895 2.182925 -0.227761
v 0.029895 2.182925 -0.227761
v 0.029895 2.355457 -0.227761
v 0.029895 2.355457 -0.227761
v 0.029895 2.182925 -0.227761
v 0.087746 2.355457 -0.212259
v 0.029895 2.182925 -0.227761
v 0.087746 2.182925 -0.212259
v 0.087746 2.355457 -0.212259
v 0.087746 2.355457 -0.212259
v 0.087746 2.182925 -0.212259
v 0.139614 2.355457 -0.182313
v 0.138492 2.259576 -0.334350
v 0.047237 2.259576 -0.358801
v 0.167869 2.259576 -0.405272
v 0.047237 2.259576 -0.358801
v 0.057257 2.259576 -0.434911
v 0.167869 2.259576 -0.405272
v 0.047237 2.259576 -0.358801
v -0.047237 2.259576 -0.358801
v 0.057257 2.259576 -0.434911
v -0.047237 2.259576 -0.358801
v -0.057257 2.259576 -0.434911
v 0.057257 2.259576 -0.434911
v -0.047237 2.259576 -0.358801
v -0.138492 2.259576 -0.334350
v -0.057257 2.259576 -0.434911
v -0.138492 2.259576 -0.334350
v -0.167869 2.259576 -0.405273
v -0.057257 2.259576 -0.434911
v 0.138492 2.259576 0.334350
v 0.220309 2.259576 0.287113
v 0.167869 2.259576 0.405273
v 0.220309 2.259576 0.287113
v 0.267042 2.259576 0.348015
v 0.167869 2.259576 0.405273
v 0.267042 2.259576 0.348015
v 0.220309 2.259576 0.287113
v 0.348016 2.259576 0.267042
v 0.220309 2.259576 0.287113
v 0.287113 2.259576 0.220309
v 0.348016 2.259576 0.267042
v 0.348016 2.259576 0.267042
v 0.287113 2.259576 0.220309
v 0.405273 2.259576 0.167869
v 0.287113 2.259576 0.220309
v 0.334350 2.259576 0.138492
v 0.405273 2.259576 0.167869
v 0.405273 2.259576 0.167869
v 0.334350 2.259576 0.138492
v 0.434911 2.259576 0.057257
v 0.334350 2.259576 0.138492
v 0.358801 2.259576 0.047237
v 0.434911 2.259576 0.057257
v 0.358801 2.259576 0.047237
v 0.358802 2.259576 -0.047237
v 0.434911 2.259576 0.057257
v 0.358802 2.259576 -0.047237
v 0.434911 2.259576 -0.057257
v 0.434911 2.259576 0.057257
v 0.434911 2.259576 -0.057257
v 0.358802 2.259576 -0.047237
v 0.405272 2.259576 -0.167869
v 0.358802 2.259576 -0.047237
v 0.334350 2.259576 -0.138492
v 0.405272 2.259576 -0.167869
v 0.334350 2.259576 -0.138492
v 0.287113 2.259576 -0.220309
v 0.405272 2.259576 -0.167869
v 0.287113 2.259576 -0.220309
v 0.348015 2.259576 -0.267042
v 0.405272 2.259576 -0.167869
v 0.348015 2.259576 -0.267042
v 0.287113 2.259576 -0.220309
v 0.267042 2.259576 -0.348015
v 0.287113 2.259576 -0.220309
v 0.220309 2.259576 -0.287113
v 0.267042 2.259576 -0.348015
v 0.220309 2.259576 -0.287113
v 0.138492 2.259576 -0.334350
v 0.267042 2.259576 -0.348015
v 0.138492 2.259576 -0.334350
v 0.167869 2.259576 -0.405272
v 0.267042 2.259576 -0.348015
v -0.138492 2.253443 -0.334350
v -0.220309 2.253443 -0.287113
v -0.138492 2.259576 -0.334350
v -0.220309 2.253443 -0.287113
v -0.220309 2.259576 -0.287113
v -0.138492 2.259576 -0.334350
v -0.220309 2.253443 -0.287113
v -0.287113 2.253443 -0.220309
v -0.220309 2.259576 -0.287113
v -0.287113 2.253443 -0.220309
v -0.287113 2.259576 -0.220309
v -0.220309 2.259576 -0.287113
v -0.287113 2.259576 -0.220309
v -0.287113 2.253443 -0.220309
v -0.334350 2.259576 -0.138492
v -0.287113 2.253443 -0.220309
v -0.334350 2.253443 -0.138492
v -0.334350 2.259576 -0.138492
v -0.334350 2.259576 -0.138492
v -0.334350 2.253443 -0.138492
v -0.358801 2.259576 -0.047237
v -0.334350 2.253443 -0.138492
v -0.358801 2.253443 -0.047237
v -0.358801 2.259576 -0.047237
v -0.358801 2.253443 -0.047237
v -0.358802 2.253443 0.047237
v -0.358801 2.259576 -0.047237
v -0.358802 2.253443 0.047237
v -0.358802 2.259576 0.047237
v -0.358801 2.259576 -0.047237
v -0.358802 2.259576 0.047237
v -0.358802 2.253443 0.047237
v -0.334350 2.259576 0.138492
v -0.358802 2.253443 0.047237
v -0.334350 2.253443 0.138492
v -0.334350 2.259576 0.138492
v -0.334350 2.259576 0.138492
v -0.334350 2.253443 0.138492
v -0.287113 2.259576 0.220309
v -0.334350 2.253443 0.138492
v -0.287113 2.253443 0.220309
v -0.287113 2.259576 0.220309
v -0.287113 2.259576 0.220309
v -0.287113 2.253443 0.220309
v -0.220309 2.259576 0.287113
v -0.287113 2.253443 0.220309
v -0.220309 2.253443 0.287113
v -0.220309 2.259576 0.287113
v -0.220309 2.259576 0.287113
v -0.220309 2.253443 0.287113
v -0.138492 2.259576 0.334350
v -0.220309 2.253443 0.287113
v -0.138492 2.253443 0.334350
v -0.138492 2.259576 0.334350
v -0.138492 2.259576 0.334350
v -0.138492 2.253443 0.334350
v -0.047237 2.259576 0.358801
v -0.138492 2.253443 0.334350
v -0.047237 2.253443 0.358801
v -0.047237 2.259576 0.358801
v -0.047237 2.253443 0.358801
v 0.047237 2.253443 0.358802
v -0.047237 2.259576 0.358801
v 0.047237 2.253443 0.358802
v 0.047237 2.259576 0.358802
v -0.047237 2.259576 0.358801
v 0.047237 2.259576 0.358802
v 0.047237 2.253443 0.358802
v 0.138492 2.259576 0.334350
v 0.047237 2.253443 0.358802
v 0.138492 2.253443 0.334350
v 0.138492 2.259576 0.334350
v -0.167869 2.259576 0.405273
v -0.138492 2.259576 0.334350
v -0.057257 2.259576 0.434911
v -0.138492 2.259576 0.334350
v -0.047237 2.259576 0.358801
v -0.057257 2.259576 0.434911
v -0.047237 2.259576 0.358801
v 0.047237 2.259576 0.358802
v -0.057257 2.259576 0.434911
v 0.047237 2.259576 0.358802
v 0.057257 2.259576 0.434911
v -0.057257 2.259576 0.434911
v 0.047237 2.259576 0.358802
v 0.138492 2.259576 0.334350
v 0.057257 2.259576 0.434911
v 0.138492 2.259576 0.334350
v 0.167869 2.259576 0.405273
v 0.057257 2.259576 0.434911
v -0.167869 2.259576 -0.405273
v -0.138492 2.259576 -0.334350
v -0.267042 2.259576 -0.348015
v -0.138492 2.259576 -0.334350
v -0.220309 2.259576 -0.287113
v -0.267042 2.259576 -0.348015
v -0.267042 2.259576 -0.348015
v -0.220309 2.259576 -0.287113
v -0.348016 2.259576 -0.267042
v -0.220309 2.259576 -0.287113
v -0.287113 2.259576 -0.220309
v -0.348016 2.259576 -0.267042
v -0.348016 2.259576 -0.267042
v -0.287113 2.259576 -0.220309
v -0.405272 2.259576 -0.167869
v -0.287113 2.259576 -0.220309
v -0.334350 2.259576 -0.138492
v -0.405272 2.259576 -0.167869
v -0.334350 2.259576 -0.138492
v -0.358801 2.259576 -0.047237
v -0.405272 2.259576 -0.167869
v -0.358801 2.259576 -0.047237
v -0.434911 2.259576 -0.057257
v -0.405272 2.259576 -0.167869
v -0.358801 2.259576 -0.047237
v -0.358802 2.259576 0.047237
v -0.434911 2.259576 -0.057257
v -0.358802 2.259576 0.047237
v -0.434911 2.259576 0.057257
v -0.434911 2.259576 -0.057257
v -0.434911 2.259576 0.057257
v -0.358802 2.259576 0.047237
v -0.405272 2.259576 0.167869
v -0.358802 2.259576 0.047237
v -0.334350 2.259576 0.138492
v -0.405272 2.259576 0.167869
v -0.334350 2.259576 0.138492
v -0.287113 2.259576 0.220309
v -0.405272 2.259576 0.167869
v -0.287113 2.259576 0.220309
v -0.348015 2.259576 0.267042
v -0.405272 2.259576 0.167869
v -0.348015 2.259576 0.267042
v -0.287113 2.259576 0.220309
v -0.267042 2.259576 0.348015
v -0.287113 2.259576 0.220309
v -0.220309 2.259576 0.287113
v -0.267042 2.259576 0.348015
v -0.220309 2.259576 0.287113
v -0.138492 2.259576 0.334350
v -0.267042 2.259576 0.348015
v -0.138492 2.259576 0.334350
v -0.167869 2.259576 0.405273
v -0.267042 2.259576 0.348015
v -0.086646 2.235334 0.338150
v -0.054827 2.235334 0.219398
v -0.054827 2.188370 0.219398
v -0.086646 2.235334 0.338150
v -0.054827 2.188370 0.219398
v -0.114633 2.188370 0.442599
v -0.114633 2.188370 0.442599
v -0.114633 2.243517 0.442599
v -0.086646 2.235334 0.338150
v -0.114633 2.243517 0.442599
v -0.086646 2.282299 0.338150
v -0.086646 2.235334 0.338150
v -0.086646 2.235334 0.338150
v -0.094618 2.235334 0.336014
v -0.054827 2.235334 0.219398
v -0.094618 2.235334 0.336014
v -0.062798 2.235334 0.217262
v -0.054827 2.235334 0.219398
v -0.086646 2.235334 0.338150
v -0.086646 2.282299 0.338150
v -0.094618 2.235334 0.336014
v -0.086646 2.282299 0.338150
v -0.094618 2.282299 0.336014
v -0.094618 2.235334 0.336014
v -0.114633 2.243517 0.442599
v -0.122605 2.243517 0.440463
v -0.086646 2.282299 0.338150
v -0.122605 2.243517 0.440463
v -0.094618 2.282299 0.336014
v -0.086646 2.282299 0.338150
v 0.086646 2.235334 0.338150
v 0.054827 2.235334 0.219398
v 0.094618 2.235334 0.336014
v 0.054827 2.235334 0.219398
v 0.062798 2.235334 0.217262
v 0.094618 2.235334 0.336014
v 0.094618 2.282299 0.336014
v 0.086646 2.282299 0.338150
v 0.094618 2.235334 0.336014
v 0.086646 2.282299 0.338150
v 0.086646 2.235334 0.338150
v 0.094618 2.235334 0.336014
v 0.114633 2.243517 0.442599
v 0.086646 2.282299 0.338150
v 0.122605 2.243517 0.440463
v 0.086646 2.282299 0.338150
v 0.094618 2.282299 0.336014
v 0.122605 2.243517 0.440463
v 0.000000 2.339455 0.321769
v 0.000000 2.339455 0.421380
v -0.014135 2.335667 0.421380
v -0.014135 2.335667 0.321769
v 0.000000 2.339455 0.321769
v -0.014135 2.335667 0.421380
v -0.014135 2.335667 0.321769
v -0.014135 2.335667 0.421380
v -0.024483 2.325320 0.321769
v -0.014135 2.335667 0.421380
v -0.024483 2.325320 0.421380
v -0.024483 2.325320 0.321769
v -0.024483 2.325320 0.321769
v -0.024483 2.325320 0.421380
v -0.028270 2.311184 0.321769
v -0.024483 2.325320 0.421380
v -0.028270 2.311184 0.421380
v -0.028270 2.311184 0.321769
v -0.028270 2.311184 0.321769
v -0.028270 2.311184 0.421380
v -0.024483 2.297048 0.321769
v -0.028270 2.311184 0.421380
v -0.024483 2.297048 0.421380
v -0.024483 2.297048 0.321769
v 0.000000 2.282913 0.321769
v -0.014135 2.286700 0.321769
v 0.000000 2.282913 0.421380
v -0.014135 2.286700 0.321769
v -0.014135 2.286700 0.421380
v 0.000000 2.282913 0.421380
v -0.024483 2.297048 0.421380
v -0.014135 2.286700 0.421380
v -0.014135 2.286700 0.321769
v -0.024483 2.297048 0.321769
v -0.024483 2.297048 0.421380
v -0.014135 2.286700 0.321769
v -0.094618 2.282299 0.336014
v -0.122605 2.243517 0.440463
v -0.094618 2.235334 0.336014
v -0.122605 2.243517 0.440463
v -0.122605 2.188370 0.440463
v -0.094618 2.235334 0.336014
v -0.122605 2.188370 0.440463
v -0.062798 2.188370 0.217262
v -0.094618 2.235334 0.336014
v -0.062798 2.188370 0.217262
v -0.062798 2.235334 0.217262
v -0.094618 2.235334 0.336014
v -0.072387 2.236510 0.457421
v 0.072387 2.236510 0.457421
v -0.072387 2.236510 0.624562
v 0.072387 2.236510 0.457421
v 0.072387 2.236510 0.624562
v -0.072387 2.236510 0.624562
v -0.044558 2.249629 0.566423
v -0.044558 2.253907 0.559013
v -0.064095 2.249629 0.566423
v -0.044558 2.253907 0.559013
v -0.064095 2.253907 0.559013
v -0.064095 2.249629 0.566423
v -0.044558 2.253907 0.559013
v -0.044558 2.262463 0.559013
v -0.064095 2.253907 0.559013
v -0.044558 2.262463 0.559013
v -0.064095 2.262463 0.559013
v -0.064095 2.253907 0.559013
v -0.064095 2.262463 0.559013
v -0.044558 2.262463 0.559013
v -0.064095 2.266742 0.566423
v -0.044558 2.262463 0.559013
v -0.044558 2.266742 0.566423
v -0.064095 2.266742 0.566423
v -0.064095 2.266742 0.566423
v -0.044558 2.266742 0.566423
v -0.064095 2.262463 0.573833
v -0.044558 2.266742 0.566423
v -0.044558 2.262463 0.573833
v -0.064095 2.262463 0.573833
v -0.044558 2.262463 0.573833
v -0.044558 2.253907 0.573833
v -0.064095 2.262463 0.573833
v -0.044558 2.253907 0.573833
v -0.064095 2.253907 0.573833
v -0.064095 2.262463 0.573833
v -0.064095 2.253907 0.573833
v -0.044558 2.253907 0.573833
v -0.064095 2.249629 0.566423
v -0.044558 2.253907 0.573833
v -0.044558 2.249629 0.566423
v -0.064095 2.249629 0.566423
v 0.086646 2.282299 0.338150
v 0.114633 2.243517 0.442599
v 0.086646 2.235334 0.338150
v 0.114633 2.243517 0.442599
v 0.114633 2.188370 0.442599
v 0.086646 2.235334 0.338150
v 0.054827 2.188370 0.219398
v 0.086646 2.235334 0.338150
v 0.114633 2.188370 0.442599
v 0.054827 2.235334 0.219398
v 0.086646 2.235334 0.338150
v 0.054827 2.188370 0.219398
v -0.060572 2.270388 0.570967
v -0.060572 2.270388 0.559296
v -0.054561 2.270388 0.570967
v -0.060572 2.270388 0.559296
v -0.054561 2.270388 0.559296
v -0.054561 2.270388 0.570967
v -0.054561 2.270388 0.559296
v -0.060572 2.270388 0.559296
v -0.060572 2.266498 0.555406
v -0.054561 2.266498 0.555406
v -0.054561 2.270388 0.559296
v -0.060572 2.266498 0.555406
v -0.060572 2.266498 0.555406
v -0.060572 2.236510 0.555406
v -0.054561 2.266498 0.555406
v -0.060572 2.236510 0.555406
v -0.054561 2.236510 0.555406
v -0.054561 2.266498 0.555406
v 0.042453 2.249629 0.566423
v 0.042453 2.253907 0.573833
v 0.061990 2.249629 0.566423
v 0.042453 2.253907 0.573833
v 0.061990 2.253907 0.573833
v 0.061990 2.249629 0.566423
v 0.042453 2.253907 0.573833
v 0.042453 2.262463 0.573833
v 0.061990 2.253907 0.573833
v 0.042453 2.262463 0.573833
v 0.061990 2.262463 0.573833
v 0.061990 2.253907 0.573833
v 0.061990 2.262463 0.573833
v 0.042453 2.262463 0.573833
v 0.061990 2.266742 0.566423
v 0.042453 2.262463 0.573833
v 0.042453 2.266742 0.566423
v 0.061990 2.266742 0.566423
v 0.061990 2.266742 0.566423
v 0.042453 2.266742 0.566423
v 0.061990 2.262463 0.559013
v 0.042453 2.266742 0.566423
v 0.042453 2.262463 0.559013
v 0.061990 2.262463 0.559013
v 0.061990 2.262463 0.559013
v 0.042453 2.262463 0.559013
v 0.061990 2.253907 0.559013
v 0.042453 2.262463 0.559013
v 0.042453 2.253907 0.559013
v 0.061990 2.253907 0.559013
v 0.042453 2.253907 0.559013
v 0.042453 2.249629 0.566423
v 0.061990 2.253907 0.559013
v 0.042453 2.249629 0.566423
v 0.061990 2.249629 0.566423
v 0.061990 2.253907 0.559013
v 0.037551 2.303468 0.365167
v 0.057551 2.303468 0.416193
v 0.037551 2.237688 0.365167
v 0.057551 2.303468 0.416193
v 0.057551 2.237688 0.416193
v 0.037551 2.237688 0.365167
v 0.037551 2.303468 0.365167
v 0.037551 2.237688 0.365167
v 0.037551 2.303468 0.350297
v 0.037551 2.237688 0.365167
v 0.037551 2.237688 0.350297
v 0.037551 2.303468 0.350297
v 0.045977 2.237688 0.365167
v 0.045977 2.303468 0.365167
v 0.045977 2.237688 0.348470
v 0.045977 2.303468 0.365167
v 0.045977 2.303468 0.348470
v 0.045977 2.237688 0.348470
v 0.045977 2.237688 0.348470
v 0.045977 2.303468 0.348470
v 0.037551 2.237688 0.350297
v 0.045977 2.303468 0.348470
v 0.037551 2.303468 0.350297
v 0.037551 2.237688 0.350297
v 0.065977 2.303468 0.416193
v 0.045977 2.303468 0.365167
v 0.065977 2.237688 0.416193
v 0.045977 2.303468 0.365167
v 0.045977 2.237688 0.365167
v 0.065977 2.237688 0.416193
v 0.065977 2.249089 0.509610
v 0.065977 2.260067 0.509770
v 0.065977 2.270704 0.504775
v 0.065977 2.240839 0.503616
v 0.065977 2.249089 0.509610
v 0.065977 2.270704 0.504775
v 0.065977 2.237688 0.493918
v 0.065977 2.240839 0.503616
v 0.065977 2.270704 0.504775
v 0.065977 2.237688 0.453868
v 0.065977 2.237688 0.493918
v 0.065977 2.270704 0.504775
v 0.065977 2.303468 0.453868
v 0.065977 2.237688 0.453868
v 0.065977 2.270704 0.504775
v 0.065977 2.303468 0.453868
v 0.065977 2.303468 0.416193
v 0.065977 2.237688 0.453868
v 0.065977 2.303468 0.416193
v 0.065977 2.237688 0.416193
v 0.065977 2.237688 0.453868
v -0.059646 2.237688 0.416193
v -0.059646 2.303468 0.416193
v -0.039646 2.237688 0.365167
v -0.059646 2.303468 0.416193
v -0.039646 2.303468 0.365167
v -0.039646 2.237688 0.365167
v -0.039646 2.237688 0.350297
v -0.039646 2.237688 0.365167
v -0.039646 2.303468 0.350297
v -0.039646 2.237688 0.365167
v -0.039646 2.303468 0.365167
v -0.039646 2.303468 0.350297
v -0.048072 2.237688 0.365167
v -0.048072 2.237688 0.348470
v -0.048072 2.303468 0.365167
v -0.048072 2.237688 0.348470
v -0.048072 2.303468 0.348470
v -0.048072 2.303468 0.365167
v -0.059646 2.237688 0.493918
v -0.068072 2.237688 0.493918
v -0.068072 2.240839 0.503616
v -0.059646 2.240839 0.503616
v -0.059646 2.237688 0.493918
v -0.068072 2.240839 0.503616
v -0.059646 2.240839 0.503616
v -0.068072 2.240839 0.503616
v -0.068072 2.249089 0.509610
v -0.059646 2.249089 0.509610
v -0.059646 2.240839 0.503616
v -0.068072 2.249089 0.509610
v -0.059646 2.249089 0.509610
v -0.068072 2.249089 0.509610
v -0.059646 2.260067 0.509770
v -0.068072 2.249089 0.509610
v -0.068072 2.260067 0.509770
v -0.059646 2.260067 0.509770
v -0.059646 2.260067 0.509770
v -0.068072 2.260067 0.509770
v -0.059646 2.270704 0.504775
v -0.068072 2.260067 0.509770
v -0.068072 2.270704 0.504775
v -0.059646 2.270704 0.504775
v -0.059646 2.270704 0.504775
v -0.068072 2.270704 0.504775
v -0.059646 2.303468 0.453868
v -0.068072 2.270704 0.504775
v -0.068072 2.303468 0.453868
v -0.059646 2.303468 0.453868
v 0.062798 2.235334 0.217262
v 0.062798 2.188370 0.217262
v 0.094618 2.235334 0.336014
v 0.062798 2.188370 0.217262
v 0.122605 2.188370 0.440463
v 0.094618 2.235334 0.336014
v 0.122605 2.188370 0.440463
v 0.122605 2.243517 0.440463
v 0.094618 2.235334 0.336014
v 0.122605 2.243517 0.440463
v 0.094618 2.282299 0.336014
v 0.094618 2.235334 0.336014
v -0.048072 2.237688 0.348470
v -0.039646 2.237688 0.350297
v -0.048072 2.303468 0.348470
v -0.039646 2.237688 0.350297
v -0.039646 2.303468 0.350297
v -0.048072 2.303468 0.348470
v -0.048072 2.237688 0.365167
v -0.048072 2.303468 0.365167
v -0.068072 2.237688 0.416193
v -0.048072 2.303468 0.365167
v -0.068072 2.303468 0.416193
v -0.068072 2.237688 0.416193
v -0.053231 2.327281 0.381494
v -0.053231 2.323281 0.381494
v -0.053231 2.327281 0.432678
v -0.053231 2.323281 0.381494
v -0.053231 2.323281 0.432678
v -0.053231 2.327281 0.432678
v -0.053231 2.322630 0.476000
v -0.053231 2.293908 0.527620
v -0.053231 2.326462 0.477033
v -0.053231 2.293908 0.527620
v -0.053231 2.296481 0.530600
v -0.053231 2.326462 0.477033
v -0.053231 2.296481 0.530600
v -0.053231 2.293908 0.527620
v -0.053231 2.290821 0.533948
v -0.053231 2.293908 0.527620
v -0.053231 2.289449 0.530259
v -0.053231 2.290821 0.533948
v 0.014135 2.335667 0.321769
v 0.000000 2.339455 0.321769
v 0.000000 2.311184 0.321769
v 0.024483 2.325320 0.321769
v 0.014135 2.335667 0.321769
v 0.000000 2.311184 0.321769
v 0.000000 2.339455 0.321769
v -0.014135 2.335667 0.321769
v 0.000000 2.311184 0.321769
v 0.028270 2.311184 0.321769
v 0.024483 2.325320 0.321769
v 0.000000 2.311184 0.321769
v -0.014135 2.335667 0.321769
v -0.024483 2.325320 0.321769
v 0.000000 2.311184 0.321769
v 0.024483 2.297048 0.321769
v 0.028270 2.311184 0.321769
v 0.000000 2.311184 0.321769
v -0.024483 2.325320 0.321769
v -0.028270 2.311184 0.321769
v 0.000000 2.311184 0.321769
v 0.014135 2.286700 0.321769
v 0.024483 2.297048 0.321769
v 0.000000 2.311184 0.321769
v -0.028270 2.311184 0.321769
v -0.024483 2.297048 0.321769
v 0.000000 2.311184 0.321769
v 0.000000 2.282913 0.321769
v 0.014135 2.286700 0.321769
v 0.000000 2.311184 0.321769
v -0.024483 2.297048 0.321769
v -0.014135 2.286700 0.321769
v 0.000000 2.311184 0.321769
v -0.014135 2.286700 0.321769
v 0.000000 2.282913 0.321769
v 0.000000 2.311184 0.321769
v 0.000000 2.311184 0.421380
v 0.000000 2.339455 0.421380
v 0.014135 2.335667 0.421380
v 0.000000 2.311184 0.421380
v 0.014135 2.335667 0.421380
v 0.024483 2.325320 0.421380
v 0.000000 2.311184 0.421380
v -0.014135 2.335667 0.421380
v 0.000000 2.339455 0.421380
v 0.000000 2.311184 0.421380
v 0.024483 2.325320 0.421380
v 0.028270 2.311184 0.421380
v 0.000000 2.311184 0.421380
v -0.024483 2.325320 0.421380
v -0.014135 2.335667 0.421380
v 0.000000 2.311184 0.421380
v 0.028270 2.311184 0.421380
v 0.024483 2.297048 0.421380
v 0.000000 2.311184 0.421380
v -0.028270 2.311184 0.421380
v -0.024483 2.325320 0.421380
v 0.000000 2.311184 0.421380
v 0.024483 2.297048 0.421380
v 0.014135 2.286700 0.421380
v 0.000000 2.311184 0.421380
v -0.024483 2.297048 0.421380
v -0.028270 2.311184 0.421380
v 0.000000 2.311184 0.421380
v 0.014135 2.286700 0.421380
v 0.000000 2.282913 0.421380
v 0.000000 2.311184 0.421380
v -0.014135 2.286700 0.421380
v -0.024483 2.297048 0.421380
v 0.000000 2.311184 0.421380
v 0.000000 2.282913 0.421380
v -0.014135 2.286700 0.421380
v 0.000000 2.282913 0.321769
v 0.000000 2.282913 0.421380
v 0.014135 2.286700 0.321769
v 0.000000 2.282913 0.421380
v 0.014135 2.286700 0.421380
v 0.014135 2.286700 0.321769
v 0.014135 2.286700 0.321769
v 0.014135 2.286700 0.421380
v 0.024483 2.297048 0.421380
v 0.024483 2.297048 0.321769
v 0.014135 2.286700 0.321769
v 0.024483 2.297048 0.421380
v 0.024483 2.297048 0.321769
v 0.024483 2.297048 0.421380
v 0.028270 2.311184 0.321769
v 0.024483 2.297048 0.421380
v 0.028270 2.311184 0.421380
v 0.028270 2.311184 0.321769
v 0.028270 2.311184 0.321769
v 0.028270 2.311184 0.421380
v 0.024483 2.325320 0.321769
v 0.028270 2.311184 0.421380
v 0.024483 2.325320 0.421380
v 0.024483 2.325320 0.321769
v 0.024483 2.325320 0.321769
v 0.024483 2.325320 0.421380
v 0.014135 2.335667 0.321769
v 0.024483 2.325320 0.421380
v 0.014135 2.335667 0.421380
v 0.014135 2.335667 0.321769
v 0.014135 2.335667 0.321769
v 0.014135 2.335667 0.421380
v 0.000000 2.339455 0.321769
v 0.014135 2.335667 0.421380
v 0.000000 2.339455 0.421380
v 0.000000 2.339455 0.321769
v -0.064095 2.262463 0.559013
v -0.064095 2.266742 0.566423
v -0.064095 2.258185 0.566423
v -0.064095 2.253907 0.559013
v -0.064095 2.262463 0.559013
v -0.064095 2.258185 0.566423
v -0.064095 2.266742 0.566423
v -0.064095 2.262463 0.573833
v -0.064095 2.258185 0.566423
v -0.064095 2.249629 0.566423
v -0.064095 2.253907 0.559013
v -0.064095 2.258185 0.566423
v -0.064095 2.262463 0.573833
v -0.064095 2.253907 0.573833
v -0.064095 2.258185 0.566423
v -0.064095 2.253907 0.573833
v -0.064095 2.249629 0.566423
v -0.064095 2.258185 0.566423
v -0.054561 2.238233 0.598167
v -0.054561 2.242744 0.601444
v -0.054561 2.236510 0.592865
v -0.054561 2.242744 0.601444
v -0.054561 2.248747 0.601532
v -0.054561 2.236510 0.592865
v -0.054561 2.248747 0.601532
v -0.054561 2.254564 0.598800
v -0.054561 2.236510 0.592865
v -0.054561 2.254564 0.598800
v -0.054561 2.270388 0.570967
v -0.054561 2.236510 0.592865
v -0.054561 2.270388 0.570967
v -0.054561 2.270388 0.559296
v -0.054561 2.236510 0.592865
v -0.054561 2.270388 0.559296
v -0.054561 2.266498 0.555406
v -0.054561 2.236510 0.592865
v -0.054561 2.266498 0.555406
v -0.054561 2.236510 0.555406
v -0.054561 2.236510 0.592865
v -0.053231 2.323281 0.465547
v -0.053231 2.322630 0.476000
v -0.053231 2.327281 0.465547
v -0.053231 2.322630 0.476000
v -0.053231 2.326462 0.477033
v -0.053231 2.327281 0.465547
v -0.053231 2.266510 0.531082
v -0.053231 2.266510 0.535114
v -0.053231 2.289449 0.530259
v -0.053231 2.266510 0.535114
v -0.053231 2.290821 0.533948
v -0.053231 2.289449 0.530259
v -0.053231 2.327281 0.465547
v -0.053231 2.326462 0.477033
v -0.059183 2.327281 0.465547
v -0.053231 2.326462 0.477033
v -0.086718 2.325152 0.477032
v -0.059183 2.327281 0.465547
v -0.059183 2.327281 0.432678
v -0.059183 2.327281 0.465547
v -0.053231 2.327281 0.432678
v -0.059183 2.327281 0.465547
v -0.086647 2.326057 0.465547
v -0.053231 2.327281 0.432678
v -0.086718 2.325152 0.477032
v -0.086647 2.326057 0.465547
v -0.059183 2.327281 0.465547
v -0.089990 2.322714 0.465547
v -0.086647 2.326057 0.465547
v -0.086718 2.325152 0.477032
v -0.090033 2.321663 0.477029
v -0.089990 2.322714 0.465547
v -0.086718 2.325152 0.477032
v -0.086718 2.325152 0.477032
v -0.086679 2.295656 0.529644
v -0.090033 2.321663 0.477029
v -0.086679 2.295656 0.529644
v -0.090010 2.293428 0.527064
v -0.090033 2.321663 0.477029
v -0.086718 2.325152 0.477032
v -0.053231 2.326462 0.477033
v -0.053231 2.296481 0.530600
v -0.086679 2.295656 0.529644
v -0.086718 2.325152 0.477032
v -0.053231 2.296481 0.530600
v -0.086679 2.295656 0.529644
v -0.053231 2.296481 0.530600
v -0.053231 2.290821 0.533948
v -0.086679 2.290381 0.532765
v -0.086679 2.295656 0.529644
v -0.053231 2.290821 0.533948
v -0.086679 2.295656 0.529644
v -0.086679 2.290381 0.532765
v -0.090010 2.293428 0.527064
v -0.086679 2.290381 0.532765
v -0.090010 2.289192 0.529570
v -0.090010 2.293428 0.527064
v -0.090010 2.289192 0.529570
v -0.089990 2.266510 0.530547
v -0.090010 2.293428 0.527064
v -0.089990 2.266510 0.530547
v -0.091214 2.266510 0.476944
v -0.090010 2.293428 0.527064
v -0.091214 2.266510 0.476944
v -0.090033 2.321663 0.477029
v -0.090010 2.293428 0.527064
v -0.090033 2.321663 0.477029
v -0.091214 2.266510 0.476944
v -0.091214 2.266510 0.465547
v -0.089990 2.322714 0.465547
v -0.090033 2.321663 0.477029
v -0.091214 2.266510 0.465547
v -0.089990 2.322714 0.465547
v -0.091214 2.266510 0.465547
v -0.091214 2.266510 0.381494
v -0.089990 2.322714 0.381494
v -0.089990 2.322714 0.465547
v -0.091214 2.266510 0.381494
v -0.089990 2.322714 0.465547
v -0.089990 2.322714 0.381494
v -0.086647 2.326057 0.465547
v -0.089990 2.322714 0.381494
v -0.086647 2.326057 0.381494
v -0.086647 2.326057 0.465547
v -0.086647 2.326057 0.465547
v -0.086647 2.326057 0.381494
v -0.053231 2.327281 0.432678
v -0.086647 2.326057 0.381494
v -0.053231 2.327281 0.381494
v -0.053231 2.327281 0.432678
v -0.089990 2.266510 0.530547
v -0.090010 2.289192 0.529570
v -0.086647 2.266510 0.533890
v -0.090010 2.289192 0.529570
v -0.086679 2.290381 0.532765
v -0.086647 2.266510 0.533890
v -0.086647 2.266510 0.533890
v -0.086679 2.290381 0.532765
v -0.053231 2.266510 0.535114
v -0.086679 2.290381 0.532765
v -0.053231 2.290821 0.533948
v -0.053231 2.266510 0.535114
v -0.060572 2.236510 0.555406
v -0.060572 2.266498 0.555406
v -0.060572 2.236510 0.592865
v -0.060572 2.266498 0.555406
v -0.060572 2.270388 0.559296
v -0.060572 2.236510 0.592865
v -0.060572 2.270388 0.559296
v -0.060572 2.270388 0.570967
v -0.060572 2.236510 0.592865
v -0.060572 2.270388 0.570967
v -0.060572 2.254564 0.598800
v -0.060572 2.236510 0.592865
v -0.060572 2.254564 0.598800
v -0.060572 2.248747 0.601532
v -0.060572 2.236510 0.592865
v -0.060572 2.248747 0.601532
v -0.060572 2.242744 0.601444
v -0.060572 2.236510 0.592865
v -0.060572 2.242744 0.601444
v -0.060572 2.238233 0.598167
v -0.060572 2.236510 0.592865
v 0.051136 2.327281 0.381494
v 0.051136 2.327281 0.432678
v 0.051136 2.323281 0.381494
v 0.051136 2.327281 0.432678
v 0.051136 2.323281 0.432678
v 0.051136 2.323281 0.381494
v 0.051136 2.323281 0.465547
v 0.051136 2.327281 0.465547
v 0.051136 2.322630 0.476000
v 0.051136 2.327281 0.465547
v 0.051136 2.326462 0.477033
v 0.051136 2.322630 0.476000
v 0.051136 2.290821 0.533948
v 0.051136 2.266510 0.535114
v 0.051136 2.289449 0.530259
v 0.051136 2.266510 0.535114
v 0.051136 2.266510 0.531082
v 0.051136 2.289449 0.530259
v 0.084623 2.325152 0.477032
v 0.051136 2.326462 0.477033
v 0.057088 2.327281 0.465547
v 0.051136 2.326462 0.477033
v 0.051136 2.327281 0.465547
v 0.057088 2.327281 0.465547
v 0.087914 2.293428 0.527064
v 0.087914 2.289192 0.529570
v 0.084584 2.290381 0.532765
v 0.084584 2.295656 0.529644
v 0.087914 2.293428 0.527064
v 0.084584 2.290381 0.532765
v 0.087914 2.293428 0.527064
v 0.084584 2.295656 0.529644
v 0.087938 2.321663 0.477029
v 0.084584 2.295656 0.529644
v 0.084623 2.325152 0.477032
v 0.087938 2.321663 0.477029
v 0.087938 2.321663 0.477029
v 0.084623 2.325152 0.477032
v 0.087895 2.322714 0.465547
v 0.084623 2.325152 0.477032
v 0.084552 2.326057 0.465547
v 0.087895 2.322714 0.465547
v 0.084552 2.326057 0.465547
v 0.084623 2.325152 0.477032
v 0.057088 2.327281 0.465547
v 0.084552 2.326057 0.465547
v 0.057088 2.327281 0.465547
v 0.051136 2.327281 0.432678
v 0.057088 2.327281 0.465547
v 0.057088 2.327281 0.432678
v 0.051136 2.327281 0.432678
v 0.084584 2.295656 0.529644
v 0.084584 2.290381 0.532765
v 0.051136 2.290821 0.533948
v 0.051136 2.296481 0.530600
v 0.084584 2.295656 0.529644
v 0.051136 2.290821 0.533948
v 0.084623 2.325152 0.477032
v 0.084584 2.295656 0.529644
v 0.051136 2.296481 0.530600
v 0.051136 2.326462 0.477033
v 0.084623 2.325152 0.477032
v 0.051136 2.296481 0.530600
v 0.051136 2.290821 0.533948
v 0.084584 2.290381 0.532765
v 0.051136 2.266510 0.535114
v 0.084584 2.290381 0.532765
v 0.084552 2.266510 0.533890
v 0.051136 2.266510 0.535114
v 0.084584 2.290381 0.532765
v 0.087914 2.289192 0.529570
v 0.084552 2.266510 0.533890
v 0.087914 2.289192 0.529570
v 0.087895 2.266510 0.530547
v 0.084552 2.266510 0.533890
v 0.087895 2.266510 0.530547
v 0.087914 2.289192 0.529570
v 0.087914 2.293428 0.527064
v 0.089118 2.266510 0.476944
v 0.087895 2.266510 0.530547
v 0.087914 2.293428 0.527064
v 0.087938 2.321663 0.477029
v 0.089118 2.266510 0.476944
v 0.087914 2.293428 0.527064
v 0.089118 2.266510 0.465547
v 0.089118 2.266510 0.476944
v 0.087938 2.321663 0.477029
v 0.087895 2.322714 0.465547
v 0.089118 2.266510 0.465547
v 0.087938 2.321663 0.477029
v 0.089118 2.266510 0.381494
v 0.089118 2.266510 0.465547
v 0.087895 2.322714 0.465547
v 0.087895 2.322714 0.381494
v 0.089118 2.266510 0.381494
v 0.087895 2.322714 0.465547
v 0.087895 2.322714 0.381494
v 0.087895 2.322714 0.465547
v 0.084552 2.326057 0.465547
v 0.084552 2.326057 0.381494
v 0.087895 2.322714 0.381494
v 0.084552 2.326057 0.465547
v 0.084552 2.326057 0.381494
v 0.084552 2.326057 0.465547
v 0.051136 2.327281 0.432678
v 0.051136 2.327281 0.381494
v 0.084552 2.326057 0.381494
v 0.051136 2.327281 0.432678
v 0.042585 2.247433 0.503356
v 0.042585 2.300794 0.483733
v -0.044690 2.247433 0.503356
v 0.042585 2.300794 0.483733
v -0.044690 2.300794 0.483733
v -0.044690 2.247433 0.503356
v 0.034619 2.335887 0.468377
v -0.036724 2.335887 0.468377
v 0.034619 2.328364 0.464206
v -0.036724 2.335887 0.468377
v -0.036724 2.328364 0.464206
v 0.034619 2.328364 0.464206
v -0.048690 2.243690 0.604227
v -0.048690 2.255244 0.604058
v -0.048690 2.243690 0.611227
v -0.048690 2.255244 0.604058
v -0.048690 2.257622 0.610526
v -0.048690 2.243690 0.611227
v -0.048690 2.263621 0.605425
v -0.048690 2.257622 0.610526
v -0.048690 2.255244 0.604058
v -0.048690 2.257873 0.601477
v -0.048690 2.263621 0.605425
v -0.048690 2.255244 0.604058
v -0.048690 2.263621 0.605425
v -0.048690 2.257873 0.601477
v -0.048690 2.328716 0.475394
v -0.048690 2.335358 0.477481
v -0.048690 2.263621 0.605425
v -0.048690 2.328716 0.475394
v -0.048690 2.335358 0.477481
v -0.048690 2.328716 0.475394
v -0.048690 2.336108 0.473776
v -0.048690 2.328716 0.475394
v -0.048690 2.329178 0.473114
v -0.048690 2.336108 0.473776
v -0.048690 2.335318 0.463409
v -0.048690 2.336108 0.473776
v -0.048690 2.329178 0.473114
v -0.048690 2.328364 0.464206
v -0.048690 2.335318 0.463409
v -0.048690 2.329178 0.473114
v -0.048690 2.335318 0.463409
v -0.048690 2.328364 0.464206
v -0.048690 2.330719 0.423247
v -0.048690 2.328364 0.464206
v -0.048690 2.297184 0.427088
v -0.048690 2.330719 0.423247
v -0.048690 2.297184 0.427088
v -0.048690 2.324270 0.418124
v -0.048690 2.330719 0.423247
v -0.036724 2.328364 0.464206
v -0.044690 2.328364 0.464206
v -0.044690 2.329096 0.470427
v -0.036724 2.328364 0.464206
v -0.044690 2.329096 0.470427
v 0.034619 2.328364 0.464206
v -0.044690 2.329096 0.470427
v -0.044690 2.329178 0.473114
v 0.034619 2.328364 0.464206
v 0.042585 2.328364 0.464206
v 0.034619 2.328364 0.464206
v 0.042585 2.329096 0.470427
v 0.042585 2.329178 0.473114
v 0.042585 2.329096 0.470427
v 0.034619 2.328364 0.464206
v -0.044690 2.329178 0.473114
v 0.042585 2.329178 0.473114
v 0.034619 2.328364 0.464206
v 0.042585 2.329178 0.473114
v -0.044690 2.329178 0.473114
v 0.042585 2.328716 0.475394
v -0.044690 2.329178 0.473114
v -0.044690 2.328716 0.475394
v 0.042585 2.328716 0.475394
v -0.044690 2.328716 0.475394
v -0.044690 2.324481 0.483365
v 0.042585 2.328716 0.475394
v -0.044690 2.324481 0.483365
v 0.042585 2.324481 0.483365
v 0.042585 2.328716 0.475394
v -0.044690 2.324481 0.483365
v -0.044690 2.300794 0.483733
v 0.042585 2.324481 0.483365
v -0.044690 2.300794 0.483733
v 0.042585 2.300794 0.483733
v 0.042585 2.324481 0.483365
v -0.044690 2.247433 0.503356
v -0.044690 2.253071 0.604281
v 0.042585 2.247433 0.503356
v -0.044690 2.253071 0.604281
v 0.042585 2.253071 0.604281
v 0.042585 2.247433 0.503356
v -0.048690 2.336108 0.473776
v -0.048690 2.335318 0.463409
v -0.036724 2.335887 0.468377
v -0.036724 2.330719 0.423247
v -0.036724 2.335887 0.468377
v -0.048690 2.335318 0.463409
v -0.048690 2.330719 0.423247
v -0.036724 2.330719 0.423247
v -0.048690 2.335318 0.463409
v -0.036724 2.330719 0.423247
v -0.048690 2.330719 0.423247
v -0.036724 2.324270 0.418124
v -0.048690 2.330719 0.423247
v -0.048690 2.324270 0.418124
v -0.036724 2.324270 0.418124
v -0.036724 2.324270 0.418124
v -0.048690 2.324270 0.418124
v -0.036724 2.297184 0.427088
v -0.048690 2.324270 0.418124
v -0.048690 2.297184 0.427088
v -0.036724 2.297184 0.427088
v -0.036724 2.328364 0.464206
v -0.036724 2.297184 0.427088
v -0.048690 2.297184 0.427088
v -0.048690 2.328364 0.464206
v -0.036724 2.328364 0.464206
v -0.048690 2.297184 0.427088
v 0.046585 2.328364 0.464206
v 0.046585 2.297184 0.427088
v 0.034619 2.328364 0.464206
v 0.046585 2.297184 0.427088
v 0.034619 2.297184 0.427088
v 0.034619 2.328364 0.464206
v 0.046585 2.297184 0.427088
v 0.046585 2.324270 0.418124
v 0.034619 2.297184 0.427088
v 0.046585 2.324270 0.418124
v 0.034619 2.324270 0.418124
v 0.034619 2.297184 0.427088
v 0.046585 2.324270 0.418124
v 0.046585 2.330719 0.423247
v 0.034619 2.324270 0.418124
v 0.046585 2.330719 0.423247
v 0.034619 2.330719 0.423247
v 0.034619 2.324270 0.418124
v 0.034619 2.330719 0.423247
v 0.046585 2.330719 0.423247
v 0.046585 2.335318 0.463409
v 0.034619 2.335887 0.468377
v 0.034619 2.330719 0.423247
v 0.046585 2.335318 0.463409
v 0.034619 2.335887 0.468377
v 0.046585 2.335318 0.463409
v -0.036724 2.335887 0.468377
v 0.046585 2.335318 0.463409
v 0.046585 2.336108 0.473776
v -0.036724 2.335887 0.468377
v 0.046585 2.336108 0.473776
v -0.048690 2.336108 0.473776
v -0.036724 2.335887 0.468377
v 0.046585 2.336108 0.473776
v 0.046585 2.335358 0.477481
v -0.048690 2.336108 0.473776
v 0.046585 2.335358 0.477481
v -0.048690 2.335358 0.477481
v -0.048690 2.336108 0.473776
v -0.048690 2.263621 0.605425
v -0.048690 2.335358 0.477481
v 0.046585 2.335358 0.477481
v 0.046585 2.263621 0.605425
v -0.048690 2.263621 0.605425
v 0.046585 2.335358 0.477481
v -0.048690 2.257622 0.610526
v -0.048690 2.263621 0.605425
v 0.046585 2.263621 0.605425
v 0.046585 2.257622 0.610526
v -0.048690 2.257622 0.610526
v 0.046585 2.263621 0.605425
v 0.046585 2.257622 0.610526
v 0.046585 2.243690 0.611227
v -0.048690 2.257622 0.610526
v 0.046585 2.243690 0.611227
v -0.048690 2.243690 0.611227
v -0.048690 2.257622 0.610526
v -0.054561 2.236510 0.592865
v -0.060572 2.236510 0.592865
v -0.054561 2.238233 0.598167
v -0.060572 2.236510 0.592865
v -0.060572 2.238233 0.598167
v -0.054561 2.238233 0.598167
v -0.054561 2.238233 0.598167
v -0.060572 2.238233 0.598167
v -0.054561 2.242744 0.601444
v -0.060572 2.238233 0.598167
v -0.060572 2.242744 0.601444
v -0.054561 2.242744 0.601444
v -0.060572 2.242744 0.601444
v -0.060572 2.248747 0.601532
v -0.054561 2.242744 0.601444
v -0.060572 2.248747 0.601532
v -0.054561 2.248747 0.601532
v -0.054561 2.242744 0.601444
v -0.054561 2.248747 0.601532
v -0.060572 2.248747 0.601532
v -0.054561 2.254564 0.598800
v -0.060572 2.248747 0.601532
v -0.060572 2.254564 0.598800
v -0.054561 2.254564 0.598800
v -0.054561 2.254564 0.598800
v -0.060572 2.254564 0.598800
v -0.060572 2.270388 0.570967
v -0.054561 2.270388 0.570967
v -0.054561 2.254564 0.598800
v -0.060572 2.270388 0.570967
v -0.023562 2.299000 0.457230
v -0.023562 2.308925 0.465998
v -0.018023 2.299000 0.457230
v -0.023562 2.308925 0.465998
v -0.018023 2.308925 0.465998
v -0.018023 2.299000 0.457230
v -0.023562 2.308925 0.465998
v -0.023562 2.317708 0.467548
v -0.018023 2.308925 0.465998
v -0.023562 2.317708 0.467548
v -0.018023 2.317708 0.467548
v -0.018023 2.308925 0.465998
v -0.018023 2.317708 0.467548
v -0.023562 2.317708 0.467548
v -0.018023 2.324954 0.464828
v -0.023562 2.317708 0.467548
v -0.023562 2.324954 0.464828
v -0.018023 2.324954 0.464828
v -0.018023 2.324954 0.464828
v -0.023562 2.324954 0.464828
v -0.018023 2.329654 0.454474
v -0.023562 2.324954 0.464828
v -0.023562 2.329654 0.454474
v -0.018023 2.329654 0.454474
v -0.018023 2.329654 0.454474
v -0.023562 2.329654 0.454474
v -0.018023 2.328981 0.439498
v -0.023562 2.329654 0.454474
v -0.023562 2.328743 0.434204
v -0.018023 2.328981 0.439498
v 0.018018 2.328981 0.439498
v -0.018023 2.328981 0.439498
v 0.023557 2.328743 0.434204
v -0.018023 2.328981 0.439498
v -0.023562 2.328743 0.434204
v 0.023557 2.328743 0.434204
v 0.023557 2.308925 0.465998
v 0.023557 2.299000 0.457230
v 0.018018 2.299000 0.457230
v 0.018018 2.308925 0.465998
v 0.023557 2.308925 0.465998
v 0.018018 2.299000 0.457230
v 0.018018 2.308925 0.465998
v 0.018018 2.317708 0.467548
v 0.023557 2.308925 0.465998
v 0.018018 2.317708 0.467548
v 0.023557 2.317708 0.467548
v 0.023557 2.308925 0.465998
v 0.023557 2.324954 0.464828
v 0.023557 2.317708 0.467548
v 0.018018 2.317708 0.467548
v 0.018018 2.324954 0.464828
v 0.023557 2.324954 0.464828
v 0.018018 2.317708 0.467548
v 0.018018 2.324954 0.464828
v 0.018018 2.329654 0.454474
v 0.023557 2.324954 0.464828
v 0.018018 2.329654 0.454474
v 0.023557 2.329654 0.454474
v 0.023557 2.324954 0.464828
v 0.018018 2.329654 0.454474
v 0.018018 2.328981 0.439498
v 0.023557 2.329654 0.454474
v 0.018018 2.328981 0.439498
v 0.023557 2.328743 0.434204
v 0.023557 2.329654 0.454474
v 0.061990 2.262463 0.573833
v 0.061990 2.266742 0.566423
v 0.061990 2.258185 0.566423
v 0.061990 2.266742 0.566423
v 0.061990 2.262463 0.559013
v 0.061990 2.258185 0.566423
v 0.061990 2.253907 0.573833
v 0.061990 2.262463 0.573833
v 0.061990 2.258185 0.566423
v 0.061990 2.262463 0.559013
v 0.061990 2.253907 0.559013
v 0.061990 2.258185 0.566423
v 0.061990 2.249629 0.566423
v 0.061990 2.253907 0.573833
v 0.061990 2.258185 0.566423
v 0.061990 2.253907 0.559013
v 0.061990 2.249629 0.566423
v 0.061990 2.258185 0.566423
v 0.052465 2.236510 0.555406
v 0.052465 2.266498 0.555406
v 0.052465 2.236510 0.592865
v 0.052465 2.266498 0.555406
v 0.052465 2.270388 0.559296
v 0.052465 2.236510 0.592865
v 0.052465 2.270388 0.559296
v 0.052465 2.270388 0.570967
v 0.052465 2.236510 0.592865
v 0.052465 2.270388 0.570967
v 0.052465 2.254564 0.598800
v 0.052465 2.236510 0.592865
v 0.052465 2.254564 0.598800
v 0.052465 2.248747 0.601532
v 0.052465 2.236510 0.592865
v 0.052465 2.248747 0.601532
v 0.052465 2.242744 0.601444
v 0.052465 2.236510 0.592865
v 0.052465 2.242744 0.601444
v 0.052465 2.238233 0.598167
v 0.052465 2.236510 0.592865
v 0.018018 2.298264 0.440879
v -0.018023 2.298264 0.440879
v 0.018018 2.328981 0.439498
v -0.018023 2.298264 0.440879
v -0.018023 2.328981 0.439498
v 0.018018 2.328981 0.439498
v -0.023562 2.328743 0.434204
v -0.023562 2.298026 0.435586
v 0.023557 2.328743 0.434204
v -0.023562 2.298026 0.435586
v 0.023557 2.298026 0.435586
v 0.023557 2.328743 0.434204
v -0.060488 2.310442 0.451764
v -0.060488 2.316999 0.445207
v -0.060488 2.316999 0.451764
v -0.060488 2.316999 0.445207
v -0.060488 2.323555 0.451764
v -0.060488 2.316999 0.451764
v -0.060488 2.323555 0.451764
v -0.060488 2.316999 0.458321
v -0.060488 2.316999 0.451764
v -0.060488 2.316999 0.458321
v -0.060488 2.310442 0.451764
v -0.060488 2.316999 0.451764
v -0.338150 2.235334 0.086646
v -0.219398 2.235334 0.054827
v -0.336014 2.235334 0.094618
v -0.219398 2.235334 0.054827
v -0.217262 2.235334 0.062798
v -0.336014 2.235334 0.094618
v -0.336014 2.282299 0.094618
v -0.338150 2.282299 0.086646
v -0.336014 2.235334 0.094618
v -0.338150 2.282299 0.086646
v -0.338150 2.235334 0.086646
v -0.336014 2.235334 0.094618
v -0.442599 2.243517 0.114633
v -0.338150 2.282299 0.086646
v -0.440463 2.243517 0.122605
v -0.338150 2.282299 0.086646
v -0.336014 2.282299 0.094618
v -0.440463 2.243517 0.122605
v -0.321769 2.339455 -0.000000
v -0.421380 2.339455 -0.000000
v -0.421380 2.335667 -0.014135
v -0.321769 2.335667 -0.014135
v -0.321769 2.339455 -0.000000
v -0.421380 2.335667 -0.014135
v -0.321769 2.335667 -0.014135
v -0.421380 2.335667 -0.014135
v -0.321769 2.325319 -0.024483
v -0.421380 2.335667 -0.014135
v -0.421380 2.325319 -0.024483
v -0.321769 2.325319 -0.024483
v -0.321769 2.325319 -0.024483
v -0.421380 2.325319 -0.024483
v -0.321769 2.311184 -0.028270
v -0.421380 2.325319 -0.024483
v -0.421380 2.311184 -0.028270
v -0.321769 2.311184 -0.028270
v -0.321769 2.311184 -0.028270
v -0.421380 2.311184 -0.028270
v -0.321769 2.297048 -0.024483
v -0.421380 2.311184 -0.028270
v -0.421380 2.297048 -0.024483
v -0.321769 2.297048 -0.024483
v -0.321769 2.282913 -0.000000
v -0.321769 2.286700 -0.014135
v -0.421380 2.282913 -0.000000
v -0.321769 2.286700 -0.014135
v -0.421380 2.286700 -0.014135
v -0.421380 2.282913 -0.000000
v -0.421380 2.297048 -0.024483
v -0.421380 2.286700 -0.014135
v -0.321769 2.286700 -0.014135
v -0.321769 2.297048 -0.024483
v -0.421380 2.297048 -0.024483
v -0.321769 2.286700 -0.014135
v 0.058477 2.238233 0.598167
v 0.058477 2.242744 0.601444
v 0.058477 2.236510 0.592865
v 0.058477 2.242744 0.601444
v 0.058477 2.248747 0.601532
v 0.058477 2.236510 0.592865
v 0.058477 2.248747 0.601532
v 0.058477 2.254564 0.598800
v 0.058477 2.236510 0.592865
v 0.058477 2.254564 0.598800
v 0.058477 2.270388 0.570967
v 0.058477 2.236510 0.592865
v 0.058477 2.270388 0.570967
v 0.058477 2.270388 0.559296
v 0.058477 2.236510 0.592865
v 0.058477 2.270388 0.559296
v 0.058477 2.266498 0.555406
v 0.058477 2.236510 0.592865
v 0.058477 2.266498 0.555406
v 0.058477 2.236510 0.555406
v 0.058477 2.236510 0.592865
v -0.457421 2.236510 -0.072387
v -0.457421 2.236510 0.072387
v -0.624562 2.236510 -0.072387
v -0.457421 2.236510 0.072387
v -0.624562 2.236510 0.072387
v -0.624562 2.236510 -0.072387
v -0.566423 2.249629 -0.044558
v -0.559013 2.253907 -0.044558
v -0.566423 2.249629 -0.064095
v -0.559013 2.253907 -0.044558
v -0.559013 2.253907 -0.064095
v -0.566423 2.249629 -0.064095
v -0.559013 2.253907 -0.044558
v -0.559013 2.262463 -0.044558
v -0.559013 2.253907 -0.064095
v -0.559013 2.262463 -0.044558
v -0.559013 2.262463 -0.064095
v -0.559013 2.253907 -0.064095
v -0.559013 2.262463 -0.064095
v -0.559013 2.262463 -0.044558
v -0.566423 2.266741 -0.064095
v -0.559013 2.262463 -0.044558
v -0.566423 2.266741 -0.044558
v -0.566423 2.266741 -0.064095
v -0.566423 2.266741 -0.064095
v -0.566423 2.266741 -0.044558
v -0.573833 2.262463 -0.064095
v -0.566423 2.266741 -0.044558
v -0.573833 2.262463 -0.044558
v -0.573833 2.262463 -0.064095
v -0.573833 2.262463 -0.044558
v -0.573833 2.253907 -0.044558
v -0.573833 2.262463 -0.064095
v -0.573833 2.253907 -0.044558
v -0.573833 2.253907 -0.064095
v -0.573833 2.262463 -0.064095
v -0.573833 2.253907 -0.064095
v -0.573833 2.253907 -0.044558
v -0.566423 2.249629 -0.064095
v -0.573833 2.253907 -0.044558
v -0.566423 2.249629 -0.044558
v -0.566423 2.249629 -0.064095
v 0.058477 2.270388 0.570967
v 0.052465 2.270388 0.570967
v 0.058477 2.270388 0.559296
v 0.052465 2.270388 0.570967
v 0.052465 2.270388 0.559296
v 0.058477 2.270388 0.559296
v 0.058477 2.266498 0.555406
v 0.058477 2.270388 0.559296
v 0.052465 2.270388 0.559296
v 0.052465 2.266498 0.555406
v 0.058477 2.266498 0.555406
v 0.052465 2.270388 0.559296
v 0.058477 2.266498 0.555406
v 0.052465 2.266498 0.555406
v 0.058477 2.236510 0.555406
v 0.052465 2.266498 0.555406
v 0.052465 2.236510 0.555406
v 0.058477 2.236510 0.555406
v 0.052465 2.270388 0.570967
v 0.058477 2.270388 0.570967
v 0.052465 2.254564 0.598800
v 0.058477 2.270388 0.570967
v 0.058477 2.254564 0.598800
v 0.052465 2.254564 0.598800
v 0.058477 2.254564 0.598800
v 0.058477 2.248747 0.601532
v 0.052465 2.254564 0.598800
v 0.058477 2.248747 0.601532
v 0.052465 2.248747 0.601532
v 0.052465 2.254564 0.598800
v 0.052465 2.248747 0.601532
v 0.058477 2.248747 0.601532
v 0.052465 2.242744 0.601444
v 0.058477 2.248747 0.601532
v 0.058477 2.242744 0.601444
v 0.052465 2.242744 0.601444
v 0.058477 2.242744 0.601444
v 0.058477 2.238233 0.598167
v 0.052465 2.242744 0.601444
v 0.058477 2.238233 0.598167
v 0.052465 2.238233 0.598167
v 0.052465 2.242744 0.601444
v 0.058477 2.238233 0.598167
v 0.058477 2.236510 0.592865
v 0.052465 2.238233 0.598167
v 0.058477 2.236510 0.592865
v 0.052465 2.236510 0.592865
v 0.052465 2.238233 0.598167
v -0.570967 2.270388 -0.060572
v -0.559296 2.270388 -0.060572
v -0.570967 2.270388 -0.054561
v -0.559296 2.270388 -0.060572
v -0.559296 2.270388 -0.054561
v -0.570967 2.270388 -0.054561
v -0.559296 2.270388 -0.054561
v -0.559296 2.270388 -0.060572
v -0.555406 2.266498 -0.060572
v -0.555406 2.266498 -0.054561
v -0.559296 2.270388 -0.054561
v -0.555406 2.266498 -0.060572
v -0.555406 2.266498 -0.060572
v -0.555406 2.236510 -0.060572
v -0.555406 2.266498 -0.054561
v -0.555406 2.236510 -0.060572
v -0.555406 2.236510 -0.054561
v -0.555406 2.266498 -0.054561
v -0.566423 2.249629 0.042453
v -0.573833 2.253907 0.042453
v -0.566423 2.249629 0.061990
v -0.573833 2.253907 0.042453
v -0.573833 2.253907 0.061990
v -0.566423 2.249629 0.061990
v -0.573833 2.253907 0.042453
v -0.573833 2.262463 0.042453
v -0.573833 2.253907 0.061990
v -0.573833 2.262463 0.042453
v -0.573833 2.262463 0.061990
v -0.573833 2.253907 0.061990
v -0.573833 2.262463 0.061990
v -0.573833 2.262463 0.042453
v -0.566423 2.266741 0.061990
v -0.573833 2.262463 0.042453
v -0.566423 2.266741 0.042453
v -0.566423 2.266741 0.061990
v -0.566423 2.266741 0.061990
v -0.566423 2.266741 0.042453
v -0.559013 2.262463 0.061990
v -0.566423 2.266741 0.042453
v -0.559013 2.262463 0.042453
v -0.559013 2.262463 0.061990
v -0.559013 2.262463 0.061990
v -0.559013 2.262463 0.042453
v -0.559013 2.253907 0.061990
v -0.559013 2.262463 0.042453
v -0.559013 2.253907 0.042453
v -0.559013 2.253907 0.061990
v -0.559013 2.253907 0.042453
v -0.566423 2.249629 0.042453
v -0.559013 2.253907 0.061990
v -0.566423 2.249629 0.042453
v -0.566423 2.249629 0.061990
v -0.559013 2.253907 0.061990
v -0.365167 2.303468 0.037551
v -0.416193 2.303468 0.057551
v -0.365167 2.237688 0.037551
v -0.416193 2.303468 0.057551
v -0.416193 2.237688 0.057551
v -0.365167 2.237688 0.037551
v -0.365167 2.303468 0.037551
v -0.365167 2.237688 0.037551
v -0.350297 2.303468 0.037551
v -0.365167 2.237688 0.037551
v -0.350297 2.237688 0.037551
v -0.350297 2.303468 0.037551
v -0.365167 2.237688 0.045977
v -0.365167 2.303468 0.045977
v -0.348470 2.237688 0.045977
v -0.365167 2.303468 0.045977
v -0.348470 2.303468 0.045977
v -0.348470 2.237688 0.045977
v -0.348470 2.237688 0.045977
v -0.348470 2.303468 0.045977
v -0.350297 2.237688 0.037551
v -0.348470 2.303468 0.045977
v -0.350297 2.303468 0.037551
v -0.350297 2.237688 0.037551
v -0.416193 2.303468 0.065977
v -0.365167 2.303468 0.045977
v -0.416193 2.237688 0.065977
v -0.365167 2.303468 0.045977
v -0.365167 2.237688 0.045977
v -0.416193 2.237688 0.065977
v -0.509610 2.249089 0.065977
v -0.509770 2.260067 0.065977
v -0.504775 2.270704 0.065977
v -0.503616 2.240839 0.065977
v -0.509610 2.249089 0.065977
v -0.504775 2.270704 0.065977
v -0.493918 2.237688 0.065977
v -0.503616 2.240839 0.065977
v -0.504775 2.270704 0.065977
v -0.453868 2.237688 0.065977
v -0.493918 2.237688 0.065977
v -0.504775 2.270704 0.065977
v -0.453868 2.303468 0.065977
v -0.453868 2.237688 0.065977
v -0.504775 2.270704 0.065977
v -0.453868 2.303468 0.065977
v -0.416193 2.303468 0.065977
v -0.453868 2.237688 0.065977
v -0.416193 2.303468 0.065977
v -0.416193 2.237688 0.065977
v -0.453868 2.237688 0.065977
v -0.416193 2.237688 -0.059646
v -0.416193 2.303468 -0.059646
v -0.365167 2.237688 -0.039646
v -0.416193 2.303468 -0.059646
v -0.365167 2.303468 -0.039646
v -0.365167 2.237688 -0.039646
v -0.350297 2.237688 -0.039646
v -0.365167 2.237688 -0.039646
v -0.350297 2.303468 -0.039646
v -0.365167 2.237688 -0.039646
v -0.365167 2.303468 -0.039646
v -0.350297 2.303468 -0.039646
v -0.365167 2.237688 -0.048072
v -0.348470 2.237688 -0.048072
v -0.365167 2.303468 -0.048072
v -0.348470 2.237688 -0.048072
v -0.348470 2.303468 -0.048072
v -0.365167 2.303468 -0.048072
v -0.493918 2.237688 -0.059646
v -0.493918 2.237688 -0.068072
v -0.503616 2.240839 -0.068072
v -0.503616 2.240839 -0.059646
v -0.493918 2.237688 -0.059646
v -0.503616 2.240839 -0.068072
v -0.503616 2.240839 -0.059646
v -0.503616 2.240839 -0.068072
v -0.509610 2.249089 -0.068072
v -0.509610 2.249089 -0.059646
v -0.503616 2.240839 -0.059646
v -0.509610 2.249089 -0.068072
v -0.509610 2.249089 -0.059646
v -0.509610 2.249089 -0.068072
v -0.509770 2.260067 -0.059646
v -0.509610 2.249089 -0.068072
v -0.509770 2.260067 -0.068072
v -0.509770 2.260067 -0.059646
v -0.509770 2.260067 -0.059646
v -0.509770 2.260067 -0.068072
v -0.504775 2.270704 -0.059646
v -0.509770 2.260067 -0.068072
v -0.504775 2.270704 -0.068072
v -0.504775 2.270704 -0.059646
v -0.504775 2.270704 -0.059646
v -0.504775 2.270704 -0.068072
v -0.453868 2.303468 -0.059646
v -0.504775 2.270704 -0.068072
v -0.453868 2.303468 -0.068072
v -0.453868 2.303468 -0.059646
v 0.057551 2.260067 0.509770
v 0.057551 2.249089 0.509610
v 0.057551 2.270704 0.504775
v 0.057551 2.249089 0.509610
v 0.057551 2.240839 0.503616
v 0.057551 2.270704 0.504775
v 0.057551 2.240839 0.503616
v 0.057551 2.237688 0.493918
v 0.057551 2.270704 0.504775
v 0.057551 2.237688 0.493918
v 0.057551 2.237688 0.453868
v 0.057551 2.270704 0.504775
v 0.057551 2.237688 0.453868
v 0.057551 2.303468 0.453868
v 0.057551 2.270704 0.504775
v 0.057551 2.303468 0.453868
v 0.057551 2.237688 0.453868
v 0.057551 2.237688 0.416193
v 0.057551 2.303468 0.416193
v 0.057551 2.303468 0.453868
v 0.057551 2.237688 0.416193
v -0.348470 2.237688 -0.048072
v -0.350297 2.237688 -0.039646
v -0.348470 2.303468 -0.048072
v -0.350297 2.237688 -0.039646
v -0.350297 2.303468 -0.039646
v -0.348470 2.303468 -0.048072
v -0.365167 2.237688 -0.048072
v -0.365167 2.303468 -0.048072
v -0.416193 2.237688 -0.068072
v -0.365167 2.303468 -0.048072
v -0.416193 2.303468 -0.068072
v -0.416193 2.237688 -0.068072
v -0.381494 2.327281 -0.053231
v -0.381494 2.323281 -0.053231
v -0.432678 2.327281 -0.053231
v -0.381494 2.323281 -0.053231
v -0.432678 2.323281 -0.053231
v -0.432678 2.327281 -0.053231
v -0.476000 2.322630 -0.053231
v -0.527620 2.293908 -0.053231
v -0.477033 2.326462 -0.053231
v -0.527620 2.293908 -0.053231
v -0.530600 2.296481 -0.053231
v -0.477033 2.326462 -0.053231
v -0.530600 2.296481 -0.053231
v -0.527620 2.293908 -0.053231
v -0.533948 2.290821 -0.053231
v -0.527620 2.293908 -0.053231
v -0.530259 2.289449 -0.053231
v -0.533948 2.290821 -0.053231
v 0.065977 2.240839 0.503616
v 0.065977 2.237688 0.493918
v 0.057551 2.237688 0.493918
v 0.057551 2.240839 0.503616
v 0.065977 2.240839 0.503616
v 0.057551 2.237688 0.493918
v 0.065977 2.249089 0.509610
v 0.065977 2.240839 0.503616
v 0.057551 2.240839 0.503616
v 0.057551 2.249089 0.509610
v 0.065977 2.249089 0.509610
v 0.057551 2.240839 0.503616
v 0.057551 2.249089 0.509610
v 0.057551 2.260067 0.509770
v 0.065977 2.249089 0.509610
v 0.057551 2.260067 0.509770
v 0.065977 2.260067 0.509770
v 0.065977 2.249089 0.509610
v 0.065977 2.260067 0.509770
v 0.057551 2.260067 0.509770
v 0.057551 2.270704 0.504775
v 0.065977 2.270704 0.504775
v 0.065977 2.260067 0.509770
v 0.057551 2.270704 0.504775
v 0.065977 2.270704 0.504775
v 0.057551 2.270704 0.504775
v 0.057551 2.303468 0.453868
v 0.065977 2.303468 0.453868
v 0.065977 2.270704 0.504775
v 0.057551 2.303468 0.453868
v -0.465547 2.323281 -0.053231
v -0.476000 2.322630 -0.053231
v -0.465547 2.327281 -0.053231
v -0.476000 2.322630 -0.053231
v -0.477033 2.326462 -0.053231
v -0.465547 2.327281 -0.053231
v -0.531082 2.266510 -0.053231
v -0.535114 2.266510 -0.053231
v -0.530259 2.289449 -0.053231
v -0.535114 2.266510 -0.053231
v -0.533948 2.290821 -0.053231
v -0.530259 2.289449 -0.053231
v -0.465547 2.327281 -0.053231
v -0.477033 2.326462 -0.053231
v -0.465547 2.327281 -0.059183
v -0.477033 2.326462 -0.053231
v -0.477032 2.325152 -0.086718
v -0.465547 2.327281 -0.059183
v -0.432678 2.327281 -0.059183
v -0.465547 2.327281 -0.059183
v -0.432678 2.327281 -0.053231
v -0.465547 2.327281 -0.059183
v -0.465547 2.326057 -0.086647
v -0.432678 2.327281 -0.053231
v -0.477032 2.325152 -0.086718
v -0.465547 2.326057 -0.086647
v -0.465547 2.327281 -0.059183
v -0.465547 2.322714 -0.089990
v -0.465547 2.326057 -0.086647
v -0.477032 2.325152 -0.086718
v -0.477029 2.321663 -0.090033
v -0.465547 2.322714 -0.089990
v -0.477032 2.325152 -0.086718
v -0.477032 2.325152 -0.086718
v -0.529644 2.295656 -0.086679
v -0.477029 2.321663 -0.090033
v -0.529644 2.295656 -0.086679
v -0.527064 2.293428 -0.090010
v -0.477029 2.321663 -0.090033
v -0.477032 2.325152 -0.086718
v -0.477033 2.326462 -0.053231
v -0.530600 2.296481 -0.053231
v -0.529644 2.295656 -0.086679
v -0.477032 2.325152 -0.086718
v -0.530600 2.296481 -0.053231
v -0.529644 2.295656 -0.086679
v -0.530600 2.296481 -0.053231
v -0.533948 2.290821 -0.053231
v -0.532765 2.290381 -0.086679
v -0.529644 2.295656 -0.086679
v -0.533948 2.290821 -0.053231
v -0.529644 2.295656 -0.086679
v -0.532765 2.290381 -0.086679
v -0.527064 2.293428 -0.090010
v -0.532765 2.290381 -0.086679
v -0.529570 2.289192 -0.090010
v -0.527064 2.293428 -0.090010
v -0.529570 2.289192 -0.090010
v -0.530547 2.266510 -0.089990
v -0.527064 2.293428 -0.090010
v -0.530547 2.266510 -0.089990
v -0.476944 2.266510 -0.091214
v -0.527064 2.293428 -0.090010
v -0.476944 2.266510 -0.091214
v -0.477029 2.321663 -0.090033
v -0.527064 2.293428 -0.090010
v -0.477029 2.321663 -0.090033
v -0.476944 2.266510 -0.091214
v -0.465547 2.266510 -0.091214
v -0.465547 2.322714 -0.089990
v -0.477029 2.321663 -0.090033
v -0.465547 2.266510 -0.091214
v -0.465547 2.322714 -0.089990
v -0.465547 2.266510 -0.091214
v -0.381494 2.266510 -0.091214
v -0.381494 2.322714 -0.089990
v -0.465547 2.322714 -0.089990
v -0.381494 2.266510 -0.091214
v -0.465547 2.322714 -0.089990
v -0.381494 2.322714 -0.089990
v -0.465547 2.326057 -0.086647
v -0.381494 2.322714 -0.089990
v -0.381494 2.326057 -0.086647
v -0.465547 2.326057 -0.086647
v -0.465547 2.326057 -0.086647
v -0.381494 2.326057 -0.086647
v -0.432678 2.327281 -0.053231
v -0.381494 2.326057 -0.086647
v -0.381494 2.327281 -0.053231
v -0.432678 2.327281 -0.053231
v -0.530547 2.266510 -0.089990
v -0.529570 2.289192 -0.090010
v -0.533890 2.266510 -0.086647
v -0.529570 2.289192 -0.090010
v -0.532765 2.290381 -0.086679
v -0.533890 2.266510 -0.086647
v -0.533890 2.266510 -0.086647
v -0.532765 2.290381 -0.086679
v -0.535114 2.266510 -0.053231
v -0.532765 2.290381 -0.086679
v -0.533948 2.290821 -0.053231
v -0.535114 2.266510 -0.053231
v 0.065977 2.303468 0.453868
v 0.057551 2.303468 0.453868
v 0.065977 2.303468 0.416193
v 0.057551 2.303468 0.453868
v 0.057551 2.303468 0.416193
v 0.065977 2.303468 0.416193
v 0.065977 2.303468 0.416193
v 0.057551 2.303468 0.416193
v 0.045977 2.303468 0.365167
v 0.057551 2.303468 0.416193
v 0.037551 2.303468 0.365167
v 0.045977 2.303468 0.365167
v 0.045977 2.303468 0.365167
v 0.037551 2.303468 0.365167
v 0.037551 2.303468 0.350297
v 0.045977 2.303468 0.348470
v 0.045977 2.303468 0.365167
v 0.037551 2.303468 0.350297
v -0.381494 2.327281 0.051136
v -0.432678 2.327281 0.051136
v -0.381494 2.323281 0.051136
v -0.432678 2.327281 0.051136
v -0.432678 2.323281 0.051136
v -0.381494 2.323281 0.051136
v -0.465547 2.323281 0.051136
v -0.465547 2.327281 0.051136
v -0.476000 2.322630 0.051136
v -0.465547 2.327281 0.051136
v -0.477033 2.326462 0.051136
v -0.476000 2.322630 0.051136
v -0.533948 2.290821 0.051136
v -0.535114 2.266510 0.051136
v -0.530259 2.289449 0.051136
v -0.535114 2.266510 0.051136
v -0.531082 2.266510 0.051136
v -0.530259 2.289449 0.051136
v -0.477032 2.325152 0.084623
v -0.477033 2.326462 0.051136
v -0.465547 2.327281 0.057088
v -0.477033 2.326462 0.051136
v -0.465547 2.327281 0.051136
v -0.465547 2.327281 0.057088
v -0.527064 2.293428 0.087914
v -0.529570 2.289192 0.087914
v -0.532765 2.290381 0.084584
v -0.529644 2.295656 0.084584
v -0.527064 2.293428 0.087914
v -0.532765 2.290381 0.084584
v -0.527064 2.293428 0.087914
v -0.529644 2.295656 0.084584
v -0.477029 2.321663 0.087938
v -0.529644 2.295656 0.084584
v -0.477032 2.325152 0.084623
v -0.477029 2.321663 0.087938
v -0.477029 2.321663 0.087938
v -0.477032 2.325152 0.084623
v -0.465547 2.322714 0.087895
v -0.477032 2.325152 0.084623
v -0.465547 2.326057 0.084552
v -0.465547 2.322714 0.087895
v -0.465547 2.326057 0.084552
v -0.477032 2.325152 0.084623
v -0.465547 2.327281 0.057088
v -0.465547 2.326057 0.084552
v -0.465547 2.327281 0.057088
v -0.432678 2.327281 0.051136
v -0.465547 2.327281 0.057088
v -0.432678 2.327281 0.057088
v -0.432678 2.327281 0.051136
v -0.529644 2.295656 0.084584
v -0.532765 2.290381 0.084584
v -0.533948 2.290821 0.051136
v -0.530600 2.296481 0.051136
v -0.529644 2.295656 0.084584
v -0.533948 2.290821 0.051136
v -0.477032 2.325152 0.084623
v -0.529644 2.295656 0.084584
v -0.530600 2.296481 0.051136
v -0.477033 2.326462 0.051136
v -0.477032 2.325152 0.084623
v -0.530600 2.296481 0.051136
v -0.533948 2.290821 0.051136
v -0.532765 2.290381 0.084584
v -0.535114 2.266510 0.051136
v -0.532765 2.290381 0.084584
v -0.533890 2.266510 0.084552
v -0.535114 2.266510 0.051136
v -0.532765 2.290381 0.084584
v -0.529570 2.289192 0.087914
v -0.533890 2.266510 0.084552
v -0.529570 2.289192 0.087914
v -0.530547 2.266510 0.087895
v -0.533890 2.266510 0.084552
v -0.530547 2.266510 0.087895
v -0.529570 2.289192 0.087914
v -0.527064 2.293428 0.087914
v -0.476944 2.266510 0.089118
v -0.530547 2.266510 0.087895
v -0.527064 2.293428 0.087914
v -0.477029 2.321663 0.087938
v -0.476944 2.266510 0.089118
v -0.527064 2.293428 0.087914
v -0.465547 2.266510 0.089118
v -0.476944 2.266510 0.089118
v -0.477029 2.321663 0.087938
v -0.465547 2.322714 0.087895
v -0.465547 2.266510 0.089118
v -0.477029 2.321663 0.087938
v -0.381494 2.266510 0.089118
v -0.465547 2.266510 0.089118
v -0.465547 2.322714 0.087895
v -0.381494 2.322714 0.087895
v -0.381494 2.266510 0.089118
v -0.465547 2.322714 0.087895
v -0.381494 2.322714 0.087895
v -0.465547 2.322714 0.087895
v -0.465547 2.326057 0.084552
v -0.381494 2.326057 0.084552
v -0.381494 2.322714 0.087895
v -0.465547 2.326057 0.084552
v -0.381494 2.326057 0.084552
v -0.465547 2.326057 0.084552
v -0.432678 2.327281 0.051136
v -0.381494 2.327281 0.051136
v -0.381494 2.326057 0.084552
v -0.432678 2.327281 0.051136
v -0.503356 2.247433 0.042585
v -0.483733 2.300794 0.042585
v -0.503356 2.247433 -0.044690
v -0.483733 2.300794 0.042585
v -0.483733 2.300794 -0.044690
v -0.503356 2.247433 -0.044690
v -0.468377 2.335887 0.034619
v -0.468377 2.335887 -0.036724
v -0.464206 2.328364 0.034619
v -0.468377 2.335887 -0.036724
v -0.464206 2.328364 -0.036724
v -0.464206 2.328364 0.034619
v -0.604227 2.243689 -0.048690
v -0.604058 2.255244 -0.048690
v -0.611227 2.243689 -0.048690
v -0.604058 2.255244 -0.048690
v -0.610526 2.257622 -0.048690
v -0.611227 2.243689 -0.048690
v -0.605425 2.263621 -0.048690
v -0.610526 2.257622 -0.048690
v -0.604058 2.255244 -0.048690
v -0.601477 2.257873 -0.048690
v -0.605425 2.263621 -0.048690
v -0.604058 2.255244 -0.048690
v -0.605425 2.263621 -0.048690
v -0.601477 2.257873 -0.048690
v -0.475394 2.328716 -0.048690
v -0.477481 2.335358 -0.048690
v -0.605425 2.263621 -0.048690
v -0.475394 2.328716 -0.048690
v -0.477481 2.335358 -0.048690
v -0.475394 2.328716 -0.048690
v -0.473776 2.336108 -0.048690
v -0.475394 2.328716 -0.048690
v -0.473114 2.329178 -0.048690
v -0.473776 2.336108 -0.048690
v -0.463409 2.335318 -0.048690
v -0.473776 2.336108 -0.048690
v -0.473114 2.329178 -0.048690
v -0.464206 2.328364 -0.048690
v -0.463409 2.335318 -0.048690
v -0.473114 2.329178 -0.048690
v -0.463409 2.335318 -0.048690
v -0.464206 2.328364 -0.048690
v -0.423247 2.330719 -0.048690
v -0.464206 2.328364 -0.048690
v -0.427088 2.297184 -0.048690
v -0.423247 2.330719 -0.048690
v -0.427088 2.297184 -0.048690
v -0.418124 2.324270 -0.048690
v -0.423247 2.330719 -0.048690
v -0.464206 2.328364 -0.036724
v -0.464206 2.328364 -0.044690
v -0.470427 2.329095 -0.044690
v -0.464206 2.328364 -0.036724
v -0.470427 2.329095 -0.044690
v -0.464206 2.328364 0.034619
v -0.470427 2.329095 -0.044690
v -0.473114 2.329178 -0.044690
v -0.464206 2.328364 0.034619
v -0.464206 2.328364 0.042585
v -0.464206 2.328364 0.034619
v -0.470427 2.329095 0.042585
v -0.473114 2.329178 0.042585
v -0.470427 2.329095 0.042585
v -0.464206 2.328364 0.034619
v -0.473114 2.329178 -0.044690
v -0.473114 2.329178 0.042585
v -0.464206 2.328364 0.034619
v -0.473114 2.329178 0.042585
v -0.473114 2.329178 -0.044690
v -0.475394 2.328716 0.042585
v -0.473114 2.329178 -0.044690
v -0.475394 2.328716 -0.044690
v -0.475394 2.328716 0.042585
v -0.475394 2.328716 -0.044690
v -0.483365 2.324481 -0.044690
v -0.475394 2.328716 0.042585
v -0.483365 2.324481 -0.044690
v -0.483365 2.324481 0.042585
v -0.475394 2.328716 0.042585
v -0.483365 2.324481 -0.044690
v -0.483733 2.300794 -0.044690
v -0.483365 2.324481 0.042585
v -0.483733 2.300794 -0.044690
v -0.483733 2.300794 0.042585
v -0.483365 2.324481 0.042585
v -0.503356 2.247433 -0.044690
v -0.604281 2.253071 -0.044690
v -0.503356 2.247433 0.042585
v -0.604281 2.253071 -0.044690
v -0.604281 2.253071 0.042585
v -0.503356 2.247433 0.042585
v -0.473776 2.336108 -0.048690
v -0.463409 2.335318 -0.048690
v -0.468377 2.335887 -0.036724
v -0.423247 2.330719 -0.036724
v -0.468377 2.335887 -0.036724
v -0.463409 2.335318 -0.048690
v -0.423247 2.330719 -0.048690
v -0.423247 2.330719 -0.036724
v -0.463409 2.335318 -0.048690
v -0.423247 2.330719 -0.036724
v -0.423247 2.330719 -0.048690
v -0.418124 2.324270 -0.036724
v -0.423247 2.330719 -0.048690
v -0.418124 2.324270 -0.048690
v -0.418124 2.324270 -0.036724
v -0.418124 2.324270 -0.036724
v -0.418124 2.324270 -0.048690
v -0.427088 2.297184 -0.036724
v -0.418124 2.324270 -0.048690
v -0.427088 2.297184 -0.048690
v -0.427088 2.297184 -0.036724
v -0.464206 2.328364 -0.036724
v -0.427088 2.297184 -0.036724
v -0.427088 2.297184 -0.048690
v -0.464206 2.328364 -0.048690
v -0.464206 2.328364 -0.036724
v -0.427088 2.297184 -0.048690
v -0.464206 2.328364 0.046585
v -0.427088 2.297184 0.046585
v -0.464206 2.328364 0.034619
v -0.427088 2.297184 0.046585
v -0.427088 2.297184 0.034619
v -0.464206 2.328364 0.034619
v -0.427088 2.297184 0.046585
v -0.418124 2.324270 0.046585
v -0.427088 2.297184 0.034619
v -0.418124 2.324270 0.046585
v -0.418124 2.324270 0.034619
v -0.427088 2.297184 0.034619
v -0.418124 2.324270 0.046585
v -0.423247 2.330719 0.046585
v -0.418124 2.324270 0.034619
v -0.423247 2.330719 0.046585
v -0.423247 2.330719 0.034619
v -0.418124 2.324270 0.034619
v -0.423247 2.330719 0.034619
v -0.423247 2.330719 0.046585
v -0.463409 2.335318 0.046585
v -0.468377 2.335887 0.034619
v -0.423247 2.330719 0.034619
v -0.463409 2.335318 0.046585
v -0.468377 2.335887 0.034619
v -0.463409 2.335318 0.046585
v -0.468377 2.335887 -0.036724
v -0.463409 2.335318 0.046585
v -0.473776 2.336108 0.046585
v -0.468377 2.335887 -0.036724
v -0.473776 2.336108 0.046585
v -0.473776 2.336108 -0.048690
v -0.468377 2.335887 -0.036724
v -0.473776 2.336108 0.046585
v -0.477481 2.335358 0.046585
v -0.473776 2.336108 -0.048690
v -0.477481 2.335358 0.046585
v -0.477481 2.335358 -0.048690
v -0.473776 2.336108 -0.048690
v -0.605425 2.263621 -0.048690
v -0.477481 2.335358 -0.048690
v -0.477481 2.335358 0.046585
v -0.605425 2.263621 0.046585
v -0.605425 2.263621 -0.048690
v -0.477481 2.335358 0.046585
v -0.610526 2.257622 -0.048690
v -0.605425 2.263621 -0.048690
v -0.605425 2.263621 0.046585
v -0.610526 2.257622 0.046585
v -0.610526 2.257622 -0.048690
v -0.605425 2.263621 0.046585
v -0.610526 2.257622 0.046585
v -0.611227 2.243689 0.046585
v -0.610526 2.257622 -0.048690
v -0.611227 2.243689 0.046585
v -0.611227 2.243689 -0.048690
v -0.610526 2.257622 -0.048690
v -0.059646 2.303468 0.453868
v -0.059646 2.303468 0.416193
v -0.059646 2.237688 0.416193
v -0.059646 2.237688 0.453868
v -0.059646 2.303468 0.453868
v -0.059646 2.237688 0.416193
v -0.059646 2.303468 0.453868
v -0.059646 2.237688 0.453868
v -0.059646 2.270704 0.504775
v -0.059646 2.237688 0.453868
v -0.059646 2.237688 0.493918
v -0.059646 2.270704 0.504775
v -0.059646 2.237688 0.493918
v -0.059646 2.240839 0.503616
v -0.059646 2.270704 0.504775
v -0.059646 2.240839 0.503616
v -0.059646 2.249089 0.509610
v -0.059646 2.270704 0.504775
v -0.059646 2.249089 0.509610
v -0.059646 2.260067 0.509770
v -0.059646 2.270704 0.504775
v -0.457230 2.299000 -0.023562
v -0.465998 2.308925 -0.023562
v -0.457230 2.299000 -0.018023
v -0.465998 2.308925 -0.023562
v -0.465998 2.308925 -0.018023
v -0.457230 2.299000 -0.018023
v -0.465998 2.308925 -0.023562
v -0.467548 2.317708 -0.023562
v -0.465998 2.308925 -0.018023
v -0.467548 2.317708 -0.023562
v -0.467548 2.317708 -0.018023
v -0.465998 2.308925 -0.018023
v -0.467548 2.317708 -0.018023
v -0.467548 2.317708 -0.023562
v -0.464828 2.324954 -0.018023
v -0.467548 2.317708 -0.023562
v -0.464828 2.324954 -0.023562
v -0.464828 2.324954 -0.018023
v -0.464828 2.324954 -0.018023
v -0.464828 2.324954 -0.023562
v -0.454474 2.329654 -0.018023
v -0.464828 2.324954 -0.023562
v -0.454474 2.329654 -0.023562
v -0.454474 2.329654 -0.018023
v -0.454474 2.329654 -0.018023
v -0.454474 2.329654 -0.023562
v -0.439498 2.328981 -0.018023
v -0.454474 2.329654 -0.023562
v -0.434204 2.328743 -0.023562
v -0.439498 2.328981 -0.018023
v -0.439498 2.328981 0.018018
v -0.439498 2.328981 -0.018023
v -0.434204 2.328743 0.023557
v -0.439498 2.328981 -0.018023
v -0.434204 2.328743 -0.023562
v -0.434204 2.328743 0.023557
v -0.465998 2.308925 0.023557
v -0.457230 2.299000 0.023557
v -0.457230 2.299000 0.018018
v -0.465998 2.308925 0.018018
v -0.465998 2.308925 0.023557
v -0.457230 2.299000 0.018018
v -0.465998 2.308925 0.018018
v -0.467548 2.317708 0.018018
v -0.465998 2.308925 0.023557
v -0.467548 2.317708 0.018018
v -0.467548 2.317708 0.023557
v -0.465998 2.308925 0.023557
v -0.464828 2.324954 0.023557
v -0.467548 2.317708 0.023557
v -0.467548 2.317708 0.018018
v -0.464828 2.324954 0.018018
v -0.464828 2.324954 0.023557
v -0.467548 2.317708 0.018018
v -0.464828 2.324954 0.018018
v -0.454474 2.329654 0.018018
v -0.464828 2.324954 0.023557
v -0.454474 2.329654 0.018018
v -0.454474 2.329654 0.023557
v -0.464828 2.324954 0.023557
v -0.454474 2.329654 0.018018
v -0.439498 2.328981 0.018018
v -0.454474 2.329654 0.023557
v -0.439498 2.328981 0.018018
v -0.434204 2.328743 0.023557
v -0.454474 2.329654 0.023557
v -0.048072 2.303468 0.348470
v -0.039646 2.303468 0.350297
v -0.048072 2.303468 0.365167
v -0.039646 2.303468 0.350297
v -0.039646 2.303468 0.365167
v -0.048072 2.303468 0.365167
v -0.039646 2.303468 0.365167
v -0.059646 2.303468 0.416193
v -0.048072 2.303468 0.365167
v -0.059646 2.303468 0.416193
v -0.068072 2.303468 0.416193
v -0.048072 2.303468 0.365167
v -0.059646 2.303468 0.416193
v -0.059646 2.303468 0.453868
v -0.068072 2.303468 0.416193
v -0.059646 2.303468 0.453868
v -0.068072 2.303468 0.453868
v -0.068072 2.303468 0.416193
v -0.440879 2.298264 -0.018023
v -0.439498 2.328981 -0.018023
v -0.440879 2.298264 0.018018
v -0.439498 2.328981 -0.018023
v -0.439498 2.328981 0.018018
v -0.440879 2.298264 0.018018
v -0.434204 2.328743 -0.023562
v -0.435586 2.298026 -0.023562
v -0.434204 2.328743 0.023557
v -0.435586 2.298026 -0.023562
v -0.435586 2.298026 0.023557
v -0.434204 2.328743 0.023557
v -0.451764 2.310442 -0.060488
v -0.445207 2.316999 -0.060488
v -0.451764 2.316999 -0.060488
v -0.445207 2.316999 -0.060488
v -0.451764 2.323555 -0.060488
v -0.451764 2.316999 -0.060488
v -0.451764 2.323555 -0.060488
v -0.458321 2.316999 -0.060488
v -0.451764 2.316999 -0.060488
v -0.458321 2.316999 -0.060488
v -0.451764 2.310442 -0.060488
v -0.451764 2.316999 -0.060488
v 0.086646 2.235334 -0.338150
v 0.094618 2.235334 -0.336014
v 0.054827 2.235334 -0.219398
v 0.094618 2.235334 -0.336014
v 0.062798 2.235334 -0.217262
v 0.054827 2.235334 -0.219398
v 0.086646 2.235334 -0.338150
v 0.086646 2.282299 -0.338150
v 0.094618 2.235334 -0.336014
v 0.086646 2.282299 -0.338150
v 0.094618 2.282299 -0.336014
v 0.094618 2.235334 -0.336014
v 0.114633 2.243517 -0.442599
v 0.122605 2.243517 -0.440463
v 0.086646 2.282299 -0.338150
v 0.122605 2.243517 -0.440463
v 0.094618 2.282299 -0.336014
v 0.086646 2.282299 -0.338150
v -0.086646 2.235334 -0.338150
v -0.054827 2.235334 -0.219398
v -0.094618 2.235334 -0.336014
v -0.054827 2.235334 -0.219398
v -0.062798 2.235334 -0.217262
v -0.094618 2.235334 -0.336014
v -0.094618 2.282299 -0.336014
v -0.086646 2.282299 -0.338150
v -0.094618 2.235334 -0.336014
v -0.086646 2.282299 -0.338150
v -0.086646 2.235334 -0.338150
v -0.094618 2.235334 -0.336014
v -0.114633 2.243517 -0.442599
v -0.086646 2.282299 -0.338150
v -0.122605 2.243517 -0.440463
v -0.086646 2.282299 -0.338150
v -0.094618 2.282299 -0.336014
v -0.122605 2.243517 -0.440463
v 0.000000 2.339455 -0.321769
v 0.000000 2.339455 -0.421380
v 0.014135 2.335667 -0.421380
v 0.014135 2.335667 -0.321769
v 0.000000 2.339455 -0.321769
v 0.014135 2.335667 -0.421380
v 0.014135 2.335667 -0.321769
v 0.014135 2.335667 -0.421380
v 0.024483 2.325319 -0.321769
v 0.014135 2.335667 -0.421380
v 0.024483 2.325319 -0.421380
v 0.024483 2.325319 -0.321769
v 0.024483 2.325319 -0.321769
v 0.024483 2.325319 -0.421380
v 0.028270 2.311184 -0.321769
v 0.024483 2.325319 -0.421380
v 0.028270 2.311184 -0.421380
v 0.028270 2.311184 -0.321769
v 0.028270 2.311184 -0.321769
v 0.028270 2.311184 -0.421380
v 0.024483 2.297048 -0.321769
v 0.028270 2.311184 -0.421380
v 0.024483 2.297048 -0.421380
v 0.024483 2.297048 -0.321769
v 0.000000 2.282913 -0.321769
v 0.014135 2.286700 -0.321769
v 0.000000 2.282913 -0.421380
v 0.014135 2.286700 -0.321769
v 0.014135 2.286700 -0.421380
v 0.000000 2.282913 -0.421380
v 0.024483 2.297048 -0.421380
v 0.014135 2.286700 -0.421380
v 0.014135 2.286700 -0.321769
v 0.024483 2.297048 -0.321769
v 0.024483 2.297048 -0.421380
v 0.014135 2.286700 -0.321769
v -0.068072 2.237688 0.416193
v -0.068072 2.303468 0.416193
v -0.068072 2.237688 0.453868
v -0.068072 2.303468 0.416193
v -0.068072 2.303468 0.453868
v -0.068072 2.237688 0.453868
v -0.068072 2.237688 0.453868
v -0.068072 2.303468 0.453868
v -0.068072 2.270704 0.504775
v -0.068072 2.237688 0.493918
v -0.068072 2.237688 0.453868
v -0.068072 2.270704 0.504775
v -0.068072 2.240839 0.503616
v -0.068072 2.237688 0.493918
v -0.068072 2.270704 0.504775
v -0.068072 2.249089 0.509610
v -0.068072 2.240839 0.503616
v -0.068072 2.270704 0.504775
v -0.068072 2.260067 0.509770
v -0.068072 2.249089 0.509610
v -0.068072 2.270704 0.504775
v -0.053231 2.323281 0.381494
v -0.053231 2.327281 0.381494
v -0.076192 2.323250 0.381494
v -0.053231 2.327281 0.381494
v -0.086647 2.326057 0.381494
v -0.076192 2.323250 0.381494
v -0.087183 2.312836 0.381494
v -0.076192 2.323250 0.381494
v -0.086647 2.326057 0.381494
v -0.089990 2.322714 0.381494
v -0.087183 2.312836 0.381494
v -0.086647 2.326057 0.381494
v -0.089990 2.322714 0.381494
v -0.091214 2.266510 0.381494
v -0.087183 2.312836 0.381494
v -0.091214 2.266510 0.381494
v -0.087227 2.266510 0.381494
v -0.087183 2.312836 0.381494
v 0.072387 2.236510 -0.457421
v -0.072387 2.236510 -0.457421
v 0.072387 2.236510 -0.624562
v -0.072387 2.236510 -0.457421
v -0.072387 2.236510 -0.624562
v 0.072387 2.236510 -0.624562
v 0.044558 2.249629 -0.566423
v 0.044558 2.253907 -0.559013
v 0.064095 2.249629 -0.566423
v 0.044558 2.253907 -0.559013
v 0.064095 2.253907 -0.559013
v 0.064095 2.249629 -0.566423
v 0.044558 2.253907 -0.559013
v 0.044558 2.262463 -0.559013
v 0.064095 2.253907 -0.559013
v 0.044558 2.262463 -0.559013
v 0.064095 2.262463 -0.559013
v 0.064095 2.253907 -0.559013
v 0.064095 2.262463 -0.559013
v 0.044558 2.262463 -0.559013
v 0.064095 2.266741 -0.566423
v 0.044558 2.262463 -0.559013
v 0.044558 2.266741 -0.566423
v 0.064095 2.266741 -0.566423
v 0.064095 2.266741 -0.566423
v 0.044558 2.266741 -0.566423
v 0.064095 2.262463 -0.573833
v 0.044558 2.266741 -0.566423
v 0.044558 2.262463 -0.573833
v 0.064095 2.262463 -0.573833
v 0.044558 2.262463 -0.573833
v 0.044558 2.253907 -0.573833
v 0.064095 2.262463 -0.573833
v 0.044558 2.253907 -0.573833
v 0.064095 2.253907 -0.573833
v 0.064095 2.262463 -0.573833
v 0.064095 2.253907 -0.573833
v 0.044558 2.253907 -0.573833
v 0.064095 2.249629 -0.566423
v 0.044558 2.253907 -0.573833
v 0.044558 2.249629 -0.566423
v 0.064095 2.249629 -0.566423
v -0.053231 2.323281 0.465547
v -0.053231 2.327281 0.465547
v -0.059183 2.323281 0.465547
v -0.053231 2.327281 0.465547
v -0.059183 2.327281 0.465547
v -0.059183 2.323281 0.465547
v -0.059183 2.323281 0.465547
v -0.059183 2.327281 0.465547
v -0.059183 2.323281 0.432678
v -0.059183 2.327281 0.465547
v -0.059183 2.327281 0.432678
v -0.059183 2.323281 0.432678
v -0.059183 2.323281 0.432678
v -0.059183 2.327281 0.432678
v -0.053231 2.327281 0.432678
v -0.053231 2.323281 0.432678
v -0.059183 2.323281 0.432678
v -0.053231 2.327281 0.432678
v 0.060572 2.270388 -0.570967
v 0.060572 2.270388 -0.559296
v 0.054561 2.270388 -0.570967
v 0.060572 2.270388 -0.559296
v 0.054561 2.270388 -0.559296
v 0.054561 2.270388 -0.570967
v 0.054561 2.270388 -0.559296
v 0.060572 2.270388 -0.559296
v 0.060572 2.266498 -0.555406
v 0.054561 2.266498 -0.555406
v 0.054561 2.270388 -0.559296
v 0.060572 2.266498 -0.555406
v 0.060572 2.266498 -0.555406
v 0.060572 2.236510 -0.555406
v 0.054561 2.266498 -0.555406
v 0.060572 2.236510 -0.555406
v 0.054561 2.236510 -0.555406
v 0.054561 2.266498 -0.555406
v -0.042453 2.249629 -0.566423
v -0.042453 2.253907 -0.573833
v -0.061990 2.249629 -0.566423
v -0.042453 2.253907 -0.573833
v -0.061990 2.253907 -0.573833
v -0.061990 2.249629 -0.566423
v -0.042453 2.253907 -0.573833
v -0.042453 2.262463 -0.573833
v -0.061990 2.253907 -0.573833
v -0.042453 2.262463 -0.573833
v -0.061990 2.262463 -0.573833
v -0.061990 2.253907 -0.573833
v -0.061990 2.262463 -0.573833
v -0.042453 2.262463 -0.573833
v -0.061990 2.266741 -0.566423
v -0.042453 2.262463 -0.573833
v -0.042453 2.266741 -0.566423
v -0.061990 2.266741 -0.566423
v -0.061990 2.266741 -0.566423
v -0.042453 2.266741 -0.566423
v -0.061990 2.262463 -0.559013
v -0.042453 2.266741 -0.566423
v -0.042453 2.262463 -0.559013
v -0.061990 2.262463 -0.559013
v -0.061990 2.262463 -0.559013
v -0.042453 2.262463 -0.559013
v -0.061990 2.253907 -0.559013
v -0.042453 2.262463 -0.559013
v -0.042453 2.253907 -0.559013
v -0.061990 2.253907 -0.559013
v -0.042453 2.253907 -0.559013
v -0.042453 2.249629 -0.566423
v -0.061990 2.253907 -0.559013
v -0.042453 2.249629 -0.566423
v -0.061990 2.249629 -0.566423
v -0.061990 2.253907 -0.559013
v 0.060488 2.310442 -0.451764
v 0.060488 2.316999 -0.445207
v 0.060488 2.316999 -0.451764
v 0.060488 2.316999 -0.445207
v 0.060488 2.323555 -0.451764
v 0.060488 2.316999 -0.451764
v 0.060488 2.323555 -0.451764
v 0.060488 2.316999 -0.458321
v 0.060488 2.316999 -0.451764
v 0.060488 2.316999 -0.458321
v 0.060488 2.310442 -0.451764
v 0.060488 2.316999 -0.451764
v 0.153123 2.256914 0.195075
v 0.186243 2.256914 0.198425
v 0.169951 2.256914 0.207831
v 0.186243 2.256914 0.198425
v 0.169051 2.256914 0.229034
v 0.169951 2.256914 0.207831
v 0.169051 2.256914 0.229034
v 0.153123 2.256914 0.195075
v 0.169951 2.256914 0.207831
v 0.171892 2.260179 0.271409
v 0.179469 2.260179 0.250045
v 0.171892 2.213520 0.271409
v 0.179469 2.260179 0.250045
v 0.179469 2.213520 0.250045
v 0.171892 2.213520 0.271409
v 0.110555 2.260179 0.282876
v 0.131919 2.260179 0.290453
v 0.110555 2.213520 0.282876
v 0.131919 2.260179 0.290453
v 0.131919 2.213520 0.290453
v 0.110555 2.213520 0.282876
v 0.075794 2.260179 0.209912
v 0.110555 2.260179 0.282876
v 0.075794 2.213520 0.209912
v 0.110555 2.260179 0.282876
v 0.110555 2.213520 0.282876
v 0.075794 2.213520 0.209912
v 0.179469 2.260179 0.250045
v 0.144707 2.260179 0.177081
v 0.179469 2.213520 0.250045
v 0.144707 2.260179 0.177081
v 0.144707 2.213520 0.177081
v 0.179469 2.213520 0.250045
v 0.171892 2.260179 0.271409
v 0.171892 2.213520 0.271409
v 0.131919 2.260179 0.290453
v 0.171892 2.213520 0.271409
v 0.131919 2.213520 0.290453
v 0.131919 2.260179 0.290453
v -0.230146 2.256914 -0.092379
v -0.260504 2.256914 -0.078719
v -0.251098 2.256914 -0.095012
v -0.260504 2.256914 -0.078719
v -0.260919 2.256914 -0.113824
v -0.251098 2.256914 -0.095012
v -0.260919 2.256914 -0.113824
v -0.230146 2.256914 -0.092379
v -0.251098 2.256914 -0.095012
v -0.284567 2.260179 -0.149101
v -0.280447 2.260179 -0.126811
v -0.284567 2.213520 -0.149101
v -0.280447 2.260179 -0.126811
v -0.280447 2.213520 -0.126811
v -0.284567 2.213520 -0.149101
v -0.259472 2.260179 -0.185580
v -0.259472 2.213520 -0.185580
v -0.237182 2.260179 -0.189700
v -0.259472 2.213520 -0.185580
v -0.237182 2.213520 -0.189700
v -0.237182 2.260179 -0.189700
v -0.170595 2.260179 -0.143892
v -0.237182 2.260179 -0.189700
v -0.170595 2.213520 -0.143892
v -0.237182 2.260179 -0.189700
v -0.237182 2.213520 -0.189700
v -0.170595 2.213520 -0.143892
v -0.280447 2.260179 -0.126811
v -0.213860 2.260179 -0.081003
v -0.280447 2.213520 -0.126811
v -0.213860 2.260179 -0.081003
v -0.213860 2.213520 -0.081003
v -0.280447 2.213520 -0.126811
v -0.284567 2.260179 -0.149101
v -0.284567 2.213520 -0.149101
v -0.259472 2.260179 -0.185580
v -0.284567 2.213520 -0.149101
v -0.259472 2.213520 -0.185580
v -0.259472 2.260179 -0.185580
v 0.338150 2.235334 0.086646
v 0.336014 2.235334 0.094618
v 0.219398 2.235334 0.054827
v 0.336014 2.235334 0.094618
v 0.217262 2.235334 0.062798
v 0.219398 2.235334 0.054827
v 0.338150 2.235334 0.086646
v 0.338150 2.282299 0.086646
v 0.336014 2.235334 0.094618
v 0.338150 2.282299 0.086646
v 0.336014 2.282299 0.094618
v 0.336014 2.235334 0.094618
v 0.442599 2.243517 0.114633
v 0.440463 2.243517 0.122605
v 0.338150 2.282299 0.086646
v 0.440463 2.243517 0.122605
v 0.336014 2.282299 0.094618
v 0.338150 2.282299 0.086646
v 0.338150 2.235334 -0.086646
v 0.219398 2.235334 -0.054827
v 0.336014 2.235334 -0.094618
v 0.219398 2.235334 -0.054827
v 0.217262 2.235334 -0.062798
v 0.336014 2.235334 -0.094618
v 0.336014 2.282299 -0.094618
v 0.338150 2.282299 -0.086646
v 0.336014 2.235334 -0.094618
v 0.338150 2.282299 -0.086646
v 0.338150 2.235334 -0.086646
v 0.336014 2.235334 -0.094618
v 0.442599 2.243517 -0.114633
v 0.338150 2.282299 -0.086646
v 0.440463 2.243517 -0.122605
v 0.338150 2.282299 -0.086646
v 0.336014 2.282299 -0.094618
v 0.440463 2.243517 -0.122605
v 0.321769 2.339455 -0.000000
v 0.421380 2.339455 -0.000000
v 0.421380 2.335667 0.014135
v 0.321769 2.335667 0.014135
v 0.321769 2.339455 -0.000000
v 0.421380 2.335667 0.014135
v 0.321769 2.335667 0.014135
v 0.421380 2.335667 0.014135
v 0.321769 2.325319 0.024483
v 0.421380 2.335667 0.014135
v 0.421380 2.325319 0.024483
v 0.321769 2.325319 0.024483
v 0.321769 2.325319 0.024483
v 0.421380 2.325319 0.024483
v 0.321769 2.311184 0.028270
v 0.421380 2.325319 0.024483
v 0.421380 2.311184 0.028270
v 0.321769 2.311184 0.028270
v 0.321769 2.311184 0.028270
v 0.421380 2.311184 0.028270
v 0.321769 2.297048 0.024483
v 0.421380 2.311184 0.028270
v 0.421380 2.297048 0.024483
v 0.321769 2.297048 0.024483
v 0.321769 2.282913 -0.000000
v 0.321769 2.286700 0.014135
v 0.421380 2.282913 -0.000000
v 0.321769 2.286700 0.014135
v 0.421380 2.286700 0.014135
v 0.421380 2.282913 -0.000000
v 0.421380 2.297048 0.024483
v 0.421380 2.286700 0.014135
v 0.321769 2.286700 0.014135
v 0.321769 2.297048 0.024483
v 0.421380 2.297048 0.024483
v 0.321769 2.286700 0.014135
v 0.085131 2.266510 0.381494
v 0.089118 2.266510 0.381494
v 0.085087 2.312836 0.381494
v 0.089118 2.266510 0.381494
v 0.087895 2.322714 0.381494
v 0.085087 2.312836 0.381494
v 0.087895 2.322714 0.381494
v 0.084552 2.326057 0.381494
v 0.085087 2.312836 0.381494
v 0.084552 2.326057 0.381494
v 0.074097 2.323250 0.381494
v 0.085087 2.312836 0.381494
v 0.084552 2.326057 0.381494
v 0.051136 2.327281 0.381494
v 0.074097 2.323250 0.381494
v 0.051136 2.327281 0.381494
v 0.051136 2.323281 0.381494
v 0.074097 2.323250 0.381494
v 0.457421 2.236510 0.072387
v 0.457421 2.236510 -0.072387
v 0.624562 2.236510 0.072387
v 0.457421 2.236510 -0.072387
v 0.624562 2.236510 -0.072387
v 0.624562 2.236510 0.072387
v 0.566423 2.249629 0.044558
v 0.559013 2.253907 0.044558
v 0.566423 2.249629 0.064095
v 0.559013 2.253907 0.044558
v 0.559013 2.253907 0.064095
v 0.566423 2.249629 0.064095
v 0.559013 2.253907 0.044558
v 0.559013 2.262463 0.044558
v 0.559013 2.253907 0.064095
v 0.559013 2.262463 0.044558
v 0.559013 2.262463 0.064095
v 0.559013 2.253907 0.064095
v 0.559013 2.262463 0.064095
v 0.559013 2.262463 0.044558
v 0.566423 2.266741 0.064095
v 0.559013 2.262463 0.044558
v 0.566423 2.266741 0.044558
v 0.566423 2.266741 0.064095
v 0.566423 2.266741 0.064095
v 0.566423 2.266741 0.044558
v 0.573833 2.262463 0.064095
v 0.566423 2.266741 0.044558
v 0.573833 2.262463 0.044558
v 0.573833 2.262463 0.064095
v 0.573833 2.262463 0.044558
v 0.573833 2.253907 0.044558
v 0.573833 2.262463 0.064095
v 0.573833 2.253907 0.044558
v 0.573833 2.253907 0.064095
v 0.573833 2.262463 0.064095
v 0.573833 2.253907 0.064095
v 0.573833 2.253907 0.044558
v 0.566423 2.249629 0.064095
v 0.573833 2.253907 0.044558
v 0.566423 2.249629 0.044558
v 0.566423 2.249629 0.064095
v 0.057088 2.323281 0.432678
v 0.051136 2.323281 0.432678
v 0.051136 2.327281 0.432678
v 0.057088 2.327281 0.432678
v 0.057088 2.323281 0.432678
v 0.051136 2.327281 0.432678
v 0.057088 2.327281 0.432678
v 0.057088 2.327281 0.465547
v 0.057088 2.323281 0.432678
v 0.057088 2.327281 0.465547
v 0.057088 2.323281 0.465547
v 0.057088 2.323281 0.432678
v 0.057088 2.327281 0.465547
v 0.051136 2.327281 0.465547
v 0.057088 2.323281 0.465547
v 0.051136 2.327281 0.465547
v 0.051136 2.323281 0.465547
v 0.057088 2.323281 0.465547
v 0.570967 2.270388 0.060572
v 0.559296 2.270388 0.060572
v 0.570967 2.270388 0.054561
v 0.559296 2.270388 0.060572
v 0.559296 2.270388 0.054561
v 0.570967 2.270388 0.054561
v 0.559296 2.270388 0.054561
v 0.559296 2.270388 0.060572
v 0.555406 2.266498 0.060572
v 0.555406 2.266498 0.054561
v 0.559296 2.270388 0.054561
v 0.555406 2.266498 0.060572
v 0.555406 2.266498 0.060572
v 0.555406 2.236510 0.060572
v 0.555406 2.266498 0.054561
v 0.555406 2.236510 0.060572
v 0.555406 2.236510 0.054561
v 0.555406 2.266498 0.054561
v 0.566423 2.249629 -0.042453
v 0.573833 2.253907 -0.042453
v 0.566423 2.249629 -0.061990
v 0.573833 2.253907 -0.042453
v 0.573833 2.253907 -0.061990
v 0.566423 2.249629 -0.061990
v 0.573833 2.253907 -0.042453
v 0.573833 2.262463 -0.042453
v 0.573833 2.253907 -0.061990
v 0.573833 2.262463 -0.042453
v 0.573833 2.262463 -0.061990
v 0.573833 2.253907 -0.061990
v 0.573833 2.262463 -0.061990
v 0.573833 2.262463 -0.042453
v 0.566423 2.266741 -0.061990
v 0.573833 2.262463 -0.042453
v 0.566423 2.266741 -0.042453
v 0.566423 2.266741 -0.061990
v 0.566423 2.266741 -0.061990
v 0.566423 2.266741 -0.042453
v 0.559013 2.262463 -0.061990
v 0.566423 2.266741 -0.042453
v 0.559013 2.262463 -0.042453
v 0.559013 2.262463 -0.061990
v 0.559013 2.262463 -0.061990
v 0.559013 2.262463 -0.042453
v 0.559013 2.253907 -0.061990
v 0.559013 2.262463 -0.042453
v 0.559013 2.253907 -0.042453
v 0.559013 2.253907 -0.061990
v 0.559013 2.253907 -0.042453
v 0.566423 2.249629 -0.042453
v 0.559013 2.253907 -0.061990
v 0.566423 2.249629 -0.042453
v 0.566423 2.249629 -0.061990
v 0.559013 2.253907 -0.061990
v 0.473776 2.336108 0.048690
v 0.463409 2.335318 0.048690
v 0.468377 2.335887 0.036724
v 0.423247 2.330719 0.036724
v 0.468377 2.335887 0.036724
v 0.463409 2.335318 0.048690
v 0.423247 2.330719 0.048690
v 0.423247 2.330719 0.036724
v 0.463409 2.335318 0.048690
v 0.423247 2.330719 0.036724
v 0.423247 2.330719 0.048690
v 0.418124 2.324270 0.036724
v 0.423247 2.330719 0.048690
v 0.418124 2.324270 0.048690
v 0.418124 2.324270 0.036724
v 0.418124 2.324270 0.036724
v 0.418124 2.324270 0.048690
v 0.427088 2.297184 0.036724
v 0.418124 2.324270 0.048690
v 0.427088 2.297184 0.048690
v 0.427088 2.297184 0.036724
v 0.464206 2.328364 0.036724
v 0.427088 2.297184 0.036724
v 0.427088 2.297184 0.048690
v 0.464206 2.328364 0.048690
v 0.464206 2.328364 0.036724
v 0.427088 2.297184 0.048690
v 0.464206 2.328364 -0.046585
v 0.427088 2.297184 -0.046585
v 0.464206 2.328364 -0.034619
v 0.427088 2.297184 -0.046585
v 0.427088 2.297184 -0.034619
v 0.464206 2.328364 -0.034619
v 0.427088 2.297184 -0.046585
v 0.418124 2.324270 -0.046585
v 0.427088 2.297184 -0.034619
v 0.418124 2.324270 -0.046585
v 0.418124 2.324270 -0.034619
v 0.427088 2.297184 -0.034619
v 0.418124 2.324270 -0.046585
v 0.423247 2.330719 -0.046585
v 0.418124 2.324270 -0.034619
v 0.423247 2.330719 -0.046585
v 0.423247 2.330719 -0.034619
v 0.418124 2.324270 -0.034619
v 0.423247 2.330719 -0.034619
v 0.423247 2.330719 -0.046585
v 0.463409 2.335318 -0.046585
v 0.468377 2.335887 -0.034619
v 0.423247 2.330719 -0.034619
v 0.463409 2.335318 -0.046585
v 0.468377 2.335887 -0.034619
v 0.463409 2.335318 -0.046585
v 0.468377 2.335887 0.036724
v 0.463409 2.335318 -0.046585
v 0.473776 2.336108 -0.046585
v 0.468377 2.335887 0.036724
v 0.473776 2.336108 -0.046585
v 0.473776 2.336108 0.048690
v 0.468377 2.335887 0.036724
v 0.473776 2.336108 -0.046585
v 0.477481 2.335358 -0.046585
v 0.473776 2.336108 0.048690
v 0.477481 2.335358 -0.046585
v 0.477481 2.335358 0.048690
v 0.473776 2.336108 0.048690
v 0.605425 2.263621 0.048690
v 0.477481 2.335358 0.048690
v 0.477481 2.335358 -0.046585
v 0.605425 2.263621 -0.046585
v 0.605425 2.263621 0.048690
v 0.477481 2.335358 -0.046585
v 0.610526 2.257622 0.048690
v 0.605425 2.263621 0.048690
v 0.605425 2.263621 -0.046585
v 0.610526 2.257622 -0.046585
v 0.610526 2.257622 0.048690
v 0.605425 2.263621 -0.046585
v 0.610526 2.257622 -0.046585
v 0.611227 2.243689 -0.046585
v 0.610526 2.257622 0.048690
v 0.611227 2.243689 -0.046585
v 0.611227 2.243689 0.048690
v 0.610526 2.257622 0.048690
v 0.051136 2.322630 0.476000
v 0.051136 2.326462 0.477033
v 0.051136 2.293908 0.527620
v 0.051136 2.326462 0.477033
v 0.051136 2.296481 0.530600
v 0.051136 2.293908 0.527620
v 0.051136 2.296481 0.530600
v 0.051136 2.290821 0.533948
v 0.051136 2.293908 0.527620
v 0.051136 2.290821 0.533948
v 0.051136 2.289449 0.530259
v 0.051136 2.293908 0.527620
v 0.457230 2.299000 0.023562
v 0.465998 2.308925 0.023562
v 0.457230 2.299000 0.018023
v 0.465998 2.308925 0.023562
v 0.465998 2.308925 0.018023
v 0.457230 2.299000 0.018023
v 0.465998 2.308925 0.023562
v 0.467548 2.317708 0.023562
v 0.465998 2.308925 0.018023
v 0.467548 2.317708 0.023562
v 0.467548 2.317708 0.018023
v 0.465998 2.308925 0.018023
v 0.467548 2.317708 0.018023
v 0.467548 2.317708 0.023562
v 0.464828 2.324954 0.018023
v 0.467548 2.317708 0.023562
v 0.464828 2.324954 0.023562
v 0.464828 2.324954 0.018023
v 0.464828 2.324954 0.018023
v 0.464828 2.324954 0.023562
v 0.454474 2.329654 0.018023
v 0.464828 2.324954 0.023562
v 0.454474 2.329654 0.023562
v 0.454474 2.329654 0.018023
v 0.454474 2.329654 0.018023
v 0.454474 2.329654 0.023562
v 0.439498 2.328981 0.018023
v 0.454474 2.329654 0.023562
v 0.434204 2.328743 0.023562
v 0.439498 2.328981 0.018023
v 0.439498 2.328981 -0.018018
v 0.439498 2.328981 0.018023
v 0.434204 2.328743 -0.023557
v 0.439498 2.328981 0.018023
v 0.434204 2.328743 0.023562
v 0.434204 2.328743 -0.023557
v 0.465998 2.308925 -0.023557
v 0.457230 2.299000 -0.023557
v 0.457230 2.299000 -0.018018
v 0.465998 2.308925 -0.018018
v 0.465998 2.308925 -0.023557
v 0.457230 2.299000 -0.018018
v 0.465998 2.308925 -0.018018
v 0.467548 2.317708 -0.018018
v 0.465998 2.308925 -0.023557
v 0.467548 2.317708 -0.018018
v 0.467548 2.317708 -0.023557
v 0.465998 2.308925 -0.023557
v 0.464828 2.324954 -0.023557
v 0.467548 2.317708 -0.023557
v 0.467548 2.317708 -0.018018
v 0.464828 2.324954 -0.018018
v 0.464828 2.324954 -0.023557
v 0.467548 2.317708 -0.018018
v 0.464828 2.324954 -0.018018
v 0.454474 2.329654 -0.018018
v 0.464828 2.324954 -0.023557
v 0.454474 2.329654 -0.018018
v 0.454474 2.329654 -0.023557
v 0.464828 2.324954 -0.023557
v 0.454474 2.329654 -0.018018
v 0.439498 2.328981 -0.018018
v 0.454474 2.329654 -0.023557
v 0.439498 2.328981 -0.018018
v 0.434204 2.328743 -0.023557
v 0.454474 2.329654 -0.023557
v 0.047845 2.332034 0.441418
v 0.047845 2.334603 0.451029
v 0.047845 2.325624 0.433811
v 0.047845 2.334603 0.451029
v 0.047845 2.332280 0.459344
v 0.047845 2.325624 0.433811
v 0.047845 2.332280 0.459344
v 0.047845 2.325515 0.464704
v 0.047845 2.325624 0.433811
v 0.047845 2.325515 0.464704
v 0.047845 2.288787 0.465430
v 0.047845 2.325624 0.433811
v 0.047845 2.288787 0.465430
v 0.047845 2.285175 0.414584
v 0.047845 2.325624 0.433811
v 0.440879 2.298264 0.018023
v 0.439498 2.328981 0.018023
v 0.440879 2.298264 -0.018018
v 0.439498 2.328981 0.018023
v 0.439498 2.328981 -0.018018
v 0.440879 2.298264 -0.018018
v 0.434204 2.328743 0.023562
v 0.435586 2.298026 0.023562
v 0.434204 2.328743 -0.023557
v 0.435586 2.298026 0.023562
v 0.435586 2.298026 -0.023557
v 0.434204 2.328743 -0.023557
v 0.451764 2.310442 0.060488
v 0.445207 2.316999 0.060488
v 0.451764 2.316999 0.060488
v 0.445207 2.316999 0.060488
v 0.451764 2.323555 0.060488
v 0.451764 2.316999 0.060488
v 0.451764 2.323555 0.060488
v 0.458321 2.316999 0.060488
v 0.451764 2.316999 0.060488
v 0.458321 2.316999 0.060488
v 0.451764 2.310442 0.060488
v 0.451764 2.316999 0.060488
v -0.213104 2.330663 0.304186
v -0.251247 2.291047 0.377596
v -0.210448 2.318636 0.299075
v -0.251247 2.291047 0.377596
v -0.248592 2.279020 0.372485
v -0.210448 2.318636 0.299075
v -0.156906 2.279020 0.420125
v -0.159561 2.291047 0.425236
v -0.118762 2.318636 0.346715
v -0.159561 2.291047 0.425236
v -0.121417 2.330663 0.351826
v -0.118762 2.318636 0.346715
v -0.248592 2.279020 0.372485
v -0.156906 2.279020 0.420125
v -0.210448 2.318636 0.299075
v -0.156906 2.279020 0.420125
v -0.118762 2.318636 0.346715
v -0.210448 2.318636 0.299075
v -0.210448 2.318636 0.299075
v -0.118762 2.318636 0.346715
v -0.213104 2.330663 0.304186
v -0.118762 2.318636 0.346715
v -0.121417 2.330663 0.351826
v -0.213104 2.330663 0.304186
v -0.251247 2.291047 0.377596
v -0.159561 2.291047 0.425236
v -0.248592 2.279020 0.372485
v -0.159561 2.291047 0.425236
v -0.156906 2.279020 0.420125
v -0.248592 2.279020 0.372485
v -0.113885 2.331117 0.367821
v -0.112881 2.326572 0.365890
v -0.118904 2.331117 0.365214
v -0.112881 2.326572 0.365890
v -0.117900 2.326572 0.363282
v -0.118904 2.331117 0.365214
v -0.224500 2.326572 0.307893
v -0.229519 2.326572 0.305285
v -0.225504 2.331117 0.309824
v -0.229519 2.326572 0.305285
v -0.230522 2.331117 0.307216
v -0.225504 2.331117 0.309824
v -0.113885 2.331117 0.367821
v -0.105305 2.340028 0.351310
v -0.112881 2.326572 0.365890
v -0.105305 2.340028 0.351310
v -0.104302 2.335482 0.349378
v -0.112881 2.326572 0.365890
v -0.220939 2.335482 0.288773
v -0.221943 2.340028 0.290705
v -0.229519 2.326572 0.305285
v -0.221943 2.340028 0.290705
v -0.230522 2.331117 0.307216
v -0.229519 2.326572 0.305285
v -0.225504 2.331117 0.309824
v -0.260777 2.294482 0.377710
v -0.224500 2.326572 0.307893
v -0.260777 2.294482 0.377710
v -0.259773 2.289937 0.375779
v -0.224500 2.326572 0.307893
v -0.154177 2.294482 0.433100
v -0.118904 2.331117 0.365214
v -0.153174 2.289937 0.431168
v -0.118904 2.331117 0.365214
v -0.117900 2.326572 0.363282
v -0.153174 2.289937 0.431168
v -0.220939 2.335482 0.288773
v -0.229519 2.326572 0.305285
v -0.215920 2.335482 0.291381
v -0.229519 2.326572 0.305285
v -0.224500 2.326572 0.307893
v -0.215920 2.335482 0.291381
v -0.259773 2.289937 0.375779
v -0.153174 2.289937 0.431168
v -0.224500 2.326572 0.307893
v -0.153174 2.289937 0.431168
v -0.117900 2.326572 0.363282
v -0.224500 2.326572 0.307893
v -0.224500 2.326572 0.307893
v -0.117900 2.326572 0.363282
v -0.215920 2.335482 0.291381
v -0.117900 2.326572 0.363282
v -0.109320 2.335482 0.346770
v -0.215920 2.335482 0.291381
v -0.104302 2.335482 0.349378
v -0.109320 2.335482 0.346770
v -0.117900 2.326572 0.363282
v -0.112881 2.326572 0.365890
v -0.104302 2.335482 0.349378
v -0.117900 2.326572 0.363282
v -0.221943 2.340028 0.290705
v -0.220939 2.335482 0.288773
v -0.215920 2.335482 0.291381
v -0.216924 2.340028 0.293313
v -0.221943 2.340028 0.290705
v -0.215920 2.335482 0.291381
v -0.215920 2.335482 0.291381
v -0.109320 2.335482 0.346770
v -0.216924 2.340028 0.293313
v -0.109320 2.335482 0.346770
v -0.110324 2.340028 0.348702
v -0.216924 2.340028 0.293313
v -0.109320 2.335482 0.346770
v -0.104302 2.335482 0.349378
v -0.110324 2.340028 0.348702
v -0.104302 2.335482 0.349378
v -0.105305 2.340028 0.351310
v -0.110324 2.340028 0.348702
v -0.110324 2.340028 0.348702
v -0.105305 2.340028 0.351310
v -0.118904 2.331117 0.365214
v -0.105305 2.340028 0.351310
v -0.113885 2.331117 0.367821
v -0.118904 2.331117 0.365214
v -0.230522 2.331117 0.307216
v -0.221943 2.340028 0.290705
v -0.216924 2.340028 0.293313
v -0.225504 2.331117 0.309824
v -0.230522 2.331117 0.307216
v -0.216924 2.340028 0.293313
v -0.216924 2.340028 0.293313
v -0.110324 2.340028 0.348702
v -0.225504 2.331117 0.309824
v -0.110324 2.340028 0.348702
v -0.118904 2.331117 0.365214
v -0.225504 2.331117 0.309824
v -0.225504 2.331117 0.309824
v -0.118904 2.331117 0.365214
v -0.260777 2.294482 0.377710
v -0.118904 2.331117 0.365214
v -0.154177 2.294482 0.433100
v -0.260777 2.294482 0.377710
v 0.055317 2.285175 0.414584
v 0.055317 2.288787 0.465430
v 0.055317 2.325624 0.433811
v 0.055317 2.288787 0.465430
v 0.055317 2.325515 0.464704
v 0.055317 2.325624 0.433811
v 0.055317 2.325515 0.464704
v 0.055317 2.332280 0.459344
v 0.055317 2.325624 0.433811
v 0.055317 2.332280 0.459344
v 0.055317 2.334603 0.451029
v 0.055317 2.325624 0.433811
v 0.055317 2.334603 0.451029
v 0.055317 2.332034 0.441418
v 0.055317 2.325624 0.433811
v -0.259773 2.289937 0.375779
v -0.260777 2.294482 0.377710
v -0.153174 2.289937 0.431168
v -0.260777 2.294482 0.377710
v -0.154177 2.294482 0.433100
v -0.153174 2.289937 0.431168
v 0.112954 2.305925 0.430867
v 0.108480 2.314295 0.414170
v 0.118105 2.314038 0.411463
v 0.122579 2.305668 0.428159
v 0.112954 2.305925 0.430867
v 0.118105 2.314038 0.411463
v 0.122579 2.305668 0.428159
v 0.118105 2.314038 0.411463
v 0.167586 2.305668 0.412881
v 0.118105 2.314038 0.411463
v 0.160971 2.314038 0.396911
v 0.167586 2.305668 0.412881
v 0.160971 2.314038 0.396911
v 0.214594 2.314038 0.370468
v 0.167586 2.305668 0.412881
v 0.214594 2.314038 0.370468
v 0.223237 2.305668 0.385437
v 0.167586 2.305668 0.412881
v 0.274829 2.305668 0.350964
v 0.223237 2.305668 0.385437
v 0.214594 2.314038 0.370468
v 0.264306 2.314038 0.337251
v 0.274829 2.305668 0.350964
v 0.214594 2.314038 0.370468
v 0.312156 2.305668 0.318229
v 0.274829 2.305668 0.350964
v 0.264306 2.314038 0.337251
v 0.299933 2.314038 0.306007
v 0.312156 2.305668 0.318229
v 0.264306 2.314038 0.337251
v 0.047845 2.285175 0.414584
v 0.055317 2.285175 0.414584
v 0.047845 2.325624 0.433811
v 0.055317 2.285175 0.414584
v 0.055317 2.325624 0.433811
v 0.047845 2.325624 0.433811
v 0.047845 2.325624 0.433811
v 0.055317 2.325624 0.433811
v 0.047845 2.332034 0.441418
v 0.055317 2.325624 0.433811
v 0.055317 2.332034 0.441418
v 0.047845 2.332034 0.441418
v 0.055317 2.332034 0.441418
v 0.055317 2.334603 0.451029
v 0.047845 2.332034 0.441418
v 0.055317 2.334603 0.451029
v 0.047845 2.334603 0.451029
v 0.047845 2.332034 0.441418
v 0.055317 2.334603 0.451029
v 0.055317 2.332280 0.459344
v 0.047845 2.334603 0.451029
v 0.055317 2.332280 0.459344
v 0.047845 2.332280 0.459344
v 0.047845 2.334603 0.451029
v 0.047845 2.332280 0.459344
v 0.055317 2.332280 0.459344
v 0.047845 2.325515 0.464704
v 0.055317 2.332280 0.459344
v 0.055317 2.325515 0.464704
v 0.047845 2.325515 0.464704
v 0.055317 2.325515 0.464704
v 0.055317 2.288787 0.465430
v 0.047845 2.325515 0.464704
v 0.055317 2.288787 0.465430
v 0.047845 2.288787 0.465430
v 0.047845 2.325515 0.464704
v -0.112954 2.305925 -0.430867
v -0.108480 2.314295 -0.414170
v -0.118105 2.314038 -0.411463
v -0.122579 2.305668 -0.428159
v -0.112954 2.305925 -0.430867
v -0.118105 2.314038 -0.411463
v -0.122579 2.305668 -0.428159
v -0.118105 2.314038 -0.411463
v -0.167586 2.305668 -0.412881
v -0.118105 2.314038 -0.411463
v -0.160971 2.314038 -0.396911
v -0.167586 2.305668 -0.412881
v -0.160971 2.314038 -0.396911
v -0.214594 2.314038 -0.370468
v -0.167586 2.305668 -0.412881
v -0.214594 2.314038 -0.370468
v -0.223237 2.305668 -0.385437
v -0.167586 2.305668 -0.412881
v -0.274829 2.305668 -0.350964
v -0.223237 2.305668 -0.385437
v -0.214594 2.314038 -0.370468
v -0.264306 2.314038 -0.337251
v -0.274829 2.305668 -0.350964
v -0.214594 2.314038 -0.370468
v -0.312156 2.305668 -0.318229
v -0.274829 2.305668 -0.350964
v -0.264306 2.314038 -0.337251
v -0.299933 2.314038 -0.306007
v -0.312156 2.305668 -0.318229
v -0.264306 2.314038 -0.337251
v -0.036724 2.324270 0.418124
v -0.036724 2.297184 0.427088
v -0.036724 2.330719 0.423247
v -0.036724 2.297184 0.427088
v -0.036724 2.328364 0.464206
v -0.036724 2.330719 0.423247
v -0.036724 2.328364 0.464206
v -0.036724 2.335887 0.468377
v -0.036724 2.330719 0.423247
v 0.213104 2.330663 -0.304186
v 0.251247 2.291047 -0.377596
v 0.210448 2.318636 -0.299075
v 0.251247 2.291047 -0.377596
v 0.248592 2.279020 -0.372485
v 0.210448 2.318636 -0.299075
v 0.156906 2.279020 -0.420125
v 0.159561 2.291047 -0.425236
v 0.118762 2.318636 -0.346715
v 0.159561 2.291047 -0.425236
v 0.121417 2.330663 -0.351826
v 0.118762 2.318636 -0.346715
v 0.248592 2.279020 -0.372485
v 0.156906 2.279020 -0.420125
v 0.210448 2.318636 -0.299075
v 0.156906 2.279020 -0.420125
v 0.118762 2.318636 -0.346715
v 0.210448 2.318636 -0.299075
v 0.210448 2.318636 -0.299075
v 0.118762 2.318636 -0.346715
v 0.213104 2.330663 -0.304186
v 0.118762 2.318636 -0.346715
v 0.121417 2.330663 -0.351826
v 0.213104 2.330663 -0.304186
v 0.251247 2.291047 -0.377596
v 0.159561 2.291047 -0.425236
v 0.248592 2.279020 -0.372485
v 0.159561 2.291047 -0.425236
v 0.156906 2.279020 -0.420125
v 0.248592 2.279020 -0.372485
v 0.113885 2.331117 -0.367821
v 0.112881 2.326572 -0.365890
v 0.118904 2.331117 -0.365214
v 0.112881 2.326572 -0.365890
v 0.117900 2.326572 -0.363282
v 0.118904 2.331117 -0.365214
v 0.224500 2.326572 -0.307893
v 0.229519 2.326572 -0.305285
v 0.225504 2.331117 -0.309824
v 0.229519 2.326572 -0.305285
v 0.230522 2.331117 -0.307216
v 0.225504 2.331117 -0.309824
v 0.113885 2.331117 -0.367821
v 0.105305 2.340028 -0.351310
v 0.112881 2.326572 -0.365890
v 0.105305 2.340028 -0.351310
v 0.104302 2.335482 -0.349378
v 0.112881 2.326572 -0.365890
v 0.220939 2.335482 -0.288773
v 0.221943 2.340028 -0.290705
v 0.229519 2.326572 -0.305285
v 0.221943 2.340028 -0.290705
v 0.230522 2.331117 -0.307216
v 0.229519 2.326572 -0.305285
v 0.225504 2.331117 -0.309824
v 0.260777 2.294482 -0.377710
v 0.224500 2.326572 -0.307893
v 0.260777 2.294482 -0.377710
v 0.259773 2.289937 -0.375779
v 0.224500 2.326572 -0.307893
v 0.154177 2.294482 -0.433100
v 0.118904 2.331117 -0.365214
v 0.153174 2.289937 -0.431168
v 0.118904 2.331117 -0.365214
v 0.117900 2.326572 -0.363282
v 0.153174 2.289937 -0.431168
v 0.220939 2.335482 -0.288773
v 0.229519 2.326572 -0.305285
v 0.215920 2.335482 -0.291381
v 0.229519 2.326572 -0.305285
v 0.224500 2.326572 -0.307893
v 0.215920 2.335482 -0.291381
v 0.259773 2.289937 -0.375779
v 0.153174 2.289937 -0.431168
v 0.224500 2.326572 -0.307893
v 0.153174 2.289937 -0.431168
v 0.117900 2.326572 -0.363282
v 0.224500 2.326572 -0.307893
v 0.224500 2.326572 -0.307893
v 0.117900 2.326572 -0.363282
v 0.215920 2.335482 -0.291381
v 0.117900 2.326572 -0.363282
v 0.109320 2.335482 -0.346770
v 0.215920 2.335482 -0.291381
v 0.104302 2.335482 -0.349378
v 0.109320 2.335482 -0.346770
v 0.117900 2.326572 -0.363282
v 0.112881 2.326572 -0.365890
v 0.104302 2.335482 -0.349378
v 0.117900 2.326572 -0.363282
v 0.221943 2.340028 -0.290705
v 0.220939 2.335482 -0.288773
v 0.215920 2.335482 -0.291381
v 0.216924 2.340028 -0.293313
v 0.221943 2.340028 -0.290705
v 0.215920 2.335482 -0.291381
v 0.215920 2.335482 -0.291381
v 0.109320 2.335482 -0.346770
v 0.216924 2.340028 -0.293313
v 0.109320 2.335482 -0.346770
v 0.110324 2.340028 -0.348702
v 0.216924 2.340028 -0.293313
v 0.109320 2.335482 -0.346770
v 0.104302 2.335482 -0.349378
v 0.110324 2.340028 -0.348702
v 0.104302 2.335482 -0.349378
v 0.105305 2.340028 -0.351310
v 0.110324 2.340028 -0.348702
v 0.110324 2.340028 -0.348702
v 0.105305 2.340028 -0.351310
v 0.118904 2.331117 -0.365214
v 0.105305 2.340028 -0.351310
v 0.113885 2.331117 -0.367821
v 0.118904 2.331117 -0.365214
v 0.230522 2.331117 -0.307216
v 0.221943 2.340028 -0.290705
v 0.216924 2.340028 -0.293313
v 0.225504 2.331117 -0.309824
v 0.230522 2.331117 -0.307216
v 0.216924 2.340028 -0.293313
v 0.216924 2.340028 -0.293313
v 0.110324 2.340028 -0.348702
v 0.225504 2.331117 -0.309824
v 0.110324 2.340028 -0.348702
v 0.118904 2.331117 -0.365214
v 0.225504 2.331117 -0.309824
v 0.225504 2.331117 -0.309824
v 0.118904 2.331117 -0.365214
v 0.260777 2.294482 -0.377710
v 0.118904 2.331117 -0.365214
v 0.154177 2.294482 -0.433100
v 0.260777 2.294482 -0.377710
v -0.044690 2.300794 0.483733
v -0.044690 2.324481 0.483365
v -0.044690 2.247433 0.503356
v -0.044690 2.324481 0.483365
v -0.044690 2.257873 0.601477
v -0.044690 2.247433 0.503356
v -0.044690 2.257873 0.601477
v -0.044690 2.253071 0.604281
v -0.044690 2.247433 0.503356
v -0.044690 2.253071 0.604281
v -0.044690 2.257873 0.601477
v -0.044690 2.255244 0.604058
v -0.044690 2.328364 0.464206
v -0.048690 2.328364 0.464206
v -0.044690 2.329096 0.470427
v -0.048690 2.328364 0.464206
v -0.048690 2.329178 0.473114
v -0.044690 2.329096 0.470427
v -0.048690 2.329178 0.473114
v -0.044690 2.329178 0.473114
v -0.044690 2.329096 0.470427
v -0.044690 2.329178 0.473114
v -0.048690 2.329178 0.473114
v -0.048690 2.328716 0.475394
v -0.044690 2.328716 0.475394
v -0.044690 2.329178 0.473114
v -0.048690 2.328716 0.475394
v -0.044690 2.328716 0.475394
v -0.048690 2.328716 0.475394
v -0.044690 2.324481 0.483365
v -0.048690 2.328716 0.475394
v -0.048690 2.257873 0.601477
v -0.044690 2.324481 0.483365
v -0.048690 2.257873 0.601477
v -0.044690 2.257873 0.601477
v -0.044690 2.324481 0.483365
v -0.044690 2.257873 0.601477
v -0.048690 2.257873 0.601477
v -0.044690 2.255244 0.604058
v -0.048690 2.257873 0.601477
v -0.048690 2.255244 0.604058
v -0.044690 2.255244 0.604058
v -0.044690 2.255244 0.604058
v -0.048690 2.255244 0.604058
v -0.044690 2.253071 0.604281
v -0.048690 2.255244 0.604058
v -0.048690 2.243690 0.604227
v -0.044690 2.253071 0.604281
v -0.048690 2.243690 0.604227
v -0.044690 2.243690 0.604227
v -0.044690 2.253071 0.604281
v 0.259773 2.289937 -0.375779
v 0.260777 2.294482 -0.377710
v 0.153174 2.289937 -0.431168
v 0.260777 2.294482 -0.377710
v 0.154177 2.294482 -0.433100
v 0.153174 2.289937 -0.431168
v -0.025628 2.328564 0.402233
v -0.022047 2.333231 0.392905
v -0.027744 2.324983 0.400309
v -0.022047 2.333231 0.392905
v -0.022047 2.333231 0.384080
v -0.027744 2.324983 0.400309
v -0.022047 2.333231 0.384080
v -0.022047 2.333231 0.392905
v -0.015590 2.338186 0.383143
v -0.015590 2.338186 0.374546
v -0.022047 2.333231 0.384080
v -0.015590 2.338186 0.383143
v -0.015590 2.338186 0.383143
v -0.008070 2.341301 0.377203
v -0.015590 2.338186 0.374546
v -0.008070 2.341301 0.377203
v -0.008070 2.341301 0.368808
v -0.015590 2.338186 0.374546
v -0.008070 2.341301 0.368808
v -0.008070 2.341301 0.377203
v -0.001000 2.342232 0.375744
v -0.001000 2.342232 0.367423
v -0.008070 2.341301 0.368808
v -0.001000 2.342232 0.375744
v -0.001000 2.347375 0.365123
v -0.001000 2.347374 0.349303
v -0.001000 2.343374 0.365122
v -0.001000 2.347374 0.349303
v -0.001000 2.343374 0.349303
v -0.001000 2.343374 0.365122
v -0.001000 2.342232 0.375744
v -0.001000 2.347375 0.365123
v -0.001000 2.342232 0.367423
v -0.001000 2.347375 0.365123
v -0.001000 2.343374 0.365122
v -0.001000 2.342232 0.367423
v -0.001000 2.343374 0.365122
v -0.001000 2.343118 0.365637
v -0.001000 2.342232 0.367423
v 0.042585 2.243690 0.604227
v 0.042585 2.253071 0.604281
v -0.001052 2.243690 0.604227
v 0.042585 2.253071 0.604281
v -0.044690 2.253071 0.604281
v -0.001052 2.243690 0.604227
v -0.044690 2.253071 0.604281
v -0.044690 2.243690 0.604227
v -0.001052 2.243690 0.604227
v -0.087750 2.328769 0.393184
v -0.090574 2.327600 0.395080
v -0.090574 2.347375 0.353529
v -0.090574 2.347375 0.353529
v -0.047667 2.347375 0.362064
v -0.087750 2.328769 0.393184
v -0.008070 2.341301 0.377203
v -0.001000 2.347375 0.365123
v -0.001000 2.342232 0.375744
v -0.008070 2.341301 0.377203
v -0.015590 2.338186 0.383143
v -0.001000 2.347375 0.365123
v -0.015590 2.338186 0.383143
v -0.047667 2.347375 0.362064
v -0.001000 2.347375 0.365123
v -0.015590 2.338186 0.383143
v -0.022047 2.333231 0.392905
v -0.047667 2.347375 0.362064
v -0.047667 2.347375 0.362064
v -0.022047 2.333231 0.392905
v -0.054661 2.328769 0.399766
v -0.047667 2.347375 0.362064
v -0.054661 2.328769 0.399766
v -0.087750 2.328769 0.393184
v -0.022047 2.333231 0.392905
v -0.025628 2.328564 0.402233
v -0.054661 2.328769 0.399766
v -0.090574 2.347374 0.337413
v -0.045602 2.347375 0.346379
v -0.090574 2.347375 0.353529
v -0.045602 2.347375 0.346379
v -0.047667 2.347375 0.362064
v -0.090574 2.347375 0.353529
v -0.047667 2.347375 0.362064
v -0.045602 2.347375 0.346379
v -0.001000 2.347375 0.365123
v -0.045602 2.347375 0.346379
v -0.001000 2.347374 0.349303
v -0.001000 2.347375 0.365123
v 0.034619 2.335887 0.468377
v 0.034619 2.328364 0.464206
v 0.034619 2.330719 0.423247
v 0.034619 2.328364 0.464206
v 0.034619 2.297184 0.427088
v 0.034619 2.330719 0.423247
v 0.034619 2.297184 0.427088
v 0.034619 2.324270 0.418124
v 0.034619 2.330719 0.423247
v -0.001000 2.343374 0.349303
v -0.045602 2.343374 0.346379
v -0.001000 2.343374 0.365122
v -0.045602 2.343374 0.346379
v -0.047667 2.343374 0.362064
v -0.001000 2.343374 0.365122
v -0.047667 2.343374 0.362064
v -0.045602 2.343374 0.346379
v -0.090574 2.343374 0.353529
v -0.045602 2.343374 0.346379
v -0.090574 2.343374 0.337413
v -0.090574 2.343374 0.353529
v -0.090574 2.347374 0.337413
v -0.090574 2.347375 0.353529
v -0.090574 2.343374 0.337413
v -0.090574 2.347375 0.353529
v -0.090574 2.343374 0.353529
v -0.090574 2.343374 0.337413
v -0.090574 2.347375 0.353529
v -0.090574 2.327600 0.395080
v -0.090574 2.343374 0.353529
v -0.090574 2.327600 0.395080
v -0.090574 2.323860 0.393596
v -0.090574 2.343374 0.353529
v 0.001000 2.347375 0.365123
v 0.001000 2.343374 0.365123
v 0.001000 2.347375 0.349303
v 0.001000 2.343374 0.365123
v 0.001000 2.343374 0.349303
v 0.001000 2.347375 0.349303
v 0.001000 2.343118 0.365637
v 0.001000 2.343374 0.365123
v 0.001000 2.342232 0.367423
v 0.001000 2.343374 0.365123
v 0.001000 2.347375 0.365123
v 0.001000 2.342232 0.367423
v 0.001000 2.347375 0.365123
v 0.001000 2.342232 0.375744
v 0.001000 2.342232 0.367423
v 0.042585 2.257873 0.601477
v 0.042585 2.253071 0.604281
v 0.042585 2.255244 0.604058
v 0.042585 2.253071 0.604281
v 0.042585 2.257873 0.601477
v 0.042585 2.247433 0.503356
v 0.042585 2.257873 0.601477
v 0.042585 2.324481 0.483365
v 0.042585 2.247433 0.503356
v 0.042585 2.324481 0.483365
v 0.042585 2.300794 0.483733
v 0.042585 2.247433 0.503356
v 0.001000 2.343374 0.349303
v 0.045602 2.343374 0.346379
v 0.001000 2.347375 0.349303
v 0.045602 2.343374 0.346379
v 0.045602 2.347375 0.346379
v 0.001000 2.347375 0.349303
v 0.045602 2.343374 0.346379
v 0.090574 2.343374 0.337413
v 0.045602 2.347375 0.346379
v 0.090574 2.343374 0.337413
v 0.090574 2.347374 0.337413
v 0.045602 2.347375 0.346379
v 0.001000 2.342232 0.367423
v 0.008070 2.341301 0.368808
v 0.001000 2.343118 0.365637
v 0.001000 2.343118 0.365637
v 0.008070 2.341301 0.368808
v 0.001000 2.343374 0.365123
v 0.008070 2.341301 0.368808
v 0.047667 2.343374 0.362064
v 0.001000 2.343374 0.365123
v 0.015590 2.338186 0.374546
v 0.047667 2.343374 0.362064
v 0.008070 2.341301 0.368808
v 0.022047 2.333231 0.384080
v 0.047667 2.343374 0.362064
v 0.015590 2.338186 0.374546
v 0.022047 2.333231 0.384080
v 0.027744 2.324983 0.400309
v 0.047667 2.343374 0.362064
v 0.027744 2.324983 0.400309
v 0.054434 2.325169 0.398041
v 0.047667 2.343374 0.362064
v 0.047667 2.343374 0.362064
v 0.054434 2.325169 0.398041
v 0.090574 2.343374 0.353529
v 0.054434 2.325169 0.398041
v 0.087409 2.325171 0.391471
v 0.090574 2.343374 0.353529
v 0.090574 2.343374 0.353529
v 0.087409 2.325171 0.391471
v 0.090574 2.323860 0.393596
v 0.090574 2.323860 0.393596
v 0.087409 2.325171 0.391471
v 0.090574 2.327600 0.395080
v 0.087409 2.325171 0.391471
v 0.087750 2.328769 0.393184
v 0.090574 2.327600 0.395080
v 0.087409 2.325171 0.391471
v 0.054434 2.325169 0.398041
v 0.087750 2.328769 0.393184
v 0.054434 2.325169 0.398041
v 0.054661 2.328769 0.399766
v 0.087750 2.328769 0.393184
v 0.054661 2.328769 0.399766
v 0.054434 2.325169 0.398041
v 0.027744 2.324983 0.400309
v 0.025628 2.328564 0.402234
v 0.054661 2.328769 0.399766
v 0.027744 2.324983 0.400309
v 0.090574 2.343374 0.337413
v 0.045602 2.343374 0.346379
v 0.090574 2.343374 0.353529
v 0.045602 2.343374 0.346379
v 0.047667 2.343374 0.362064
v 0.090574 2.343374 0.353529
v 0.047667 2.343374 0.362064
v 0.045602 2.343374 0.346379
v 0.001000 2.343374 0.349303
v 0.001000 2.343374 0.365123
v 0.047667 2.343374 0.362064
v 0.001000 2.343374 0.349303
v 0.396928 2.311873 0.164413
v 0.372072 2.311872 0.214816
v 0.396928 2.316171 0.164413
v 0.372072 2.311872 0.214816
v 0.372072 2.316171 0.214816
v 0.396928 2.316171 0.164413
v 0.307438 2.316171 0.299641
v 0.340850 2.316171 0.261543
v 0.307438 2.311874 0.299641
v 0.340850 2.316171 0.261543
v 0.340850 2.311872 0.261543
v 0.307438 2.311874 0.299641
v 0.340850 2.316171 0.261543
v 0.372072 2.316171 0.214816
v 0.340850 2.311872 0.261543
v 0.372072 2.316171 0.214816
v 0.372072 2.311872 0.214816
v 0.340850 2.311872 0.261543
v 0.411939 2.303930 0.170631
v 0.426299 2.303930 0.128325
v 0.411939 2.308304 0.170631
v 0.426299 2.303930 0.128325
v 0.426299 2.308304 0.128325
v 0.411939 2.308304 0.170631
v 0.426299 2.303930 0.128325
v 0.426523 2.304471 0.124233
v 0.426299 2.308304 0.128325
v 0.426523 2.304471 0.124233
v 0.426523 2.308840 0.124233
v 0.426299 2.308304 0.128325
v 0.426523 2.304471 0.124233
v 0.424591 2.305936 0.120619
v 0.426523 2.308840 0.124233
v 0.424591 2.305936 0.120619
v 0.424591 2.310291 0.120619
v 0.426523 2.308840 0.124233
v 0.424591 2.305936 0.120619
v 0.421063 2.307901 0.118531
v 0.424591 2.310291 0.120619
v 0.421063 2.307901 0.118531
v 0.421063 2.312238 0.118531
v 0.424591 2.310291 0.120619
v 0.421063 2.307901 0.118531
v 0.416757 2.309907 0.118484
v 0.421063 2.312238 0.118531
v 0.416757 2.309907 0.118484
v 0.416757 2.314224 0.118484
v 0.421063 2.312238 0.118531
v 0.416757 2.309907 0.118484
v 0.412959 2.311349 0.120514
v 0.416757 2.314224 0.118484
v 0.412959 2.311349 0.120514
v 0.412959 2.315652 0.120514
v 0.416757 2.314224 0.118484
v 0.412959 2.311349 0.120514
v 0.410605 2.311872 0.124120
v 0.412959 2.315652 0.120514
v 0.410605 2.311872 0.124120
v 0.410605 2.316171 0.124120
v 0.412959 2.315652 0.120514
v 0.410605 2.311872 0.124120
v 0.396928 2.311873 0.164413
v 0.410605 2.316171 0.124120
v 0.396928 2.311873 0.164413
v 0.396928 2.316171 0.164413
v 0.410605 2.316171 0.124120
v 0.353740 2.308304 0.271434
v 0.318927 2.308304 0.311130
v 0.318927 2.303931 0.311130
v 0.353740 2.303931 0.271434
v 0.353740 2.308304 0.271434
v 0.318927 2.303931 0.311130
v 0.353740 2.308304 0.271434
v 0.353740 2.303931 0.271434
v 0.386143 2.303930 0.222940
v 0.386143 2.308304 0.222940
v 0.353740 2.308304 0.271434
v 0.386143 2.303930 0.222940
v 0.386143 2.303930 0.222940
v 0.411939 2.303930 0.170631
v 0.386143 2.308304 0.222940
v 0.411939 2.303930 0.170631
v 0.411939 2.308304 0.170631
v 0.386143 2.308304 0.222940
v 0.042585 2.243690 0.604227
v 0.046585 2.243690 0.604227
v 0.042585 2.253071 0.604281
v 0.046585 2.243690 0.604227
v 0.046585 2.255244 0.604058
v 0.042585 2.253071 0.604281
v 0.046585 2.255244 0.604058
v 0.042585 2.255244 0.604058
v 0.042585 2.253071 0.604281
v 0.042585 2.255244 0.604058
v 0.046585 2.255244 0.604058
v 0.046585 2.257873 0.601477
v 0.042585 2.257873 0.601477
v 0.042585 2.255244 0.604058
v 0.046585 2.257873 0.601477
v 0.042585 2.257873 0.601477
v 0.046585 2.257873 0.601477
v 0.042585 2.324481 0.483365
v 0.046585 2.257873 0.601477
v 0.046585 2.328716 0.475394
v 0.042585 2.324481 0.483365
v 0.046585 2.328716 0.475394
v 0.042585 2.328716 0.475394
v 0.042585 2.324481 0.483365
v 0.046585 2.328716 0.475394
v 0.046585 2.329178 0.473114
v 0.042585 2.328716 0.475394
v 0.046585 2.329178 0.473114
v 0.042585 2.329178 0.473114
v 0.042585 2.328716 0.475394
v 0.042585 2.329178 0.473114
v 0.046585 2.329178 0.473114
v 0.042585 2.329096 0.470427
v 0.046585 2.329178 0.473114
v 0.046585 2.328364 0.464206
v 0.042585 2.329096 0.470427
v 0.046585 2.328364 0.464206
v 0.042585 2.328364 0.464206
v 0.042585 2.329096 0.470427
v 0.318927 2.303931 0.311130
v 0.318927 2.308304 0.311130
v 0.307438 2.311874 0.299641
v 0.318927 2.308304 0.311130
v 0.307438 2.316171 0.299641
v 0.307438 2.311874 0.299641
v 0.462882 2.266510 0.092574
v 0.462882 2.283021 0.092574
v 0.458805 2.266510 0.092574
v 0.462882 2.283021 0.092574
v 0.458804 2.283021 0.092574
v 0.458805 2.266510 0.092574
v 0.458804 2.283021 0.092574
v 0.462882 2.283021 0.092574
v 0.458173 2.292236 0.092574
v 0.462882 2.283021 0.092574
v 0.461503 2.294271 0.092574
v 0.458173 2.292236 0.092574
v 0.461503 2.294271 0.092574
v 0.452550 2.300060 0.092574
v 0.458173 2.292236 0.092574
v 0.452550 2.300060 0.092574
v 0.450769 2.296461 0.092574
v 0.458173 2.292236 0.092574
v 0.336734 2.347374 0.092574
v 0.336734 2.343374 0.092574
v 0.353131 2.347374 0.092574
v 0.336734 2.343374 0.092574
v 0.353131 2.343374 0.092574
v 0.353131 2.347374 0.092574
v 0.353131 2.347374 0.092574
v 0.353131 2.343374 0.092574
v 0.452550 2.300060 0.092574
v 0.353131 2.343374 0.092574
v 0.450769 2.296461 0.092574
v 0.452550 2.300060 0.092574
v 0.322774 2.343374 0.133698
v 0.337390 2.343374 0.139752
v 0.336734 2.343374 0.092574
v 0.337390 2.343374 0.139752
v 0.352744 2.343374 0.094518
v 0.336734 2.343374 0.092574
v 0.352744 2.343374 0.094518
v 0.353131 2.343374 0.092574
v 0.336734 2.343374 0.092574
v 0.337390 2.343374 0.139752
v 0.322774 2.343374 0.133698
v 0.302562 2.343374 0.174684
v 0.316262 2.343374 0.182594
v 0.337390 2.343374 0.139752
v 0.302562 2.343374 0.174684
v 0.316262 2.343374 0.182594
v 0.302562 2.343374 0.174684
v 0.277172 2.343374 0.212682
v 0.289723 2.343374 0.222312
v 0.316262 2.343374 0.182594
v 0.277172 2.343374 0.212682
v 0.289723 2.343374 0.222312
v 0.277172 2.343374 0.212682
v 0.258888 2.343374 0.257473
v 0.277172 2.343374 0.212682
v 0.247701 2.343374 0.246287
v 0.258888 2.343374 0.257473
v 0.046585 2.324270 0.418124
v 0.046585 2.297184 0.427088
v 0.046585 2.330719 0.423247
v 0.046585 2.297184 0.427088
v 0.046585 2.328364 0.464206
v 0.046585 2.330719 0.423247
v 0.046585 2.328364 0.464206
v 0.046585 2.335318 0.463409
v 0.046585 2.330719 0.423247
v 0.046585 2.328364 0.464206
v 0.046585 2.329178 0.473114
v 0.046585 2.335318 0.463409
v 0.046585 2.329178 0.473114
v 0.046585 2.336108 0.473776
v 0.046585 2.335318 0.463409
v 0.046585 2.336108 0.473776
v 0.046585 2.329178 0.473114
v 0.046585 2.328716 0.475394
v 0.046585 2.335358 0.477481
v 0.046585 2.336108 0.473776
v 0.046585 2.328716 0.475394
v 0.046585 2.335358 0.477481
v 0.046585 2.328716 0.475394
v 0.046585 2.263621 0.605425
v 0.046585 2.328716 0.475394
v 0.046585 2.257873 0.601477
v 0.046585 2.263621 0.605425
v 0.046585 2.257873 0.601477
v 0.046585 2.255244 0.604058
v 0.046585 2.263621 0.605425
v 0.046585 2.255244 0.604058
v 0.046585 2.257622 0.610526
v 0.046585 2.263621 0.605425
v 0.046585 2.243690 0.611227
v 0.046585 2.257622 0.610526
v 0.046585 2.255244 0.604058
v 0.046585 2.243690 0.604227
v 0.046585 2.243690 0.611227
v 0.046585 2.255244 0.604058
v -0.018023 2.317708 0.467548
v -0.018023 2.324954 0.464828
v -0.018023 2.308925 0.465998
v -0.018023 2.324954 0.464828
v -0.018023 2.329654 0.454474
v -0.018023 2.308925 0.465998
v -0.018023 2.329654 0.454474
v -0.018023 2.328981 0.439498
v -0.018023 2.308925 0.465998
v -0.018023 2.328981 0.439498
v -0.018023 2.298264 0.440879
v -0.018023 2.308925 0.465998
v -0.018023 2.298264 0.440879
v -0.018023 2.299000 0.457230
v -0.018023 2.308925 0.465998
v 0.372072 2.311872 0.214816
v 0.316262 2.343374 0.182594
v 0.340850 2.311872 0.261543
v 0.316262 2.343374 0.182594
v 0.289723 2.343374 0.222312
v 0.340850 2.311872 0.261543
v 0.372072 2.311872 0.214816
v 0.396928 2.311873 0.164413
v 0.316262 2.343374 0.182594
v 0.396928 2.311873 0.164413
v 0.337390 2.343374 0.139752
v 0.316262 2.343374 0.182594
v 0.340850 2.311872 0.261543
v 0.289723 2.343374 0.222312
v 0.307438 2.311874 0.299641
v 0.289723 2.343374 0.222312
v 0.258888 2.343374 0.257473
v 0.307438 2.311874 0.299641
v 0.258888 2.343374 0.257473
v 0.326725 2.296480 0.325311
v 0.307438 2.311874 0.299641
v 0.326725 2.296480 0.325311
v 0.318927 2.303931 0.311130
v 0.307438 2.311874 0.299641
v 0.326725 2.296480 0.325311
v 0.365834 2.296479 0.280714
v 0.318927 2.303931 0.311130
v 0.365834 2.296479 0.280714
v 0.353740 2.303931 0.271434
v 0.318927 2.303931 0.311130
v 0.353740 2.303931 0.271434
v 0.365834 2.296479 0.280714
v 0.386143 2.303930 0.222940
v 0.365834 2.296479 0.280714
v 0.399345 2.296479 0.230562
v 0.386143 2.303930 0.222940
v 0.411939 2.303930 0.170631
v 0.386143 2.303930 0.222940
v 0.426022 2.296479 0.176464
v 0.386143 2.303930 0.222940
v 0.399345 2.296479 0.230562
v 0.426022 2.296479 0.176464
v 0.337390 2.343374 0.139752
v 0.396928 2.311873 0.164413
v 0.410605 2.311872 0.124120
v 0.352744 2.343374 0.094518
v 0.337390 2.343374 0.139752
v 0.410605 2.311872 0.124120
v 0.352744 2.343374 0.094518
v 0.410605 2.311872 0.124120
v 0.412959 2.311349 0.120514
v 0.352744 2.343374 0.094518
v 0.412959 2.311349 0.120514
v 0.416757 2.309907 0.118484
v 0.445410 2.296479 0.119347
v 0.352744 2.343374 0.094518
v 0.416757 2.309907 0.118484
v 0.353131 2.343374 0.092574
v 0.352744 2.343374 0.094518
v 0.445410 2.296479 0.119347
v 0.450769 2.296461 0.092574
v 0.353131 2.343374 0.092574
v 0.445410 2.296479 0.119347
v 0.450769 2.296461 0.092574
v 0.445410 2.296479 0.119347
v 0.452328 2.292180 0.121200
v 0.445410 2.296479 0.119347
v 0.426022 2.296479 0.176464
v 0.452328 2.292180 0.121200
v 0.426022 2.296479 0.176464
v 0.432640 2.292177 0.179205
v 0.452328 2.292180 0.121200
v 0.432640 2.292177 0.179205
v 0.426022 2.296479 0.176464
v 0.405548 2.292177 0.234143
v 0.426022 2.296479 0.176464
v 0.399345 2.296479 0.230562
v 0.405548 2.292177 0.234143
v 0.405548 2.292177 0.234143
v 0.399345 2.296479 0.230562
v 0.371517 2.292177 0.285075
v 0.399345 2.296479 0.230562
v 0.365834 2.296479 0.280714
v 0.371517 2.292177 0.285075
v 0.365834 2.296479 0.280714
v 0.326725 2.296480 0.325311
v 0.371517 2.292177 0.285075
v 0.326725 2.296480 0.325311
v 0.331893 2.292241 0.330479
v 0.371517 2.292177 0.285075
v 0.371517 2.292177 0.285075
v 0.331893 2.292241 0.330479
v 0.332397 2.283021 0.330983
v 0.421063 2.307901 0.118531
v 0.445410 2.296479 0.119347
v 0.416757 2.309907 0.118484
v 0.445410 2.296479 0.119347
v 0.421063 2.307901 0.118531
v 0.424591 2.305936 0.120619
v 0.426523 2.304471 0.124233
v 0.445410 2.296479 0.119347
v 0.424591 2.305936 0.120619
v 0.426523 2.304471 0.124233
v 0.426299 2.303930 0.128325
v 0.445410 2.296479 0.119347
v 0.445410 2.296479 0.119347
v 0.426299 2.303930 0.128325
v 0.426022 2.296479 0.176464
v 0.426299 2.303930 0.128325
v 0.411939 2.303930 0.170631
v 0.426022 2.296479 0.176464
v 0.458173 2.292236 0.092574
v 0.450769 2.296461 0.092574
v 0.452328 2.292180 0.121200
v 0.458173 2.292236 0.092574
v 0.452328 2.292180 0.121200
v 0.453078 2.283021 0.121402
v 0.452328 2.292180 0.121200
v 0.432640 2.292177 0.179205
v 0.453078 2.283021 0.121402
v 0.432640 2.292177 0.179205
v 0.433356 2.283021 0.179502
v 0.453078 2.283021 0.121402
v 0.432640 2.292177 0.179205
v 0.405548 2.292177 0.234143
v 0.433356 2.283021 0.179502
v 0.405548 2.292177 0.234143
v 0.406219 2.283021 0.234531
v 0.433356 2.283021 0.179502
v 0.405548 2.292177 0.234143
v 0.371517 2.292177 0.285075
v 0.406219 2.283021 0.234531
v 0.371517 2.292177 0.285075
v 0.372131 2.283021 0.285546
v 0.406219 2.283021 0.234531
v 0.372131 2.283021 0.285546
v 0.371517 2.292177 0.285075
v 0.332397 2.283021 0.330983
v 0.372131 2.283021 0.285546
v 0.332397 2.283021 0.330983
v 0.332397 2.266510 0.330983
v 0.372138 2.266510 0.285552
v 0.372131 2.283021 0.285546
v 0.332397 2.266510 0.330983
v 0.372131 2.283021 0.285546
v 0.372138 2.266510 0.285552
v 0.406227 2.266510 0.234535
v 0.406219 2.283021 0.234531
v 0.372131 2.283021 0.285546
v 0.406227 2.266510 0.234535
v 0.406219 2.283021 0.234531
v 0.406227 2.266510 0.234535
v 0.433364 2.266510 0.179505
v 0.433356 2.283021 0.179502
v 0.406219 2.283021 0.234531
v 0.433364 2.266510 0.179505
v 0.433356 2.283021 0.179502
v 0.433364 2.266510 0.179505
v 0.453078 2.283021 0.121402
v 0.433364 2.266510 0.179505
v 0.453087 2.266510 0.121404
v 0.453078 2.283021 0.121402
v 0.453078 2.283021 0.121402
v 0.453087 2.266510 0.121404
v 0.458805 2.266510 0.092574
v 0.458804 2.283021 0.092574
v 0.453078 2.283021 0.121402
v 0.458805 2.266510 0.092574
v 0.458804 2.283021 0.092574
v 0.458173 2.292236 0.092574
v 0.453078 2.283021 0.121402
v 0.247701 2.347374 0.246287
v 0.277172 2.347374 0.212682
v 0.258888 2.347375 0.257474
v 0.277172 2.347374 0.212682
v 0.289723 2.347374 0.222313
v 0.258888 2.347375 0.257474
v 0.289723 2.347374 0.222313
v 0.277172 2.347374 0.212682
v 0.316262 2.347374 0.182594
v 0.277172 2.347374 0.212682
v 0.302562 2.347374 0.174684
v 0.316262 2.347374 0.182594
v 0.316262 2.347374 0.182594
v 0.302562 2.347374 0.174684
v 0.337390 2.347374 0.139752
v 0.302562 2.347374 0.174684
v 0.322774 2.347374 0.133698
v 0.337390 2.347374 0.139752
v 0.337390 2.347374 0.139752
v 0.322774 2.347374 0.133698
v 0.336734 2.347374 0.092574
v 0.352744 2.347374 0.094518
v 0.337390 2.347374 0.139752
v 0.336734 2.347374 0.092574
v 0.352744 2.347374 0.094518
v 0.336734 2.347374 0.092574
v 0.353131 2.347374 0.092574
v -0.023562 2.324954 0.464828
v -0.023562 2.317708 0.467548
v -0.023562 2.329654 0.454474
v -0.023562 2.317708 0.467548
v -0.023562 2.308925 0.465998
v -0.023562 2.329654 0.454474
v -0.023562 2.308925 0.465998
v -0.023562 2.299000 0.457230
v -0.023562 2.329654 0.454474
v -0.023562 2.299000 0.457230
v -0.023562 2.298026 0.435586
v -0.023562 2.329654 0.454474
v -0.023562 2.298026 0.435586
v -0.023562 2.328743 0.434204
v -0.023562 2.329654 0.454474
v 0.214816 2.316171 0.372072
v 0.214816 2.311872 0.372072
v 0.164413 2.316171 0.396928
v 0.214816 2.311872 0.372072
v 0.164413 2.311873 0.396928
v 0.164413 2.316171 0.396928
v 0.214816 2.311872 0.372072
v 0.214816 2.316171 0.372072
v 0.261543 2.311872 0.340850
v 0.214816 2.316171 0.372072
v 0.261543 2.316171 0.340850
v 0.261543 2.311872 0.340850
v 0.261543 2.311872 0.340850
v 0.261543 2.316171 0.340850
v 0.299641 2.311874 0.307438
v 0.261543 2.316171 0.340850
v 0.299641 2.316171 0.307438
v 0.299641 2.311874 0.307438
v 0.164413 2.316171 0.396928
v 0.164413 2.311873 0.396928
v 0.124120 2.316171 0.410605
v 0.164413 2.311873 0.396928
v 0.124120 2.311872 0.410605
v 0.124120 2.316171 0.410605
v 0.124120 2.316171 0.410605
v 0.124120 2.311872 0.410605
v 0.120514 2.315652 0.412959
v 0.124120 2.311872 0.410605
v 0.120514 2.311349 0.412959
v 0.120514 2.315652 0.412959
v 0.120514 2.315652 0.412959
v 0.120514 2.311349 0.412959
v 0.118484 2.314224 0.416757
v 0.120514 2.311349 0.412959
v 0.118484 2.309907 0.416757
v 0.118484 2.314224 0.416757
v 0.118484 2.314224 0.416757
v 0.118484 2.309907 0.416757
v 0.118531 2.312238 0.421063
v 0.118484 2.309907 0.416757
v 0.118531 2.307901 0.421063
v 0.118531 2.312238 0.421063
v 0.118531 2.312238 0.421063
v 0.118531 2.307901 0.421063
v 0.120619 2.310291 0.424591
v 0.118531 2.307901 0.421063
v 0.120619 2.305936 0.424591
v 0.120619 2.310291 0.424591
v 0.120619 2.310291 0.424591
v 0.120619 2.305936 0.424591
v 0.124233 2.308840 0.426523
v 0.120619 2.305936 0.424591
v 0.124233 2.304471 0.426523
v 0.124233 2.308840 0.426523
v 0.124233 2.308840 0.426523
v 0.124233 2.304471 0.426523
v 0.128325 2.308304 0.426299
v 0.124233 2.304471 0.426523
v 0.128325 2.303930 0.426299
v 0.128325 2.308304 0.426299
v 0.128325 2.308304 0.426299
v 0.128325 2.303930 0.426299
v 0.170631 2.308304 0.411939
v 0.128325 2.303930 0.426299
v 0.170631 2.303930 0.411939
v 0.170631 2.308304 0.411939
v 0.170631 2.308304 0.411939
v 0.170631 2.303930 0.411939
v 0.222940 2.308304 0.386143
v 0.170631 2.303930 0.411939
v 0.222940 2.303930 0.386143
v 0.222940 2.308304 0.386143
v 0.271434 2.308304 0.353740
v 0.222940 2.308304 0.386143
v 0.222940 2.303930 0.386143
v 0.271434 2.303931 0.353740
v 0.271434 2.308304 0.353740
v 0.222940 2.303930 0.386143
v 0.271434 2.303931 0.353740
v 0.311130 2.303931 0.318927
v 0.271434 2.308304 0.353740
v 0.311130 2.303931 0.318927
v 0.311130 2.308304 0.318927
v 0.271434 2.308304 0.353740
v 0.311130 2.303931 0.318927
v 0.299641 2.311874 0.307438
v 0.311130 2.308304 0.318927
v 0.299641 2.311874 0.307438
v 0.299641 2.316171 0.307438
v 0.311130 2.308304 0.318927
v 0.094518 2.343374 0.352744
v 0.139752 2.343374 0.337390
v 0.092574 2.343374 0.336734
v 0.139752 2.343374 0.337390
v 0.133698 2.343374 0.322774
v 0.092574 2.343374 0.336734
v 0.092574 2.343374 0.353131
v 0.094518 2.343374 0.352744
v 0.092574 2.343374 0.336734
v 0.246287 2.343374 0.247701
v 0.212682 2.343374 0.277172
v 0.257473 2.343374 0.258888
v 0.212682 2.343374 0.277172
v 0.222312 2.343374 0.289723
v 0.257473 2.343374 0.258888
v 0.222312 2.343374 0.289723
v 0.212682 2.343374 0.277172
v 0.182594 2.343374 0.316262
v 0.212682 2.343374 0.277172
v 0.174684 2.343374 0.302562
v 0.182594 2.343374 0.316262
v 0.182594 2.343374 0.316262
v 0.174684 2.343374 0.302562
v 0.139752 2.343374 0.337390
v 0.174684 2.343374 0.302562
v 0.133698 2.343374 0.322774
v 0.139752 2.343374 0.337390
v 0.246287 2.347375 0.247701
v 0.212682 2.347374 0.277172
v 0.246287 2.343374 0.247701
v 0.212682 2.347374 0.277172
v 0.212682 2.343374 0.277172
v 0.246287 2.343374 0.247701
v 0.212682 2.343374 0.277172
v 0.212682 2.347374 0.277172
v 0.174684 2.347374 0.302562
v 0.174684 2.343374 0.302562
v 0.212682 2.343374 0.277172
v 0.174684 2.347374 0.302562
v 0.133698 2.343374 0.322774
v 0.174684 2.343374 0.302562
v 0.174684 2.347374 0.302562
v 0.133698 2.347374 0.322774
v 0.133698 2.343374 0.322774
v 0.174684 2.347374 0.302562
v 0.133698 2.343374 0.322774
v 0.133698 2.347374 0.322774
v 0.092574 2.347374 0.336734
v 0.092574 2.343374 0.336734
v 0.133698 2.343374 0.322774
v 0.092574 2.347374 0.336734
v 0.330983 2.266510 0.332397
v 0.285552 2.266510 0.372138
v 0.333752 2.266510 0.335166
v 0.285552 2.266510 0.372138
v 0.287982 2.266510 0.375305
v 0.333752 2.266510 0.335166
v 0.285552 2.266510 0.372138
v 0.234535 2.266510 0.406227
v 0.287982 2.266510 0.375305
v 0.234535 2.266510 0.406227
v 0.236531 2.266510 0.409683
v 0.287982 2.266510 0.375305
v 0.236531 2.266510 0.409683
v 0.234535 2.266510 0.406227
v 0.181033 2.266510 0.437052
v 0.234535 2.266510 0.406227
v 0.179505 2.266510 0.433364
v 0.181033 2.266510 0.437052
v 0.181033 2.266510 0.437052
v 0.179505 2.266510 0.433364
v 0.122437 2.266510 0.456942
v 0.179505 2.266510 0.433364
v 0.121404 2.266510 0.453087
v 0.122437 2.266510 0.456942
v 0.122437 2.266510 0.456942
v 0.121404 2.266510 0.453087
v 0.092574 2.266510 0.458805
v 0.092574 2.266510 0.462882
v 0.122437 2.266510 0.456942
v 0.092574 2.266510 0.458805
v 0.092574 2.296461 0.450769
v 0.092574 2.343374 0.353131
v 0.092574 2.300060 0.452550
v 0.092574 2.343374 0.353131
v 0.092574 2.347374 0.353131
v 0.092574 2.300060 0.452550
v 0.092574 2.343374 0.353131
v 0.092574 2.343374 0.336734
v 0.092574 2.347374 0.353131
v 0.092574 2.343374 0.336734
v 0.092574 2.347374 0.336734
v 0.092574 2.347374 0.353131
v 0.092574 2.266510 0.462882
v 0.092574 2.266510 0.458805
v 0.092574 2.283021 0.462882
v 0.092574 2.266510 0.458805
v 0.092574 2.283021 0.458804
v 0.092574 2.283021 0.462882
v 0.092574 2.283021 0.462882
v 0.092574 2.283021 0.458804
v 0.092574 2.292236 0.458173
v 0.092574 2.294271 0.461503
v 0.092574 2.283021 0.462882
v 0.092574 2.292236 0.458173
v 0.092574 2.300060 0.452550
v 0.092574 2.294271 0.461503
v 0.092574 2.292236 0.458173
v 0.092574 2.296461 0.450769
v 0.092574 2.300060 0.452550
v 0.092574 2.292236 0.458173
v 0.246287 2.347375 0.247701
v 0.246287 2.343374 0.247701
v 0.257473 2.343374 0.258888
v 0.257474 2.347375 0.258888
v 0.246287 2.347375 0.247701
v 0.257473 2.343374 0.258888
v 0.326543 2.300079 0.327957
v 0.257474 2.347375 0.258888
v 0.257473 2.343374 0.258888
v 0.325311 2.296480 0.326725
v 0.326543 2.300079 0.327957
v 0.257473 2.343374 0.258888
v 0.326543 2.300079 0.327957
v 0.325311 2.296480 0.326725
v 0.330479 2.292241 0.331893
v 0.332780 2.294281 0.334194
v 0.326543 2.300079 0.327957
v 0.330479 2.292241 0.331893
v 0.332780 2.294281 0.334194
v 0.330479 2.292241 0.331893
v 0.333751 2.283004 0.335166
v 0.330479 2.292241 0.331893
v 0.330983 2.283021 0.332397
v 0.333751 2.283004 0.335166
v 0.330983 2.283021 0.332397
v 0.330983 2.266510 0.332397
v 0.333751 2.283004 0.335166
v 0.330983 2.266510 0.332397
v 0.333752 2.266510 0.335166
v 0.333751 2.283004 0.335166
v 0.182594 2.343374 0.316262
v 0.214816 2.311872 0.372072
v 0.261543 2.311872 0.340850
v 0.222312 2.343374 0.289723
v 0.182594 2.343374 0.316262
v 0.261543 2.311872 0.340850
v 0.214816 2.311872 0.372072
v 0.182594 2.343374 0.316262
v 0.164413 2.311873 0.396928
v 0.182594 2.343374 0.316262
v 0.139752 2.343374 0.337390
v 0.164413 2.311873 0.396928
v 0.311130 2.303931 0.318927
v 0.325311 2.296480 0.326725
v 0.299641 2.311874 0.307438
v 0.325311 2.296480 0.326725
v 0.257473 2.343374 0.258888
v 0.299641 2.311874 0.307438
v 0.257473 2.343374 0.258888
v 0.222312 2.343374 0.289723
v 0.299641 2.311874 0.307438
v 0.222312 2.343374 0.289723
v 0.261543 2.311872 0.340850
v 0.299641 2.311874 0.307438
v 0.234531 2.283021 0.406219
v 0.285546 2.283021 0.372131
v 0.285075 2.292177 0.371517
v 0.234531 2.283021 0.406219
v 0.234535 2.266510 0.406227
v 0.285546 2.283021 0.372131
v 0.234535 2.266510 0.406227
v 0.285552 2.266510 0.372138
v 0.285546 2.283021 0.372131
v 0.285546 2.283021 0.372131
v 0.285552 2.266510 0.372138
v 0.330983 2.266510 0.332397
v 0.330983 2.283021 0.332397
v 0.285546 2.283021 0.372131
v 0.330983 2.266510 0.332397
v 0.285546 2.283021 0.372131
v 0.330983 2.283021 0.332397
v 0.285075 2.292177 0.371517
v 0.330983 2.283021 0.332397
v 0.330479 2.292241 0.331893
v 0.285075 2.292177 0.371517
v 0.285075 2.292177 0.371517
v 0.330479 2.292241 0.331893
v 0.325311 2.296480 0.326725
v 0.280714 2.296479 0.365834
v 0.285075 2.292177 0.371517
v 0.325311 2.296480 0.326725
v 0.280714 2.296479 0.365834
v 0.325311 2.296480 0.326725
v 0.311130 2.303931 0.318927
v 0.271434 2.303931 0.353740
v 0.280714 2.296479 0.365834
v 0.311130 2.303931 0.318927
v 0.179505 2.266510 0.433364
v 0.234535 2.266510 0.406227
v 0.234531 2.283021 0.406219
v 0.234143 2.292177 0.405548
v 0.285075 2.292177 0.371517
v 0.230562 2.296479 0.399345
v 0.285075 2.292177 0.371517
v 0.280714 2.296479 0.365834
v 0.230562 2.296479 0.399345
v 0.230562 2.296479 0.399345
v 0.280714 2.296479 0.365834
v 0.222940 2.303930 0.386143
v 0.280714 2.296479 0.365834
v 0.271434 2.303931 0.353740
v 0.222940 2.303930 0.386143
v 0.164413 2.311873 0.396928
v 0.139752 2.343374 0.337390
v 0.124120 2.311872 0.410605
v 0.139752 2.343374 0.337390
v 0.094518 2.343374 0.352744
v 0.124120 2.311872 0.410605
v 0.124120 2.311872 0.410605
v 0.094518 2.343374 0.352744
v 0.120514 2.311349 0.412959
v 0.120514 2.311349 0.412959
v 0.094518 2.343374 0.352744
v 0.118484 2.309907 0.416757
v 0.118484 2.309907 0.416757
v 0.094518 2.343374 0.352744
v 0.119347 2.296479 0.445410
v 0.094518 2.343374 0.352744
v 0.092574 2.343374 0.353131
v 0.119347 2.296479 0.445410
v 0.092574 2.343374 0.353131
v 0.092574 2.296461 0.450769
v 0.119347 2.296479 0.445410
v 0.121200 2.292180 0.452328
v 0.119347 2.296479 0.445410
v 0.092574 2.296461 0.450769
v 0.092574 2.292236 0.458173
v 0.121200 2.292180 0.452328
v 0.092574 2.296461 0.450769
v 0.121402 2.283021 0.453078
v 0.121200 2.292180 0.452328
v 0.092574 2.292236 0.458173
v 0.092574 2.283021 0.458804
v 0.121402 2.283021 0.453078
v 0.092574 2.292236 0.458173
v 0.092574 2.283021 0.458804
v 0.092574 2.266510 0.458805
v 0.121402 2.283021 0.453078
v 0.092574 2.266510 0.458805
v 0.121404 2.266510 0.453087
v 0.121402 2.283021 0.453078
v 0.121404 2.266510 0.453087
v 0.179505 2.266510 0.433364
v 0.121402 2.283021 0.453078
v 0.179505 2.266510 0.433364
v 0.179502 2.283021 0.433356
v 0.121402 2.283021 0.453078
v 0.179502 2.283021 0.433356
v 0.179505 2.266510 0.433364
v 0.234531 2.283021 0.406219
v 0.179502 2.283021 0.433356
v 0.234531 2.283021 0.406219
v 0.234143 2.292177 0.405548
v 0.234143 2.292177 0.405548
v 0.234531 2.283021 0.406219
v 0.285075 2.292177 0.371517
v 0.170631 2.303930 0.411939
v 0.176464 2.296479 0.426022
v 0.222940 2.303930 0.386143
v 0.176464 2.296479 0.426022
v 0.230562 2.296479 0.399345
v 0.222940 2.303930 0.386143
v 0.234143 2.292177 0.405548
v 0.230562 2.296479 0.399345
v 0.176464 2.296479 0.426022
v 0.179205 2.292177 0.432640
v 0.234143 2.292177 0.405548
v 0.176464 2.296479 0.426022
v 0.179205 2.292177 0.432640
v 0.179502 2.283021 0.433356
v 0.234143 2.292177 0.405548
v 0.179502 2.283021 0.433356
v 0.179205 2.292177 0.432640
v 0.121402 2.283021 0.453078
v 0.179205 2.292177 0.432640
v 0.121200 2.292180 0.452328
v 0.121402 2.283021 0.453078
v 0.179205 2.292177 0.432640
v 0.176464 2.296479 0.426022
v 0.121200 2.292180 0.452328
v 0.176464 2.296479 0.426022
v 0.119347 2.296479 0.445410
v 0.121200 2.292180 0.452328
v 0.119347 2.296479 0.445410
v 0.176464 2.296479 0.426022
v 0.128325 2.303930 0.426299
v 0.128325 2.303930 0.426299
v 0.124233 2.304471 0.426523
v 0.119347 2.296479 0.445410
v 0.119347 2.296479 0.445410
v 0.124233 2.304471 0.426523
v 0.120619 2.305936 0.424591
v 0.118531 2.307901 0.421063
v 0.119347 2.296479 0.445410
v 0.120619 2.305936 0.424591
v 0.118531 2.307901 0.421063
v 0.118484 2.309907 0.416757
v 0.119347 2.296479 0.445410
v 0.176464 2.296479 0.426022
v 0.170631 2.303930 0.411939
v 0.128325 2.303930 0.426299
v 0.018018 2.299000 0.457230
v 0.018018 2.298264 0.440879
v 0.018018 2.308925 0.465998
v 0.018018 2.298264 0.440879
v 0.018018 2.328981 0.439498
v 0.018018 2.308925 0.465998
v 0.018018 2.328981 0.439498
v 0.018018 2.329654 0.454474
v 0.018018 2.308925 0.465998
v 0.018018 2.329654 0.454474
v 0.018018 2.324954 0.464828
v 0.018018 2.308925 0.465998
v 0.018018 2.324954 0.464828
v 0.018018 2.317708 0.467548
v 0.018018 2.308925 0.465998
v 0.119798 2.300079 0.447094
v 0.177131 2.300079 0.427633
v 0.122082 2.294282 0.455615
v 0.177131 2.300079 0.427633
v 0.180507 2.294281 0.435783
v 0.122082 2.294282 0.455615
v 0.122437 2.283021 0.456942
v 0.122082 2.294282 0.455615
v 0.180507 2.294281 0.435783
v 0.181033 2.283021 0.437052
v 0.122437 2.283021 0.456942
v 0.180507 2.294281 0.435783
v 0.092574 2.294271 0.461503
v 0.092574 2.300060 0.452550
v 0.122082 2.294282 0.455615
v 0.092574 2.300060 0.452550
v 0.119798 2.300079 0.447094
v 0.122082 2.294282 0.455615
v 0.119798 2.300079 0.447094
v 0.092574 2.300060 0.452550
v 0.092574 2.347374 0.353131
v 0.094518 2.347374 0.352744
v 0.119798 2.300079 0.447094
v 0.092574 2.347374 0.353131
v 0.257474 2.347375 0.258888
v 0.326543 2.300079 0.327957
v 0.299641 2.316171 0.307438
v 0.326543 2.300079 0.327957
v 0.311130 2.308304 0.318927
v 0.299641 2.316171 0.307438
v 0.326543 2.300079 0.327957
v 0.281775 2.300079 0.367217
v 0.311130 2.308304 0.318927
v 0.281775 2.300079 0.367217
v 0.271434 2.308304 0.353740
v 0.311130 2.308304 0.318927
v 0.271434 2.308304 0.353740
v 0.281775 2.300079 0.367217
v 0.222940 2.308304 0.386143
v 0.281775 2.300079 0.367217
v 0.231433 2.300079 0.400854
v 0.222940 2.308304 0.386143
v 0.231433 2.300079 0.400854
v 0.177131 2.300079 0.427633
v 0.222940 2.308304 0.386143
v 0.177131 2.300079 0.427633
v 0.231433 2.300079 0.400854
v 0.235844 2.294281 0.408494
v 0.180507 2.294281 0.435783
v 0.177131 2.300079 0.427633
v 0.235844 2.294281 0.408494
v 0.180507 2.294281 0.435783
v 0.235844 2.294281 0.408494
v 0.236531 2.283021 0.409683
v 0.181033 2.283021 0.437052
v 0.180507 2.294281 0.435783
v 0.236531 2.283021 0.409683
v 0.181033 2.283021 0.437052
v 0.236531 2.283021 0.409683
v 0.181033 2.266510 0.437052
v 0.181033 2.283021 0.437052
v 0.181033 2.266510 0.437052
v 0.122437 2.266510 0.456942
v 0.122437 2.283021 0.456942
v 0.181033 2.283021 0.437052
v 0.122437 2.266510 0.456942
v 0.122437 2.283021 0.456942
v 0.122437 2.266510 0.456942
v 0.092574 2.266510 0.462882
v 0.092574 2.283021 0.462882
v 0.122437 2.283021 0.456942
v 0.092574 2.266510 0.462882
v 0.122437 2.283021 0.456942
v 0.092574 2.283021 0.462882
v 0.092574 2.294271 0.461503
v 0.122082 2.294282 0.455615
v 0.122437 2.283021 0.456942
v 0.092574 2.294271 0.461503
v 0.281775 2.300079 0.367217
v 0.326543 2.300079 0.327957
v 0.332780 2.294281 0.334194
v 0.287145 2.294281 0.374215
v 0.281775 2.300079 0.367217
v 0.332780 2.294281 0.334194
v 0.231433 2.300079 0.400854
v 0.281775 2.300079 0.367217
v 0.287145 2.294281 0.374215
v 0.235844 2.294281 0.408494
v 0.231433 2.300079 0.400854
v 0.287145 2.294281 0.374215
v 0.235844 2.294281 0.408494
v 0.287145 2.294281 0.374215
v 0.287982 2.283021 0.375305
v 0.236531 2.283021 0.409683
v 0.235844 2.294281 0.408494
v 0.287982 2.283021 0.375305
v 0.236531 2.283021 0.409683
v 0.287982 2.283021 0.375305
v 0.236531 2.266510 0.409683
v 0.236531 2.283021 0.409683
v 0.236531 2.266510 0.409683
v 0.181033 2.266510 0.437052
v 0.287982 2.283021 0.375305
v 0.287982 2.266510 0.375305
v 0.236531 2.266510 0.409683
v 0.333752 2.266510 0.335166
v 0.287982 2.266510 0.375305
v 0.333751 2.283004 0.335166
v 0.287982 2.266510 0.375305
v 0.287982 2.283021 0.375305
v 0.333751 2.283004 0.335166
v 0.333751 2.283004 0.335166
v 0.287982 2.283021 0.375305
v 0.332780 2.294281 0.334194
v 0.287982 2.283021 0.375305
v 0.287145 2.294281 0.374215
v 0.332780 2.294281 0.334194
v 0.177131 2.300079 0.427633
v 0.170631 2.308304 0.411939
v 0.222940 2.308304 0.386143
v 0.170631 2.308304 0.411939
v 0.177131 2.300079 0.427633
v 0.128325 2.308304 0.426299
v 0.177131 2.300079 0.427633
v 0.119798 2.300079 0.447094
v 0.128325 2.308304 0.426299
v 0.128325 2.308304 0.426299
v 0.119798 2.300079 0.447094
v 0.124233 2.308840 0.426523
v 0.124233 2.308840 0.426523
v 0.119798 2.300079 0.447094
v 0.120619 2.310291 0.424591
v 0.120619 2.310291 0.424591
v 0.119798 2.300079 0.447094
v 0.118531 2.312238 0.421063
v 0.119798 2.300079 0.447094
v 0.094518 2.347374 0.352744
v 0.118531 2.312238 0.421063
v 0.094518 2.347374 0.352744
v 0.118484 2.314224 0.416757
v 0.118531 2.312238 0.421063
v 0.120514 2.315652 0.412959
v 0.118484 2.314224 0.416757
v 0.094518 2.347374 0.352744
v 0.124120 2.316171 0.410605
v 0.120514 2.315652 0.412959
v 0.094518 2.347374 0.352744
v 0.094518 2.347374 0.352744
v 0.139752 2.347374 0.337390
v 0.124120 2.316171 0.410605
v 0.139752 2.347374 0.337390
v 0.164413 2.316171 0.396928
v 0.124120 2.316171 0.410605
v 0.139752 2.347374 0.337390
v 0.182594 2.347374 0.316262
v 0.164413 2.316171 0.396928
v 0.182594 2.347374 0.316262
v 0.214816 2.316171 0.372072
v 0.164413 2.316171 0.396928
v 0.214816 2.316171 0.372072
v 0.182594 2.347374 0.316262
v 0.261543 2.316171 0.340850
v 0.182594 2.347374 0.316262
v 0.222313 2.347374 0.289723
v 0.261543 2.316171 0.340850
v 0.261543 2.316171 0.340850
v 0.222313 2.347374 0.289723
v 0.299641 2.316171 0.307438
v 0.222313 2.347374 0.289723
v 0.257474 2.347375 0.258888
v 0.299641 2.316171 0.307438
v 0.365123 2.347374 -0.001000
v 0.365123 2.343374 -0.001000
v 0.349303 2.347374 -0.001000
v 0.365123 2.343374 -0.001000
v 0.349303 2.343374 -0.001000
v 0.349303 2.347374 -0.001000
v 0.365637 2.343117 -0.001000
v 0.365123 2.343374 -0.001000
v 0.367423 2.342232 -0.001000
v 0.365123 2.343374 -0.001000
v 0.365123 2.347374 -0.001000
v 0.367423 2.342232 -0.001000
v 0.365123 2.347374 -0.001000
v 0.375744 2.342232 -0.001000
v 0.367423 2.342232 -0.001000
v 0.023557 2.328743 0.434204
v 0.023557 2.298026 0.435586
v 0.023557 2.329654 0.454474
v 0.023557 2.298026 0.435586
v 0.023557 2.299000 0.457230
v 0.023557 2.329654 0.454474
v 0.023557 2.299000 0.457230
v 0.023557 2.308925 0.465998
v 0.023557 2.329654 0.454474
v 0.023557 2.308925 0.465998
v 0.023557 2.317708 0.467548
v 0.023557 2.329654 0.454474
v 0.023557 2.317708 0.467548
v 0.023557 2.324954 0.464828
v 0.023557 2.329654 0.454474
v 0.349303 2.343374 -0.001000
v 0.346379 2.343374 -0.045602
v 0.349303 2.347374 -0.001000
v 0.346379 2.343374 -0.045602
v 0.346379 2.347374 -0.045602
v 0.349303 2.347374 -0.001000
v 0.346379 2.343374 -0.045602
v 0.337413 2.343374 -0.090574
v 0.346379 2.347374 -0.045602
v 0.337413 2.343374 -0.090574
v 0.337413 2.347374 -0.090574
v 0.346379 2.347374 -0.045602
v 0.367423 2.342232 -0.001000
v 0.368808 2.341301 -0.008070
v 0.365637 2.343117 -0.001000
v 0.365637 2.343117 -0.001000
v 0.368808 2.341301 -0.008070
v 0.365123 2.343374 -0.001000
v 0.368808 2.341301 -0.008070
v 0.362064 2.343374 -0.047667
v 0.365123 2.343374 -0.001000
v 0.374546 2.338186 -0.015590
v 0.362064 2.343374 -0.047667
v 0.368808 2.341301 -0.008070
v 0.384080 2.333231 -0.022047
v 0.362064 2.343374 -0.047667
v 0.374546 2.338186 -0.015590
v 0.384080 2.333231 -0.022047
v 0.400309 2.324983 -0.027744
v 0.362064 2.343374 -0.047667
v 0.400309 2.324983 -0.027744
v 0.398041 2.325169 -0.054434
v 0.362064 2.343374 -0.047667
v 0.362064 2.343374 -0.047667
v 0.398041 2.325169 -0.054434
v 0.353529 2.343374 -0.090574
v 0.398041 2.325169 -0.054434
v 0.391471 2.325171 -0.087409
v 0.353529 2.343374 -0.090574
v 0.353529 2.343374 -0.090574
v 0.391471 2.325171 -0.087409
v 0.393596 2.323860 -0.090574
v 0.393596 2.323860 -0.090574
v 0.391471 2.325171 -0.087409
v 0.395080 2.327600 -0.090574
v 0.391471 2.325171 -0.087409
v 0.393184 2.328769 -0.087750
v 0.395080 2.327600 -0.090574
v 0.391471 2.325171 -0.087409
v 0.398041 2.325169 -0.054434
v 0.393184 2.328769 -0.087750
v 0.398041 2.325169 -0.054434
v 0.399766 2.328769 -0.054661
v 0.393184 2.328769 -0.087750
v 0.399766 2.328769 -0.054661
v 0.398041 2.325169 -0.054434
v 0.400309 2.324983 -0.027744
v 0.402234 2.328564 -0.025628
v 0.399766 2.328769 -0.054661
v 0.400309 2.324983 -0.027744
v 0.337413 2.343374 -0.090574
v 0.346379 2.343374 -0.045602
v 0.353529 2.343374 -0.090574
v 0.346379 2.343374 -0.045602
v 0.362064 2.343374 -0.047667
v 0.353529 2.343374 -0.090574
v 0.362064 2.343374 -0.047667
v 0.346379 2.343374 -0.045602
v 0.349303 2.343374 -0.001000
v 0.365123 2.343374 -0.001000
v 0.362064 2.343374 -0.047667
v 0.349303 2.343374 -0.001000
v 0.402234 2.328564 0.025628
v 0.392905 2.333231 0.022047
v 0.400309 2.324983 0.027744
v 0.392905 2.333231 0.022047
v 0.384080 2.333231 0.022047
v 0.400309 2.324983 0.027744
v 0.384080 2.333231 0.022047
v 0.392905 2.333231 0.022047
v 0.383143 2.338186 0.015590
v 0.374546 2.338186 0.015590
v 0.384080 2.333231 0.022047
v 0.383143 2.338186 0.015590
v 0.383143 2.338186 0.015590
v 0.377203 2.341301 0.008070
v 0.374546 2.338186 0.015590
v 0.377203 2.341301 0.008070
v 0.368808 2.341301 0.008070
v 0.374546 2.338186 0.015590
v 0.368808 2.341301 0.008070
v 0.377203 2.341301 0.008070
v 0.375744 2.342232 0.001000
v 0.367423 2.342232 0.001000
v 0.368808 2.341301 0.008070
v 0.375744 2.342232 0.001000
v 0.365123 2.347374 0.001000
v 0.349303 2.347374 0.001000
v 0.365123 2.343374 0.001000
v 0.349303 2.347374 0.001000
v 0.349303 2.343374 0.001000
v 0.365123 2.343374 0.001000
v 0.375744 2.342232 0.001000
v 0.365123 2.347374 0.001000
v 0.367423 2.342232 0.001000
v 0.365123 2.347374 0.001000
v 0.365123 2.343374 0.001000
v 0.367423 2.342232 0.001000
v 0.365123 2.343374 0.001000
v 0.365637 2.343117 0.001000
v 0.367423 2.342232 0.001000
v 0.000000 2.309441 0.443998
v 0.000000 2.321668 0.443998
v 0.012227 2.309441 0.443998
v 0.000000 2.309441 0.443998
v 0.012227 2.309441 0.443998
v 0.000000 2.297213 0.443998
v 0.000000 2.309441 0.443998
v -0.012227 2.309441 0.443998
v 0.000000 2.321668 0.443998
v 0.000000 2.309441 0.443998
v 0.000000 2.297213 0.443998
v -0.012227 2.309441 0.443998
v 0.000000 2.297213 0.421380
v 0.000000 2.297213 0.443998
v 0.012227 2.309441 0.421380
v 0.000000 2.297213 0.443998
v 0.012227 2.309441 0.443998
v 0.012227 2.309441 0.421380
v 0.012227 2.309441 0.421380
v 0.012227 2.309441 0.443998
v 0.000000 2.321668 0.421380
v 0.012227 2.309441 0.443998
v 0.000000 2.321668 0.443998
v 0.000000 2.321668 0.421380
v 0.000000 2.321668 0.443998
v -0.012227 2.309441 0.443998
v 0.000000 2.321668 0.421380
v -0.012227 2.309441 0.443998
v -0.012227 2.309441 0.421380
v 0.000000 2.321668 0.421380
v -0.012227 2.309441 0.421380
v -0.012227 2.309441 0.443998
v 0.000000 2.297213 0.421380
v -0.012227 2.309441 0.443998
v 0.000000 2.297213 0.443998
v 0.000000 2.297213 0.421380
v 0.060488 2.316999 0.451764
v 0.060488 2.323555 0.451764
v 0.060488 2.316999 0.445207
v 0.060488 2.316999 0.451764
v 0.060488 2.316999 0.445207
v 0.060488 2.310442 0.451764
v 0.060488 2.316999 0.451764
v 0.060488 2.316999 0.458321
v 0.060488 2.323555 0.451764
v 0.060488 2.316999 0.451764
v 0.060488 2.310442 0.451764
v 0.060488 2.316999 0.458321
v -0.338150 2.282299 0.086646
v -0.442599 2.243517 0.114633
v -0.338150 2.235334 0.086646
v -0.442599 2.243517 0.114633
v -0.442599 2.188370 0.114633
v -0.338150 2.235334 0.086646
v -0.219398 2.188370 0.054827
v -0.338150 2.235334 0.086646
v -0.442599 2.188370 0.114633
v -0.219398 2.235334 0.054827
v -0.338150 2.235334 0.086646
v -0.219398 2.188370 0.054827
v 0.393184 2.328769 0.087750
v 0.395080 2.327600 0.090574
v 0.353529 2.347374 0.090574
v 0.353529 2.347374 0.090574
v 0.362064 2.347374 0.047667
v 0.393184 2.328769 0.087750
v 0.377203 2.341301 0.008070
v 0.365123 2.347374 0.001000
v 0.375744 2.342232 0.001000
v 0.377203 2.341301 0.008070
v 0.383143 2.338186 0.015590
v 0.365123 2.347374 0.001000
v 0.383143 2.338186 0.015590
v 0.362064 2.347374 0.047667
v 0.365123 2.347374 0.001000
v 0.383143 2.338186 0.015590
v 0.392905 2.333231 0.022047
v 0.362064 2.347374 0.047667
v 0.362064 2.347374 0.047667
v 0.392905 2.333231 0.022047
v 0.399766 2.328769 0.054661
v 0.362064 2.347374 0.047667
v 0.399766 2.328769 0.054661
v 0.393184 2.328769 0.087750
v 0.392905 2.333231 0.022047
v 0.402234 2.328564 0.025628
v 0.399766 2.328769 0.054661
v 0.337413 2.347374 0.090574
v 0.346379 2.347374 0.045602
v 0.353529 2.347374 0.090574
v 0.346379 2.347374 0.045602
v 0.362064 2.347374 0.047667
v 0.353529 2.347374 0.090574
v 0.362064 2.347374 0.047667
v 0.346379 2.347374 0.045602
v 0.365123 2.347374 0.001000
v 0.346379 2.347374 0.045602
v 0.349303 2.347374 0.001000
v 0.365123 2.347374 0.001000
v -0.217262 2.235334 0.062798
v -0.217262 2.188370 0.062798
v -0.336014 2.235334 0.094618
v -0.217262 2.188370 0.062798
v -0.440463 2.188370 0.122605
v -0.336014 2.235334 0.094618
v -0.440463 2.188370 0.122605
v -0.440463 2.243517 0.122605
v -0.336014 2.235334 0.094618
v -0.440463 2.243517 0.122605
v -0.336014 2.282299 0.094618
v -0.336014 2.235334 0.094618
v 0.337413 2.347374 0.090574
v 0.353529 2.347374 0.090574
v 0.337413 2.343374 0.090574
v 0.353529 2.347374 0.090574
v 0.353529 2.343374 0.090574
v 0.337413 2.343374 0.090574
v 0.353529 2.347374 0.090574
v 0.395080 2.327600 0.090574
v 0.353529 2.343374 0.090574
v 0.395080 2.327600 0.090574
v 0.393596 2.323860 0.090574
v 0.353529 2.343374 0.090574
v 0.316705 2.347374 -0.181695
v 0.337390 2.347374 -0.139752
v 0.303005 2.347374 -0.173785
v 0.337390 2.347374 -0.139752
v 0.322774 2.347374 -0.133698
v 0.303005 2.347374 -0.173785
v 0.322774 2.347374 -0.133698
v 0.337390 2.347374 -0.139752
v 0.336734 2.347374 -0.092574
v 0.337390 2.347374 -0.139752
v 0.352744 2.347374 -0.094518
v 0.336734 2.347374 -0.092574
v 0.336734 2.347374 -0.092574
v 0.352744 2.347374 -0.094518
v 0.353131 2.347374 -0.092574
v 0.336734 2.343374 -0.092574
v 0.322774 2.343374 -0.133698
v 0.336734 2.347374 -0.092574
v 0.322774 2.343374 -0.133698
v 0.322774 2.347374 -0.133698
v 0.336734 2.347374 -0.092574
v 0.322774 2.347374 -0.133698
v 0.322774 2.343374 -0.133698
v 0.303005 2.347374 -0.173785
v 0.322774 2.343374 -0.133698
v 0.303005 2.343374 -0.173785
v 0.303005 2.347374 -0.173785
v -0.321769 2.335667 0.014135
v -0.321769 2.339455 -0.000000
v -0.321769 2.311184 -0.000000
v -0.321769 2.325319 0.024483
v -0.321769 2.335667 0.014135
v -0.321769 2.311184 -0.000000
v -0.321769 2.339455 -0.000000
v -0.321769 2.335667 -0.014135
v -0.321769 2.311184 -0.000000
v -0.321769 2.311184 0.028270
v -0.321769 2.325319 0.024483
v -0.321769 2.311184 -0.000000
v -0.321769 2.335667 -0.014135
v -0.321769 2.325319 -0.024483
v -0.321769 2.311184 -0.000000
v -0.321769 2.297048 0.024483
v -0.321769 2.311184 0.028270
v -0.321769 2.311184 -0.000000
v -0.321769 2.325319 -0.024483
v -0.321769 2.311184 -0.028270
v -0.321769 2.311184 -0.000000
v -0.321769 2.286700 0.014135
v -0.321769 2.297048 0.024483
v -0.321769 2.311184 -0.000000
v -0.321769 2.311184 -0.028270
v -0.321769 2.297048 -0.024483
v -0.321769 2.311184 -0.000000
v -0.321769 2.282913 -0.000000
v -0.321769 2.286700 0.014135
v -0.321769 2.311184 -0.000000
v -0.321769 2.297048 -0.024483
v -0.321769 2.286700 -0.014135
v -0.321769 2.311184 -0.000000
v -0.321769 2.286700 -0.014135
v -0.321769 2.282913 -0.000000
v -0.321769 2.311184 -0.000000
v -0.421380 2.311184 -0.000000
v -0.421380 2.339455 -0.000000
v -0.421380 2.335667 0.014135
v -0.421380 2.311184 -0.000000
v -0.421380 2.335667 0.014135
v -0.421380 2.325319 0.024483
v -0.421380 2.311184 -0.000000
v -0.421380 2.335667 -0.014135
v -0.421380 2.339455 -0.000000
v -0.421380 2.311184 -0.000000
v -0.421380 2.325319 0.024483
v -0.421380 2.311184 0.028270
v -0.421380 2.311184 -0.000000
v -0.421380 2.325319 -0.024483
v -0.421380 2.335667 -0.014135
v -0.421380 2.311184 -0.000000
v -0.421380 2.311184 0.028270
v -0.421380 2.297048 0.024483
v -0.421380 2.311184 -0.000000
v -0.421380 2.311184 -0.028270
v -0.421380 2.325319 -0.024483
v -0.421380 2.311184 -0.000000
v -0.421380 2.297048 0.024483
v -0.421380 2.286700 0.014135
v -0.421380 2.311184 -0.000000
v -0.421380 2.297048 -0.024483
v -0.421380 2.311184 -0.028270
v -0.421380 2.311184 -0.000000
v -0.421380 2.286700 0.014135
v -0.421380 2.282913 -0.000000
v -0.421380 2.311184 -0.000000
v -0.421380 2.286700 -0.014135
v -0.421380 2.297048 -0.024483
v -0.421380 2.311184 -0.000000
v -0.421380 2.282913 -0.000000
v -0.421380 2.286700 -0.014135
v -0.321769 2.282913 -0.000000
v -0.421380 2.282913 -0.000000
v -0.321769 2.286700 0.014135
v -0.421380 2.282913 -0.000000
v -0.421380 2.286700 0.014135
v -0.321769 2.286700 0.014135
v -0.321769 2.286700 0.014135
v -0.421380 2.286700 0.014135
v -0.421380 2.297048 0.024483
v -0.321769 2.297048 0.024483
v -0.321769 2.286700 0.014135
v -0.421380 2.297048 0.024483
v -0.321769 2.297048 0.024483
v -0.421380 2.297048 0.024483
v -0.321769 2.311184 0.028270
v -0.421380 2.297048 0.024483
v -0.421380 2.311184 0.028270
v -0.321769 2.311184 0.028270
v -0.321769 2.311184 0.028270
v -0.421380 2.311184 0.028270
v -0.321769 2.325319 0.024483
v -0.421380 2.311184 0.028270
v -0.421380 2.325319 0.024483
v -0.321769 2.325319 0.024483
v -0.321769 2.325319 0.024483
v -0.421380 2.325319 0.024483
v -0.321769 2.335667 0.014135
v -0.421380 2.325319 0.024483
v -0.421380 2.335667 0.014135
v -0.321769 2.335667 0.014135
v -0.321769 2.335667 0.014135
v -0.421380 2.335667 0.014135
v -0.321769 2.339455 -0.000000
v -0.421380 2.335667 0.014135
v -0.421380 2.339455 -0.000000
v -0.321769 2.339455 -0.000000
v -0.559013 2.262463 -0.064095
v -0.566423 2.266741 -0.064095
v -0.566423 2.258185 -0.064095
v -0.559013 2.253907 -0.064095
v -0.559013 2.262463 -0.064095
v -0.566423 2.258185 -0.064095
v -0.566423 2.266741 -0.064095
v -0.573833 2.262463 -0.064095
v -0.566423 2.258185 -0.064095
v -0.566423 2.249629 -0.064095
v -0.559013 2.253907 -0.064095
v -0.566423 2.258185 -0.064095
v -0.573833 2.262463 -0.064095
v -0.573833 2.253907 -0.064095
v -0.566423 2.258185 -0.064095
v -0.573833 2.253907 -0.064095
v -0.566423 2.249629 -0.064095
v -0.566423 2.258185 -0.064095
v -0.598167 2.238233 -0.054561
v -0.601444 2.242744 -0.054561
v -0.592865 2.236510 -0.054561
v -0.601444 2.242744 -0.054561
v -0.601532 2.248747 -0.054561
v -0.592865 2.236510 -0.054561
v -0.601532 2.248747 -0.054561
v -0.598800 2.254564 -0.054561
v -0.592865 2.236510 -0.054561
v -0.598800 2.254564 -0.054561
v -0.570967 2.270388 -0.054561
v -0.592865 2.236510 -0.054561
v -0.570967 2.270388 -0.054561
v -0.559296 2.270388 -0.054561
v -0.592865 2.236510 -0.054561
v -0.559296 2.270388 -0.054561
v -0.555406 2.266498 -0.054561
v -0.592865 2.236510 -0.054561
v -0.555406 2.266498 -0.054561
v -0.555406 2.236510 -0.054561
v -0.592865 2.236510 -0.054561
v 0.337390 2.343374 -0.139752
v 0.316705 2.343374 -0.181695
v 0.303005 2.343374 -0.173785
v 0.322774 2.343374 -0.133698
v 0.337390 2.343374 -0.139752
v 0.303005 2.343374 -0.173785
v 0.352744 2.343374 -0.094518
v 0.337390 2.343374 -0.139752
v 0.336734 2.343374 -0.092574
v 0.337390 2.343374 -0.139752
v 0.322774 2.343374 -0.133698
v 0.336734 2.343374 -0.092574
v 0.353131 2.343374 -0.092574
v 0.352744 2.343374 -0.094518
v 0.336734 2.343374 -0.092574
v -0.555406 2.236510 -0.060572
v -0.555406 2.266498 -0.060572
v -0.592865 2.236510 -0.060572
v -0.555406 2.266498 -0.060572
v -0.559296 2.270388 -0.060572
v -0.592865 2.236510 -0.060572
v -0.559296 2.270388 -0.060572
v -0.570967 2.270388 -0.060572
v -0.592865 2.236510 -0.060572
v -0.570967 2.270388 -0.060572
v -0.598800 2.254564 -0.060572
v -0.592865 2.236510 -0.060572
v -0.598800 2.254564 -0.060572
v -0.601532 2.248747 -0.060572
v -0.592865 2.236510 -0.060572
v -0.601532 2.248747 -0.060572
v -0.601444 2.242744 -0.060572
v -0.592865 2.236510 -0.060572
v -0.601444 2.242744 -0.060572
v -0.598167 2.238233 -0.060572
v -0.592865 2.236510 -0.060572
v 0.462882 2.266510 -0.092574
v 0.456942 2.266510 -0.122437
v 0.458805 2.266510 -0.092574
v 0.456942 2.266510 -0.122437
v 0.453087 2.266510 -0.121404
v 0.458805 2.266510 -0.092574
v 0.433364 2.266510 -0.179505
v 0.453087 2.266510 -0.121404
v 0.456942 2.266510 -0.122437
v 0.437052 2.266510 -0.181033
v 0.433364 2.266510 -0.179505
v 0.456942 2.266510 -0.122437
v 0.433364 2.266510 -0.179505
v 0.437052 2.266510 -0.181033
v 0.406670 2.266510 -0.233636
v 0.437052 2.266510 -0.181033
v 0.410126 2.266510 -0.235632
v 0.406670 2.266510 -0.233636
v -0.592865 2.236510 -0.054561
v -0.592865 2.236510 -0.060572
v -0.598167 2.238233 -0.054561
v -0.592865 2.236510 -0.060572
v -0.598167 2.238233 -0.060572
v -0.598167 2.238233 -0.054561
v -0.598167 2.238233 -0.054561
v -0.598167 2.238233 -0.060572
v -0.601444 2.242744 -0.054561
v -0.598167 2.238233 -0.060572
v -0.601444 2.242744 -0.060572
v -0.601444 2.242744 -0.054561
v -0.601444 2.242744 -0.060572
v -0.601532 2.248747 -0.060572
v -0.601444 2.242744 -0.054561
v -0.601532 2.248747 -0.060572
v -0.601532 2.248747 -0.054561
v -0.601444 2.242744 -0.054561
v -0.601532 2.248747 -0.054561
v -0.601532 2.248747 -0.060572
v -0.598800 2.254564 -0.054561
v -0.601532 2.248747 -0.060572
v -0.598800 2.254564 -0.060572
v -0.598800 2.254564 -0.054561
v -0.598800 2.254564 -0.054561
v -0.598800 2.254564 -0.060572
v -0.570967 2.270388 -0.060572
v -0.570967 2.270388 -0.054561
v -0.598800 2.254564 -0.054561
v -0.570967 2.270388 -0.060572
v 0.450769 2.296461 -0.092574
v 0.353131 2.343374 -0.092574
v 0.452550 2.300060 -0.092574
v 0.353131 2.343374 -0.092574
v 0.353131 2.347374 -0.092574
v 0.452550 2.300060 -0.092574
v 0.353131 2.343374 -0.092574
v 0.336734 2.343374 -0.092574
v 0.353131 2.347374 -0.092574
v 0.336734 2.343374 -0.092574
v 0.336734 2.347374 -0.092574
v 0.353131 2.347374 -0.092574
v 0.462882 2.266510 -0.092574
v 0.458805 2.266510 -0.092574
v 0.462882 2.283021 -0.092574
v 0.458805 2.266510 -0.092574
v 0.458804 2.283021 -0.092574
v 0.462882 2.283021 -0.092574
v 0.462882 2.283021 -0.092574
v 0.458804 2.283021 -0.092574
v 0.458173 2.292236 -0.092574
v 0.461503 2.294271 -0.092574
v 0.462882 2.283021 -0.092574
v 0.458173 2.292236 -0.092574
v 0.461503 2.294271 -0.092574
v 0.458173 2.292236 -0.092574
v 0.452550 2.300060 -0.092574
v 0.458173 2.292236 -0.092574
v 0.450769 2.296461 -0.092574
v 0.452550 2.300060 -0.092574
v -0.573833 2.262463 0.061990
v -0.566423 2.266741 0.061990
v -0.566423 2.258185 0.061990
v -0.566423 2.266741 0.061990
v -0.559013 2.262463 0.061990
v -0.566423 2.258185 0.061990
v -0.573833 2.253907 0.061990
v -0.573833 2.262463 0.061990
v -0.566423 2.258185 0.061990
v -0.559013 2.262463 0.061990
v -0.559013 2.253907 0.061990
v -0.566423 2.258185 0.061990
v -0.566423 2.249629 0.061990
v -0.573833 2.253907 0.061990
v -0.566423 2.258185 0.061990
v -0.559013 2.253907 0.061990
v -0.566423 2.249629 0.061990
v -0.566423 2.258185 0.061990
v -0.555406 2.236510 0.052465
v -0.555406 2.266498 0.052465
v -0.592865 2.236510 0.052465
v -0.555406 2.266498 0.052465
v -0.559296 2.270388 0.052465
v -0.592865 2.236510 0.052465
v -0.559296 2.270388 0.052465
v -0.570967 2.270388 0.052465
v -0.592865 2.236510 0.052465
v -0.570967 2.270388 0.052465
v -0.598800 2.254564 0.052465
v -0.592865 2.236510 0.052465
v -0.598800 2.254564 0.052465
v -0.601532 2.248747 0.052465
v -0.592865 2.236510 0.052465
v -0.601532 2.248747 0.052465
v -0.601444 2.242744 0.052465
v -0.592865 2.236510 0.052465
v -0.601444 2.242744 0.052465
v -0.598167 2.238233 0.052465
v -0.592865 2.236510 0.052465
v 0.461503 2.294271 -0.092574
v 0.452550 2.300060 -0.092574
v 0.455615 2.294282 -0.122082
v 0.452550 2.300060 -0.092574
v 0.447094 2.300079 -0.119798
v 0.455615 2.294282 -0.122082
v 0.447094 2.300079 -0.119798
v 0.452550 2.300060 -0.092574
v 0.353131 2.347374 -0.092574
v 0.352744 2.347374 -0.094518
v 0.447094 2.300079 -0.119798
v 0.353131 2.347374 -0.092574
v 0.447094 2.300079 -0.119798
v 0.352744 2.347374 -0.094518
v 0.337390 2.347374 -0.139752
v 0.427633 2.300079 -0.177131
v 0.447094 2.300079 -0.119798
v 0.337390 2.347374 -0.139752
v 0.427633 2.300079 -0.177131
v 0.337390 2.347374 -0.139752
v 0.316705 2.347374 -0.181695
v 0.401298 2.300079 -0.230535
v 0.427633 2.300079 -0.177131
v 0.316705 2.347374 -0.181695
v 0.401298 2.300079 -0.230535
v 0.408937 2.294281 -0.234945
v 0.427633 2.300079 -0.177131
v 0.408937 2.294281 -0.234945
v 0.435783 2.294281 -0.180507
v 0.427633 2.300079 -0.177131
v 0.408937 2.294281 -0.234945
v 0.410126 2.283021 -0.235632
v 0.435783 2.294281 -0.180507
v 0.410126 2.283021 -0.235632
v 0.437052 2.283021 -0.181033
v 0.435783 2.294281 -0.180507
v 0.437052 2.266510 -0.181033
v 0.437052 2.283021 -0.181033
v 0.410126 2.283021 -0.235632
v 0.437052 2.283021 -0.181033
v 0.437052 2.266510 -0.181033
v 0.456942 2.283021 -0.122437
v 0.437052 2.266510 -0.181033
v 0.456942 2.266510 -0.122437
v 0.456942 2.283021 -0.122437
v 0.462882 2.283021 -0.092574
v 0.456942 2.283021 -0.122437
v 0.456942 2.266510 -0.122437
v 0.462882 2.266510 -0.092574
v 0.462882 2.283021 -0.092574
v 0.456942 2.266510 -0.122437
v 0.435783 2.294281 -0.180507
v 0.437052 2.283021 -0.181033
v 0.456942 2.283021 -0.122437
v 0.455615 2.294282 -0.122082
v 0.447094 2.300079 -0.119798
v 0.427633 2.300079 -0.177131
v 0.435783 2.294281 -0.180507
v 0.455615 2.294282 -0.122082
v 0.427633 2.300079 -0.177131
v 0.455615 2.294282 -0.122082
v 0.435783 2.294281 -0.180507
v 0.456942 2.283021 -0.122437
v 0.455615 2.294282 -0.122082
v 0.456942 2.283021 -0.122437
v 0.461503 2.294271 -0.092574
v 0.456942 2.283021 -0.122437
v 0.462882 2.283021 -0.092574
v 0.461503 2.294271 -0.092574
v 0.410126 2.266510 -0.235632
v 0.437052 2.266510 -0.181033
v 0.410126 2.283021 -0.235632
v -0.598167 2.238233 0.058477
v -0.601444 2.242744 0.058477
v -0.592865 2.236510 0.058477
v -0.601444 2.242744 0.058477
v -0.601532 2.248747 0.058477
v -0.592865 2.236510 0.058477
v -0.601532 2.248747 0.058477
v -0.598800 2.254564 0.058477
v -0.592865 2.236510 0.058477
v -0.598800 2.254564 0.058477
v -0.570967 2.270388 0.058477
v -0.592865 2.236510 0.058477
v -0.570967 2.270388 0.058477
v -0.559296 2.270388 0.058477
v -0.592865 2.236510 0.058477
v -0.559296 2.270388 0.058477
v -0.555406 2.266498 0.058477
v -0.592865 2.236510 0.058477
v -0.555406 2.266498 0.058477
v -0.555406 2.236510 0.058477
v -0.592865 2.236510 0.058477
v 0.399788 2.296479 -0.229663
v 0.426022 2.296479 -0.176464
v 0.405991 2.292177 -0.233244
v 0.426022 2.296479 -0.176464
v 0.432640 2.292177 -0.179205
v 0.405991 2.292177 -0.233244
v 0.426022 2.296479 -0.176464
v 0.445410 2.296479 -0.119347
v 0.452328 2.292180 -0.121200
v 0.432640 2.292177 -0.179205
v 0.426022 2.296479 -0.176464
v 0.452328 2.292180 -0.121200
v 0.432640 2.292177 -0.179205
v 0.452328 2.292180 -0.121200
v 0.453078 2.283021 -0.121402
v 0.433356 2.283021 -0.179502
v 0.432640 2.292177 -0.179205
v 0.453078 2.283021 -0.121402
v 0.405991 2.292177 -0.233244
v 0.432640 2.292177 -0.179205
v 0.433356 2.283021 -0.179502
v 0.406662 2.283021 -0.233632
v 0.405991 2.292177 -0.233244
v 0.433356 2.283021 -0.179502
v 0.426022 2.296479 -0.176464
v 0.399788 2.296479 -0.229663
v 0.316705 2.343374 -0.181695
v 0.337390 2.343374 -0.139752
v 0.426022 2.296479 -0.176464
v 0.316705 2.343374 -0.181695
v 0.426022 2.296479 -0.176464
v 0.337390 2.343374 -0.139752
v 0.445410 2.296479 -0.119347
v 0.337390 2.343374 -0.139752
v 0.352744 2.343374 -0.094518
v 0.445410 2.296479 -0.119347
v 0.352744 2.343374 -0.094518
v 0.353131 2.343374 -0.092574
v 0.445410 2.296479 -0.119347
v 0.353131 2.343374 -0.092574
v 0.450769 2.296461 -0.092574
v 0.445410 2.296479 -0.119347
v 0.445410 2.296479 -0.119347
v 0.450769 2.296461 -0.092574
v 0.452328 2.292180 -0.121200
v 0.450769 2.296461 -0.092574
v 0.458173 2.292236 -0.092574
v 0.452328 2.292180 -0.121200
v 0.452328 2.292180 -0.121200
v 0.458173 2.292236 -0.092574
v 0.453078 2.283021 -0.121402
v 0.458173 2.292236 -0.092574
v 0.458804 2.283021 -0.092574
v 0.453078 2.283021 -0.121402
v 0.458804 2.283021 -0.092574
v 0.458805 2.266510 -0.092574
v 0.453078 2.283021 -0.121402
v 0.458805 2.266510 -0.092574
v 0.453087 2.266510 -0.121404
v 0.453078 2.283021 -0.121402
v 0.453087 2.266510 -0.121404
v 0.433364 2.266510 -0.179505
v 0.453078 2.283021 -0.121402
v 0.433364 2.266510 -0.179505
v 0.433356 2.283021 -0.179502
v 0.453078 2.283021 -0.121402
v 0.433356 2.283021 -0.179502
v 0.433364 2.266510 -0.179505
v 0.406670 2.266510 -0.233636
v 0.406662 2.283021 -0.233632
v 0.433356 2.283021 -0.179502
v 0.406670 2.266510 -0.233636
v 0.406670 2.266510 -0.233636
v 0.410126 2.266510 -0.235632
v 0.410126 2.283021 -0.235632
v 0.406662 2.283021 -0.233632
v 0.406670 2.266510 -0.233636
v 0.410126 2.283021 -0.235632
v 0.405991 2.292177 -0.233244
v 0.406662 2.283021 -0.233632
v 0.410126 2.283021 -0.235632
v 0.408937 2.294281 -0.234945
v 0.405991 2.292177 -0.233244
v 0.410126 2.283021 -0.235632
v 0.408937 2.294281 -0.234945
v 0.401298 2.300079 -0.230535
v 0.405991 2.292177 -0.233244
v 0.401298 2.300079 -0.230535
v 0.399788 2.296479 -0.229663
v 0.405991 2.292177 -0.233244
v 0.316705 2.343374 -0.181695
v 0.399788 2.296479 -0.229663
v 0.401298 2.300079 -0.230535
v 0.316705 2.347374 -0.181695
v 0.316705 2.343374 -0.181695
v 0.401298 2.300079 -0.230535
v 0.316705 2.347374 -0.181695
v 0.303005 2.347374 -0.173785
v 0.316705 2.343374 -0.181695
v 0.303005 2.347374 -0.173785
v 0.303005 2.343374 -0.173785
v 0.316705 2.343374 -0.181695
v 0.228655 2.340012 -0.303733
v 0.226781 2.339402 -0.306497
v 0.281775 2.300079 -0.367217
v 0.223308 2.339573 -0.308394
v 0.281775 2.300079 -0.367217
v 0.226781 2.339402 -0.306497
v 0.260257 2.300922 -0.379505
v 0.281775 2.300079 -0.367217
v 0.223308 2.339573 -0.308394
v 0.227246 2.341486 -0.301022
v 0.228655 2.340012 -0.303733
v 0.222313 2.347374 -0.289723
v 0.228655 2.340012 -0.303733
v 0.281775 2.300079 -0.367217
v 0.222313 2.347374 -0.289723
v 0.235844 2.294281 -0.408494
v 0.180507 2.294281 -0.435783
v 0.236531 2.283021 -0.409683
v 0.235844 2.294281 -0.408494
v 0.236531 2.283021 -0.409683
v 0.287982 2.283021 -0.375305
v 0.287145 2.294281 -0.374215
v 0.235844 2.294281 -0.408494
v 0.287982 2.283021 -0.375305
v 0.333534 2.294281 -0.333534
v 0.287145 2.294281 -0.374215
v 0.287982 2.283021 -0.375305
v 0.287145 2.294281 -0.374215
v 0.333534 2.294281 -0.333534
v 0.281775 2.300079 -0.367217
v 0.333534 2.294281 -0.333534
v 0.327296 2.300079 -0.327296
v 0.281775 2.300079 -0.367217
v 0.222313 2.347374 -0.289723
v 0.281775 2.300079 -0.367217
v 0.327296 2.300079 -0.327296
v 0.258227 2.347374 -0.258227
v 0.222313 2.347374 -0.289723
v 0.327296 2.300079 -0.327296
v 0.289723 2.347374 -0.222313
v 0.258227 2.347374 -0.258227
v 0.327296 2.300079 -0.327296
v 0.367217 2.300079 -0.281775
v 0.289723 2.347374 -0.222313
v 0.327296 2.300079 -0.327296
v 0.289723 2.347374 -0.222313
v 0.367217 2.300079 -0.281775
v 0.315705 2.347374 -0.183427
v 0.367217 2.300079 -0.281775
v 0.400298 2.300079 -0.232267
v 0.315705 2.347374 -0.183427
v 0.367217 2.300079 -0.281775
v 0.374215 2.294281 -0.287145
v 0.400298 2.300079 -0.232267
v 0.374215 2.294281 -0.287145
v 0.407937 2.294281 -0.236677
v 0.400298 2.300079 -0.232267
v 0.374215 2.294281 -0.287145
v 0.375305 2.283021 -0.287982
v 0.407937 2.294281 -0.236677
v 0.375305 2.283021 -0.287982
v 0.409126 2.283021 -0.237364
v 0.407937 2.294281 -0.236677
v 0.409126 2.283021 -0.237364
v 0.375305 2.283021 -0.287982
v 0.409126 2.266510 -0.237364
v 0.375305 2.283021 -0.287982
v 0.375305 2.266510 -0.287982
v 0.409126 2.266510 -0.237364
v 0.334505 2.283003 -0.334505
v 0.333534 2.294281 -0.333534
v 0.287982 2.283021 -0.375305
v 0.333534 2.294281 -0.333534
v 0.334505 2.283003 -0.334505
v 0.375305 2.283021 -0.287982
v 0.374215 2.294281 -0.287145
v 0.333534 2.294281 -0.333534
v 0.375305 2.283021 -0.287982
v 0.374215 2.294281 -0.287145
v 0.367217 2.300079 -0.281775
v 0.333534 2.294281 -0.333534
v 0.367217 2.300079 -0.281775
v 0.327296 2.300079 -0.327296
v 0.333534 2.294281 -0.333534
v 0.180507 2.294281 -0.435783
v 0.181033 2.283021 -0.437052
v 0.236531 2.283021 -0.409683
v 0.181033 2.283021 -0.437052
v 0.180507 2.294281 -0.435783
v 0.122437 2.283021 -0.456942
v 0.180507 2.294281 -0.435783
v 0.122082 2.294282 -0.455615
v 0.122437 2.283021 -0.456942
v 0.375305 2.283021 -0.287982
v 0.334505 2.283003 -0.334505
v 0.375305 2.266510 -0.287982
v 0.334505 2.283003 -0.334505
v 0.334505 2.266510 -0.334505
v 0.375305 2.266510 -0.287982
v 0.287982 2.266510 -0.375305
v 0.334505 2.266510 -0.334505
v 0.334505 2.283003 -0.334505
v 0.287982 2.283021 -0.375305
v 0.287982 2.266510 -0.375305
v 0.334505 2.283003 -0.334505
v 0.236531 2.266510 -0.409683
v 0.287982 2.266510 -0.375305
v 0.287982 2.283021 -0.375305
v 0.236531 2.283021 -0.409683
v 0.236531 2.266510 -0.409683
v 0.287982 2.283021 -0.375305
v 0.181033 2.266510 -0.437052
v 0.236531 2.266510 -0.409683
v 0.236531 2.283021 -0.409683
v 0.181033 2.283021 -0.437052
v 0.181033 2.266510 -0.437052
v 0.236531 2.283021 -0.409683
v 0.122437 2.266510 -0.456942
v 0.181033 2.266510 -0.437052
v 0.181033 2.283021 -0.437052
v 0.122437 2.283021 -0.456942
v 0.122437 2.266510 -0.456942
v 0.181033 2.283021 -0.437052
v 0.122437 2.266510 -0.456942
v 0.122437 2.283021 -0.456942
v 0.092574 2.266510 -0.462882
v 0.122437 2.283021 -0.456942
v 0.092574 2.283021 -0.462882
v 0.092574 2.266510 -0.462882
v 0.092574 2.283021 -0.462882
v 0.122437 2.283021 -0.456942
v 0.092574 2.294271 -0.461503
v 0.122437 2.283021 -0.456942
v 0.122082 2.294282 -0.455615
v 0.092574 2.294271 -0.461503
v 0.092574 2.300060 -0.452550
v 0.092574 2.294271 -0.461503
v 0.122082 2.294282 -0.455615
v 0.119798 2.300079 -0.447094
v 0.092574 2.300060 -0.452550
v 0.122082 2.294282 -0.455615
v 0.092574 2.300060 -0.452550
v 0.119798 2.300079 -0.447094
v 0.092574 2.347374 -0.353131
v 0.119798 2.300079 -0.447094
v 0.094518 2.347374 -0.352744
v 0.092574 2.347374 -0.353131
v 0.119798 2.300079 -0.447094
v 0.111985 2.339454 -0.364054
v 0.094518 2.347374 -0.352744
v 0.111985 2.339454 -0.364054
v 0.110574 2.340921 -0.361340
v 0.094518 2.347374 -0.352744
v 0.287145 2.294281 -0.374215
v 0.281775 2.300079 -0.367217
v 0.231433 2.300079 -0.400854
v 0.235844 2.294281 -0.408494
v 0.287145 2.294281 -0.374215
v 0.231433 2.300079 -0.400854
v 0.180507 2.294281 -0.435783
v 0.235844 2.294281 -0.408494
v 0.231433 2.300079 -0.400854
v 0.177131 2.300079 -0.427633
v 0.180507 2.294281 -0.435783
v 0.231433 2.300079 -0.400854
v 0.180507 2.294281 -0.435783
v 0.177131 2.300079 -0.427633
v 0.122082 2.294282 -0.455615
v 0.177131 2.300079 -0.427633
v 0.119798 2.300079 -0.447094
v 0.122082 2.294282 -0.455615
v 0.119798 2.300079 -0.447094
v 0.177131 2.300079 -0.427633
v 0.155886 2.300654 -0.433592
v 0.177131 2.300079 -0.427633
v 0.175641 2.301965 -0.424035
v 0.155886 2.300654 -0.433592
v 0.177131 2.300079 -0.427633
v 0.231433 2.300079 -0.400854
v 0.175641 2.301965 -0.424035
v 0.231433 2.300079 -0.400854
v 0.228972 2.302462 -0.396592
v 0.175641 2.301965 -0.424035
v 0.228972 2.302462 -0.396592
v 0.231433 2.300079 -0.400854
v 0.260257 2.300922 -0.379505
v 0.231433 2.300079 -0.400854
v 0.281775 2.300079 -0.367217
v 0.260257 2.300922 -0.379505
v 0.118898 2.339132 -0.362407
v 0.119798 2.300079 -0.447094
v 0.155886 2.300654 -0.433592
v 0.119798 2.300079 -0.447094
v 0.118898 2.339132 -0.362407
v 0.111985 2.339454 -0.364054
v 0.118898 2.339132 -0.362407
v 0.115335 2.338896 -0.364131
v 0.111985 2.339454 -0.364054
v 0.223964 2.342350 -0.301075
v 0.227246 2.341486 -0.301022
v 0.222313 2.347374 -0.289723
v 0.222313 2.347374 -0.289723
v 0.182594 2.347374 -0.316262
v 0.223964 2.342350 -0.301075
v 0.182594 2.347374 -0.316262
v 0.185845 2.344226 -0.321894
v 0.223964 2.342350 -0.301075
v 0.182594 2.347374 -0.316262
v 0.139752 2.347374 -0.337390
v 0.185845 2.344226 -0.321894
v 0.139752 2.347374 -0.337390
v 0.142559 2.343822 -0.344168
v 0.185845 2.344226 -0.321894
v 0.142559 2.343822 -0.344168
v 0.139752 2.347374 -0.337390
v 0.112515 2.341830 -0.358703
v 0.139752 2.347374 -0.337390
v 0.094518 2.347374 -0.352744
v 0.112515 2.341830 -0.358703
v 0.110574 2.340921 -0.361340
v 0.112515 2.341830 -0.358703
v 0.094518 2.347374 -0.352744
v 0.259461 2.297318 -0.377974
v 0.222578 2.336269 -0.306990
v 0.280714 2.296479 -0.365834
v 0.222578 2.336269 -0.306990
v 0.226051 2.336097 -0.305092
v 0.280714 2.296479 -0.365834
v 0.226051 2.336097 -0.305092
v 0.227926 2.336711 -0.302331
v 0.280714 2.296479 -0.365834
v 0.230562 2.296479 -0.399345
v 0.228112 2.298873 -0.395102
v 0.259461 2.297318 -0.377974
v 0.280714 2.296479 -0.365834
v 0.230562 2.296479 -0.399345
v 0.259461 2.297318 -0.377974
v 0.280714 2.296479 -0.365834
v 0.285075 2.292177 -0.371516
v 0.230562 2.296479 -0.399345
v 0.285075 2.292177 -0.371516
v 0.234143 2.292177 -0.405548
v 0.230562 2.296479 -0.399345
v 0.230562 2.296479 -0.399345
v 0.234143 2.292177 -0.405548
v 0.176464 2.296479 -0.426022
v 0.234143 2.292177 -0.405548
v 0.179205 2.292177 -0.432640
v 0.176464 2.296479 -0.426022
v 0.176464 2.296479 -0.426022
v 0.179205 2.292177 -0.432640
v 0.121125 2.296011 -0.448190
v 0.179205 2.292177 -0.432640
v 0.121200 2.292180 -0.452328
v 0.121125 2.296011 -0.448190
v 0.234143 2.292177 -0.405548
v 0.234531 2.283021 -0.406219
v 0.179205 2.292177 -0.432640
v 0.285546 2.283021 -0.372131
v 0.234531 2.283021 -0.406219
v 0.234143 2.292177 -0.405548
v 0.285075 2.292177 -0.371516
v 0.285546 2.283021 -0.372131
v 0.234143 2.292177 -0.405548
v 0.176464 2.296479 -0.426022
v 0.175009 2.298413 -0.422446
v 0.230562 2.296479 -0.399345
v 0.175009 2.298413 -0.422446
v 0.228112 2.298873 -0.395102
v 0.230562 2.296479 -0.399345
v 0.175009 2.298413 -0.422446
v 0.176464 2.296479 -0.426022
v 0.155163 2.297380 -0.432201
v 0.176464 2.296479 -0.426022
v 0.121125 2.296011 -0.448190
v 0.155163 2.297380 -0.432201
v 0.110025 2.338432 -0.360282
v 0.111426 2.336925 -0.362979
v 0.096296 2.342907 -0.355525
v 0.111426 2.336925 -0.362979
v 0.121125 2.296011 -0.448190
v 0.096296 2.342907 -0.355525
v 0.121125 2.296011 -0.448190
v 0.092574 2.296461 -0.450769
v 0.096296 2.342907 -0.355525
v 0.092574 2.296461 -0.450769
v 0.121125 2.296011 -0.448190
v 0.121200 2.292180 -0.452328
v 0.092574 2.292236 -0.458173
v 0.092574 2.296461 -0.450769
v 0.121200 2.292180 -0.452328
v 0.092574 2.292236 -0.458173
v 0.121200 2.292180 -0.452328
v 0.121402 2.283021 -0.453078
v 0.121200 2.292180 -0.452328
v 0.179205 2.292177 -0.432640
v 0.121402 2.283021 -0.453078
v 0.179205 2.292177 -0.432640
v 0.179502 2.283021 -0.433356
v 0.121402 2.283021 -0.453078
v 0.234531 2.283021 -0.406219
v 0.179502 2.283021 -0.433356
v 0.179205 2.292177 -0.432640
v 0.234531 2.283021 -0.406219
v 0.234535 2.266510 -0.406227
v 0.179502 2.283021 -0.433356
v 0.234531 2.283021 -0.406219
v 0.285546 2.283021 -0.372131
v 0.234535 2.266510 -0.406227
v 0.285546 2.283021 -0.372131
v 0.285552 2.266510 -0.372138
v 0.234535 2.266510 -0.406227
v 0.331737 2.266510 -0.331737
v 0.285552 2.266510 -0.372138
v 0.285546 2.283021 -0.372131
v 0.331737 2.283021 -0.331737
v 0.331737 2.266510 -0.331737
v 0.285546 2.283021 -0.372131
v 0.285546 2.283021 -0.372131
v 0.285075 2.292177 -0.371516
v 0.331737 2.283021 -0.331737
v 0.285075 2.292177 -0.371516
v 0.331234 2.292242 -0.331234
v 0.331737 2.283021 -0.331737
v 0.326064 2.296480 -0.326064
v 0.331234 2.292242 -0.331234
v 0.285075 2.292177 -0.371516
v 0.280714 2.296479 -0.365834
v 0.326064 2.296480 -0.326064
v 0.285075 2.292177 -0.371516
v 0.280714 2.296479 -0.365834
v 0.222312 2.343374 -0.289723
v 0.326064 2.296480 -0.326064
v 0.280714 2.296479 -0.365834
v 0.227926 2.336711 -0.302331
v 0.222312 2.343374 -0.289723
v 0.227926 2.336711 -0.302331
v 0.226520 2.338197 -0.299624
v 0.222312 2.343374 -0.289723
v 0.092574 2.296461 -0.450769
v 0.094352 2.342907 -0.355911
v 0.096296 2.342907 -0.355525
v 0.222312 2.343374 -0.289723
v 0.258227 2.343374 -0.258227
v 0.326064 2.296480 -0.326064
v 0.234535 2.266510 -0.406227
v 0.179505 2.266510 -0.433364
v 0.179502 2.283021 -0.433356
v 0.179502 2.283021 -0.433356
v 0.179505 2.266510 -0.433364
v 0.121402 2.283021 -0.453078
v 0.179505 2.266510 -0.433364
v 0.121404 2.266510 -0.453087
v 0.121402 2.283021 -0.453078
v 0.121402 2.283021 -0.453078
v 0.121404 2.266510 -0.453087
v 0.092574 2.266510 -0.458805
v 0.092574 2.283021 -0.458804
v 0.121402 2.283021 -0.453078
v 0.092574 2.266510 -0.458805
v 0.092574 2.283021 -0.458804
v 0.092574 2.292236 -0.458173
v 0.121402 2.283021 -0.453078
v 0.185063 2.340961 -0.320538
v 0.182594 2.343374 -0.316262
v 0.223239 2.339067 -0.299680
v 0.182594 2.343374 -0.316262
v 0.222312 2.343374 -0.289723
v 0.223239 2.339067 -0.299680
v 0.226520 2.338197 -0.299624
v 0.223239 2.339067 -0.299680
v 0.222312 2.343374 -0.289723
v 0.142623 2.341454 -0.342856
v 0.141530 2.342907 -0.340170
v 0.185063 2.340961 -0.320538
v 0.141530 2.342907 -0.340170
v 0.182594 2.343374 -0.316262
v 0.185063 2.340961 -0.320538
v 0.111971 2.339366 -0.357656
v 0.110025 2.338432 -0.360282
v 0.096296 2.342907 -0.355525
v 0.096296 2.342907 -0.355525
v 0.141530 2.342907 -0.340170
v 0.111971 2.339366 -0.357656
v 0.141530 2.342907 -0.340170
v 0.142623 2.341454 -0.342856
v 0.111971 2.339366 -0.357656
v 0.141530 2.342907 -0.340170
v 0.133698 2.343374 -0.322774
v 0.182594 2.343374 -0.316262
v 0.133698 2.343374 -0.322774
v 0.174684 2.343374 -0.302562
v 0.182594 2.343374 -0.316262
v 0.096296 2.342907 -0.355525
v 0.094352 2.342907 -0.355911
v 0.094352 2.342907 -0.339514
v 0.096296 2.342907 -0.355525
v 0.094352 2.342907 -0.339514
v 0.141530 2.342907 -0.340170
v 0.094352 2.342907 -0.339514
v 0.133698 2.343374 -0.322774
v 0.141530 2.342907 -0.340170
v 0.291501 2.342907 -0.225093
v 0.258227 2.343374 -0.258227
v 0.277172 2.343374 -0.212682
v 0.258227 2.343374 -0.258227
v 0.247041 2.343374 -0.247041
v 0.277172 2.343374 -0.212682
v 0.212682 2.343374 -0.277172
v 0.247041 2.343374 -0.247041
v 0.258227 2.343374 -0.258227
v 0.222312 2.343374 -0.289723
v 0.212682 2.343374 -0.277172
v 0.258227 2.343374 -0.258227
v 0.222312 2.343374 -0.289723
v 0.182594 2.343374 -0.316262
v 0.212682 2.343374 -0.277172
v 0.182594 2.343374 -0.316262
v 0.174684 2.343374 -0.302562
v 0.212682 2.343374 -0.277172
v 0.291501 2.342907 -0.225093
v 0.277172 2.343374 -0.212682
v 0.317483 2.342907 -0.186208
v 0.277172 2.343374 -0.212682
v 0.303783 2.342907 -0.178298
v 0.317483 2.342907 -0.186208
v 0.315705 2.347374 -0.183427
v 0.400298 2.300079 -0.232267
v 0.317483 2.342907 -0.186208
v 0.400298 2.300079 -0.232267
v 0.400566 2.296011 -0.234175
v 0.317483 2.342907 -0.186208
v 0.259461 2.297318 -0.377974
v 0.260257 2.300922 -0.379505
v 0.222578 2.336269 -0.306990
v 0.260257 2.300922 -0.379505
v 0.223308 2.339573 -0.308394
v 0.222578 2.336269 -0.306990
v 0.222578 2.336269 -0.306990
v 0.223308 2.339573 -0.308394
v 0.226781 2.339402 -0.306497
v 0.226051 2.336097 -0.305092
v 0.222578 2.336269 -0.306990
v 0.226781 2.339402 -0.306497
v 0.226781 2.339402 -0.306497
v 0.228655 2.340012 -0.303733
v 0.226051 2.336097 -0.305092
v 0.228655 2.340012 -0.303733
v 0.227926 2.336711 -0.302331
v 0.226051 2.336097 -0.305092
v 0.226520 2.338197 -0.299624
v 0.227926 2.336711 -0.302331
v 0.228655 2.340012 -0.303733
v 0.227246 2.341486 -0.301022
v 0.226520 2.338197 -0.299624
v 0.228655 2.340012 -0.303733
v 0.223239 2.339067 -0.299680
v 0.226520 2.338197 -0.299624
v 0.227246 2.341486 -0.301022
v 0.223964 2.342350 -0.301075
v 0.223239 2.339067 -0.299680
v 0.227246 2.341486 -0.301022
v 0.185063 2.340961 -0.320538
v 0.223239 2.339067 -0.299680
v 0.223964 2.342350 -0.301075
v 0.185845 2.344226 -0.321894
v 0.185063 2.340961 -0.320538
v 0.223964 2.342350 -0.301075
v 0.142623 2.341454 -0.342856
v 0.185063 2.340961 -0.320538
v 0.185845 2.344226 -0.321894
v 0.142559 2.343822 -0.344168
v 0.142623 2.341454 -0.342856
v 0.185845 2.344226 -0.321894
v 0.111971 2.339366 -0.357656
v 0.142623 2.341454 -0.342856
v 0.142559 2.343822 -0.344168
v 0.112515 2.341830 -0.358703
v 0.111971 2.339366 -0.357656
v 0.142559 2.343822 -0.344168
v 0.112515 2.341830 -0.358703
v 0.110574 2.340921 -0.361340
v 0.111971 2.339366 -0.357656
v 0.110574 2.340921 -0.361340
v 0.110025 2.338432 -0.360282
v 0.111971 2.339366 -0.357656
v 0.110574 2.340921 -0.361340
v 0.111985 2.339454 -0.364054
v 0.110025 2.338432 -0.360282
v 0.111985 2.339454 -0.364054
v 0.111426 2.336925 -0.362979
v 0.110025 2.338432 -0.360282
v 0.114773 2.336351 -0.363050
v 0.111426 2.336925 -0.362979
v 0.111985 2.339454 -0.364054
v 0.115335 2.338896 -0.364131
v 0.114773 2.336351 -0.363050
v 0.111985 2.339454 -0.364054
v 0.118338 2.336594 -0.361329
v 0.114773 2.336351 -0.363050
v 0.115335 2.338896 -0.364131
v 0.118898 2.339132 -0.362407
v 0.118338 2.336594 -0.361329
v 0.115335 2.338896 -0.364131
v 0.025628 2.328564 -0.402233
v 0.022047 2.333231 -0.392905
v 0.027744 2.324983 -0.400309
v 0.022047 2.333231 -0.392905
v 0.022047 2.333231 -0.384080
v 0.027744 2.324983 -0.400309
v 0.022047 2.333231 -0.384080
v 0.022047 2.333231 -0.392905
v 0.015590 2.338186 -0.383143
v 0.015590 2.338186 -0.374546
v 0.022047 2.333231 -0.384080
v 0.015590 2.338186 -0.383143
v 0.015590 2.338186 -0.383143
v 0.008070 2.341301 -0.377203
v 0.015590 2.338186 -0.374546
v 0.008070 2.341301 -0.377203
v 0.008070 2.341301 -0.368808
v 0.015590 2.338186 -0.374546
v 0.008070 2.341301 -0.368808
v 0.008070 2.341301 -0.377203
v 0.001000 2.342232 -0.375744
v 0.001000 2.342232 -0.367423
v 0.008070 2.341301 -0.368808
v 0.001000 2.342232 -0.375744
v 0.001000 2.347374 -0.365123
v 0.001000 2.347374 -0.349303
v 0.001000 2.343374 -0.365122
v 0.001000 2.347374 -0.349303
v 0.001000 2.343374 -0.349303
v 0.001000 2.343374 -0.365122
v 0.001000 2.342232 -0.375744
v 0.001000 2.347374 -0.365123
v 0.001000 2.342232 -0.367423
v 0.001000 2.347374 -0.365123
v 0.001000 2.343374 -0.365122
v 0.001000 2.342232 -0.367423
v 0.001000 2.343374 -0.365122
v 0.001000 2.343117 -0.365637
v 0.001000 2.342232 -0.367423
v -0.570967 2.270388 0.058477
v -0.570967 2.270388 0.052465
v -0.559296 2.270388 0.058477
v -0.570967 2.270388 0.052465
v -0.559296 2.270388 0.052465
v -0.559296 2.270388 0.058477
v -0.555406 2.266498 0.058477
v -0.559296 2.270388 0.058477
v -0.559296 2.270388 0.052465
v -0.555406 2.266498 0.052465
v -0.555406 2.266498 0.058477
v -0.559296 2.270388 0.052465
v -0.555406 2.266498 0.058477
v -0.555406 2.266498 0.052465
v -0.555406 2.236510 0.058477
v -0.555406 2.266498 0.052465
v -0.555406 2.236510 0.052465
v -0.555406 2.236510 0.058477
v -0.570967 2.270388 0.052465
v -0.570967 2.270388 0.058477
v -0.598800 2.254564 0.052465
v -0.570967 2.270388 0.058477
v -0.598800 2.254564 0.058477
v -0.598800 2.254564 0.052465
v -0.598800 2.254564 0.058477
v -0.601532 2.248747 0.058477
v -0.598800 2.254564 0.052465
v -0.601532 2.248747 0.058477
v -0.601532 2.248747 0.052465
v -0.598800 2.254564 0.052465
v -0.601532 2.248747 0.052465
v -0.601532 2.248747 0.058477
v -0.601444 2.242744 0.052465
v -0.601532 2.248747 0.058477
v -0.601444 2.242744 0.058477
v -0.601444 2.242744 0.052465
v -0.601444 2.242744 0.058477
v -0.598167 2.238233 0.058477
v -0.601444 2.242744 0.052465
v -0.598167 2.238233 0.058477
v -0.598167 2.238233 0.052465
v -0.601444 2.242744 0.052465
v -0.598167 2.238233 0.058477
v -0.592865 2.236510 0.058477
v -0.598167 2.238233 0.052465
v -0.592865 2.236510 0.058477
v -0.592865 2.236510 0.052465
v -0.598167 2.238233 0.052465
v 0.087750 2.328769 -0.393184
v 0.090574 2.327600 -0.395080
v 0.090574 2.347374 -0.353529
v 0.090574 2.347374 -0.353529
v 0.047667 2.347374 -0.362064
v 0.087750 2.328769 -0.393184
v 0.008070 2.341301 -0.377203
v 0.001000 2.347374 -0.365123
v 0.001000 2.342232 -0.375744
v 0.008070 2.341301 -0.377203
v 0.015590 2.338186 -0.383143
v 0.001000 2.347374 -0.365123
v 0.015590 2.338186 -0.383143
v 0.047667 2.347374 -0.362064
v 0.001000 2.347374 -0.365123
v 0.015590 2.338186 -0.383143
v 0.022047 2.333231 -0.392905
v 0.047667 2.347374 -0.362064
v 0.047667 2.347374 -0.362064
v 0.022047 2.333231 -0.392905
v 0.054661 2.328769 -0.399766
v 0.047667 2.347374 -0.362064
v 0.054661 2.328769 -0.399766
v 0.087750 2.328769 -0.393184
v 0.022047 2.333231 -0.392905
v 0.025628 2.328564 -0.402233
v 0.054661 2.328769 -0.399766
v 0.090574 2.347374 -0.337413
v 0.045602 2.347374 -0.346379
v 0.090574 2.347374 -0.353529
v 0.045602 2.347374 -0.346379
v 0.047667 2.347374 -0.362064
v 0.090574 2.347374 -0.353529
v 0.047667 2.347374 -0.362064
v 0.045602 2.347374 -0.346379
v 0.001000 2.347374 -0.365123
v 0.045602 2.347374 -0.346379
v 0.001000 2.347374 -0.349303
v 0.001000 2.347374 -0.365123
v -0.509770 2.260067 0.057551
v -0.509610 2.249089 0.057551
v -0.504775 2.270704 0.057551
v -0.509610 2.249089 0.057551
v -0.503616 2.240839 0.057551
v -0.504775 2.270704 0.057551
v -0.503616 2.240839 0.057551
v -0.493918 2.237688 0.057551
v -0.504775 2.270704 0.057551
v -0.493918 2.237688 0.057551
v -0.453868 2.237688 0.057551
v -0.504775 2.270704 0.057551
v -0.453868 2.237688 0.057551
v -0.453868 2.303468 0.057551
v -0.504775 2.270704 0.057551
v -0.453868 2.303468 0.057551
v -0.453868 2.237688 0.057551
v -0.416193 2.237688 0.057551
v -0.416193 2.303468 0.057551
v -0.453868 2.303468 0.057551
v -0.416193 2.237688 0.057551
v 0.001000 2.343374 -0.349303
v 0.045602 2.343374 -0.346379
v 0.001000 2.343374 -0.365122
v 0.045602 2.343374 -0.346379
v 0.047667 2.343374 -0.362064
v 0.001000 2.343374 -0.365122
v 0.047667 2.343374 -0.362064
v 0.045602 2.343374 -0.346379
v 0.090574 2.343374 -0.353529
v 0.045602 2.343374 -0.346379
v 0.090574 2.343374 -0.337413
v 0.090574 2.343374 -0.353529
v 0.090574 2.347374 -0.337413
v 0.090574 2.347374 -0.353529
v 0.090574 2.343374 -0.337413
v 0.090574 2.347374 -0.353529
v 0.090574 2.343374 -0.353529
v 0.090574 2.343374 -0.337413
v 0.090574 2.347374 -0.353529
v 0.090574 2.327600 -0.395080
v 0.090574 2.343374 -0.353529
v 0.090574 2.327600 -0.395080
v 0.090574 2.323860 -0.393596
v 0.090574 2.343374 -0.353529
v -0.001000 2.347374 -0.365123
v -0.001000 2.343374 -0.365123
v -0.001000 2.347374 -0.349303
v -0.001000 2.343374 -0.365123
v -0.001000 2.343374 -0.349303
v -0.001000 2.347374 -0.349303
v -0.001000 2.343117 -0.365637
v -0.001000 2.343374 -0.365123
v -0.001000 2.342232 -0.367423
v -0.001000 2.343374 -0.365123
v -0.001000 2.347374 -0.365123
v -0.001000 2.342232 -0.367423
v -0.001000 2.347374 -0.365123
v -0.001000 2.342232 -0.375744
v -0.001000 2.342232 -0.367423
v -0.503616 2.240839 0.065977
v -0.493918 2.237688 0.065977
v -0.493918 2.237688 0.057551
v -0.503616 2.240839 0.057551
v -0.503616 2.240839 0.065977
v -0.493918 2.237688 0.057551
v -0.509610 2.249089 0.065977
v -0.503616 2.240839 0.065977
v -0.503616 2.240839 0.057551
v -0.509610 2.249089 0.057551
v -0.509610 2.249089 0.065977
v -0.503616 2.240839 0.057551
v -0.509610 2.249089 0.057551
v -0.509770 2.260067 0.057551
v -0.509610 2.249089 0.065977
v -0.509770 2.260067 0.057551
v -0.509770 2.260067 0.065977
v -0.509610 2.249089 0.065977
v -0.509770 2.260067 0.065977
v -0.509770 2.260067 0.057551
v -0.504775 2.270704 0.057551
v -0.504775 2.270704 0.065977
v -0.509770 2.260067 0.065977
v -0.504775 2.270704 0.057551
v -0.504775 2.270704 0.065977
v -0.504775 2.270704 0.057551
v -0.453868 2.303468 0.057551
v -0.453868 2.303468 0.065977
v -0.504775 2.270704 0.065977
v -0.453868 2.303468 0.057551
v -0.001000 2.343374 -0.349303
v -0.045602 2.343374 -0.346379
v -0.001000 2.347374 -0.349303
v -0.045602 2.343374 -0.346379
v -0.045602 2.347374 -0.346379
v -0.001000 2.347374 -0.349303
v -0.045602 2.343374 -0.346379
v -0.090574 2.343374 -0.337413
v -0.045602 2.347374 -0.346379
v -0.090574 2.343374 -0.337413
v -0.090574 2.347374 -0.337413
v -0.045602 2.347374 -0.346379
v -0.001000 2.342232 -0.367423
v -0.008070 2.341301 -0.368808
v -0.001000 2.343117 -0.365637
v -0.001000 2.343117 -0.365637
v -0.008070 2.341301 -0.368808
v -0.001000 2.343374 -0.365123
v -0.008070 2.341301 -0.368808
v -0.047667 2.343374 -0.362064
v -0.001000 2.343374 -0.365123
v -0.015590 2.338186 -0.374546
v -0.047667 2.343374 -0.362064
v -0.008070 2.341301 -0.368808
v -0.022047 2.333231 -0.384080
v -0.047667 2.343374 -0.362064
v -0.015590 2.338186 -0.374546
v -0.022047 2.333231 -0.384080
v -0.027744 2.324983 -0.400309
v -0.047667 2.343374 -0.362064
v -0.027744 2.324983 -0.400309
v -0.054434 2.325169 -0.398041
v -0.047667 2.343374 -0.362064
v -0.047667 2.343374 -0.362064
v -0.054434 2.325169 -0.398041
v -0.090574 2.343374 -0.353529
v -0.054434 2.325169 -0.398041
v -0.087409 2.325171 -0.391471
v -0.090574 2.343374 -0.353529
v -0.090574 2.343374 -0.353529
v -0.087409 2.325171 -0.391471
v -0.090574 2.323860 -0.393596
v -0.090574 2.323860 -0.393596
v -0.087409 2.325171 -0.391471
v -0.090574 2.327600 -0.395080
v -0.087409 2.325171 -0.391471
v -0.087750 2.328769 -0.393184
v -0.090574 2.327600 -0.395080
v -0.087409 2.325171 -0.391471
v -0.054434 2.325169 -0.398041
v -0.087750 2.328769 -0.393184
v -0.054434 2.325169 -0.398041
v -0.054661 2.328769 -0.399766
v -0.087750 2.328769 -0.393184
v -0.054661 2.328769 -0.399766
v -0.054434 2.325169 -0.398041
v -0.027744 2.324983 -0.400309
v -0.025628 2.328564 -0.402234
v -0.054661 2.328769 -0.399766
v -0.027744 2.324983 -0.400309
v -0.090574 2.343374 -0.337413
v -0.045602 2.343374 -0.346379
v -0.090574 2.343374 -0.353529
v -0.045602 2.343374 -0.346379
v -0.047667 2.343374 -0.362064
v -0.090574 2.343374 -0.353529
v -0.047667 2.343374 -0.362064
v -0.045602 2.343374 -0.346379
v -0.001000 2.343374 -0.349303
v -0.001000 2.343374 -0.365123
v -0.047667 2.343374 -0.362064
v -0.001000 2.343374 -0.349303
v -0.396928 2.311873 -0.164413
v -0.372072 2.311872 -0.214816
v -0.396928 2.316171 -0.164413
v -0.372072 2.311872 -0.214816
v -0.372072 2.316171 -0.214816
v -0.396928 2.316171 -0.164413
v -0.307438 2.316171 -0.299641
v -0.340850 2.316171 -0.261543
v -0.307438 2.311874 -0.299641
v -0.340850 2.316171 -0.261543
v -0.340850 2.311872 -0.261543
v -0.307438 2.311874 -0.299641
v -0.340850 2.316171 -0.261543
v -0.372072 2.316171 -0.214816
v -0.340850 2.311872 -0.261543
v -0.372072 2.316171 -0.214816
v -0.372072 2.311872 -0.214816
v -0.340850 2.311872 -0.261543
v -0.411939 2.303930 -0.170631
v -0.426299 2.303930 -0.128325
v -0.411939 2.308304 -0.170631
v -0.426299 2.303930 -0.128325
v -0.426299 2.308304 -0.128325
v -0.411939 2.308304 -0.170631
v -0.426299 2.303930 -0.128325
v -0.426523 2.304471 -0.124233
v -0.426299 2.308304 -0.128325
v -0.426523 2.304471 -0.124233
v -0.426523 2.308840 -0.124233
v -0.426299 2.308304 -0.128325
v -0.426523 2.304471 -0.124233
v -0.424591 2.305936 -0.120619
v -0.426523 2.308840 -0.124233
v -0.424591 2.305936 -0.120619
v -0.424591 2.310291 -0.120619
v -0.426523 2.308840 -0.124233
v -0.424591 2.305936 -0.120619
v -0.421063 2.307901 -0.118531
v -0.424591 2.310291 -0.120619
v -0.421063 2.307901 -0.118531
v -0.421063 2.312237 -0.118531
v -0.424591 2.310291 -0.120619
v -0.421063 2.307901 -0.118531
v -0.416757 2.309907 -0.118484
v -0.421063 2.312237 -0.118531
v -0.416757 2.309907 -0.118484
v -0.416757 2.314224 -0.118484
v -0.421063 2.312237 -0.118531
v -0.416757 2.309907 -0.118484
v -0.412959 2.311349 -0.120514
v -0.416757 2.314224 -0.118484
v -0.412959 2.311349 -0.120514
v -0.412959 2.315652 -0.120514
v -0.416757 2.314224 -0.118484
v -0.412959 2.311349 -0.120514
v -0.410605 2.311872 -0.124120
v -0.412959 2.315652 -0.120514
v -0.410605 2.311872 -0.124120
v -0.410605 2.316171 -0.124120
v -0.412959 2.315652 -0.120514
v -0.410605 2.311872 -0.124120
v -0.396928 2.311873 -0.164413
v -0.410605 2.316171 -0.124120
v -0.396928 2.311873 -0.164413
v -0.396928 2.316171 -0.164413
v -0.410605 2.316171 -0.124120
v -0.353740 2.308304 -0.271434
v -0.318927 2.308304 -0.311130
v -0.318927 2.303931 -0.311130
v -0.353740 2.303930 -0.271434
v -0.353740 2.308304 -0.271434
v -0.318927 2.303931 -0.311130
v -0.353740 2.308304 -0.271434
v -0.353740 2.303930 -0.271434
v -0.386143 2.303930 -0.222940
v -0.386143 2.308304 -0.222940
v -0.353740 2.308304 -0.271434
v -0.386143 2.303930 -0.222940
v -0.386143 2.303930 -0.222940
v -0.411939 2.303930 -0.170631
v -0.386143 2.308304 -0.222940
v -0.411939 2.303930 -0.170631
v -0.411939 2.308304 -0.170631
v -0.386143 2.308304 -0.222940
v -0.453868 2.303468 0.065977
v -0.453868 2.303468 0.057551
v -0.416193 2.303468 0.065977
v -0.453868 2.303468 0.057551
v -0.416193 2.303468 0.057551
v -0.416193 2.303468 0.065977
v -0.416193 2.303468 0.065977
v -0.416193 2.303468 0.057551
v -0.365167 2.303468 0.045977
v -0.416193 2.303468 0.057551
v -0.365167 2.303468 0.037551
v -0.365167 2.303468 0.045977
v -0.365167 2.303468 0.045977
v -0.365167 2.303468 0.037551
v -0.350297 2.303468 0.037551
v -0.348470 2.303468 0.045977
v -0.365167 2.303468 0.045977
v -0.350297 2.303468 0.037551
v -0.318927 2.303931 -0.311130
v -0.318927 2.308304 -0.311130
v -0.307438 2.311874 -0.299641
v -0.318927 2.308304 -0.311130
v -0.307438 2.316171 -0.299641
v -0.307438 2.311874 -0.299641
v -0.462882 2.266510 -0.092574
v -0.462882 2.283021 -0.092574
v -0.458805 2.266510 -0.092574
v -0.462882 2.283021 -0.092574
v -0.458804 2.283021 -0.092574
v -0.458805 2.266510 -0.092574
v -0.458804 2.283021 -0.092574
v -0.462882 2.283021 -0.092574
v -0.458173 2.292236 -0.092574
v -0.462882 2.283021 -0.092574
v -0.461503 2.294271 -0.092574
v -0.458173 2.292236 -0.092574
v -0.461503 2.294271 -0.092574
v -0.452550 2.300060 -0.092574
v -0.458173 2.292236 -0.092574
v -0.452550 2.300060 -0.092574
v -0.450769 2.296461 -0.092574
v -0.458173 2.292236 -0.092574
v -0.336734 2.347374 -0.092574
v -0.336734 2.343374 -0.092574
v -0.353131 2.347374 -0.092574
v -0.336734 2.343374 -0.092574
v -0.353131 2.343374 -0.092574
v -0.353131 2.347374 -0.092574
v -0.353131 2.347374 -0.092574
v -0.353131 2.343374 -0.092574
v -0.452550 2.300060 -0.092574
v -0.353131 2.343374 -0.092574
v -0.450769 2.296461 -0.092574
v -0.452550 2.300060 -0.092574
v -0.322774 2.343374 -0.133698
v -0.337390 2.343374 -0.139752
v -0.336734 2.343374 -0.092574
v -0.337390 2.343374 -0.139752
v -0.352744 2.343374 -0.094518
v -0.336734 2.343374 -0.092574
v -0.352744 2.343374 -0.094518
v -0.353131 2.343374 -0.092574
v -0.336734 2.343374 -0.092574
v -0.337390 2.343374 -0.139752
v -0.322774 2.343374 -0.133698
v -0.302562 2.343374 -0.174684
v -0.316262 2.343374 -0.182594
v -0.337390 2.343374 -0.139752
v -0.302562 2.343374 -0.174684
v -0.316262 2.343374 -0.182594
v -0.302562 2.343374 -0.174684
v -0.277172 2.343374 -0.212682
v -0.289723 2.343374 -0.222312
v -0.316262 2.343374 -0.182594
v -0.277172 2.343374 -0.212682
v -0.289723 2.343374 -0.222312
v -0.277172 2.343374 -0.212682
v -0.258888 2.343374 -0.257473
v -0.277172 2.343374 -0.212682
v -0.247701 2.343374 -0.246287
v -0.258888 2.343374 -0.257473
v -0.453868 2.303468 -0.059646
v -0.416193 2.303468 -0.059646
v -0.416193 2.237688 -0.059646
v -0.453868 2.237688 -0.059646
v -0.453868 2.303468 -0.059646
v -0.416193 2.237688 -0.059646
v -0.453868 2.303468 -0.059646
v -0.453868 2.237688 -0.059646
v -0.504775 2.270704 -0.059646
v -0.453868 2.237688 -0.059646
v -0.493918 2.237688 -0.059646
v -0.504775 2.270704 -0.059646
v -0.493918 2.237688 -0.059646
v -0.503616 2.240839 -0.059646
v -0.504775 2.270704 -0.059646
v -0.503616 2.240839 -0.059646
v -0.509610 2.249089 -0.059646
v -0.504775 2.270704 -0.059646
v -0.509610 2.249089 -0.059646
v -0.509770 2.260067 -0.059646
v -0.504775 2.270704 -0.059646
v -0.372072 2.311872 -0.214816
v -0.316262 2.343374 -0.182594
v -0.340850 2.311872 -0.261543
v -0.316262 2.343374 -0.182594
v -0.289723 2.343374 -0.222312
v -0.340850 2.311872 -0.261543
v -0.372072 2.311872 -0.214816
v -0.396928 2.311873 -0.164413
v -0.316262 2.343374 -0.182594
v -0.396928 2.311873 -0.164413
v -0.337390 2.343374 -0.139752
v -0.316262 2.343374 -0.182594
v -0.340850 2.311872 -0.261543
v -0.289723 2.343374 -0.222312
v -0.307438 2.311874 -0.299641
v -0.289723 2.343374 -0.222312
v -0.258888 2.343374 -0.257473
v -0.307438 2.311874 -0.299641
v -0.258888 2.343374 -0.257473
v -0.326725 2.296480 -0.325311
v -0.307438 2.311874 -0.299641
v -0.326725 2.296480 -0.325311
v -0.318927 2.303931 -0.311130
v -0.307438 2.311874 -0.299641
v -0.326725 2.296480 -0.325311
v -0.365834 2.296479 -0.280714
v -0.318927 2.303931 -0.311130
v -0.365834 2.296479 -0.280714
v -0.353740 2.303930 -0.271434
v -0.318927 2.303931 -0.311130
v -0.353740 2.303930 -0.271434
v -0.365834 2.296479 -0.280714
v -0.386143 2.303930 -0.222940
v -0.372131 2.283021 -0.285546
v -0.372138 2.266510 -0.285552
v -0.406227 2.266510 -0.234535
v -0.372138 2.266510 -0.285552
v -0.372131 2.283021 -0.285546
v -0.332397 2.266510 -0.330983
v -0.372131 2.283021 -0.285546
v -0.332397 2.283021 -0.330983
v -0.332397 2.266510 -0.330983
v -0.372131 2.283021 -0.285546
v -0.371517 2.292177 -0.285075
v -0.332397 2.283021 -0.330983
v -0.371517 2.292177 -0.285075
v -0.331893 2.292241 -0.330479
v -0.332397 2.283021 -0.330983
v -0.326725 2.296480 -0.325311
v -0.331893 2.292241 -0.330479
v -0.371517 2.292177 -0.285075
v -0.365834 2.296479 -0.280714
v -0.326725 2.296480 -0.325311
v -0.371517 2.292177 -0.285075
v -0.399345 2.296479 -0.230562
v -0.365834 2.296479 -0.280714
v -0.371517 2.292177 -0.285075
v -0.365834 2.296479 -0.280714
v -0.399345 2.296479 -0.230562
v -0.386143 2.303930 -0.222940
v -0.405548 2.292177 -0.234143
v -0.399345 2.296479 -0.230562
v -0.371517 2.292177 -0.285075
v -0.371517 2.292177 -0.285075
v -0.372131 2.283021 -0.285546
v -0.406219 2.283021 -0.234531
v -0.405548 2.292177 -0.234143
v -0.371517 2.292177 -0.285075
v -0.406219 2.283021 -0.234531
v -0.405548 2.292177 -0.234143
v -0.406219 2.283021 -0.234531
v -0.433356 2.283021 -0.179502
v -0.432640 2.292177 -0.179205
v -0.405548 2.292177 -0.234143
v -0.433356 2.283021 -0.179502
v -0.432640 2.292177 -0.179205
v -0.426022 2.296479 -0.176464
v -0.405548 2.292177 -0.234143
v -0.426022 2.296479 -0.176464
v -0.399345 2.296479 -0.230562
v -0.405548 2.292177 -0.234143
v -0.386143 2.303930 -0.222940
v -0.399345 2.296479 -0.230562
v -0.426022 2.296479 -0.176464
v -0.411939 2.303930 -0.170631
v -0.386143 2.303930 -0.222940
v -0.426022 2.296479 -0.176464
v -0.426299 2.303930 -0.128325
v -0.411939 2.303930 -0.170631
v -0.426022 2.296479 -0.176464
v -0.337390 2.343374 -0.139752
v -0.396928 2.311873 -0.164413
v -0.410605 2.311872 -0.124120
v -0.352744 2.343374 -0.094518
v -0.337390 2.343374 -0.139752
v -0.410605 2.311872 -0.124120
v -0.352744 2.343374 -0.094518
v -0.410605 2.311872 -0.124120
v -0.412959 2.311349 -0.120514
v -0.352744 2.343374 -0.094518
v -0.412959 2.311349 -0.120514
v -0.416757 2.309907 -0.118484
v -0.445410 2.296479 -0.119347
v -0.352744 2.343374 -0.094518
v -0.416757 2.309907 -0.118484
v -0.421063 2.307901 -0.118531
v -0.445410 2.296479 -0.119347
v -0.416757 2.309907 -0.118484
v -0.445410 2.296479 -0.119347
v -0.421063 2.307901 -0.118531
v -0.424591 2.305936 -0.120619
v -0.426523 2.304471 -0.124233
v -0.445410 2.296479 -0.119347
v -0.424591 2.305936 -0.120619
v -0.426523 2.304471 -0.124233
v -0.426299 2.303930 -0.128325
v -0.445410 2.296479 -0.119347
v -0.445410 2.296479 -0.119347
v -0.426299 2.303930 -0.128325
v -0.426022 2.296479 -0.176464
v -0.445410 2.296479 -0.119347
v -0.426022 2.296479 -0.176464
v -0.452328 2.292180 -0.121200
v -0.426022 2.296479 -0.176464
v -0.432640 2.292177 -0.179205
v -0.452328 2.292180 -0.121200
v -0.452328 2.292180 -0.121200
v -0.432640 2.292177 -0.179205
v -0.453078 2.283021 -0.121402
v -0.432640 2.292177 -0.179205
v -0.433356 2.283021 -0.179502
v -0.453078 2.283021 -0.121402
v -0.433356 2.283021 -0.179502
v -0.433364 2.266510 -0.179505
v -0.453078 2.283021 -0.121402
v -0.433356 2.283021 -0.179502
v -0.406219 2.283021 -0.234531
v -0.433364 2.266510 -0.179505
v -0.406219 2.283021 -0.234531
v -0.406227 2.266510 -0.234535
v -0.433364 2.266510 -0.179505
v -0.406219 2.283021 -0.234531
v -0.372131 2.283021 -0.285546
v -0.406227 2.266510 -0.234535
v -0.433364 2.266510 -0.179505
v -0.453087 2.266510 -0.121404
v -0.453078 2.283021 -0.121402
v -0.453078 2.283021 -0.121402
v -0.453087 2.266510 -0.121404
v -0.458805 2.266510 -0.092574
v -0.458804 2.283021 -0.092574
v -0.453078 2.283021 -0.121402
v -0.458805 2.266510 -0.092574
v -0.458804 2.283021 -0.092574
v -0.458173 2.292236 -0.092574
v -0.453078 2.283021 -0.121402
v -0.458173 2.292236 -0.092574
v -0.452328 2.292180 -0.121200
v -0.453078 2.283021 -0.121402
v -0.458173 2.292236 -0.092574
v -0.450769 2.296461 -0.092574
v -0.452328 2.292180 -0.121200
v -0.450769 2.296461 -0.092574
v -0.445410 2.296479 -0.119347
v -0.452328 2.292180 -0.121200
v -0.450769 2.296461 -0.092574
v -0.353131 2.343374 -0.092574
v -0.445410 2.296479 -0.119347
v -0.353131 2.343374 -0.092574
v -0.352744 2.343374 -0.094518
v -0.445410 2.296479 -0.119347
v -0.348470 2.303468 -0.048072
v -0.350297 2.303468 -0.039646
v -0.365167 2.303468 -0.048072
v -0.350297 2.303468 -0.039646
v -0.365167 2.303468 -0.039646
v -0.365167 2.303468 -0.048072
v -0.365167 2.303468 -0.039646
v -0.416193 2.303468 -0.059646
v -0.365167 2.303468 -0.048072
v -0.416193 2.303468 -0.059646
v -0.416193 2.303468 -0.068072
v -0.365167 2.303468 -0.048072
v -0.416193 2.303468 -0.059646
v -0.453868 2.303468 -0.059646
v -0.416193 2.303468 -0.068072
v -0.453868 2.303468 -0.059646
v -0.453868 2.303468 -0.068072
v -0.416193 2.303468 -0.068072
v -0.247701 2.347374 -0.246287
v -0.277172 2.347374 -0.212682
v -0.258888 2.347374 -0.257474
v -0.277172 2.347374 -0.212682
v -0.289723 2.347374 -0.222313
v -0.258888 2.347374 -0.257474
v -0.289723 2.347374 -0.222313
v -0.277172 2.347374 -0.212682
v -0.316262 2.347374 -0.182594
v -0.277172 2.347374 -0.212682
v -0.302562 2.347374 -0.174684
v -0.316262 2.347374 -0.182594
v -0.316262 2.347374 -0.182594
v -0.302562 2.347374 -0.174684
v -0.337390 2.347374 -0.139752
v -0.302562 2.347374 -0.174684
v -0.322774 2.347374 -0.133698
v -0.337390 2.347374 -0.139752
v -0.337390 2.347374 -0.139752
v -0.322774 2.347374 -0.133698
v -0.336734 2.347374 -0.092574
v -0.352744 2.347374 -0.094518
v -0.337390 2.347374 -0.139752
v -0.336734 2.347374 -0.092574
v -0.352744 2.347374 -0.094518
v -0.336734 2.347374 -0.092574
v -0.353131 2.347374 -0.092574
v -0.416193 2.237688 -0.068072
v -0.416193 2.303468 -0.068072
v -0.453868 2.237688 -0.068072
v -0.416193 2.303468 -0.068072
v -0.453868 2.303468 -0.068072
v -0.453868 2.237688 -0.068072
v -0.453868 2.237688 -0.068072
v -0.453868 2.303468 -0.068072
v -0.504775 2.270704 -0.068072
v -0.493918 2.237688 -0.068072
v -0.453868 2.237688 -0.068072
v -0.504775 2.270704 -0.068072
v -0.503616 2.240839 -0.068072
v -0.493918 2.237688 -0.068072
v -0.504775 2.270704 -0.068072
v -0.509610 2.249089 -0.068072
v -0.503616 2.240839 -0.068072
v -0.504775 2.270704 -0.068072
v -0.509770 2.260067 -0.068072
v -0.509610 2.249089 -0.068072
v -0.504775 2.270704 -0.068072
v -0.381494 2.323281 -0.053231
v -0.381494 2.327281 -0.053231
v -0.381494 2.323250 -0.076192
v -0.381494 2.327281 -0.053231
v -0.381494 2.326057 -0.086647
v -0.381494 2.323250 -0.076192
v -0.381494 2.312836 -0.087183
v -0.381494 2.323250 -0.076192
v -0.381494 2.326057 -0.086647
v -0.381494 2.322714 -0.089990
v -0.381494 2.312836 -0.087183
v -0.381494 2.326057 -0.086647
v -0.381494 2.322714 -0.089990
v -0.381494 2.266510 -0.091214
v -0.381494 2.312836 -0.087183
v -0.381494 2.266510 -0.091214
v -0.381494 2.266510 -0.087227
v -0.381494 2.312836 -0.087183
v -0.375305 2.266510 -0.287982
v -0.335166 2.266510 -0.333752
v -0.335166 2.283004 -0.333751
v -0.375305 2.283021 -0.287982
v -0.375305 2.266510 -0.287982
v -0.335166 2.283004 -0.333751
v -0.375305 2.283021 -0.287982
v -0.335166 2.283004 -0.333751
v -0.334194 2.294281 -0.332780
v -0.374215 2.294281 -0.287145
v -0.375305 2.283021 -0.287982
v -0.334194 2.294281 -0.332780
v -0.374215 2.294281 -0.287145
v -0.334194 2.294281 -0.332780
v -0.367217 2.300079 -0.281775
v -0.334194 2.294281 -0.332780
v -0.327957 2.300079 -0.326543
v -0.367217 2.300079 -0.281775
v -0.409683 2.266510 -0.236531
v -0.375305 2.266510 -0.287982
v -0.375305 2.283021 -0.287982
v -0.258888 2.347374 -0.257474
v -0.289723 2.347374 -0.222313
v -0.307438 2.316171 -0.299641
v -0.327957 2.300079 -0.326543
v -0.258888 2.347374 -0.257474
v -0.307438 2.316171 -0.299641
v -0.318927 2.308304 -0.311130
v -0.327957 2.300079 -0.326543
v -0.307438 2.316171 -0.299641
v -0.327957 2.300079 -0.326543
v -0.318927 2.308304 -0.311130
v -0.367217 2.300079 -0.281775
v -0.318927 2.308304 -0.311130
v -0.353740 2.308304 -0.271434
v -0.367217 2.300079 -0.281775
v -0.353740 2.308304 -0.271434
v -0.386143 2.308304 -0.222940
v -0.367217 2.300079 -0.281775
v -0.386143 2.308304 -0.222940
v -0.400854 2.300079 -0.231433
v -0.367217 2.300079 -0.281775
v -0.374215 2.294281 -0.287145
v -0.367217 2.300079 -0.281775
v -0.400854 2.300079 -0.231433
v -0.408494 2.294281 -0.235844
v -0.374215 2.294281 -0.287145
v -0.400854 2.300079 -0.231433
v -0.374215 2.294281 -0.287145
v -0.408494 2.294281 -0.235844
v -0.375305 2.283021 -0.287982
v -0.408494 2.294281 -0.235844
v -0.409683 2.283021 -0.236531
v -0.375305 2.283021 -0.287982
v -0.409683 2.283021 -0.236531
v -0.409683 2.266510 -0.236531
v -0.375305 2.283021 -0.287982
v -0.437052 2.266510 -0.181033
v -0.409683 2.266510 -0.236531
v -0.409683 2.283021 -0.236531
v -0.437052 2.283021 -0.181033
v -0.437052 2.266510 -0.181033
v -0.409683 2.283021 -0.236531
v -0.456942 2.266510 -0.122437
v -0.437052 2.266510 -0.181033
v -0.437052 2.283021 -0.181033
v -0.456942 2.283021 -0.122437
v -0.456942 2.266510 -0.122437
v -0.437052 2.283021 -0.181033
v -0.456942 2.266510 -0.122437
v -0.456942 2.283021 -0.122437
v -0.462882 2.266510 -0.092574
v -0.456942 2.283021 -0.122437
v -0.462882 2.283021 -0.092574
v -0.462882 2.266510 -0.092574
v -0.408494 2.294281 -0.235844
v -0.400854 2.300079 -0.231433
v -0.427633 2.300079 -0.177131
v -0.435783 2.294281 -0.180507
v -0.408494 2.294281 -0.235844
v -0.427633 2.300079 -0.177131
v -0.408494 2.294281 -0.235844
v -0.435783 2.294281 -0.180507
v -0.409683 2.283021 -0.236531
v -0.435783 2.294281 -0.180507
v -0.437052 2.283021 -0.181033
v -0.409683 2.283021 -0.236531
v -0.456942 2.283021 -0.122437
v -0.437052 2.283021 -0.181033
v -0.435783 2.294281 -0.180507
v -0.455615 2.294282 -0.122082
v -0.456942 2.283021 -0.122437
v -0.435783 2.294281 -0.180507
v -0.435783 2.294281 -0.180507
v -0.427633 2.300079 -0.177131
v -0.455615 2.294282 -0.122082
v -0.427633 2.300079 -0.177131
v -0.447094 2.300079 -0.119798
v -0.455615 2.294282 -0.122082
v -0.461503 2.294271 -0.092574
v -0.462882 2.283021 -0.092574
v -0.456942 2.283021 -0.122437
v -0.455615 2.294282 -0.122082
v -0.461503 2.294271 -0.092574
v -0.456942 2.283021 -0.122437
v -0.461503 2.294271 -0.092574
v -0.455615 2.294282 -0.122082
v -0.452550 2.300060 -0.092574
v -0.455615 2.294282 -0.122082
v -0.447094 2.300079 -0.119798
v -0.452550 2.300060 -0.092574
v -0.452550 2.300060 -0.092574
v -0.447094 2.300079 -0.119798
v -0.353131 2.347374 -0.092574
v -0.447094 2.300079 -0.119798
v -0.352744 2.347374 -0.094518
v -0.353131 2.347374 -0.092574
v -0.427633 2.300079 -0.177131
v -0.400854 2.300079 -0.231433
v -0.386143 2.308304 -0.222940
v -0.411939 2.308304 -0.170631
v -0.427633 2.300079 -0.177131
v -0.386143 2.308304 -0.222940
v -0.427633 2.300079 -0.177131
v -0.411939 2.308304 -0.170631
v -0.426299 2.308304 -0.128325
v -0.447094 2.300079 -0.119798
v -0.427633 2.300079 -0.177131
v -0.426299 2.308304 -0.128325
v -0.447094 2.300079 -0.119798
v -0.426299 2.308304 -0.128325
v -0.426523 2.308840 -0.124233
v -0.447094 2.300079 -0.119798
v -0.426523 2.308840 -0.124233
v -0.424591 2.310291 -0.120619
v -0.447094 2.300079 -0.119798
v -0.424591 2.310291 -0.120619
v -0.421063 2.312237 -0.118531
v -0.352744 2.347374 -0.094518
v -0.447094 2.300079 -0.119798
v -0.421063 2.312237 -0.118531
v -0.416757 2.314224 -0.118484
v -0.352744 2.347374 -0.094518
v -0.421063 2.312237 -0.118531
v -0.416757 2.314224 -0.118484
v -0.412959 2.315652 -0.120514
v -0.352744 2.347374 -0.094518
v -0.412959 2.315652 -0.120514
v -0.410605 2.316171 -0.124120
v -0.352744 2.347374 -0.094518
v -0.352744 2.347374 -0.094518
v -0.410605 2.316171 -0.124120
v -0.337390 2.347374 -0.139752
v -0.410605 2.316171 -0.124120
v -0.396928 2.316171 -0.164413
v -0.337390 2.347374 -0.139752
v -0.316262 2.347374 -0.182594
v -0.337390 2.347374 -0.139752
v -0.396928 2.316171 -0.164413
v -0.372072 2.316171 -0.214816
v -0.316262 2.347374 -0.182594
v -0.396928 2.316171 -0.164413
v -0.372072 2.316171 -0.214816
v -0.340850 2.316171 -0.261543
v -0.316262 2.347374 -0.182594
v -0.340850 2.316171 -0.261543
v -0.289723 2.347374 -0.222313
v -0.316262 2.347374 -0.182594
v -0.289723 2.347374 -0.222313
v -0.340850 2.316171 -0.261543
v -0.307438 2.316171 -0.299641
v -0.465547 2.323281 -0.053231
v -0.465547 2.327281 -0.053231
v -0.465547 2.323281 -0.059183
v -0.465547 2.327281 -0.053231
v -0.465547 2.327281 -0.059183
v -0.465547 2.323281 -0.059183
v -0.465547 2.323281 -0.059183
v -0.465547 2.327281 -0.059183
v -0.432678 2.323281 -0.059183
v -0.465547 2.327281 -0.059183
v -0.432678 2.327281 -0.059183
v -0.432678 2.323281 -0.059183
v -0.432678 2.323281 -0.059183
v -0.432678 2.327281 -0.059183
v -0.432678 2.327281 -0.053231
v -0.432678 2.323281 -0.053231
v -0.432678 2.323281 -0.059183
v -0.432678 2.327281 -0.053231
v -0.214816 2.316171 -0.372072
v -0.214816 2.311872 -0.372072
v -0.164413 2.316171 -0.396928
v -0.214816 2.311872 -0.372072
v -0.164413 2.311873 -0.396928
v -0.164413 2.316171 -0.396928
v -0.214816 2.311872 -0.372072
v -0.214816 2.316171 -0.372072
v -0.261543 2.311872 -0.340850
v -0.214816 2.316171 -0.372072
v -0.261543 2.316171 -0.340850
v -0.261543 2.311872 -0.340850
v -0.261543 2.311872 -0.340850
v -0.261543 2.316171 -0.340850
v -0.299641 2.311874 -0.307438
v -0.261543 2.316171 -0.340850
v -0.299641 2.316171 -0.307438
v -0.299641 2.311874 -0.307438
v -0.164413 2.316171 -0.396928
v -0.164413 2.311873 -0.396928
v -0.124120 2.316171 -0.410605
v -0.164413 2.311873 -0.396928
v -0.124120 2.311872 -0.410605
v -0.124120 2.316171 -0.410605
v -0.124120 2.316171 -0.410605
v -0.124120 2.311872 -0.410605
v -0.120514 2.315652 -0.412959
v -0.124120 2.311872 -0.410605
v -0.120514 2.311349 -0.412959
v -0.120514 2.315652 -0.412959
v -0.120514 2.315652 -0.412959
v -0.120514 2.311349 -0.412959
v -0.118484 2.314224 -0.416757
v -0.120514 2.311349 -0.412959
v -0.118484 2.309906 -0.416757
v -0.118484 2.314224 -0.416757
v -0.118484 2.314224 -0.416757
v -0.118484 2.309906 -0.416757
v -0.118531 2.312237 -0.421063
v -0.118484 2.309906 -0.416757
v -0.118531 2.307901 -0.421063
v -0.118531 2.312237 -0.421063
v -0.118531 2.312237 -0.421063
v -0.118531 2.307901 -0.421063
v -0.120619 2.310291 -0.424591
v -0.118531 2.307901 -0.421063
v -0.120619 2.305936 -0.424591
v -0.120619 2.310291 -0.424591
v -0.120619 2.310291 -0.424591
v -0.120619 2.305936 -0.424591
v -0.124233 2.308840 -0.426523
v -0.120619 2.305936 -0.424591
v -0.124233 2.304471 -0.426523
v -0.124233 2.308840 -0.426523
v -0.124233 2.308840 -0.426523
v -0.124233 2.304471 -0.426523
v -0.128325 2.308304 -0.426299
v -0.124233 2.304471 -0.426523
v -0.128325 2.303930 -0.426299
v -0.128325 2.308304 -0.426299
v -0.128325 2.308304 -0.426299
v -0.128325 2.303930 -0.426299
v -0.170631 2.308304 -0.411939
v -0.128325 2.303930 -0.426299
v -0.170631 2.303930 -0.411939
v -0.170631 2.308304 -0.411939
v -0.170631 2.308304 -0.411939
v -0.170631 2.303930 -0.411939
v -0.222940 2.308304 -0.386143
v -0.170631 2.303930 -0.411939
v -0.222940 2.303930 -0.386143
v -0.222940 2.308304 -0.386143
v -0.271434 2.308304 -0.353740
v -0.222940 2.308304 -0.386143
v -0.222940 2.303930 -0.386143
v -0.271434 2.303930 -0.353740
v -0.271434 2.308304 -0.353740
v -0.222940 2.303930 -0.386143
v -0.271434 2.303930 -0.353740
v -0.311130 2.303931 -0.318927
v -0.271434 2.308304 -0.353740
v -0.311130 2.303931 -0.318927
v -0.311130 2.308304 -0.318927
v -0.271434 2.308304 -0.353740
v -0.311130 2.303931 -0.318927
v -0.299641 2.311874 -0.307438
v -0.311130 2.308304 -0.318927
v -0.299641 2.311874 -0.307438
v -0.299641 2.316171 -0.307438
v -0.311130 2.308304 -0.318927
v -0.094518 2.343374 -0.352744
v -0.139752 2.343374 -0.337390
v -0.092574 2.343374 -0.336734
v -0.139752 2.343374 -0.337390
v -0.133698 2.343374 -0.322774
v -0.092574 2.343374 -0.336734
v -0.092574 2.343374 -0.353131
v -0.094518 2.343374 -0.352744
v -0.092574 2.343374 -0.336734
v -0.246287 2.343374 -0.247701
v -0.212682 2.343374 -0.277172
v -0.257473 2.343374 -0.258888
v -0.212682 2.343374 -0.277172
v -0.222312 2.343374 -0.289723
v -0.257473 2.343374 -0.258888
v -0.222312 2.343374 -0.289723
v -0.212682 2.343374 -0.277172
v -0.182594 2.343374 -0.316262
v -0.212682 2.343374 -0.277172
v -0.174684 2.343374 -0.302562
v -0.182594 2.343374 -0.316262
v -0.182594 2.343374 -0.316262
v -0.174684 2.343374 -0.302562
v -0.139752 2.343374 -0.337390
v -0.174684 2.343374 -0.302562
v -0.133698 2.343374 -0.322774
v -0.139752 2.343374 -0.337390
v -0.246287 2.347374 -0.247701
v -0.212682 2.347374 -0.277172
v -0.246287 2.343374 -0.247701
v -0.212682 2.347374 -0.277172
v -0.212682 2.343374 -0.277172
v -0.246287 2.343374 -0.247701
v -0.212682 2.343374 -0.277172
v -0.212682 2.347374 -0.277172
v -0.174684 2.347374 -0.302562
v -0.174684 2.343374 -0.302562
v -0.212682 2.343374 -0.277172
v -0.174684 2.347374 -0.302562
v -0.133698 2.343374 -0.322774
v -0.174684 2.343374 -0.302562
v -0.174684 2.347374 -0.302562
v -0.133698 2.347374 -0.322774
v -0.133698 2.343374 -0.322774
v -0.174684 2.347374 -0.302562
v -0.133698 2.343374 -0.322774
v -0.133698 2.347374 -0.322774
v -0.092574 2.347374 -0.336734
v -0.092574 2.343374 -0.336734
v -0.133698 2.343374 -0.322774
v -0.092574 2.347374 -0.336734
v -0.330983 2.266510 -0.332397
v -0.285552 2.266510 -0.372138
v -0.333752 2.266510 -0.335166
v -0.285552 2.266510 -0.372138
v -0.287982 2.266510 -0.375305
v -0.333752 2.266510 -0.335166
v -0.285552 2.266510 -0.372138
v -0.234535 2.266510 -0.406227
v -0.287982 2.266510 -0.375305
v -0.234535 2.266510 -0.406227
v -0.236531 2.266510 -0.409683
v -0.287982 2.266510 -0.375305
v -0.236531 2.266510 -0.409683
v -0.234535 2.266510 -0.406227
v -0.181033 2.266510 -0.437052
v -0.234535 2.266510 -0.406227
v -0.179505 2.266510 -0.433364
v -0.181033 2.266510 -0.437052
v -0.181033 2.266510 -0.437052
v -0.179505 2.266510 -0.433364
v -0.122437 2.266510 -0.456942
v -0.179505 2.266510 -0.433364
v -0.121404 2.266510 -0.453087
v -0.122437 2.266510 -0.456942
v -0.122437 2.266510 -0.456942
v -0.121404 2.266510 -0.453087
v -0.092574 2.266510 -0.458805
v -0.092574 2.266510 -0.462882
v -0.122437 2.266510 -0.456942
v -0.092574 2.266510 -0.458805
v -0.092574 2.296461 -0.450769
v -0.092574 2.343374 -0.353131
v -0.092574 2.300060 -0.452550
v -0.092574 2.343374 -0.353131
v -0.092574 2.347374 -0.353131
v -0.092574 2.300060 -0.452550
v -0.092574 2.343374 -0.353131
v -0.092574 2.343374 -0.336734
v -0.092574 2.347374 -0.353131
v -0.092574 2.343374 -0.336734
v -0.092574 2.347374 -0.336734
v -0.092574 2.347374 -0.353131
v -0.092574 2.266510 -0.462882
v -0.092574 2.266510 -0.458805
v -0.092574 2.283021 -0.462882
v -0.092574 2.266510 -0.458805
v -0.092574 2.283021 -0.458804
v -0.092574 2.283021 -0.462882
v -0.092574 2.283021 -0.462882
v -0.092574 2.283021 -0.458804
v -0.092574 2.292236 -0.458173
v -0.092574 2.294271 -0.461503
v -0.092574 2.283021 -0.462882
v -0.092574 2.292236 -0.458173
v -0.092574 2.300060 -0.452550
v -0.092574 2.294271 -0.461503
v -0.092574 2.292236 -0.458173
v -0.092574 2.296461 -0.450769
v -0.092574 2.300060 -0.452550
v -0.092574 2.292236 -0.458173
v -0.246287 2.347374 -0.247701
v -0.246287 2.343374 -0.247701
v -0.257473 2.343374 -0.258888
v -0.257474 2.347374 -0.258888
v -0.246287 2.347374 -0.247701
v -0.257473 2.343374 -0.258888
v -0.326543 2.300079 -0.327957
v -0.257474 2.347374 -0.258888
v -0.257473 2.343374 -0.258888
v -0.325311 2.296480 -0.326725
v -0.326543 2.300079 -0.327957
v -0.257473 2.343374 -0.258888
v -0.326543 2.300079 -0.327957
v -0.325311 2.296480 -0.326725
v -0.330479 2.292241 -0.331893
v -0.332780 2.294281 -0.334194
v -0.326543 2.300079 -0.327957
v -0.330479 2.292241 -0.331893
v -0.332780 2.294281 -0.334194
v -0.330479 2.292241 -0.331893
v -0.333751 2.283004 -0.335166
v -0.330479 2.292241 -0.331893
v -0.330983 2.283021 -0.332397
v -0.333751 2.283004 -0.335166
v -0.330983 2.283021 -0.332397
v -0.330983 2.266510 -0.332397
v -0.333751 2.283004 -0.335166
v -0.330983 2.266510 -0.332397
v -0.333752 2.266510 -0.335166
v -0.333751 2.283004 -0.335166
v -0.182594 2.343374 -0.316262
v -0.214816 2.311872 -0.372072
v -0.261543 2.311872 -0.340850
v -0.222312 2.343374 -0.289723
v -0.182594 2.343374 -0.316262
v -0.261543 2.311872 -0.340850
v -0.214816 2.311872 -0.372072
v -0.182594 2.343374 -0.316262
v -0.164413 2.311873 -0.396928
v -0.182594 2.343374 -0.316262
v -0.139752 2.343374 -0.337390
v -0.164413 2.311873 -0.396928
v -0.311130 2.303931 -0.318927
v -0.325311 2.296480 -0.326725
v -0.299641 2.311874 -0.307438
v -0.325311 2.296480 -0.326725
v -0.257473 2.343374 -0.258888
v -0.299641 2.311874 -0.307438
v -0.257473 2.343374 -0.258888
v -0.222312 2.343374 -0.289723
v -0.299641 2.311874 -0.307438
v -0.222312 2.343374 -0.289723
v -0.261543 2.311872 -0.340850
v -0.299641 2.311874 -0.307438
v -0.234531 2.283021 -0.406219
v -0.285546 2.283021 -0.372131
v -0.285075 2.292177 -0.371517
v -0.234531 2.283021 -0.406219
v -0.234535 2.266510 -0.406227
v -0.285546 2.283021 -0.372131
v -0.234535 2.266510 -0.406227
v -0.285552 2.266510 -0.372138
v -0.285546 2.283021 -0.372131
v -0.285546 2.283021 -0.372131
v -0.285552 2.266510 -0.372138
v -0.330983 2.266510 -0.332397
v -0.330983 2.283021 -0.332397
v -0.285546 2.283021 -0.372131
v -0.330983 2.266510 -0.332397
v -0.285546 2.283021 -0.372131
v -0.330983 2.283021 -0.332397
v -0.285075 2.292177 -0.371517
v -0.330983 2.283021 -0.332397
v -0.330479 2.292241 -0.331893
v -0.285075 2.292177 -0.371517
v -0.285075 2.292177 -0.371517
v -0.330479 2.292241 -0.331893
v -0.325311 2.296480 -0.326725
v -0.280714 2.296479 -0.365834
v -0.285075 2.292177 -0.371517
v -0.325311 2.296480 -0.326725
v -0.280714 2.296479 -0.365834
v -0.325311 2.296480 -0.326725
v -0.311130 2.303931 -0.318927
v -0.271434 2.303930 -0.353740
v -0.280714 2.296479 -0.365834
v -0.311130 2.303931 -0.318927
v -0.179505 2.266510 -0.433364
v -0.234535 2.266510 -0.406227
v -0.234531 2.283021 -0.406219
v -0.234143 2.292177 -0.405548
v -0.285075 2.292177 -0.371517
v -0.230562 2.296479 -0.399345
v -0.285075 2.292177 -0.371517
v -0.280714 2.296479 -0.365834
v -0.230562 2.296479 -0.399345
v -0.230562 2.296479 -0.399345
v -0.280714 2.296479 -0.365834
v -0.222940 2.303930 -0.386143
v -0.280714 2.296479 -0.365834
v -0.271434 2.303930 -0.353740
v -0.222940 2.303930 -0.386143
v -0.164413 2.311873 -0.396928
v -0.139752 2.343374 -0.337390
v -0.124120 2.311872 -0.410605
v -0.139752 2.343374 -0.337390
v -0.094518 2.343374 -0.352744
v -0.124120 2.311872 -0.410605
v -0.124120 2.311872 -0.410605
v -0.094518 2.343374 -0.352744
v -0.120514 2.311349 -0.412959
v -0.120514 2.311349 -0.412959
v -0.094518 2.343374 -0.352744
v -0.118484 2.309906 -0.416757
v -0.118484 2.309906 -0.416757
v -0.094518 2.343374 -0.352744
v -0.119347 2.296479 -0.445410
v -0.094518 2.343374 -0.352744
v -0.092574 2.343374 -0.353131
v -0.119347 2.296479 -0.445410
v -0.092574 2.343374 -0.353131
v -0.092574 2.296461 -0.450769
v -0.119347 2.296479 -0.445410
v -0.121200 2.292180 -0.452328
v -0.119347 2.296479 -0.445410
v -0.092574 2.296461 -0.450769
v -0.092574 2.292236 -0.458173
v -0.121200 2.292180 -0.452328
v -0.092574 2.296461 -0.450769
v -0.121402 2.283021 -0.453078
v -0.121200 2.292180 -0.452328
v -0.092574 2.292236 -0.458173
v -0.092574 2.283021 -0.458804
v -0.121402 2.283021 -0.453078
v -0.092574 2.292236 -0.458173
v -0.092574 2.283021 -0.458804
v -0.092574 2.266510 -0.458805
v -0.121402 2.283021 -0.453078
v -0.092574 2.266510 -0.458805
v -0.121404 2.266510 -0.453087
v -0.121402 2.283021 -0.453078
v -0.121404 2.266510 -0.453087
v -0.179505 2.266510 -0.433364
v -0.121402 2.283021 -0.453078
v -0.179505 2.266510 -0.433364
v -0.179502 2.283021 -0.433356
v -0.121402 2.283021 -0.453078
v -0.179502 2.283021 -0.433356
v -0.179505 2.266510 -0.433364
v -0.234531 2.283021 -0.406219
v -0.179502 2.283021 -0.433356
v -0.234531 2.283021 -0.406219
v -0.234143 2.292177 -0.405548
v -0.234143 2.292177 -0.405548
v -0.234531 2.283021 -0.406219
v -0.285075 2.292177 -0.371517
v -0.170631 2.303930 -0.411939
v -0.176464 2.296479 -0.426022
v -0.222940 2.303930 -0.386143
v -0.176464 2.296479 -0.426022
v -0.230562 2.296479 -0.399345
v -0.222940 2.303930 -0.386143
v -0.234143 2.292177 -0.405548
v -0.230562 2.296479 -0.399345
v -0.176464 2.296479 -0.426022
v -0.179205 2.292177 -0.432640
v -0.234143 2.292177 -0.405548
v -0.176464 2.296479 -0.426022
v -0.179205 2.292177 -0.432640
v -0.179502 2.283021 -0.433356
v -0.234143 2.292177 -0.405548
v -0.179502 2.283021 -0.433356
v -0.179205 2.292177 -0.432640
v -0.121402 2.283021 -0.453078
v -0.179205 2.292177 -0.432640
v -0.121200 2.292180 -0.452328
v -0.121402 2.283021 -0.453078
v -0.179205 2.292177 -0.432640
v -0.176464 2.296479 -0.426022
v -0.121200 2.292180 -0.452328
v -0.176464 2.296479 -0.426022
v -0.119347 2.296479 -0.445410
v -0.121200 2.292180 -0.452328
v -0.119347 2.296479 -0.445410
v -0.176464 2.296479 -0.426022
v -0.128325 2.303930 -0.426299
v -0.128325 2.303930 -0.426299
v -0.124233 2.304471 -0.426523
v -0.119347 2.296479 -0.445410
v -0.119347 2.296479 -0.445410
v -0.124233 2.304471 -0.426523
v -0.120619 2.305936 -0.424591
v -0.118531 2.307901 -0.421063
v -0.119347 2.296479 -0.445410
v -0.120619 2.305936 -0.424591
v -0.118531 2.307901 -0.421063
v -0.118484 2.309906 -0.416757
v -0.119347 2.296479 -0.445410
v -0.176464 2.296479 -0.426022
v -0.170631 2.303930 -0.411939
v -0.128325 2.303930 -0.426299
v -0.381494 2.266510 0.085131
v -0.381494 2.266510 0.089118
v -0.381494 2.312836 0.085087
v -0.381494 2.266510 0.089118
v -0.381494 2.322714 0.087895
v -0.381494 2.312836 0.085087
v -0.381494 2.322714 0.087895
v -0.381494 2.326057 0.084552
v -0.381494 2.312836 0.085087
v -0.381494 2.326057 0.084552
v -0.381494 2.323250 0.074097
v -0.381494 2.312836 0.085087
v -0.381494 2.326057 0.084552
v -0.381494 2.327281 0.051136
v -0.381494 2.323250 0.074097
v -0.381494 2.327281 0.051136
v -0.381494 2.323281 0.051136
v -0.381494 2.323250 0.074097
v -0.402234 2.328564 -0.025628
v -0.392905 2.333231 -0.022047
v -0.400309 2.324983 -0.027744
v -0.392905 2.333231 -0.022047
v -0.384080 2.333231 -0.022047
v -0.400309 2.324983 -0.027744
v -0.384080 2.333231 -0.022047
v -0.392905 2.333231 -0.022047
v -0.383143 2.338186 -0.015590
v -0.374546 2.338186 -0.015590
v -0.384080 2.333231 -0.022047
v -0.383143 2.338186 -0.015590
v -0.383143 2.338186 -0.015590
v -0.377203 2.341301 -0.008070
v -0.374546 2.338186 -0.015590
v -0.377203 2.341301 -0.008070
v -0.368808 2.341301 -0.008070
v -0.374546 2.338186 -0.015590
v -0.368808 2.341301 -0.008070
v -0.377203 2.341301 -0.008070
v -0.375744 2.342232 -0.001000
v -0.367423 2.342232 -0.001000
v -0.368808 2.341301 -0.008070
v -0.375744 2.342232 -0.001000
v -0.365123 2.347374 -0.001000
v -0.349303 2.347374 -0.001000
v -0.365123 2.343374 -0.001000
v -0.349303 2.347374 -0.001000
v -0.349303 2.343374 -0.001000
v -0.365123 2.343374 -0.001000
v -0.375744 2.342232 -0.001000
v -0.365123 2.347374 -0.001000
v -0.367423 2.342232 -0.001000
v -0.365123 2.347374 -0.001000
v -0.365123 2.343374 -0.001000
v -0.367423 2.342232 -0.001000
v -0.365123 2.343374 -0.001000
v -0.365637 2.343117 -0.001000
v -0.367423 2.342232 -0.001000
v -0.432678 2.323281 0.057088
v -0.432678 2.323281 0.051136
v -0.432678 2.327281 0.051136
v -0.432678 2.327281 0.057088
v -0.432678 2.323281 0.057088
v -0.432678 2.327281 0.051136
v -0.432678 2.327281 0.057088
v -0.465547 2.327281 0.057088
v -0.432678 2.323281 0.057088
v -0.465547 2.327281 0.057088
v -0.465547 2.323281 0.057088
v -0.432678 2.323281 0.057088
v -0.465547 2.327281 0.057088
v -0.465547 2.327281 0.051136
v -0.465547 2.323281 0.057088
v -0.465547 2.327281 0.051136
v -0.465547 2.323281 0.051136
v -0.465547 2.323281 0.057088
v -0.393184 2.328769 -0.087750
v -0.395080 2.327600 -0.090574
v -0.353529 2.347374 -0.090574
v -0.353529 2.347374 -0.090574
v -0.362064 2.347374 -0.047667
v -0.393184 2.328769 -0.087750
v -0.377203 2.341301 -0.008070
v -0.365123 2.347374 -0.001000
v -0.375744 2.342232 -0.001000
v -0.377203 2.341301 -0.008070
v -0.383143 2.338186 -0.015590
v -0.365123 2.347374 -0.001000
v -0.383143 2.338186 -0.015590
v -0.362064 2.347374 -0.047667
v -0.365123 2.347374 -0.001000
v -0.383143 2.338186 -0.015590
v -0.392905 2.333231 -0.022047
v -0.362064 2.347374 -0.047667
v -0.362064 2.347374 -0.047667
v -0.392905 2.333231 -0.022047
v -0.399766 2.328769 -0.054661
v -0.362064 2.347374 -0.047667
v -0.399766 2.328769 -0.054661
v -0.393184 2.328769 -0.087750
v -0.392905 2.333231 -0.022047
v -0.402234 2.328564 -0.025628
v -0.399766 2.328769 -0.054661
v -0.337413 2.347374 -0.090574
v -0.346379 2.347374 -0.045602
v -0.353529 2.347374 -0.090574
v -0.346379 2.347374 -0.045602
v -0.362064 2.347374 -0.047667
v -0.353529 2.347374 -0.090574
v -0.362064 2.347374 -0.047667
v -0.346379 2.347374 -0.045602
v -0.365123 2.347374 -0.001000
v -0.346379 2.347374 -0.045602
v -0.349303 2.347374 -0.001000
v -0.365123 2.347374 -0.001000
v -0.476000 2.322630 0.051136
v -0.477033 2.326462 0.051136
v -0.527620 2.293908 0.051136
v -0.477033 2.326462 0.051136
v -0.530600 2.296481 0.051136
v -0.527620 2.293908 0.051136
v -0.530600 2.296481 0.051136
v -0.533948 2.290821 0.051136
v -0.527620 2.293908 0.051136
v -0.533948 2.290821 0.051136
v -0.530259 2.289449 0.051136
v -0.527620 2.293908 0.051136
v -0.337413 2.347374 -0.090574
v -0.353529 2.347374 -0.090574
v -0.337413 2.343374 -0.090574
v -0.353529 2.347374 -0.090574
v -0.353529 2.343374 -0.090574
v -0.337413 2.343374 -0.090574
v -0.353529 2.347374 -0.090574
v -0.395080 2.327600 -0.090574
v -0.353529 2.343374 -0.090574
v -0.395080 2.327600 -0.090574
v -0.393596 2.323860 -0.090574
v -0.353529 2.343374 -0.090574
v -0.316705 2.347374 0.181695
v -0.337390 2.347374 0.139752
v -0.303005 2.347374 0.173785
v -0.337390 2.347374 0.139752
v -0.322774 2.347374 0.133698
v -0.303005 2.347374 0.173785
v -0.322774 2.347374 0.133698
v -0.337390 2.347374 0.139752
v -0.336734 2.347374 0.092574
v -0.337390 2.347374 0.139752
v -0.352744 2.347374 0.094518
v -0.336734 2.347374 0.092574
v -0.336734 2.347374 0.092574
v -0.352744 2.347374 0.094518
v -0.353131 2.347374 0.092574
v -0.336734 2.343374 0.092574
v -0.322774 2.343374 0.133698
v -0.336734 2.347374 0.092574
v -0.322774 2.343374 0.133698
v -0.322774 2.347374 0.133698
v -0.336734 2.347374 0.092574
v -0.322774 2.347374 0.133698
v -0.322774 2.343374 0.133698
v -0.303005 2.347374 0.173785
v -0.322774 2.343374 0.133698
v -0.303005 2.343374 0.173785
v -0.303005 2.347374 0.173785
v -0.441418 2.332034 0.047845
v -0.451029 2.334603 0.047845
v -0.433811 2.325624 0.047845
v -0.451029 2.334603 0.047845
v -0.459344 2.332280 0.047845
v -0.433811 2.325624 0.047845
v -0.459344 2.332280 0.047845
v -0.464704 2.325515 0.047845
v -0.433811 2.325624 0.047845
v -0.464704 2.325515 0.047845
v -0.465430 2.288787 0.047845
v -0.433811 2.325624 0.047845
v -0.465430 2.288787 0.047845
v -0.414584 2.285175 0.047845
v -0.433811 2.325624 0.047845
v -0.337390 2.343374 0.139752
v -0.316705 2.343374 0.181695
v -0.303005 2.343374 0.173785
v -0.322774 2.343374 0.133698
v -0.337390 2.343374 0.139752
v -0.303005 2.343374 0.173785
v -0.352744 2.343374 0.094518
v -0.337390 2.343374 0.139752
v -0.336734 2.343374 0.092574
v -0.337390 2.343374 0.139752
v -0.322774 2.343374 0.133698
v -0.336734 2.343374 0.092574
v -0.353131 2.343374 0.092574
v -0.352744 2.343374 0.094518
v -0.336734 2.343374 0.092574
v -0.414584 2.285175 0.055317
v -0.465430 2.288787 0.055317
v -0.433811 2.325624 0.055317
v -0.465430 2.288787 0.055317
v -0.464704 2.325515 0.055317
v -0.433811 2.325624 0.055317
v -0.464704 2.325515 0.055317
v -0.459344 2.332280 0.055317
v -0.433811 2.325624 0.055317
v -0.459344 2.332280 0.055317
v -0.451029 2.334603 0.055317
v -0.433811 2.325624 0.055317
v -0.451029 2.334603 0.055317
v -0.441418 2.332034 0.055317
v -0.433811 2.325624 0.055317
v -0.462882 2.266510 0.092574
v -0.456942 2.266510 0.122437
v -0.458805 2.266510 0.092574
v -0.456942 2.266510 0.122437
v -0.453087 2.266510 0.121404
v -0.458805 2.266510 0.092574
v -0.433364 2.266510 0.179505
v -0.453087 2.266510 0.121404
v -0.456942 2.266510 0.122437
v -0.437052 2.266510 0.181033
v -0.433364 2.266510 0.179505
v -0.456942 2.266510 0.122437
v -0.433364 2.266510 0.179505
v -0.437052 2.266510 0.181033
v -0.406670 2.266510 0.233636
v -0.437052 2.266510 0.181033
v -0.410126 2.266510 0.235632
v -0.406670 2.266510 0.233636
v -0.414584 2.285175 0.047845
v -0.414584 2.285175 0.055317
v -0.433811 2.325624 0.047845
v -0.414584 2.285175 0.055317
v -0.433811 2.325624 0.055317
v -0.433811 2.325624 0.047845
v -0.433811 2.325624 0.047845
v -0.433811 2.325624 0.055317
v -0.441418 2.332034 0.047845
v -0.433811 2.325624 0.055317
v -0.441418 2.332034 0.055317
v -0.441418 2.332034 0.047845
v -0.441418 2.332034 0.055317
v -0.451029 2.334603 0.055317
v -0.441418 2.332034 0.047845
v -0.451029 2.334603 0.055317
v -0.451029 2.334603 0.047845
v -0.441418 2.332034 0.047845
v -0.451029 2.334603 0.055317
v -0.459344 2.332280 0.055317
v -0.451029 2.334603 0.047845
v -0.459344 2.332280 0.055317
v -0.459344 2.332280 0.047845
v -0.451029 2.334603 0.047845
v -0.459344 2.332280 0.047845
v -0.459344 2.332280 0.055317
v -0.464704 2.325515 0.047845
v -0.459344 2.332280 0.055317
v -0.464704 2.325515 0.055317
v -0.464704 2.325515 0.047845
v -0.464704 2.325515 0.055317
v -0.465430 2.288787 0.055317
v -0.464704 2.325515 0.047845
v -0.465430 2.288787 0.055317
v -0.465430 2.288787 0.047845
v -0.464704 2.325515 0.047845
v -0.450769 2.296461 0.092574
v -0.353131 2.343374 0.092574
v -0.452550 2.300060 0.092574
v -0.353131 2.343374 0.092574
v -0.353131 2.347374 0.092574
v -0.452550 2.300060 0.092574
v -0.353131 2.343374 0.092574
v -0.336734 2.343374 0.092574
v -0.353131 2.347374 0.092574
v -0.336734 2.343374 0.092574
v -0.336734 2.347374 0.092574
v -0.353131 2.347374 0.092574
v -0.462882 2.266510 0.092574
v -0.458805 2.266510 0.092574
v -0.462882 2.283021 0.092574
v -0.458805 2.266510 0.092574
v -0.458804 2.283021 0.092574
v -0.462882 2.283021 0.092574
v -0.462882 2.283021 0.092574
v -0.458804 2.283021 0.092574
v -0.458173 2.292236 0.092574
v -0.461503 2.294271 0.092574
v -0.462882 2.283021 0.092574
v -0.458173 2.292236 0.092574
v -0.461503 2.294271 0.092574
v -0.458173 2.292236 0.092574
v -0.452550 2.300060 0.092574
v -0.458173 2.292236 0.092574
v -0.450769 2.296461 0.092574
v -0.452550 2.300060 0.092574
v -0.418124 2.324270 -0.036724
v -0.427088 2.297184 -0.036724
v -0.423247 2.330719 -0.036724
v -0.427088 2.297184 -0.036724
v -0.464206 2.328364 -0.036724
v -0.423247 2.330719 -0.036724
v -0.464206 2.328364 -0.036724
v -0.468377 2.335887 -0.036724
v -0.423247 2.330719 -0.036724
v -0.461503 2.294271 0.092574
v -0.452550 2.300060 0.092574
v -0.455615 2.294282 0.122082
v -0.452550 2.300060 0.092574
v -0.447094 2.300079 0.119798
v -0.455615 2.294282 0.122082
v -0.447094 2.300079 0.119798
v -0.452550 2.300060 0.092574
v -0.353131 2.347374 0.092574
v -0.352744 2.347374 0.094518
v -0.447094 2.300079 0.119798
v -0.353131 2.347374 0.092574
v -0.447094 2.300079 0.119798
v -0.352744 2.347374 0.094518
v -0.337390 2.347374 0.139752
v -0.427633 2.300079 0.177131
v -0.447094 2.300079 0.119798
v -0.337390 2.347374 0.139752
v -0.427633 2.300079 0.177131
v -0.337390 2.347374 0.139752
v -0.316705 2.347374 0.181695
v -0.401298 2.300079 0.230535
v -0.427633 2.300079 0.177131
v -0.316705 2.347374 0.181695
v -0.401298 2.300079 0.230535
v -0.408937 2.294281 0.234945
v -0.427633 2.300079 0.177131
v -0.408937 2.294281 0.234945
v -0.435783 2.294281 0.180507
v -0.427633 2.300079 0.177131
v -0.408937 2.294281 0.234945
v -0.410126 2.283021 0.235632
v -0.435783 2.294281 0.180507
v -0.410126 2.283021 0.235632
v -0.437052 2.283021 0.181033
v -0.435783 2.294281 0.180507
v -0.437052 2.266510 0.181033
v -0.437052 2.283021 0.181033
v -0.410126 2.283021 0.235632
v -0.437052 2.283021 0.181033
v -0.437052 2.266510 0.181033
v -0.456942 2.283021 0.122437
v -0.437052 2.266510 0.181033
v -0.456942 2.266510 0.122437
v -0.456942 2.283021 0.122437
v -0.462882 2.283021 0.092574
v -0.456942 2.283021 0.122437
v -0.456942 2.266510 0.122437
v -0.462882 2.266510 0.092574
v -0.462882 2.283021 0.092574
v -0.456942 2.266510 0.122437
v -0.435783 2.294281 0.180507
v -0.437052 2.283021 0.181033
v -0.456942 2.283021 0.122437
v -0.455615 2.294282 0.122082
v -0.447094 2.300079 0.119798
v -0.427633 2.300079 0.177131
v -0.435783 2.294281 0.180507
v -0.455615 2.294282 0.122082
v -0.427633 2.300079 0.177131
v -0.455615 2.294282 0.122082
v -0.435783 2.294281 0.180507
v -0.456942 2.283021 0.122437
v -0.455615 2.294282 0.122082
v -0.456942 2.283021 0.122437
v -0.461503 2.294271 0.092574
v -0.456942 2.283021 0.122437
v -0.462882 2.283021 0.092574
v -0.461503 2.294271 0.092574
v -0.410126 2.266510 0.235632
v -0.437052 2.266510 0.181033
v -0.410126 2.283021 0.235632
v -0.483733 2.300794 -0.044690
v -0.483365 2.324481 -0.044690
v -0.503356 2.247433 -0.044690
v -0.483365 2.324481 -0.044690
v -0.601477 2.257873 -0.044690
v -0.503356 2.247433 -0.044690
v -0.601477 2.257873 -0.044690
v -0.604281 2.253071 -0.044690
v -0.503356 2.247433 -0.044690
v -0.604281 2.253071 -0.044690
v -0.601477 2.257873 -0.044690
v -0.604058 2.255244 -0.044690
v -0.464206 2.328364 -0.044690
v -0.464206 2.328364 -0.048690
v -0.470427 2.329095 -0.044690
v -0.464206 2.328364 -0.048690
v -0.473114 2.329178 -0.048690
v -0.470427 2.329095 -0.044690
v -0.473114 2.329178 -0.048690
v -0.473114 2.329178 -0.044690
v -0.470427 2.329095 -0.044690
v -0.473114 2.329178 -0.044690
v -0.473114 2.329178 -0.048690
v -0.475394 2.328716 -0.048690
v -0.475394 2.328716 -0.044690
v -0.473114 2.329178 -0.044690
v -0.475394 2.328716 -0.048690
v -0.475394 2.328716 -0.044690
v -0.475394 2.328716 -0.048690
v -0.483365 2.324481 -0.044690
v -0.475394 2.328716 -0.048690
v -0.601477 2.257873 -0.048690
v -0.483365 2.324481 -0.044690
v -0.601477 2.257873 -0.048690
v -0.601477 2.257873 -0.044690
v -0.483365 2.324481 -0.044690
v -0.601477 2.257873 -0.044690
v -0.601477 2.257873 -0.048690
v -0.604058 2.255244 -0.044690
v -0.601477 2.257873 -0.048690
v -0.604058 2.255244 -0.048690
v -0.604058 2.255244 -0.044690
v -0.604058 2.255244 -0.044690
v -0.604058 2.255244 -0.048690
v -0.604281 2.253071 -0.044690
v -0.604058 2.255244 -0.048690
v -0.604227 2.243689 -0.048690
v -0.604281 2.253071 -0.044690
v -0.604227 2.243689 -0.048690
v -0.604227 2.243689 -0.044690
v -0.604281 2.253071 -0.044690
v -0.399788 2.296479 0.229663
v -0.426022 2.296479 0.176464
v -0.405991 2.292177 0.233244
v -0.426022 2.296479 0.176464
v -0.432640 2.292177 0.179205
v -0.405991 2.292177 0.233244
v -0.426022 2.296479 0.176464
v -0.445410 2.296479 0.119347
v -0.452328 2.292180 0.121200
v -0.432640 2.292177 0.179205
v -0.426022 2.296479 0.176464
v -0.452328 2.292180 0.121200
v -0.432640 2.292177 0.179205
v -0.452328 2.292180 0.121200
v -0.453078 2.283021 0.121402
v -0.433356 2.283021 0.179502
v -0.432640 2.292177 0.179205
v -0.453078 2.283021 0.121402
v -0.405991 2.292177 0.233244
v -0.432640 2.292177 0.179205
v -0.433356 2.283021 0.179502
v -0.406662 2.283021 0.233632
v -0.405991 2.292177 0.233244
v -0.433356 2.283021 0.179502
v -0.426022 2.296479 0.176464
v -0.399788 2.296479 0.229663
v -0.316705 2.343374 0.181695
v -0.337390 2.343374 0.139752
v -0.426022 2.296479 0.176464
v -0.316705 2.343374 0.181695
v -0.426022 2.296479 0.176464
v -0.337390 2.343374 0.139752
v -0.445410 2.296479 0.119347
v -0.337390 2.343374 0.139752
v -0.352744 2.343374 0.094518
v -0.445410 2.296479 0.119347
v -0.352744 2.343374 0.094518
v -0.353131 2.343374 0.092574
v -0.445410 2.296479 0.119347
v -0.353131 2.343374 0.092574
v -0.450769 2.296461 0.092574
v -0.445410 2.296479 0.119347
v -0.445410 2.296479 0.119347
v -0.450769 2.296461 0.092574
v -0.452328 2.292180 0.121200
v -0.450769 2.296461 0.092574
v -0.458173 2.292236 0.092574
v -0.452328 2.292180 0.121200
v -0.452328 2.292180 0.121200
v -0.458173 2.292236 0.092574
v -0.453078 2.283021 0.121402
v -0.458173 2.292236 0.092574
v -0.458804 2.283021 0.092574
v -0.453078 2.283021 0.121402
v -0.458804 2.283021 0.092574
v -0.458805 2.266510 0.092574
v -0.453078 2.283021 0.121402
v -0.458805 2.266510 0.092574
v -0.453087 2.266510 0.121404
v -0.453078 2.283021 0.121402
v -0.453087 2.266510 0.121404
v -0.433364 2.266510 0.179505
v -0.453078 2.283021 0.121402
v -0.433364 2.266510 0.179505
v -0.433356 2.283021 0.179502
v -0.453078 2.283021 0.121402
v -0.433356 2.283021 0.179502
v -0.433364 2.266510 0.179505
v -0.406670 2.266510 0.233636
v -0.406662 2.283021 0.233632
v -0.433356 2.283021 0.179502
v -0.406670 2.266510 0.233636
v -0.406670 2.266510 0.233636
v -0.410126 2.266510 0.235632
v -0.410126 2.283021 0.235632
v -0.406662 2.283021 0.233632
v -0.406670 2.266510 0.233636
v -0.410126 2.283021 0.235632
v -0.405991 2.292177 0.233244
v -0.406662 2.283021 0.233632
v -0.410126 2.283021 0.235632
v -0.408937 2.294281 0.234945
v -0.405991 2.292177 0.233244
v -0.410126 2.283021 0.235632
v -0.408937 2.294281 0.234945
v -0.401298 2.300079 0.230535
v -0.405991 2.292177 0.233244
v -0.401298 2.300079 0.230535
v -0.399788 2.296479 0.229663
v -0.405991 2.292177 0.233244
v -0.316705 2.343374 0.181695
v -0.399788 2.296479 0.229663
v -0.401298 2.300079 0.230535
v -0.316705 2.347374 0.181695
v -0.316705 2.343374 0.181695
v -0.401298 2.300079 0.230535
v -0.316705 2.347374 0.181695
v -0.303005 2.347374 0.173785
v -0.316705 2.343374 0.181695
v -0.303005 2.347374 0.173785
v -0.303005 2.343374 0.173785
v -0.316705 2.343374 0.181695
v -0.228655 2.340012 0.303733
v -0.226781 2.339402 0.306497
v -0.281775 2.300079 0.367217
v -0.223308 2.339573 0.308394
v -0.281775 2.300079 0.367217
v -0.226781 2.339402 0.306497
v -0.260257 2.300922 0.379505
v -0.281775 2.300079 0.367217
v -0.223308 2.339573 0.308394
v -0.092574 2.300060 0.452550
v -0.092574 2.294271 0.461503
v -0.122082 2.294282 0.455615
v -0.119798 2.300079 0.447094
v -0.092574 2.300060 0.452550
v -0.122082 2.294282 0.455615
v -0.177131 2.300079 0.427633
v -0.119798 2.300079 0.447094
v -0.122082 2.294282 0.455615
v -0.119798 2.300079 0.447094
v -0.177131 2.300079 0.427633
v -0.155886 2.300654 0.433592
v -0.177131 2.300079 0.427633
v -0.175641 2.301965 0.424035
v -0.155886 2.300654 0.433592
v -0.177131 2.300079 0.427633
v -0.231433 2.300079 0.400854
v -0.175641 2.301965 0.424035
v -0.231433 2.300079 0.400854
v -0.228972 2.302462 0.396592
v -0.175641 2.301965 0.424035
v -0.228972 2.302462 0.396592
v -0.231433 2.300079 0.400854
v -0.260257 2.300922 0.379505
v -0.231433 2.300079 0.400854
v -0.281775 2.300079 0.367217
v -0.260257 2.300922 0.379505
v -0.287145 2.294281 0.374215
v -0.281775 2.300079 0.367217
v -0.231433 2.300079 0.400854
v -0.287145 2.294281 0.374215
v -0.333534 2.294281 0.333534
v -0.281775 2.300079 0.367217
v -0.333534 2.294281 0.333534
v -0.287145 2.294281 0.374215
v -0.287982 2.283021 0.375305
v -0.334505 2.283003 0.334505
v -0.333534 2.294281 0.333534
v -0.287982 2.283021 0.375305
v -0.287982 2.283021 0.375305
v -0.287982 2.266510 0.375305
v -0.334505 2.283003 0.334505
v -0.287982 2.266510 0.375305
v -0.334505 2.266510 0.334505
v -0.334505 2.283003 0.334505
v -0.334505 2.283003 0.334505
v -0.334505 2.266510 0.334505
v -0.375305 2.266510 0.287982
v -0.375305 2.283021 0.287982
v -0.334505 2.283003 0.334505
v -0.375305 2.266510 0.287982
v -0.375305 2.283021 0.287982
v -0.375305 2.266510 0.287982
v -0.409126 2.266510 0.237364
v -0.236531 2.266510 0.409683
v -0.287982 2.266510 0.375305
v -0.287982 2.283021 0.375305
v -0.333534 2.294281 0.333534
v -0.334505 2.283003 0.334505
v -0.375305 2.283021 0.287982
v -0.374215 2.294281 0.287145
v -0.333534 2.294281 0.333534
v -0.375305 2.283021 0.287982
v -0.374215 2.294281 0.287145
v -0.367217 2.300079 0.281775
v -0.333534 2.294281 0.333534
v -0.367217 2.300079 0.281775
v -0.327296 2.300079 0.327296
v -0.333534 2.294281 0.333534
v -0.333534 2.294281 0.333534
v -0.327296 2.300079 0.327296
v -0.281775 2.300079 0.367217
v -0.409126 2.283021 0.237364
v -0.375305 2.283021 0.287982
v -0.409126 2.266510 0.237364
v -0.375305 2.283021 0.287982
v -0.409126 2.283021 0.237364
v -0.407937 2.294281 0.236677
v -0.374215 2.294281 0.287145
v -0.375305 2.283021 0.287982
v -0.407937 2.294281 0.236677
v -0.374215 2.294281 0.287145
v -0.407937 2.294281 0.236677
v -0.400298 2.300079 0.232267
v -0.367217 2.300079 0.281775
v -0.374215 2.294281 0.287145
v -0.400298 2.300079 0.232267
v -0.367217 2.300079 0.281775
v -0.400298 2.300079 0.232267
v -0.315705 2.347374 0.183427
v -0.289723 2.347374 0.222313
v -0.367217 2.300079 0.281775
v -0.315705 2.347374 0.183427
v -0.367217 2.300079 0.281775
v -0.289723 2.347374 0.222313
v -0.327296 2.300079 0.327296
v -0.289723 2.347374 0.222313
v -0.258227 2.347374 0.258227
v -0.327296 2.300079 0.327296
v -0.258227 2.347374 0.258227
v -0.222313 2.347374 0.289723
v -0.327296 2.300079 0.327296
v -0.222313 2.347374 0.289723
v -0.281775 2.300079 0.367217
v -0.327296 2.300079 0.327296
v -0.228655 2.340012 0.303733
v -0.281775 2.300079 0.367217
v -0.222313 2.347374 0.289723
v -0.227246 2.341486 0.301022
v -0.228655 2.340012 0.303733
v -0.222313 2.347374 0.289723
v -0.223964 2.342350 0.301075
v -0.227246 2.341486 0.301022
v -0.222313 2.347374 0.289723
v -0.222313 2.347374 0.289723
v -0.182594 2.347374 0.316262
v -0.223964 2.342350 0.301075
v -0.182594 2.347374 0.316262
v -0.185845 2.344226 0.321894
v -0.223964 2.342350 0.301075
v -0.182594 2.347374 0.316262
v -0.139752 2.347374 0.337390
v -0.185845 2.344226 0.321894
v -0.139752 2.347374 0.337390
v -0.142559 2.343822 0.344168
v -0.185845 2.344226 0.321894
v -0.142559 2.343822 0.344168
v -0.139752 2.347374 0.337390
v -0.112515 2.341830 0.358703
v -0.139752 2.347374 0.337390
v -0.094518 2.347375 0.352744
v -0.112515 2.341830 0.358703
v -0.110574 2.340921 0.361340
v -0.112515 2.341830 0.358703
v -0.094518 2.347375 0.352744
v -0.092574 2.300060 0.452550
v -0.119798 2.300079 0.447094
v -0.092574 2.347374 0.353131
v -0.119798 2.300079 0.447094
v -0.094518 2.347375 0.352744
v -0.092574 2.347374 0.353131
v -0.119798 2.300079 0.447094
v -0.111985 2.339454 0.364054
v -0.094518 2.347375 0.352744
v -0.111985 2.339454 0.364054
v -0.110574 2.340921 0.361340
v -0.094518 2.347375 0.352744
v -0.118898 2.339132 0.362407
v -0.119798 2.300079 0.447094
v -0.155886 2.300654 0.433592
v -0.119798 2.300079 0.447094
v -0.118898 2.339132 0.362407
v -0.111985 2.339454 0.364054
v -0.118898 2.339132 0.362407
v -0.115335 2.338896 0.364131
v -0.111985 2.339454 0.364054
v -0.604227 2.243689 0.042585
v -0.604281 2.253071 0.042585
v -0.604227 2.243689 -0.001052
v -0.604281 2.253071 0.042585
v -0.604281 2.253071 -0.044690
v -0.604227 2.243689 -0.001052
v -0.604281 2.253071 -0.044690
v -0.604227 2.243689 -0.044690
v -0.604227 2.243689 -0.001052
v -0.259461 2.297318 0.377974
v -0.222578 2.336269 0.306990
v -0.280714 2.296479 0.365834
v -0.222578 2.336269 0.306990
v -0.226051 2.336097 0.305092
v -0.280714 2.296479 0.365834
v -0.226051 2.336097 0.305092
v -0.227926 2.336711 0.302331
v -0.280714 2.296479 0.365834
v -0.230562 2.296479 0.399345
v -0.228112 2.298873 0.395102
v -0.259461 2.297318 0.377974
v -0.280714 2.296479 0.365834
v -0.230562 2.296479 0.399345
v -0.259461 2.297318 0.377974
v -0.280714 2.296479 0.365834
v -0.285075 2.292177 0.371516
v -0.230562 2.296479 0.399345
v -0.285075 2.292177 0.371516
v -0.234143 2.292177 0.405548
v -0.230562 2.296479 0.399345
v -0.230562 2.296479 0.399345
v -0.234143 2.292177 0.405548
v -0.176464 2.296479 0.426022
v -0.234143 2.292177 0.405548
v -0.179205 2.292177 0.432640
v -0.176464 2.296479 0.426022
v -0.176464 2.296479 0.426022
v -0.179205 2.292177 0.432640
v -0.121125 2.296011 0.448190
v -0.179205 2.292177 0.432640
v -0.121200 2.292180 0.452328
v -0.121125 2.296011 0.448190
v -0.234143 2.292177 0.405548
v -0.234531 2.283021 0.406219
v -0.179205 2.292177 0.432640
v -0.285546 2.283021 0.372131
v -0.234531 2.283021 0.406219
v -0.234143 2.292177 0.405548
v -0.285075 2.292177 0.371516
v -0.285546 2.283021 0.372131
v -0.234143 2.292177 0.405548
v -0.176464 2.296479 0.426022
v -0.175009 2.298413 0.422446
v -0.230562 2.296479 0.399345
v -0.175009 2.298413 0.422446
v -0.228112 2.298873 0.395102
v -0.230562 2.296479 0.399345
v -0.175009 2.298413 0.422446
v -0.176464 2.296479 0.426022
v -0.155163 2.297380 0.432201
v -0.176464 2.296479 0.426022
v -0.121125 2.296011 0.448190
v -0.155163 2.297380 0.432201
v -0.110025 2.338432 0.360282
v -0.111426 2.336925 0.362979
v -0.096296 2.342907 0.355525
v -0.111426 2.336925 0.362979
v -0.121125 2.296011 0.448190
v -0.096296 2.342907 0.355525
v -0.121125 2.296011 0.448190
v -0.092574 2.296461 0.450769
v -0.096296 2.342907 0.355525
v -0.092574 2.296461 0.450769
v -0.121125 2.296011 0.448190
v -0.121200 2.292180 0.452328
v -0.092574 2.292236 0.458173
v -0.092574 2.296461 0.450769
v -0.121200 2.292180 0.452328
v -0.092574 2.292236 0.458173
v -0.121200 2.292180 0.452328
v -0.121402 2.283021 0.453078
v -0.121200 2.292180 0.452328
v -0.179205 2.292177 0.432640
v -0.121402 2.283021 0.453078
v -0.179205 2.292177 0.432640
v -0.179502 2.283021 0.433356
v -0.121402 2.283021 0.453078
v -0.234531 2.283021 0.406219
v -0.179502 2.283021 0.433356
v -0.179205 2.292177 0.432640
v -0.234531 2.283021 0.406219
v -0.234535 2.266510 0.406227
v -0.179502 2.283021 0.433356
v -0.234531 2.283021 0.406219
v -0.285546 2.283021 0.372131
v -0.234535 2.266510 0.406227
v -0.285546 2.283021 0.372131
v -0.285552 2.266510 0.372138
v -0.234535 2.266510 0.406227
v -0.331737 2.266510 0.331737
v -0.285552 2.266510 0.372138
v -0.285546 2.283021 0.372131
v -0.331737 2.283021 0.331737
v -0.331737 2.266510 0.331737
v -0.285546 2.283021 0.372131
v -0.285546 2.283021 0.372131
v -0.285075 2.292177 0.371516
v -0.331737 2.283021 0.331737
v -0.285075 2.292177 0.371516
v -0.331234 2.292242 0.331234
v -0.331737 2.283021 0.331737
v -0.326064 2.296480 0.326064
v -0.331234 2.292242 0.331234
v -0.285075 2.292177 0.371516
v -0.280714 2.296479 0.365834
v -0.326064 2.296480 0.326064
v -0.285075 2.292177 0.371516
v -0.280714 2.296479 0.365834
v -0.222312 2.343374 0.289723
v -0.326064 2.296480 0.326064
v -0.280714 2.296479 0.365834
v -0.227926 2.336711 0.302331
v -0.222312 2.343374 0.289723
v -0.227926 2.336711 0.302331
v -0.226520 2.338197 0.299624
v -0.222312 2.343374 0.289723
v -0.092574 2.296461 0.450769
v -0.094352 2.342907 0.355911
v -0.096296 2.342907 0.355525
v -0.222312 2.343374 0.289723
v -0.258227 2.343374 0.258227
v -0.326064 2.296480 0.326064
v -0.234535 2.266510 0.406227
v -0.179505 2.266510 0.433364
v -0.179502 2.283021 0.433356
v -0.179502 2.283021 0.433356
v -0.179505 2.266510 0.433364
v -0.121402 2.283021 0.453078
v -0.179505 2.266510 0.433364
v -0.121404 2.266510 0.453087
v -0.121402 2.283021 0.453078
v -0.121402 2.283021 0.453078
v -0.121404 2.266510 0.453087
v -0.092574 2.266510 0.458805
v -0.092574 2.283021 0.458804
v -0.121402 2.283021 0.453078
v -0.092574 2.266510 0.458805
v -0.092574 2.283021 0.458804
v -0.092574 2.292236 0.458173
v -0.121402 2.283021 0.453078
v -0.185063 2.340961 0.320538
v -0.182594 2.343374 0.316262
v -0.223239 2.339067 0.299680
v -0.182594 2.343374 0.316262
v -0.222312 2.343374 0.289723
v -0.223239 2.339067 0.299680
v -0.226520 2.338197 0.299624
v -0.223239 2.339067 0.299680
v -0.222312 2.343374 0.289723
v -0.142623 2.341454 0.342856
v -0.141530 2.342907 0.340170
v -0.185063 2.340961 0.320538
v -0.141530 2.342907 0.340170
v -0.182594 2.343374 0.316262
v -0.185063 2.340961 0.320538
v -0.141530 2.342907 0.340170
v -0.142623 2.341454 0.342856
v -0.111971 2.339366 0.357656
v -0.096296 2.342907 0.355525
v -0.141530 2.342907 0.340170
v -0.111971 2.339366 0.357656
v -0.111971 2.339366 0.357656
v -0.110025 2.338432 0.360282
v -0.096296 2.342907 0.355525
v -0.468377 2.335887 0.034619
v -0.464206 2.328364 0.034619
v -0.423247 2.330719 0.034619
v -0.464206 2.328364 0.034619
v -0.427088 2.297184 0.034619
v -0.423247 2.330719 0.034619
v -0.427088 2.297184 0.034619
v -0.418124 2.324270 0.034619
v -0.423247 2.330719 0.034619
v -0.409126 2.266510 0.237364
v -0.375305 2.266510 0.287982
v -0.405670 2.266510 0.235368
v -0.375305 2.266510 0.287982
v -0.372138 2.266510 0.285552
v -0.405670 2.266510 0.235368
v -0.372138 2.266510 0.285552
v -0.375305 2.266510 0.287982
v -0.334505 2.266510 0.334505
v -0.331737 2.266510 0.331737
v -0.372138 2.266510 0.285552
v -0.334505 2.266510 0.334505
v -0.285552 2.266510 0.372138
v -0.331737 2.266510 0.331737
v -0.334505 2.266510 0.334505
v -0.287982 2.266510 0.375305
v -0.285552 2.266510 0.372138
v -0.334505 2.266510 0.334505
v -0.287982 2.266510 0.375305
v -0.236531 2.266510 0.409683
v -0.285552 2.266510 0.372138
v -0.236531 2.266510 0.409683
v -0.234535 2.266510 0.406227
v -0.285552 2.266510 0.372138
v -0.236531 2.266510 0.409683
v -0.181033 2.266510 0.437052
v -0.234535 2.266510 0.406227
v -0.181033 2.266510 0.437052
v -0.179505 2.266510 0.433364
v -0.234535 2.266510 0.406227
v -0.181033 2.266510 0.437052
v -0.122437 2.266510 0.456942
v -0.179505 2.266510 0.433364
v -0.122437 2.266510 0.456942
v -0.121404 2.266510 0.453087
v -0.179505 2.266510 0.433364
v -0.121404 2.266510 0.453087
v -0.122437 2.266510 0.456942
v -0.092574 2.266510 0.458805
v -0.122437 2.266510 0.456942
v -0.092574 2.266510 0.462882
v -0.092574 2.266510 0.458805
v -0.601477 2.257873 0.042585
v -0.604281 2.253071 0.042585
v -0.604058 2.255244 0.042585
v -0.604281 2.253071 0.042585
v -0.601477 2.257873 0.042585
v -0.503356 2.247433 0.042585
v -0.601477 2.257873 0.042585
v -0.483365 2.324481 0.042585
v -0.503356 2.247433 0.042585
v -0.483365 2.324481 0.042585
v -0.483733 2.300794 0.042585
v -0.503356 2.247433 0.042585
v -0.092574 2.266510 0.462882
v -0.092574 2.283021 0.462882
v -0.092574 2.266510 0.458805
v -0.092574 2.283021 0.462882
v -0.092574 2.283021 0.458804
v -0.092574 2.266510 0.458805
v -0.092574 2.283021 0.458804
v -0.092574 2.283021 0.462882
v -0.092574 2.292236 0.458173
v -0.092574 2.283021 0.462882
v -0.092574 2.294271 0.461503
v -0.092574 2.292236 0.458173
v -0.092574 2.294271 0.461503
v -0.092574 2.300060 0.452550
v -0.092574 2.292236 0.458173
v -0.092574 2.300060 0.452550
v -0.092574 2.296461 0.450769
v -0.092574 2.292236 0.458173
v -0.092574 2.347374 0.336734
v -0.094352 2.342907 0.339514
v -0.092574 2.347374 0.353131
v -0.094352 2.342907 0.339514
v -0.094352 2.342907 0.355911
v -0.092574 2.347374 0.353131
v -0.092574 2.347374 0.353131
v -0.094352 2.342907 0.355911
v -0.092574 2.300060 0.452550
v -0.094352 2.342907 0.355911
v -0.092574 2.296461 0.450769
v -0.092574 2.300060 0.452550
v -0.604227 2.243689 0.042585
v -0.604227 2.243689 0.046585
v -0.604281 2.253071 0.042585
v -0.604227 2.243689 0.046585
v -0.604058 2.255244 0.046585
v -0.604281 2.253071 0.042585
v -0.604058 2.255244 0.046585
v -0.604058 2.255244 0.042585
v -0.604281 2.253071 0.042585
v -0.604058 2.255244 0.042585
v -0.604058 2.255244 0.046585
v -0.601477 2.257873 0.046585
v -0.601477 2.257873 0.042585
v -0.604058 2.255244 0.042585
v -0.601477 2.257873 0.046585
v -0.601477 2.257873 0.042585
v -0.601477 2.257873 0.046585
v -0.483365 2.324481 0.042585
v -0.601477 2.257873 0.046585
v -0.475394 2.328716 0.046585
v -0.483365 2.324481 0.042585
v -0.475394 2.328716 0.046585
v -0.475394 2.328716 0.042585
v -0.483365 2.324481 0.042585
v -0.475394 2.328716 0.046585
v -0.473114 2.329178 0.046585
v -0.475394 2.328716 0.042585
v -0.473114 2.329178 0.046585
v -0.473114 2.329178 0.042585
v -0.475394 2.328716 0.042585
v -0.473114 2.329178 0.042585
v -0.473114 2.329178 0.046585
v -0.470427 2.329095 0.042585
v -0.473114 2.329178 0.046585
v -0.464206 2.328364 0.046585
v -0.470427 2.329095 0.042585
v -0.464206 2.328364 0.046585
v -0.464206 2.328364 0.042585
v -0.470427 2.329095 0.042585
v -0.317483 2.342907 0.186208
v -0.303783 2.342907 0.178298
v -0.315705 2.347374 0.183427
v -0.303783 2.342907 0.178298
v -0.302005 2.347374 0.175517
v -0.315705 2.347374 0.183427
v -0.400298 2.300079 0.232267
v -0.407937 2.294281 0.236677
v -0.400566 2.296011 0.234175
v -0.407937 2.294281 0.236677
v -0.404991 2.292177 0.234976
v -0.400566 2.296011 0.234175
v -0.365834 2.296479 0.280714
v -0.291501 2.342907 0.225093
v -0.317483 2.342907 0.186208
v -0.400566 2.296011 0.234175
v -0.365834 2.296479 0.280714
v -0.317483 2.342907 0.186208
v -0.371516 2.292177 0.285075
v -0.365834 2.296479 0.280714
v -0.400566 2.296011 0.234175
v -0.404991 2.292177 0.234976
v -0.371516 2.292177 0.285075
v -0.400566 2.296011 0.234175
v -0.372131 2.283021 0.285546
v -0.371516 2.292177 0.285075
v -0.404991 2.292177 0.234976
v -0.405662 2.283021 0.235364
v -0.372131 2.283021 0.285546
v -0.404991 2.292177 0.234976
v -0.372131 2.283021 0.285546
v -0.405662 2.283021 0.235364
v -0.405670 2.266510 0.235368
v -0.372138 2.266510 0.285552
v -0.372131 2.283021 0.285546
v -0.405670 2.266510 0.235368
v -0.372138 2.266510 0.285552
v -0.331737 2.266510 0.331737
v -0.372131 2.283021 0.285546
v -0.331737 2.266510 0.331737
v -0.331737 2.283021 0.331737
v -0.372131 2.283021 0.285546
v -0.372131 2.283021 0.285546
v -0.331737 2.283021 0.331737
v -0.371516 2.292177 0.285075
v -0.331737 2.283021 0.331737
v -0.331234 2.292242 0.331234
v -0.371516 2.292177 0.285075
v -0.371516 2.292177 0.285075
v -0.331234 2.292242 0.331234
v -0.326064 2.296480 0.326064
v -0.365834 2.296479 0.280714
v -0.371516 2.292177 0.285075
v -0.326064 2.296480 0.326064
v -0.365834 2.296479 0.280714
v -0.326064 2.296480 0.326064
v -0.291501 2.342907 0.225093
v -0.326064 2.296480 0.326064
v -0.258227 2.343374 0.258227
v -0.291501 2.342907 0.225093
v -0.418124 2.324270 0.046585
v -0.427088 2.297184 0.046585
v -0.423247 2.330719 0.046585
v -0.427088 2.297184 0.046585
v -0.464206 2.328364 0.046585
v -0.423247 2.330719 0.046585
v -0.464206 2.328364 0.046585
v -0.463409 2.335318 0.046585
v -0.423247 2.330719 0.046585
v -0.464206 2.328364 0.046585
v -0.473114 2.329178 0.046585
v -0.463409 2.335318 0.046585
v -0.473114 2.329178 0.046585
v -0.473776 2.336108 0.046585
v -0.463409 2.335318 0.046585
v -0.473776 2.336108 0.046585
v -0.473114 2.329178 0.046585
v -0.475394 2.328716 0.046585
v -0.477481 2.335358 0.046585
v -0.473776 2.336108 0.046585
v -0.475394 2.328716 0.046585
v -0.477481 2.335358 0.046585
v -0.475394 2.328716 0.046585
v -0.605425 2.263621 0.046585
v -0.475394 2.328716 0.046585
v -0.601477 2.257873 0.046585
v -0.605425 2.263621 0.046585
v -0.601477 2.257873 0.046585
v -0.604058 2.255244 0.046585
v -0.605425 2.263621 0.046585
v -0.604058 2.255244 0.046585
v -0.610526 2.257622 0.046585
v -0.605425 2.263621 0.046585
v -0.611227 2.243689 0.046585
v -0.610526 2.257622 0.046585
v -0.604058 2.255244 0.046585
v -0.604227 2.243689 0.046585
v -0.611227 2.243689 0.046585
v -0.604058 2.255244 0.046585
v -0.467548 2.317708 -0.018023
v -0.464828 2.324954 -0.018023
v -0.465998 2.308925 -0.018023
v -0.464828 2.324954 -0.018023
v -0.454474 2.329654 -0.018023
v -0.465998 2.308925 -0.018023
v -0.454474 2.329654 -0.018023
v -0.439498 2.328981 -0.018023
v -0.465998 2.308925 -0.018023
v -0.439498 2.328981 -0.018023
v -0.440879 2.298264 -0.018023
v -0.465998 2.308925 -0.018023
v -0.440879 2.298264 -0.018023
v -0.457230 2.299000 -0.018023
v -0.465998 2.308925 -0.018023
v -0.291501 2.342907 0.225093
v -0.277172 2.343374 0.212682
v -0.317483 2.342907 0.186208
v -0.277172 2.343374 0.212682
v -0.303783 2.342907 0.178298
v -0.317483 2.342907 0.186208
v -0.291501 2.342907 0.225093
v -0.258227 2.343374 0.258227
v -0.277172 2.343374 0.212682
v -0.258227 2.343374 0.258227
v -0.247041 2.343374 0.247041
v -0.277172 2.343374 0.212682
v -0.212682 2.343374 0.277172
v -0.247041 2.343374 0.247041
v -0.258227 2.343374 0.258227
v -0.222312 2.343374 0.289723
v -0.212682 2.343374 0.277172
v -0.258227 2.343374 0.258227
v -0.222312 2.343374 0.289723
v -0.182594 2.343374 0.316262
v -0.212682 2.343374 0.277172
v -0.182594 2.343374 0.316262
v -0.174684 2.343374 0.302562
v -0.212682 2.343374 0.277172
v -0.141530 2.342907 0.340170
v -0.133698 2.343374 0.322774
v -0.182594 2.343374 0.316262
v -0.133698 2.343374 0.322774
v -0.174684 2.343374 0.302562
v -0.182594 2.343374 0.316262
v -0.096296 2.342907 0.355525
v -0.094352 2.342907 0.355911
v -0.094352 2.342907 0.339514
v -0.096296 2.342907 0.355525
v -0.094352 2.342907 0.339514
v -0.141530 2.342907 0.340170
v -0.094352 2.342907 0.339514
v -0.133698 2.343374 0.322774
v -0.141530 2.342907 0.340170
v -0.315705 2.347374 0.183427
v -0.400298 2.300079 0.232267
v -0.317483 2.342907 0.186208
v -0.400298 2.300079 0.232267
v -0.400566 2.296011 0.234175
v -0.317483 2.342907 0.186208
v -0.259461 2.297318 0.377974
v -0.260257 2.300922 0.379505
v -0.222578 2.336269 0.306990
v -0.260257 2.300922 0.379505
v -0.223308 2.339573 0.308394
v -0.222578 2.336269 0.306990
v -0.222578 2.336269 0.306990
v -0.223308 2.339573 0.308394
v -0.226781 2.339402 0.306497
v -0.226051 2.336097 0.305092
v -0.222578 2.336269 0.306990
v -0.226781 2.339402 0.306497
v -0.226781 2.339402 0.306497
v -0.228655 2.340012 0.303733
v -0.226051 2.336097 0.305092
v -0.228655 2.340012 0.303733
v -0.227926 2.336711 0.302331
v -0.226051 2.336097 0.305092
v -0.226520 2.338197 0.299624
v -0.227926 2.336711 0.302331
v -0.228655 2.340012 0.303733
v -0.227246 2.341486 0.301022
v -0.226520 2.338197 0.299624
v -0.228655 2.340012 0.303733
v -0.223239 2.339067 0.299680
v -0.226520 2.338197 0.299624
v -0.227246 2.341486 0.301022
v -0.223964 2.342350 0.301075
v -0.223239 2.339067 0.299680
v -0.227246 2.341486 0.301022
v -0.185063 2.340961 0.320538
v -0.223239 2.339067 0.299680
v -0.223964 2.342350 0.301075
v -0.185845 2.344226 0.321894
v -0.185063 2.340961 0.320538
v -0.223964 2.342350 0.301075
v -0.142623 2.341454 0.342856
v -0.185063 2.340961 0.320538
v -0.185845 2.344226 0.321894
v -0.142559 2.343822 0.344168
v -0.142623 2.341454 0.342856
v -0.185845 2.344226 0.321894
v -0.111971 2.339366 0.357656
v -0.142623 2.341454 0.342856
v -0.142559 2.343822 0.344168
v -0.112515 2.341830 0.358703
v -0.111971 2.339366 0.357656
v -0.142559 2.343822 0.344168
v -0.112515 2.341830 0.358703
v -0.110574 2.340921 0.361340
v -0.111971 2.339366 0.357656
v -0.110574 2.340921 0.361340
v -0.110025 2.338432 0.360282
v -0.111971 2.339366 0.357656
v -0.110574 2.340921 0.361340
v -0.111985 2.339454 0.364054
v -0.110025 2.338432 0.360282
v -0.111985 2.339454 0.364054
v -0.111426 2.336925 0.362979
v -0.110025 2.338432 0.360282
v -0.114773 2.336351 0.363050
v -0.111426 2.336925 0.362979
v -0.111985 2.339454 0.364054
v -0.115335 2.338896 0.364131
v -0.114773 2.336351 0.363050
v -0.111985 2.339454 0.364054
v -0.118338 2.336594 0.361329
v -0.114773 2.336351 0.363050
v -0.115335 2.338896 0.364131
v -0.118898 2.339132 0.362407
v -0.118338 2.336594 0.361329
v -0.115335 2.338896 0.364131
v -0.365123 2.347374 0.001000
v -0.365123 2.343374 0.001000
v -0.349303 2.347374 0.001000
v -0.365123 2.343374 0.001000
v -0.349303 2.343374 0.001000
v -0.349303 2.347374 0.001000
v -0.365637 2.343117 0.001000
v -0.365123 2.343374 0.001000
v -0.367423 2.342232 0.001000
v -0.365123 2.343374 0.001000
v -0.365123 2.347374 0.001000
v -0.367423 2.342232 0.001000
v -0.365123 2.347374 0.001000
v -0.375744 2.342232 0.001000
v -0.367423 2.342232 0.001000
v -0.464828 2.324954 -0.023562
v -0.467548 2.317708 -0.023562
v -0.454474 2.329654 -0.023562
v -0.467548 2.317708 -0.023562
v -0.465998 2.308925 -0.023562
v -0.454474 2.329654 -0.023562
v -0.465998 2.308925 -0.023562
v -0.457230 2.299000 -0.023562
v -0.454474 2.329654 -0.023562
v -0.457230 2.299000 -0.023562
v -0.435586 2.298026 -0.023562
v -0.454474 2.329654 -0.023562
v -0.435586 2.298026 -0.023562
v -0.434204 2.328743 -0.023562
v -0.454474 2.329654 -0.023562
v -0.349303 2.343374 0.001000
v -0.346379 2.343374 0.045602
v -0.349303 2.347374 0.001000
v -0.346379 2.343374 0.045602
v -0.346379 2.347374 0.045602
v -0.349303 2.347374 0.001000
v -0.346379 2.343374 0.045602
v -0.337413 2.343374 0.090574
v -0.346379 2.347374 0.045602
v -0.337413 2.343374 0.090574
v -0.337413 2.347374 0.090574
v -0.346379 2.347374 0.045602
v -0.251004 2.282299 0.256490
v -0.320395 2.243517 0.325881
v -0.256839 2.282299 0.250655
v -0.320395 2.243517 0.325881
v -0.326230 2.243517 0.320045
v -0.256839 2.282299 0.250655
v -0.251004 2.282299 0.256490
v -0.256839 2.282299 0.250655
v -0.243933 2.282299 0.249419
v -0.256839 2.282299 0.250655
v -0.249768 2.282299 0.243583
v -0.243933 2.282299 0.249419
v 0.322805 2.188369 -0.323102
v 0.322805 2.277458 -0.323102
v 0.362322 2.277458 -0.278356
v 0.362322 2.188369 -0.278356
v 0.322805 2.188369 -0.323102
v 0.362322 2.277458 -0.278356
v 0.362322 2.188369 -0.278356
v 0.362322 2.277458 -0.278356
v 0.395516 2.188369 -0.228678
v 0.362322 2.277458 -0.278356
v 0.395516 2.277458 -0.228678
v 0.395516 2.188369 -0.228678
v 0.395516 2.188369 -0.228678
v 0.395516 2.277458 -0.228678
v 0.421941 2.188369 -0.175093
v 0.395516 2.277458 -0.228678
v 0.421941 2.277458 -0.175093
v 0.421941 2.188369 -0.175093
v 0.421941 2.188369 -0.175093
v 0.421941 2.277458 -0.175093
v 0.441146 2.188369 -0.118516
v 0.421941 2.277458 -0.175093
v 0.441146 2.277458 -0.118516
v 0.441146 2.188369 -0.118516
v 0.441146 2.188369 -0.118516
v 0.441146 2.277458 -0.118516
v 0.452802 2.188369 -0.059917
v 0.441146 2.277458 -0.118516
v 0.452802 2.277458 -0.059917
v 0.452802 2.188369 -0.059917
v 0.452802 2.188369 -0.059917
v 0.452802 2.277458 -0.059917
v 0.456710 2.188369 -0.000297
v 0.452802 2.277458 -0.059917
v 0.456710 2.277458 -0.000297
v 0.456710 2.188369 -0.000297
v 0.463318 2.277458 -0.000297
v 0.456710 2.277458 -0.000297
v 0.452802 2.277458 -0.059917
v 0.459354 2.277458 -0.060779
v 0.463318 2.277458 -0.000297
v 0.452802 2.277458 -0.059917
v 0.459354 2.277458 -0.060779
v 0.452802 2.277458 -0.059917
v 0.447529 2.277458 -0.120226
v 0.452802 2.277458 -0.059917
v 0.441146 2.277458 -0.118516
v 0.447529 2.277458 -0.120226
v 0.447529 2.277458 -0.120226
v 0.441146 2.277458 -0.118516
v 0.428046 2.277458 -0.177621
v 0.441146 2.277458 -0.118516
v 0.421941 2.277458 -0.175093
v 0.428046 2.277458 -0.177621
v 0.428046 2.277458 -0.177621
v 0.421941 2.277458 -0.175093
v 0.395516 2.277458 -0.228678
v 0.401239 2.277458 -0.231982
v 0.428046 2.277458 -0.177621
v 0.395516 2.277458 -0.228678
v 0.401239 2.277458 -0.231982
v 0.395516 2.277458 -0.228678
v 0.362322 2.277458 -0.278356
v 0.367565 2.277458 -0.282379
v 0.401239 2.277458 -0.231982
v 0.362322 2.277458 -0.278356
v 0.367565 2.277458 -0.282379
v 0.362322 2.277458 -0.278356
v 0.327478 2.277458 -0.327775
v 0.362322 2.277458 -0.278356
v 0.322805 2.277458 -0.323102
v 0.327478 2.277458 -0.327775
v 0.463318 2.188369 -0.000297
v 0.463318 2.277458 -0.000297
v 0.459354 2.277458 -0.060779
v 0.459354 2.188369 -0.060779
v 0.463318 2.188369 -0.000297
v 0.459354 2.277458 -0.060779
v 0.459354 2.188369 -0.060779
v 0.459354 2.277458 -0.060779
v 0.447529 2.188369 -0.120226
v 0.459354 2.277458 -0.060779
v 0.447529 2.277458 -0.120226
v 0.447529 2.188369 -0.120226
v 0.447529 2.188369 -0.120226
v 0.447529 2.277458 -0.120226
v 0.428046 2.188369 -0.177621
v 0.447529 2.277458 -0.120226
v 0.428046 2.277458 -0.177621
v 0.428046 2.188369 -0.177621
v 0.428046 2.188369 -0.177621
v 0.428046 2.277458 -0.177621
v 0.401239 2.277458 -0.231982
v 0.401239 2.188369 -0.231982
v 0.428046 2.188369 -0.177621
v 0.401239 2.277458 -0.231982
v 0.401239 2.188369 -0.231982
v 0.401239 2.277458 -0.231982
v 0.367565 2.277458 -0.282379
v 0.367565 2.188369 -0.282379
v 0.401239 2.188369 -0.231982
v 0.367565 2.277458 -0.282379
v 0.367565 2.188369 -0.282379
v 0.367565 2.277458 -0.282379
v 0.327478 2.188369 -0.327775
v 0.367565 2.277458 -0.282379
v 0.327478 2.277458 -0.327775
v 0.327478 2.188369 -0.327775
v 0.175093 2.188370 0.421941
v 0.175093 2.277458 0.421941
v 0.118516 2.277458 0.441146
v 0.118516 2.188370 0.441146
v 0.175093 2.188370 0.421941
v 0.118516 2.277458 0.441146
v 0.118516 2.188370 0.441146
v 0.118516 2.277458 0.441146
v 0.059917 2.277458 0.452802
v 0.059917 2.188370 0.452802
v 0.118516 2.188370 0.441146
v 0.059917 2.277458 0.452802
v 0.059917 2.188370 0.452802
v 0.059917 2.277458 0.452802
v 0.000297 2.188370 0.456710
v 0.059917 2.277458 0.452802
v 0.000297 2.277458 0.456710
v 0.000297 2.188370 0.456710
v 0.456710 2.188369 -0.000297
v 0.456710 2.277458 -0.000297
v 0.452802 2.188370 0.059322
v 0.456710 2.277458 -0.000297
v 0.452802 2.277458 0.059322
v 0.452802 2.188370 0.059322
v 0.452802 2.277458 0.059322
v 0.441146 2.277458 0.117921
v 0.452802 2.188370 0.059322
v 0.441146 2.277458 0.117921
v 0.441146 2.188370 0.117921
v 0.452802 2.188370 0.059322
v 0.441146 2.277458 0.117921
v 0.421941 2.277458 0.174498
v 0.441146 2.188370 0.117921
v 0.421941 2.277458 0.174498
v 0.421941 2.188370 0.174498
v 0.441146 2.188370 0.117921
v 0.421941 2.277458 0.174498
v 0.395516 2.277458 0.228083
v 0.421941 2.188370 0.174498
v 0.395516 2.277458 0.228083
v 0.395516 2.188370 0.228083
v 0.421941 2.188370 0.174498
v 0.395516 2.188370 0.228083
v 0.395516 2.277458 0.228083
v 0.362322 2.188370 0.277761
v 0.395516 2.277458 0.228083
v 0.362322 2.277458 0.277761
v 0.362322 2.188370 0.277761
v 0.362322 2.277458 0.277761
v 0.323102 2.277458 0.322805
v 0.362322 2.188370 0.277761
v 0.323102 2.277458 0.322805
v 0.323102 2.188370 0.322805
v 0.362322 2.188370 0.277761
v 0.323102 2.188370 0.322805
v 0.323102 2.277458 0.322805
v 0.278356 2.277458 0.362322
v 0.278356 2.188370 0.362322
v 0.323102 2.188370 0.322805
v 0.278356 2.277458 0.362322
v 0.278356 2.188370 0.362322
v 0.278356 2.277458 0.362322
v 0.228678 2.277458 0.395516
v 0.228678 2.188370 0.395516
v 0.278356 2.188370 0.362322
v 0.228678 2.277458 0.395516
v 0.228678 2.188370 0.395516
v 0.228678 2.277458 0.395516
v 0.175093 2.277458 0.421941
v 0.175093 2.188370 0.421941
v 0.228678 2.188370 0.395516
v 0.175093 2.277458 0.421941
v -0.457230 2.299000 0.018018
v -0.440879 2.298264 0.018018
v -0.465998 2.308925 0.018018
v -0.440879 2.298264 0.018018
v -0.439498 2.328981 0.018018
v -0.465998 2.308925 0.018018
v -0.439498 2.328981 0.018018
v -0.454474 2.329654 0.018018
v -0.465998 2.308925 0.018018
v -0.454474 2.329654 0.018018
v -0.464828 2.324954 0.018018
v -0.465998 2.308925 0.018018
v -0.464828 2.324954 0.018018
v -0.467548 2.317708 0.018018
v -0.465998 2.308925 0.018018
v 0.428046 2.277458 0.177027
v 0.447529 2.277458 0.119632
v 0.428046 2.188370 0.177027
v 0.447529 2.277458 0.119632
v 0.447529 2.188370 0.119632
v 0.428046 2.188370 0.177027
v 0.447529 2.188370 0.119632
v 0.447529 2.277458 0.119632
v 0.459354 2.188370 0.060184
v 0.447529 2.277458 0.119632
v 0.459354 2.277458 0.060184
v 0.459354 2.188370 0.060184
v 0.459354 2.277458 0.060184
v 0.463318 2.277458 -0.000297
v 0.459354 2.188370 0.060184
v 0.463318 2.277458 -0.000297
v 0.463318 2.188369 -0.000297
v 0.459354 2.188370 0.060184
v 0.000297 2.188370 0.463318
v 0.000297 2.277458 0.463318
v 0.060779 2.277458 0.459354
v 0.060779 2.188370 0.459354
v 0.000297 2.188370 0.463318
v 0.060779 2.277458 0.459354
v 0.060779 2.188370 0.459354
v 0.060779 2.277458 0.459354
v 0.120226 2.188370 0.447529
v 0.060779 2.277458 0.459354
v 0.120226 2.277458 0.447529
v 0.120226 2.188370 0.447529
v 0.120226 2.188370 0.447529
v 0.120226 2.277458 0.447529
v 0.177621 2.188370 0.428046
v 0.120226 2.277458 0.447529
v 0.177621 2.277458 0.428046
v 0.177621 2.188370 0.428046
v 0.177621 2.188370 0.428046
v 0.177621 2.277458 0.428046
v 0.231982 2.277458 0.401239
v 0.231982 2.188370 0.401239
v 0.177621 2.188370 0.428046
v 0.231982 2.277458 0.401239
v 0.231982 2.188370 0.401239
v 0.231982 2.277458 0.401239
v 0.282379 2.277458 0.367565
v 0.282379 2.188370 0.367565
v 0.231982 2.188370 0.401239
v 0.282379 2.277458 0.367565
v 0.282379 2.188370 0.367565
v 0.282379 2.277458 0.367565
v 0.327775 2.188370 0.327478
v 0.282379 2.277458 0.367565
v 0.327775 2.277458 0.327478
v 0.327775 2.188370 0.327478
v 0.327775 2.277458 0.327478
v 0.367565 2.277458 0.281784
v 0.327775 2.188370 0.327478
v 0.367565 2.277458 0.281784
v 0.367565 2.188370 0.281784
v 0.327775 2.188370 0.327478
v 0.367565 2.277458 0.281784
v 0.401239 2.277458 0.231387
v 0.367565 2.188370 0.281784
v 0.401239 2.277458 0.231387
v 0.401239 2.188370 0.231387
v 0.367565 2.188370 0.281784
v 0.401239 2.277458 0.231387
v 0.428046 2.277458 0.177027
v 0.401239 2.188370 0.231387
v 0.428046 2.277458 0.177027
v 0.428046 2.188370 0.177027
v 0.401239 2.188370 0.231387
v -0.174498 2.277458 0.421941
v -0.117921 2.277458 0.441146
v -0.177027 2.277458 0.428046
v -0.117921 2.277458 0.441146
v -0.119632 2.277458 0.447529
v -0.177027 2.277458 0.428046
v -0.117921 2.277458 0.441146
v -0.059322 2.277458 0.452802
v -0.119632 2.277458 0.447529
v -0.059322 2.277458 0.452802
v -0.060184 2.277458 0.459354
v -0.119632 2.277458 0.447529
v -0.059322 2.277458 0.452802
v 0.000297 2.277458 0.456710
v -0.060184 2.277458 0.459354
v 0.000297 2.277458 0.456710
v 0.000297 2.277458 0.463318
v -0.060184 2.277458 0.459354
v -0.463318 2.277458 0.000297
v -0.456710 2.277458 0.000297
v -0.452802 2.277458 0.059917
v -0.459354 2.277458 0.060779
v -0.463318 2.277458 0.000297
v -0.452802 2.277458 0.059917
v -0.459354 2.277458 0.060779
v -0.452802 2.277458 0.059917
v -0.447529 2.277458 0.120226
v -0.452802 2.277458 0.059917
v -0.441146 2.277458 0.118516
v -0.447529 2.277458 0.120226
v -0.447529 2.277458 0.120226
v -0.441146 2.277458 0.118516
v -0.428046 2.277458 0.177621
v -0.441146 2.277458 0.118516
v -0.421941 2.277458 0.175093
v -0.428046 2.277458 0.177621
v -0.428046 2.277458 0.177621
v -0.421941 2.277458 0.175093
v -0.395516 2.277458 0.228678
v -0.401239 2.277458 0.231982
v -0.428046 2.277458 0.177621
v -0.395516 2.277458 0.228678
v -0.401239 2.277458 0.231982
v -0.395516 2.277458 0.228678
v -0.362322 2.277458 0.278356
v -0.367565 2.277458 0.282379
v -0.401239 2.277458 0.231982
v -0.362322 2.277458 0.278356
v -0.367565 2.277458 0.282379
v -0.362322 2.277458 0.278356
v -0.327478 2.277458 0.327775
v -0.362322 2.277458 0.278356
v -0.322805 2.277458 0.323102
v -0.327478 2.277458 0.327775
v -0.327478 2.277458 0.327775
v -0.322805 2.277458 0.323102
v -0.281784 2.277458 0.367565
v -0.322805 2.277458 0.323102
v -0.277761 2.277458 0.362322
v -0.281784 2.277458 0.367565
v -0.277761 2.277458 0.362322
v -0.228083 2.277458 0.395516
v -0.281784 2.277458 0.367565
v -0.228083 2.277458 0.395516
v -0.231388 2.277458 0.401239
v -0.281784 2.277458 0.367565
v -0.228083 2.277458 0.395516
v -0.174498 2.277458 0.421941
v -0.231388 2.277458 0.401239
v -0.174498 2.277458 0.421941
v -0.177027 2.277458 0.428046
v -0.231388 2.277458 0.401239
v -0.177027 2.277458 0.428046
v -0.119632 2.277458 0.447529
v -0.177027 2.188370 0.428046
v -0.119632 2.277458 0.447529
v -0.119631 2.188370 0.447529
v -0.177027 2.188370 0.428046
v -0.119632 2.277458 0.447529
v -0.060184 2.277458 0.459354
v -0.119631 2.188370 0.447529
v -0.060184 2.277458 0.459354
v -0.060184 2.188370 0.459354
v -0.119631 2.188370 0.447529
v -0.060184 2.277458 0.459354
v 0.000297 2.277458 0.463318
v -0.060184 2.188370 0.459354
v 0.000297 2.277458 0.463318
v 0.000297 2.188370 0.463318
v -0.060184 2.188370 0.459354
v -0.463318 2.188369 0.000297
v -0.463318 2.277458 0.000297
v -0.459354 2.277458 0.060779
v -0.459354 2.188369 0.060779
v -0.463318 2.188369 0.000297
v -0.459354 2.277458 0.060779
v -0.459354 2.188369 0.060779
v -0.459354 2.277458 0.060779
v -0.447529 2.188370 0.120226
v -0.459354 2.277458 0.060779
v -0.447529 2.277458 0.120226
v -0.447529 2.188370 0.120226
v -0.447529 2.188370 0.120226
v -0.447529 2.277458 0.120226
v -0.428046 2.188370 0.177621
v -0.447529 2.277458 0.120226
v -0.428046 2.277458 0.177621
v -0.428046 2.188370 0.177621
v -0.428046 2.188370 0.177621
v -0.428046 2.277458 0.177621
v -0.401239 2.277458 0.231982
v -0.401239 2.188370 0.231982
v -0.428046 2.188370 0.177621
v -0.401239 2.277458 0.231982
v -0.401239 2.188370 0.231982
v -0.401239 2.277458 0.231982
v -0.367565 2.277458 0.282379
v -0.367565 2.188370 0.282379
v -0.401239 2.188370 0.231982
v -0.367565 2.277458 0.282379
v -0.367565 2.188370 0.282379
v -0.367565 2.277458 0.282379
v -0.327478 2.188370 0.327775
v -0.367565 2.277458 0.282379
v -0.327478 2.277458 0.327775
v -0.327478 2.188370 0.327775
v -0.327478 2.277458 0.327775
v -0.281784 2.277458 0.367565
v -0.327478 2.188370 0.327775
v -0.281784 2.277458 0.367565
v -0.281784 2.188370 0.367565
v -0.327478 2.188370 0.327775
v -0.281784 2.277458 0.367565
v -0.231388 2.277458 0.401239
v -0.281784 2.188370 0.367565
v -0.231388 2.277458 0.401239
v -0.231388 2.188370 0.401239
v -0.281784 2.188370 0.367565
v -0.231388 2.277458 0.401239
v -0.177027 2.277458 0.428046
v -0.231388 2.188370 0.401239
v -0.177027 2.277458 0.428046
v -0.177027 2.188370 0.428046
v -0.231388 2.188370 0.401239
v 0.327478 2.277458 -0.327775
v 0.281784 2.277458 -0.367565
v 0.327478 2.188369 -0.327775
v 0.281784 2.277458 -0.367565
v 0.281784 2.188369 -0.367565
v 0.327478 2.188369 -0.327775
v 0.281784 2.277458 -0.367565
v 0.231388 2.277458 -0.401239
v 0.281784 2.188369 -0.367565
v 0.231388 2.277458 -0.401239
v 0.231388 2.188369 -0.401239
v 0.281784 2.188369 -0.367565
v 0.231388 2.277458 -0.401239
v 0.177027 2.277458 -0.428046
v 0.231388 2.188369 -0.401239
v 0.177027 2.277458 -0.428046
v 0.177027 2.188369 -0.428046
v 0.231388 2.188369 -0.401239
v 0.177027 2.277458 -0.428046
v 0.119632 2.277458 -0.447529
v 0.177027 2.188369 -0.428046
v 0.119632 2.277458 -0.447529
v 0.119631 2.188369 -0.447529
v 0.177027 2.188369 -0.428046
v 0.119632 2.277458 -0.447529
v 0.060184 2.277458 -0.459354
v 0.119631 2.188369 -0.447529
v 0.060184 2.277458 -0.459354
v 0.060184 2.188369 -0.459354
v 0.119631 2.188369 -0.447529
v 0.060184 2.277458 -0.459354
v -0.000297 2.277458 -0.463318
v 0.060184 2.188369 -0.459354
v -0.000297 2.277458 -0.463318
v -0.000297 2.188369 -0.463318
v 0.060184 2.188369 -0.459354
v -0.175093 2.188369 -0.421941
v -0.175093 2.277458 -0.421941
v -0.118516 2.277458 -0.441146
v -0.118516 2.188369 -0.441146
v -0.175093 2.188369 -0.421941
v -0.118516 2.277458 -0.441146
v -0.118516 2.188369 -0.441146
v -0.118516 2.277458 -0.441146
v -0.059917 2.277458 -0.452802
v -0.059917 2.188369 -0.452802
v -0.118516 2.188369 -0.441146
v -0.059917 2.277458 -0.452802
v -0.059917 2.188369 -0.452802
v -0.059917 2.277458 -0.452802
v -0.000297 2.188369 -0.456710
v -0.059917 2.277458 -0.452802
v -0.000297 2.277458 -0.456710
v -0.000297 2.188369 -0.456710
v -0.456710 2.188369 0.000297
v -0.456710 2.277458 0.000297
v -0.452802 2.188369 -0.059322
v -0.456710 2.277458 0.000297
v -0.452802 2.277458 -0.059322
v -0.452802 2.188369 -0.059322
v -0.452802 2.277458 -0.059322
v -0.441146 2.277458 -0.117921
v -0.452802 2.188369 -0.059322
v -0.441146 2.277458 -0.117921
v -0.441146 2.188369 -0.117921
v -0.452802 2.188369 -0.059322
v -0.441146 2.277458 -0.117921
v -0.421941 2.277458 -0.174498
v -0.441146 2.188369 -0.117921
v -0.421941 2.277458 -0.174498
v -0.421941 2.188369 -0.174498
v -0.441146 2.188369 -0.117921
v -0.421941 2.277458 -0.174498
v -0.395516 2.277458 -0.228083
v -0.421941 2.188369 -0.174498
v -0.395516 2.277458 -0.228083
v -0.395516 2.188369 -0.228083
v -0.421941 2.188369 -0.174498
v -0.395516 2.188369 -0.228083
v -0.395516 2.277458 -0.228083
v -0.362322 2.188369 -0.277761
v -0.395516 2.277458 -0.228083
v -0.362322 2.277458 -0.277761
v -0.362322 2.188369 -0.277761
v -0.362322 2.277458 -0.277761
v -0.323102 2.277458 -0.322805
v -0.362322 2.188369 -0.277761
v -0.323102 2.277458 -0.322805
v -0.323102 2.188369 -0.322805
v -0.362322 2.188369 -0.277761
v -0.323102 2.188369 -0.322805
v -0.323102 2.277458 -0.322805
v -0.278356 2.277458 -0.362322
v -0.278356 2.188369 -0.362322
v -0.323102 2.188369 -0.322805
v -0.278356 2.277458 -0.362322
v -0.278356 2.188369 -0.362322
v -0.278356 2.277458 -0.362322
v -0.228678 2.277458 -0.395516
v -0.228678 2.188369 -0.395516
v -0.278356 2.188369 -0.362322
v -0.228678 2.277458 -0.395516
v -0.228678 2.188369 -0.395516
v -0.228678 2.277458 -0.395516
v -0.175093 2.277458 -0.421941
v -0.175093 2.188369 -0.421941
v -0.228678 2.188369 -0.395516
v -0.175093 2.277458 -0.421941
v -0.434204 2.328743 0.023557
v -0.435586 2.298026 0.023557
v -0.454474 2.329654 0.023557
v -0.435586 2.298026 0.023557
v -0.457230 2.299000 0.023557
v -0.454474 2.329654 0.023557
v -0.457230 2.299000 0.023557
v -0.465998 2.308925 0.023557
v -0.454474 2.329654 0.023557
v -0.465998 2.308925 0.023557
v -0.467548 2.317708 0.023557
v -0.454474 2.329654 0.023557
v -0.467548 2.317708 0.023557
v -0.464828 2.324954 0.023557
v -0.454474 2.329654 0.023557
v -0.428046 2.277458 -0.177027
v -0.447529 2.277458 -0.119632
v -0.428046 2.188369 -0.177027
v -0.447529 2.277458 -0.119632
v -0.447529 2.188369 -0.119632
v -0.428046 2.188369 -0.177027
v -0.447529 2.188369 -0.119632
v -0.447529 2.277458 -0.119632
v -0.459354 2.188369 -0.060184
v -0.447529 2.277458 -0.119632
v -0.459354 2.277458 -0.060184
v -0.459354 2.188369 -0.060184
v -0.459354 2.277458 -0.060184
v -0.463318 2.277458 0.000297
v -0.459354 2.188369 -0.060184
v -0.463318 2.277458 0.000297
v -0.463318 2.188369 0.000297
v -0.459354 2.188369 -0.060184
v -0.000297 2.188369 -0.463318
v -0.000297 2.277458 -0.463318
v -0.060779 2.277458 -0.459354
v -0.060779 2.188369 -0.459354
v -0.000297 2.188369 -0.463318
v -0.060779 2.277458 -0.459354
v -0.060779 2.188369 -0.459354
v -0.060779 2.277458 -0.459354
v -0.120226 2.188369 -0.447529
v -0.060779 2.277458 -0.459354
v -0.120226 2.277458 -0.447529
v -0.120226 2.188369 -0.447529
v -0.120226 2.188369 -0.447529
v -0.120226 2.277458 -0.447529
v -0.177621 2.188369 -0.428046
v -0.120226 2.277458 -0.447529
v -0.177621 2.277458 -0.428046
v -0.177621 2.188369 -0.428046
v -0.177621 2.188369 -0.428046
v -0.177621 2.277458 -0.428046
v -0.231982 2.277458 -0.401239
v -0.231982 2.188369 -0.401239
v -0.177621 2.188369 -0.428046
v -0.231982 2.277458 -0.401239
v -0.231982 2.188369 -0.401239
v -0.231982 2.277458 -0.401239
v -0.282379 2.277458 -0.367565
v -0.282379 2.188369 -0.367565
v -0.231982 2.188369 -0.401239
v -0.282379 2.277458 -0.367565
v -0.282379 2.188369 -0.367565
v -0.282379 2.277458 -0.367565
v -0.327775 2.188369 -0.327478
v -0.282379 2.277458 -0.367565
v -0.327775 2.277458 -0.327478
v -0.327775 2.188369 -0.327478
v -0.327775 2.277458 -0.327478
v -0.367565 2.277458 -0.281784
v -0.327775 2.188369 -0.327478
v -0.367565 2.277458 -0.281784
v -0.367565 2.188369 -0.281784
v -0.327775 2.188369 -0.327478
v -0.367565 2.277458 -0.281784
v -0.401239 2.277458 -0.231387
v -0.367565 2.188369 -0.281784
v -0.401239 2.277458 -0.231387
v -0.401239 2.188369 -0.231387
v -0.367565 2.188369 -0.281784
v -0.401239 2.277458 -0.231387
v -0.428046 2.277458 -0.177027
v -0.401239 2.188369 -0.231387
v -0.428046 2.277458 -0.177027
v -0.428046 2.188369 -0.177027
v -0.401239 2.188369 -0.231387
v -0.033601 2.319725 0.343383
v -0.023759 2.273193 0.344028
v -0.033601 2.319725 0.351338
v -0.023759 2.273193 0.344028
v -0.023759 2.273193 0.351983
v -0.033601 2.319725 0.351338
v -0.023759 2.273193 0.344028
v -0.000052 2.263351 0.345586
v -0.023759 2.273193 0.351983
v -0.000052 2.263351 0.345586
v -0.000051 2.263351 0.353540
v -0.023759 2.273193 0.351983
v -0.343383 2.319725 -0.033601
v -0.344028 2.273192 -0.023759
v -0.351338 2.319725 -0.033601
v -0.344028 2.273192 -0.023759
v -0.351983 2.273192 -0.023759
v -0.351338 2.319725 -0.033601
v -0.344028 2.273192 -0.023759
v -0.345586 2.263351 -0.000052
v -0.351983 2.273192 -0.023759
v -0.345586 2.263351 -0.000052
v -0.353540 2.263351 -0.000052
v -0.351983 2.273192 -0.023759
v -0.045108 2.220778 0.342629
v -0.000052 2.220778 0.345586
v -0.023759 2.273193 0.344028
v -0.000052 2.220778 0.345586
v -0.000052 2.263351 0.345586
v -0.023759 2.273193 0.344028
v -0.033601 2.319725 0.343383
v -0.045108 2.319725 0.342629
v -0.023759 2.273193 0.344028
v -0.045108 2.319725 0.342629
v -0.045108 2.220778 0.342629
v -0.023759 2.273193 0.344028
v -0.045108 2.319725 0.342629
v -0.089444 2.319725 0.333810
v -0.045108 2.220778 0.342629
v -0.089444 2.319725 0.333810
v -0.089444 2.220778 0.333810
v -0.045108 2.220778 0.342629
v -0.089444 2.319725 0.333810
v -0.132250 2.319725 0.319279
v -0.089444 2.220778 0.333810
v -0.132250 2.319725 0.319279
v -0.132250 2.220778 0.319279
v -0.089444 2.220778 0.333810
v -0.132250 2.220778 0.319279
v -0.132250 2.319725 0.319279
v -0.172793 2.220778 0.299286
v -0.132250 2.319725 0.319279
v -0.172793 2.319725 0.299286
v -0.172793 2.220778 0.299286
v -0.172793 2.319725 0.299286
v -0.210379 2.319725 0.274172
v -0.172793 2.220778 0.299286
v -0.210379 2.319725 0.274172
v -0.210379 2.220778 0.274172
v -0.172793 2.220778 0.299286
v -0.210379 2.220778 0.274172
v -0.210379 2.319725 0.274172
v -0.244366 2.220778 0.244314
v -0.210379 2.319725 0.274172
v -0.244366 2.319725 0.244314
v -0.244366 2.220778 0.244314
v -0.244366 2.220778 0.244314
v -0.244366 2.319725 0.244314
v -0.274172 2.220778 0.210276
v -0.244366 2.319725 0.244314
v -0.274172 2.319725 0.210276
v -0.274172 2.220778 0.210276
v -0.274172 2.220778 0.210276
v -0.274172 2.319725 0.210276
v -0.299286 2.220778 0.172690
v -0.274172 2.319725 0.210276
v -0.299286 2.319725 0.172690
v -0.299286 2.220778 0.172690
v -0.299286 2.220778 0.172690
v -0.299286 2.319725 0.172690
v -0.319280 2.220778 0.132147
v -0.299286 2.319725 0.172690
v -0.319280 2.319725 0.132147
v -0.319280 2.220778 0.132147
v -0.319280 2.220778 0.132147
v -0.319280 2.319725 0.132147
v -0.333810 2.220778 0.089859
v -0.319280 2.319725 0.132147
v -0.333810 2.319725 0.089341
v -0.333810 2.220778 0.089859
v -0.333810 2.220778 0.089859
v -0.333810 2.319725 0.089341
v -0.342629 2.220778 0.045523
v -0.333810 2.319725 0.089341
v -0.342629 2.319725 0.045005
v -0.342629 2.220778 0.045523
v -0.342629 2.220778 0.045523
v -0.342629 2.319725 0.045005
v -0.344028 2.273192 0.023656
v -0.342629 2.319725 0.045005
v -0.343383 2.319725 0.033498
v -0.344028 2.273192 0.023656
v -0.345586 2.220778 -0.000051
v -0.342629 2.220778 0.045523
v -0.344028 2.273192 0.023656
v -0.345586 2.263351 -0.000052
v -0.345586 2.220778 -0.000051
v -0.344028 2.273192 0.023656
v -0.443998 2.309441 -0.000000
v -0.443998 2.321668 -0.000000
v -0.443998 2.309441 0.012227
v -0.443998 2.309441 -0.000000
v -0.443998 2.309441 0.012227
v -0.443998 2.297213 -0.000000
v -0.443998 2.309441 -0.000000
v -0.443998 2.309441 -0.012227
v -0.443998 2.321668 -0.000000
v -0.443998 2.309441 -0.000000
v -0.443998 2.297213 -0.000000
v -0.443998 2.309441 -0.012227
v -0.421380 2.297213 -0.000000
v -0.443998 2.297213 -0.000000
v -0.421380 2.309441 0.012227
v -0.443998 2.297213 -0.000000
v -0.443998 2.309441 0.012227
v -0.421380 2.309441 0.012227
v -0.421380 2.309441 0.012227
v -0.443998 2.309441 0.012227
v -0.421380 2.321668 -0.000000
v -0.443998 2.309441 0.012227
v -0.443998 2.321668 -0.000000
v -0.421380 2.321668 -0.000000
v -0.443998 2.321668 -0.000000
v -0.443998 2.309441 -0.012227
v -0.421380 2.321668 -0.000000
v -0.443998 2.309441 -0.012227
v -0.421380 2.309441 -0.012227
v -0.421380 2.321668 -0.000000
v -0.421380 2.309441 -0.012227
v -0.443998 2.309441 -0.012227
v -0.421380 2.297213 -0.000000
v -0.443998 2.309441 -0.012227
v -0.443998 2.297213 -0.000000
v -0.421380 2.297213 -0.000000
v -0.451764 2.316999 0.060488
v -0.451764 2.323555 0.060488
v -0.445207 2.316999 0.060488
v -0.451764 2.316999 0.060488
v -0.445207 2.316999 0.060488
v -0.451764 2.310442 0.060488
v -0.451764 2.316999 0.060488
v -0.458321 2.316999 0.060488
v -0.451764 2.323555 0.060488
v -0.451764 2.316999 0.060488
v -0.451764 2.310442 0.060488
v -0.458321 2.316999 0.060488
v -0.414584 2.285175 -0.049940
v -0.465430 2.288787 -0.049940
v -0.433811 2.325623 -0.049940
v -0.465430 2.288787 -0.049940
v -0.464704 2.325515 -0.049940
v -0.433811 2.325623 -0.049940
v -0.464704 2.325515 -0.049940
v -0.459344 2.332280 -0.049940
v -0.433811 2.325623 -0.049940
v -0.459344 2.332280 -0.049940
v -0.451029 2.334603 -0.049940
v -0.433811 2.325623 -0.049940
v -0.451029 2.334603 -0.049940
v -0.441418 2.332034 -0.049940
v -0.433811 2.325623 -0.049940
v -0.343383 2.319725 0.033498
v -0.342629 2.319725 0.045005
v -0.351338 2.319725 0.033498
v -0.342629 2.319725 0.045005
v -0.350516 2.319725 0.046043
v -0.351338 2.319725 0.033498
v -0.342629 2.319725 0.045005
v -0.333810 2.319725 0.089341
v -0.350516 2.319725 0.046043
v -0.333810 2.319725 0.089341
v -0.341494 2.319725 0.091400
v -0.350516 2.319725 0.046043
v -0.333810 2.319725 0.089341
v -0.319280 2.319725 0.132147
v -0.341494 2.319725 0.091400
v -0.319280 2.319725 0.132147
v -0.326629 2.319725 0.135191
v -0.341494 2.319725 0.091400
v -0.319280 2.319725 0.132147
v -0.299286 2.319725 0.172690
v -0.326629 2.319725 0.135191
v -0.299286 2.319725 0.172690
v -0.306175 2.319725 0.176667
v -0.326629 2.319725 0.135191
v -0.299286 2.319725 0.172690
v -0.274172 2.319725 0.210276
v -0.306175 2.319725 0.176667
v -0.274172 2.319725 0.210276
v -0.280482 2.319725 0.215119
v -0.306175 2.319725 0.176667
v -0.274172 2.319725 0.210276
v -0.244366 2.319725 0.244314
v -0.280482 2.319725 0.215119
v -0.244366 2.319725 0.244314
v -0.249991 2.319725 0.249939
v -0.280482 2.319725 0.215119
v -0.249991 2.319725 0.249939
v -0.244366 2.319725 0.244314
v -0.210379 2.319725 0.274172
v -0.215222 2.319725 0.280482
v -0.249991 2.319725 0.249939
v -0.210379 2.319725 0.274172
v -0.176770 2.319725 0.306175
v -0.215222 2.319725 0.280482
v -0.210379 2.319725 0.274172
v -0.172793 2.319725 0.299286
v -0.176770 2.319725 0.306175
v -0.210379 2.319725 0.274172
v -0.135294 2.319725 0.326629
v -0.176770 2.319725 0.306175
v -0.172793 2.319725 0.299286
v -0.132250 2.319725 0.319279
v -0.135294 2.319725 0.326629
v -0.172793 2.319725 0.299286
v -0.091503 2.319725 0.341494
v -0.135294 2.319725 0.326629
v -0.132250 2.319725 0.319279
v -0.089444 2.319725 0.333810
v -0.091503 2.319725 0.341494
v -0.132250 2.319725 0.319279
v -0.046146 2.319725 0.350516
v -0.091503 2.319725 0.341494
v -0.089444 2.319725 0.333810
v -0.045108 2.319725 0.342629
v -0.046146 2.319725 0.350516
v -0.089444 2.319725 0.333810
v -0.046146 2.319725 0.350516
v -0.045108 2.319725 0.342629
v -0.033601 2.319725 0.351338
v -0.045108 2.319725 0.342629
v -0.033601 2.319725 0.343383
v -0.033601 2.319725 0.351338
v -0.441418 2.332034 -0.057412
v -0.451029 2.334603 -0.057412
v -0.433811 2.325623 -0.057412
v -0.451029 2.334603 -0.057412
v -0.459344 2.332280 -0.057412
v -0.433811 2.325623 -0.057412
v -0.459344 2.332280 -0.057412
v -0.464704 2.325515 -0.057412
v -0.433811 2.325623 -0.057412
v -0.464704 2.325515 -0.057412
v -0.465430 2.288787 -0.057412
v -0.433811 2.325623 -0.057412
v -0.465430 2.288787 -0.057412
v -0.414584 2.285175 -0.057412
v -0.433811 2.325623 -0.057412
v -0.326629 2.319725 0.135191
v -0.306175 2.319725 0.176667
v -0.326629 2.220778 0.135191
v -0.326629 2.319725 0.135191
v -0.326629 2.220778 0.135191
v -0.341494 2.319725 0.091400
v -0.326629 2.220778 0.135191
v -0.341494 2.220778 0.091400
v -0.341494 2.319725 0.091400
v -0.341494 2.319725 0.091400
v -0.341494 2.220778 0.091400
v -0.350516 2.220778 0.046043
v -0.350516 2.319725 0.046043
v -0.341494 2.319725 0.091400
v -0.350516 2.220778 0.046043
v -0.350516 2.319725 0.046043
v -0.350516 2.220778 0.046043
v -0.351983 2.273192 0.023656
v -0.350516 2.220778 0.046043
v -0.353540 2.220778 -0.000051
v -0.351983 2.273192 0.023656
v -0.353540 2.220778 -0.000051
v -0.353540 2.263351 -0.000052
v -0.351983 2.273192 0.023656
v -0.351338 2.319725 0.033498
v -0.350516 2.319725 0.046043
v -0.351983 2.273192 0.023656
v -0.000051 2.263351 0.353540
v -0.000051 2.220778 0.353540
v -0.023759 2.273193 0.351983
v -0.000051 2.220778 0.353540
v -0.046146 2.220778 0.350516
v -0.023759 2.273193 0.351983
v -0.046146 2.220778 0.350516
v -0.046146 2.319725 0.350516
v -0.023759 2.273193 0.351983
v -0.046146 2.220778 0.350516
v -0.091503 2.220778 0.341494
v -0.046146 2.319725 0.350516
v -0.091503 2.220778 0.341494
v -0.091503 2.319725 0.341494
v -0.046146 2.319725 0.350516
v -0.091503 2.319725 0.341494
v -0.091503 2.220778 0.341494
v -0.135294 2.319725 0.326629
v -0.091503 2.220778 0.341494
v -0.135294 2.220778 0.326629
v -0.135294 2.319725 0.326629
v -0.135294 2.220778 0.326629
v -0.176770 2.220778 0.306175
v -0.135294 2.319725 0.326629
v -0.176770 2.220778 0.306175
v -0.176770 2.319725 0.306175
v -0.135294 2.319725 0.326629
v -0.176770 2.319725 0.306175
v -0.176770 2.220778 0.306175
v -0.215222 2.319725 0.280482
v -0.176770 2.220778 0.306175
v -0.215222 2.220778 0.280482
v -0.215222 2.319725 0.280482
v -0.215222 2.319725 0.280482
v -0.215222 2.220778 0.280482
v -0.249991 2.319725 0.249939
v -0.215222 2.220778 0.280482
v -0.249991 2.220778 0.249939
v -0.249991 2.319725 0.249939
v -0.249991 2.319725 0.249939
v -0.249991 2.220778 0.249939
v -0.280482 2.319725 0.215119
v -0.249991 2.220778 0.249939
v -0.280482 2.220778 0.215119
v -0.280482 2.319725 0.215119
v -0.280482 2.319725 0.215119
v -0.280482 2.220778 0.215119
v -0.306175 2.220778 0.176667
v -0.306175 2.319725 0.176667
v -0.280482 2.319725 0.215119
v -0.306175 2.220778 0.176667
v -0.306175 2.319725 0.176667
v -0.306175 2.220778 0.176667
v -0.326629 2.220778 0.135191
v -0.046146 2.319725 0.350516
v -0.033601 2.319725 0.351338
v -0.023759 2.273193 0.351983
v -0.465430 2.288787 -0.049940
v -0.465430 2.288787 -0.057412
v -0.464704 2.325515 -0.049940
v -0.465430 2.288787 -0.057412
v -0.464704 2.325515 -0.057412
v -0.464704 2.325515 -0.049940
v -0.464704 2.325515 -0.049940
v -0.464704 2.325515 -0.057412
v -0.459344 2.332280 -0.057412
v -0.459344 2.332280 -0.049940
v -0.464704 2.325515 -0.049940
v -0.459344 2.332280 -0.057412
v -0.459344 2.332280 -0.049940
v -0.459344 2.332280 -0.057412
v -0.451029 2.334603 -0.049940
v -0.459344 2.332280 -0.057412
v -0.451029 2.334603 -0.057412
v -0.451029 2.334603 -0.049940
v -0.451029 2.334603 -0.049940
v -0.451029 2.334603 -0.057412
v -0.441418 2.332034 -0.049940
v -0.451029 2.334603 -0.057412
v -0.441418 2.332034 -0.057412
v -0.441418 2.332034 -0.049940
v -0.441418 2.332034 -0.049940
v -0.441418 2.332034 -0.057412
v -0.433811 2.325623 -0.057412
v -0.433811 2.325623 -0.049940
v -0.441418 2.332034 -0.049940
v -0.433811 2.325623 -0.057412
v -0.433811 2.325623 -0.049940
v -0.433811 2.325623 -0.057412
v -0.414584 2.285175 -0.057412
v -0.414584 2.285175 -0.049940
v -0.433811 2.325623 -0.049940
v -0.414584 2.285175 -0.057412
v 0.033498 2.319725 0.343383
v 0.045005 2.319725 0.342629
v 0.033498 2.319725 0.351338
v 0.045005 2.319725 0.342629
v 0.046043 2.319725 0.350516
v 0.033498 2.319725 0.351338
v 0.045005 2.319725 0.342629
v 0.089341 2.319725 0.333810
v 0.046043 2.319725 0.350516
v 0.089341 2.319725 0.333810
v 0.091400 2.319725 0.341494
v 0.046043 2.319725 0.350516
v 0.089341 2.319725 0.333810
v 0.132147 2.319725 0.319280
v 0.091400 2.319725 0.341494
v 0.132147 2.319725 0.319280
v 0.135191 2.319725 0.326629
v 0.091400 2.319725 0.341494
v 0.132147 2.319725 0.319280
v 0.172690 2.319725 0.299286
v 0.135191 2.319725 0.326629
v 0.172690 2.319725 0.299286
v 0.176667 2.319725 0.306175
v 0.135191 2.319725 0.326629
v 0.172690 2.319725 0.299286
v 0.210276 2.319725 0.274172
v 0.176667 2.319725 0.306175
v 0.210276 2.319725 0.274172
v 0.215119 2.319725 0.280482
v 0.176667 2.319725 0.306175
v 0.210276 2.319725 0.274172
v 0.244314 2.319725 0.244366
v 0.215119 2.319725 0.280482
v 0.244314 2.319725 0.244366
v 0.249939 2.319725 0.249991
v 0.215119 2.319725 0.280482
v 0.249939 2.319725 0.249991
v 0.244314 2.319725 0.244366
v 0.274172 2.319725 0.210379
v 0.280483 2.319725 0.215222
v 0.249939 2.319725 0.249991
v 0.274172 2.319725 0.210379
v 0.306175 2.319725 0.176770
v 0.280483 2.319725 0.215222
v 0.274172 2.319725 0.210379
v 0.299286 2.319725 0.172793
v 0.306175 2.319725 0.176770
v 0.274172 2.319725 0.210379
v 0.326629 2.319725 0.135294
v 0.306175 2.319725 0.176770
v 0.299286 2.319725 0.172793
v 0.319280 2.319725 0.132250
v 0.326629 2.319725 0.135294
v 0.299286 2.319725 0.172793
v 0.341494 2.319725 0.091503
v 0.326629 2.319725 0.135294
v 0.319280 2.319725 0.132250
v 0.333810 2.319725 0.089444
v 0.341494 2.319725 0.091503
v 0.319280 2.319725 0.132250
v 0.350516 2.319725 0.046146
v 0.341494 2.319725 0.091503
v 0.333810 2.319725 0.089444
v 0.342629 2.319725 0.045108
v 0.350516 2.319725 0.046146
v 0.333810 2.319725 0.089444
v 0.350516 2.319725 0.046146
v 0.342629 2.319725 0.045108
v 0.351338 2.319725 0.033601
v 0.342629 2.319725 0.045108
v 0.343383 2.319725 0.033601
v 0.351338 2.319725 0.033601
v 0.353540 2.220778 0.000052
v 0.350516 2.220778 0.046146
v 0.351983 2.273192 0.023759
v 0.353540 2.263351 0.000051
v 0.353540 2.220778 0.000052
v 0.351983 2.273192 0.023759
v 0.326629 2.319725 0.135294
v 0.326629 2.220778 0.135294
v 0.306175 2.319725 0.176770
v 0.341494 2.220778 0.091503
v 0.326629 2.220778 0.135294
v 0.326629 2.319725 0.135294
v 0.341494 2.319725 0.091503
v 0.341494 2.220778 0.091503
v 0.326629 2.319725 0.135294
v 0.350516 2.220778 0.046146
v 0.341494 2.220778 0.091503
v 0.341494 2.319725 0.091503
v 0.350516 2.319725 0.046146
v 0.350516 2.220778 0.046146
v 0.341494 2.319725 0.091503
v 0.350516 2.220778 0.046146
v 0.350516 2.319725 0.046146
v 0.351983 2.273192 0.023759
v 0.350516 2.319725 0.046146
v 0.351338 2.319725 0.033601
v 0.351983 2.273192 0.023759
v -0.000051 2.220778 0.353540
v -0.000051 2.263351 0.353540
v 0.023656 2.273193 0.351983
v 0.046043 2.220778 0.350516
v -0.000051 2.220778 0.353540
v 0.023656 2.273193 0.351983
v 0.046043 2.319725 0.350516
v 0.046043 2.220778 0.350516
v 0.023656 2.273193 0.351983
v 0.091400 2.220778 0.341494
v 0.046043 2.220778 0.350516
v 0.046043 2.319725 0.350516
v 0.091400 2.319725 0.341494
v 0.091400 2.220778 0.341494
v 0.046043 2.319725 0.350516
v 0.135191 2.220778 0.326629
v 0.091400 2.220778 0.341494
v 0.091400 2.319725 0.341494
v 0.135191 2.319725 0.326629
v 0.135191 2.220778 0.326629
v 0.091400 2.319725 0.341494
v 0.176667 2.220778 0.306175
v 0.135191 2.220778 0.326629
v 0.135191 2.319725 0.326629
v 0.176667 2.319725 0.306175
v 0.176667 2.220778 0.306175
v 0.135191 2.319725 0.326629
v 0.215119 2.220778 0.280482
v 0.176667 2.220778 0.306175
v 0.176667 2.319725 0.306175
v 0.215119 2.319725 0.280482
v 0.215119 2.220778 0.280482
v 0.176667 2.319725 0.306175
v 0.249939 2.220778 0.249991
v 0.215119 2.220778 0.280482
v 0.215119 2.319725 0.280482
v 0.249939 2.319725 0.249991
v 0.249939 2.220778 0.249991
v 0.215119 2.319725 0.280482
v 0.249939 2.220778 0.249991
v 0.249939 2.319725 0.249991
v 0.280483 2.319725 0.215222
v 0.280482 2.220778 0.215222
v 0.249939 2.220778 0.249991
v 0.280483 2.319725 0.215222
v 0.280482 2.220778 0.215222
v 0.280483 2.319725 0.215222
v 0.306175 2.319725 0.176770
v 0.306175 2.220778 0.176770
v 0.280482 2.220778 0.215222
v 0.306175 2.319725 0.176770
v 0.326629 2.220778 0.135294
v 0.306175 2.220778 0.176770
v 0.306175 2.319725 0.176770
v 0.033498 2.319725 0.351338
v 0.046043 2.319725 0.350516
v 0.023656 2.273193 0.351983
v 0.343383 2.319725 0.033601
v 0.344028 2.273192 0.023759
v 0.351338 2.319725 0.033601
v 0.344028 2.273192 0.023759
v 0.351983 2.273192 0.023759
v 0.351338 2.319725 0.033601
v 0.344028 2.273192 0.023759
v 0.345586 2.263351 0.000052
v 0.351983 2.273192 0.023759
v 0.345586 2.263351 0.000052
v 0.353540 2.263351 0.000051
v 0.351983 2.273192 0.023759
v -0.338150 2.235334 -0.086646
v -0.336014 2.235334 -0.094618
v -0.219398 2.235334 -0.054827
v -0.336014 2.235334 -0.094618
v -0.217262 2.235334 -0.062798
v -0.219398 2.235334 -0.054827
v -0.338150 2.235334 -0.086646
v -0.338150 2.282299 -0.086646
v -0.336014 2.235334 -0.094618
v -0.338150 2.282299 -0.086646
v -0.336014 2.282299 -0.094618
v -0.336014 2.235334 -0.094618
v -0.442599 2.243517 -0.114633
v -0.440463 2.243517 -0.122605
v -0.338150 2.282299 -0.086646
v -0.440463 2.243517 -0.122605
v -0.336014 2.282299 -0.094618
v -0.338150 2.282299 -0.086646
v -0.037551 2.303468 -0.365167
v -0.057551 2.303468 -0.416193
v -0.037551 2.237688 -0.365167
v -0.057551 2.303468 -0.416193
v -0.057551 2.237688 -0.416193
v -0.037551 2.237688 -0.365167
v -0.037551 2.303468 -0.365167
v -0.037551 2.237688 -0.365167
v -0.037551 2.303468 -0.350297
v -0.037551 2.237688 -0.365167
v -0.037551 2.237688 -0.350297
v -0.037551 2.303468 -0.350297
v -0.045977 2.237688 -0.365167
v -0.045977 2.303468 -0.365167
v -0.045977 2.237688 -0.348470
v -0.045977 2.303468 -0.365167
v -0.045977 2.303468 -0.348470
v -0.045977 2.237688 -0.348470
v -0.045977 2.237688 -0.348470
v -0.045977 2.303468 -0.348470
v -0.037551 2.237688 -0.350297
v -0.045977 2.303468 -0.348470
v -0.037551 2.303468 -0.350297
v -0.037551 2.237688 -0.350297
v -0.065977 2.303468 -0.416193
v -0.045977 2.303468 -0.365167
v -0.065977 2.237688 -0.416193
v -0.045977 2.303468 -0.365167
v -0.045977 2.237688 -0.365167
v -0.065977 2.237688 -0.416193
v -0.065977 2.249089 -0.509610
v -0.065977 2.260067 -0.509770
v -0.065977 2.270704 -0.504775
v -0.065977 2.240839 -0.503616
v -0.065977 2.249089 -0.509610
v -0.065977 2.270704 -0.504775
v -0.065977 2.237688 -0.493918
v -0.065977 2.240839 -0.503616
v -0.065977 2.270704 -0.504775
v -0.065977 2.237688 -0.453868
v -0.065977 2.237688 -0.493918
v -0.065977 2.270704 -0.504775
v -0.065977 2.303468 -0.453868
v -0.065977 2.237688 -0.453868
v -0.065977 2.270704 -0.504775
v -0.065977 2.303468 -0.453868
v -0.065977 2.303468 -0.416193
v -0.065977 2.237688 -0.453868
v -0.065977 2.303468 -0.416193
v -0.065977 2.237688 -0.416193
v -0.065977 2.237688 -0.453868
v 0.059646 2.237688 -0.416193
v 0.059646 2.303468 -0.416193
v 0.039646 2.237688 -0.365167
v 0.059646 2.303468 -0.416193
v 0.039646 2.303468 -0.365167
v 0.039646 2.237688 -0.365167
v 0.039646 2.237688 -0.350297
v 0.039646 2.237688 -0.365167
v 0.039646 2.303468 -0.350297
v 0.039646 2.237688 -0.365167
v 0.039646 2.303468 -0.365167
v 0.039646 2.303468 -0.350297
v 0.048072 2.237688 -0.365167
v 0.048072 2.237688 -0.348470
v 0.048072 2.303468 -0.365167
v 0.048072 2.237688 -0.348470
v 0.048072 2.303468 -0.348470
v 0.048072 2.303468 -0.365167
v 0.059646 2.237688 -0.493918
v 0.068072 2.237688 -0.493918
v 0.068072 2.240839 -0.503616
v 0.059646 2.240839 -0.503616
v 0.059646 2.237688 -0.493918
v 0.068072 2.240839 -0.503616
v 0.059646 2.240839 -0.503616
v 0.068072 2.240839 -0.503616
v 0.068072 2.249089 -0.509610
v 0.059646 2.249089 -0.509610
v 0.059646 2.240839 -0.503616
v 0.068072 2.249089 -0.509610
v 0.059646 2.249089 -0.509610
v 0.068072 2.249089 -0.509610
v 0.059646 2.260067 -0.509770
v 0.068072 2.249089 -0.509610
v 0.068072 2.260067 -0.509770
v 0.059646 2.260067 -0.509770
v 0.059646 2.260067 -0.509770
v 0.068072 2.260067 -0.509770
v 0.059646 2.270704 -0.504775
v 0.068072 2.260067 -0.509770
v 0.068072 2.270704 -0.504775
v 0.059646 2.270704 -0.504775
v 0.059646 2.270704 -0.504775
v 0.068072 2.270704 -0.504775
v 0.059646 2.303468 -0.453868
v 0.068072 2.270704 -0.504775
v 0.068072 2.303468 -0.453868
v 0.059646 2.303468 -0.453868
v 0.086646 2.235334 -0.338150
v 0.054827 2.235334 -0.219398
v 0.054827 2.188369 -0.219398
v 0.086646 2.235334 -0.338150
v 0.054827 2.188369 -0.219398
v 0.114633 2.188369 -0.442599
v 0.114633 2.188369 -0.442599
v 0.114633 2.243517 -0.442599
v 0.086646 2.235334 -0.338150
v 0.114633 2.243517 -0.442599
v 0.086646 2.282299 -0.338150
v 0.086646 2.235334 -0.338150
v 0.048072 2.237688 -0.348470
v 0.039646 2.237688 -0.350297
v 0.048072 2.303468 -0.348470
v 0.039646 2.237688 -0.350297
v 0.039646 2.303468 -0.350297
v 0.048072 2.303468 -0.348470
v 0.048072 2.237688 -0.365167
v 0.048072 2.303468 -0.365167
v 0.068072 2.237688 -0.416193
v 0.048072 2.303468 -0.365167
v 0.068072 2.303468 -0.416193
v 0.068072 2.237688 -0.416193
v 0.053231 2.327281 -0.381494
v 0.053231 2.323281 -0.381494
v 0.053231 2.327281 -0.432678
v 0.053231 2.323281 -0.381494
v 0.053231 2.323281 -0.432678
v 0.053231 2.327281 -0.432678
v 0.053231 2.322630 -0.476000
v 0.053231 2.293908 -0.527620
v 0.053231 2.326462 -0.477033
v 0.053231 2.293908 -0.527620
v 0.053231 2.296481 -0.530600
v 0.053231 2.326462 -0.477033
v 0.053231 2.296481 -0.530600
v 0.053231 2.293908 -0.527620
v 0.053231 2.290821 -0.533948
v 0.053231 2.293908 -0.527620
v 0.053231 2.289448 -0.530259
v 0.053231 2.290821 -0.533948
v 0.094618 2.282299 -0.336014
v 0.122605 2.243517 -0.440463
v 0.094618 2.235334 -0.336014
v 0.122605 2.243517 -0.440463
v 0.122605 2.188369 -0.440463
v 0.094618 2.235334 -0.336014
v 0.122605 2.188369 -0.440463
v 0.062798 2.188369 -0.217262
v 0.094618 2.235334 -0.336014
v 0.062798 2.188369 -0.217262
v 0.062798 2.235334 -0.217262
v 0.094618 2.235334 -0.336014
v 0.053231 2.323281 -0.465547
v 0.053231 2.322630 -0.476000
v 0.053231 2.327281 -0.465547
v 0.053231 2.322630 -0.476000
v 0.053231 2.326462 -0.477033
v 0.053231 2.327281 -0.465547
v 0.053231 2.266510 -0.531082
v 0.053231 2.266510 -0.535114
v 0.053231 2.289448 -0.530259
v 0.053231 2.266510 -0.535114
v 0.053231 2.290821 -0.533948
v 0.053231 2.289448 -0.530259
v 0.053231 2.327281 -0.465547
v 0.053231 2.326462 -0.477033
v 0.059183 2.327281 -0.465547
v 0.053231 2.326462 -0.477033
v 0.086718 2.325152 -0.477032
v 0.059183 2.327281 -0.465547
v 0.059183 2.327281 -0.432678
v 0.059183 2.327281 -0.465547
v 0.053231 2.327281 -0.432678
v 0.059183 2.327281 -0.465547
v 0.086647 2.326057 -0.465547
v 0.053231 2.327281 -0.432678
v 0.086718 2.325152 -0.477032
v 0.086647 2.326057 -0.465547
v 0.059183 2.327281 -0.465547
v 0.089990 2.322714 -0.465547
v 0.086647 2.326057 -0.465547
v 0.086718 2.325152 -0.477032
v 0.090033 2.321663 -0.477029
v 0.089990 2.322714 -0.465547
v 0.086718 2.325152 -0.477032
v 0.086718 2.325152 -0.477032
v 0.086679 2.295656 -0.529644
v 0.090033 2.321663 -0.477029
v 0.086679 2.295656 -0.529644
v 0.090010 2.293427 -0.527064
v 0.090033 2.321663 -0.477029
v 0.086718 2.325152 -0.477032
v 0.053231 2.326462 -0.477033
v 0.053231 2.296481 -0.530600
v 0.086679 2.295656 -0.529644
v 0.086718 2.325152 -0.477032
v 0.053231 2.296481 -0.530600
v 0.086679 2.295656 -0.529644
v 0.053231 2.296481 -0.530600
v 0.053231 2.290821 -0.533948
v 0.086679 2.290381 -0.532765
v 0.086679 2.295656 -0.529644
v 0.053231 2.290821 -0.533948
v 0.086679 2.295656 -0.529644
v 0.086679 2.290381 -0.532765
v 0.090010 2.293427 -0.527064
v 0.086679 2.290381 -0.532765
v 0.090010 2.289192 -0.529570
v 0.090010 2.293427 -0.527064
v 0.090010 2.289192 -0.529570
v 0.089990 2.266510 -0.530547
v 0.090010 2.293427 -0.527064
v 0.089990 2.266510 -0.530547
v 0.091214 2.266510 -0.476944
v 0.090010 2.293427 -0.527064
v 0.091214 2.266510 -0.476944
v 0.090033 2.321663 -0.477029
v 0.090010 2.293427 -0.527064
v 0.090033 2.321663 -0.477029
v 0.091214 2.266510 -0.476944
v 0.091214 2.266510 -0.465547
v 0.089990 2.322714 -0.465547
v 0.090033 2.321663 -0.477029
v 0.091214 2.266510 -0.465547
v 0.089990 2.322714 -0.465547
v 0.091214 2.266510 -0.465547
v 0.091214 2.266510 -0.381494
v 0.089990 2.322714 -0.381494
v 0.089990 2.322714 -0.465547
v 0.091214 2.266510 -0.381494
v 0.089990 2.322714 -0.465547
v 0.089990 2.322714 -0.381494
v 0.086647 2.326057 -0.465547
v 0.089990 2.322714 -0.381494
v 0.086647 2.326057 -0.381494
v 0.086647 2.326057 -0.465547
v 0.086647 2.326057 -0.465547
v 0.086647 2.326057 -0.381494
v 0.053231 2.327281 -0.432678
v 0.086647 2.326057 -0.381494
v 0.053231 2.327281 -0.381494
v 0.053231 2.327281 -0.432678
v 0.089990 2.266510 -0.530547
v 0.090010 2.289192 -0.529570
v 0.086647 2.266510 -0.533890
v 0.090010 2.289192 -0.529570
v 0.086679 2.290381 -0.532765
v 0.086647 2.266510 -0.533890
v 0.086647 2.266510 -0.533890
v 0.086679 2.290381 -0.532765
v 0.053231 2.266510 -0.535114
v 0.086679 2.290381 -0.532765
v 0.053231 2.290821 -0.533948
v 0.053231 2.266510 -0.535114
v -0.086646 2.282299 -0.338150
v -0.114633 2.243517 -0.442599
v -0.086646 2.235334 -0.338150
v -0.114633 2.243517 -0.442599
v -0.114633 2.188369 -0.442599
v -0.086646 2.235334 -0.338150
v -0.054827 2.188369 -0.219398
v -0.086646 2.235334 -0.338150
v -0.114633 2.188369 -0.442599
v -0.054827 2.235334 -0.219398
v -0.086646 2.235334 -0.338150
v -0.054827 2.188369 -0.219398
v -0.051136 2.327281 -0.381494
v -0.051136 2.327281 -0.432678
v -0.051136 2.323281 -0.381494
v -0.051136 2.327281 -0.432678
v -0.051136 2.323281 -0.432678
v -0.051136 2.323281 -0.381494
v -0.051136 2.323281 -0.465547
v -0.051136 2.327281 -0.465547
v -0.051136 2.322630 -0.476000
v -0.051136 2.327281 -0.465547
v -0.051136 2.326462 -0.477033
v -0.051136 2.322630 -0.476000
v -0.051136 2.290821 -0.533948
v -0.051136 2.266510 -0.535114
v -0.051136 2.289448 -0.530259
v -0.051136 2.266510 -0.535114
v -0.051136 2.266510 -0.531082
v -0.051136 2.289448 -0.530259
v -0.084623 2.325152 -0.477032
v -0.051136 2.326462 -0.477033
v -0.057088 2.327281 -0.465547
v -0.051136 2.326462 -0.477033
v -0.051136 2.327281 -0.465547
v -0.057088 2.327281 -0.465547
v -0.087914 2.293427 -0.527064
v -0.087914 2.289192 -0.529570
v -0.084584 2.290381 -0.532765
v -0.084584 2.295656 -0.529644
v -0.087914 2.293427 -0.527064
v -0.084584 2.290381 -0.532765
v -0.087914 2.293427 -0.527064
v -0.084584 2.295656 -0.529644
v -0.087938 2.321663 -0.477029
v -0.084584 2.295656 -0.529644
v -0.084623 2.325152 -0.477032
v -0.087938 2.321663 -0.477029
v -0.087938 2.321663 -0.477029
v -0.084623 2.325152 -0.477032
v -0.087895 2.322714 -0.465547
v -0.084623 2.325152 -0.477032
v -0.084552 2.326057 -0.465547
v -0.087895 2.322714 -0.465547
v -0.084552 2.326057 -0.465547
v -0.084623 2.325152 -0.477032
v -0.057088 2.327281 -0.465547
v -0.084552 2.326057 -0.465547
v -0.057088 2.327281 -0.465547
v -0.051136 2.327281 -0.432678
v -0.057088 2.327281 -0.465547
v -0.057088 2.327281 -0.432678
v -0.051136 2.327281 -0.432678
v -0.084584 2.295656 -0.529644
v -0.084584 2.290381 -0.532765
v -0.051136 2.290821 -0.533948
v -0.051136 2.296481 -0.530600
v -0.084584 2.295656 -0.529644
v -0.051136 2.290821 -0.533948
v -0.084623 2.325152 -0.477032
v -0.084584 2.295656 -0.529644
v -0.051136 2.296481 -0.530600
v -0.051136 2.326462 -0.477033
v -0.084623 2.325152 -0.477032
v -0.051136 2.296481 -0.530600
v -0.051136 2.290821 -0.533948
v -0.084584 2.290381 -0.532765
v -0.051136 2.266510 -0.535114
v -0.084584 2.290381 -0.532765
v -0.084552 2.266510 -0.533890
v -0.051136 2.266510 -0.535114
v -0.084584 2.290381 -0.532765
v -0.087914 2.289192 -0.529570
v -0.084552 2.266510 -0.533890
v -0.087914 2.289192 -0.529570
v -0.087895 2.266510 -0.530547
v -0.084552 2.266510 -0.533890
v -0.087895 2.266510 -0.530547
v -0.087914 2.289192 -0.529570
v -0.087914 2.293427 -0.527064
v -0.089118 2.266510 -0.476944
v -0.087895 2.266510 -0.530547
v -0.087914 2.293427 -0.527064
v -0.087938 2.321663 -0.477029
v -0.089118 2.266510 -0.476944
v -0.087914 2.293427 -0.527064
v -0.089118 2.266510 -0.465547
v -0.089118 2.266510 -0.476944
v -0.087938 2.321663 -0.477029
v -0.087895 2.322714 -0.465547
v -0.089118 2.266510 -0.465547
v -0.087938 2.321663 -0.477029
v -0.089118 2.266510 -0.381494
v -0.089118 2.266510 -0.465547
v -0.087895 2.322714 -0.465547
v -0.087895 2.322714 -0.381494
v -0.089118 2.266510 -0.381494
v -0.087895 2.322714 -0.465547
v -0.087895 2.322714 -0.381494
v -0.087895 2.322714 -0.465547
v -0.084552 2.326057 -0.465547
v -0.084552 2.326057 -0.381494
v -0.087895 2.322714 -0.381494
v -0.084552 2.326057 -0.465547
v -0.084552 2.326057 -0.381494
v -0.084552 2.326057 -0.465547
v -0.051136 2.327281 -0.432678
v -0.051136 2.327281 -0.381494
v -0.084552 2.326057 -0.381494
v -0.051136 2.327281 -0.432678
v -0.042585 2.247433 -0.503356
v -0.042585 2.300794 -0.483733
v 0.044690 2.247433 -0.503356
v -0.042585 2.300794 -0.483733
v 0.044690 2.300794 -0.483733
v 0.044690 2.247433 -0.503356
v -0.034619 2.335887 -0.468377
v 0.036724 2.335887 -0.468377
v -0.034619 2.328364 -0.464206
v 0.036724 2.335887 -0.468377
v 0.036724 2.328364 -0.464206
v -0.034619 2.328364 -0.464206
v 0.048690 2.243689 -0.604227
v 0.048690 2.255244 -0.604058
v 0.048690 2.243689 -0.611227
v 0.048690 2.255244 -0.604058
v 0.048690 2.257622 -0.610526
v 0.048690 2.243689 -0.611227
v 0.048690 2.263621 -0.605425
v 0.048690 2.257622 -0.610526
v 0.048690 2.255244 -0.604058
v 0.048690 2.257873 -0.601477
v 0.048690 2.263621 -0.605425
v 0.048690 2.255244 -0.604058
v 0.048690 2.263621 -0.605425
v 0.048690 2.257873 -0.601477
v 0.048690 2.328716 -0.475394
v 0.048690 2.335358 -0.477481
v 0.048690 2.263621 -0.605425
v 0.048690 2.328716 -0.475394
v 0.048690 2.335358 -0.477481
v 0.048690 2.328716 -0.475394
v 0.048690 2.336108 -0.473776
v 0.048690 2.328716 -0.475394
v 0.048690 2.329178 -0.473114
v 0.048690 2.336108 -0.473776
v 0.048690 2.335318 -0.463409
v 0.048690 2.336108 -0.473776
v 0.048690 2.329178 -0.473114
v 0.048690 2.328364 -0.464206
v 0.048690 2.335318 -0.463409
v 0.048690 2.329178 -0.473114
v 0.048690 2.335318 -0.463409
v 0.048690 2.328364 -0.464206
v 0.048690 2.330719 -0.423247
v 0.048690 2.328364 -0.464206
v 0.048690 2.297184 -0.427088
v 0.048690 2.330719 -0.423247
v 0.048690 2.297184 -0.427088
v 0.048690 2.324270 -0.418124
v 0.048690 2.330719 -0.423247
v 0.036724 2.328364 -0.464206
v 0.044690 2.328364 -0.464206
v 0.044690 2.329095 -0.470427
v 0.036724 2.328364 -0.464206
v 0.044690 2.329095 -0.470427
v -0.034619 2.328364 -0.464206
v 0.044690 2.329095 -0.470427
v 0.044690 2.329178 -0.473114
v -0.034619 2.328364 -0.464206
v -0.042585 2.328364 -0.464206
v -0.034619 2.328364 -0.464206
v -0.042585 2.329095 -0.470427
v -0.042585 2.329178 -0.473114
v -0.042585 2.329095 -0.470427
v -0.034619 2.328364 -0.464206
v 0.044690 2.329178 -0.473114
v -0.042585 2.329178 -0.473114
v -0.034619 2.328364 -0.464206
v -0.042585 2.329178 -0.473114
v 0.044690 2.329178 -0.473114
v -0.042585 2.328716 -0.475394
v 0.044690 2.329178 -0.473114
v 0.044690 2.328716 -0.475394
v -0.042585 2.328716 -0.475394
v 0.044690 2.328716 -0.475394
v 0.044690 2.324481 -0.483365
v -0.042585 2.328716 -0.475394
v 0.044690 2.324481 -0.483365
v -0.042585 2.324481 -0.483365
v -0.042585 2.328716 -0.475394
v 0.044690 2.324481 -0.483365
v 0.044690 2.300794 -0.483733
v -0.042585 2.324481 -0.483365
v 0.044690 2.300794 -0.483733
v -0.042585 2.300794 -0.483733
v -0.042585 2.324481 -0.483365
v 0.044690 2.247433 -0.503356
v 0.044690 2.253071 -0.604281
v -0.042585 2.247433 -0.503356
v 0.044690 2.253071 -0.604281
v -0.042585 2.253071 -0.604281
v -0.042585 2.247433 -0.503356
v 0.048690 2.336108 -0.473776
v 0.048690 2.335318 -0.463409
v 0.036724 2.335887 -0.468377
v 0.036724 2.330719 -0.423247
v 0.036724 2.335887 -0.468377
v 0.048690 2.335318 -0.463409
v 0.048690 2.330719 -0.423247
v 0.036724 2.330719 -0.423247
v 0.048690 2.335318 -0.463409
v 0.036724 2.330719 -0.423247
v 0.048690 2.330719 -0.423247
v 0.036724 2.324270 -0.418124
v 0.048690 2.330719 -0.423247
v 0.048690 2.324270 -0.418124
v 0.036724 2.324270 -0.418124
v 0.036724 2.324270 -0.418124
v 0.048690 2.324270 -0.418124
v 0.036724 2.297184 -0.427088
v 0.048690 2.324270 -0.418124
v 0.048690 2.297184 -0.427088
v 0.036724 2.297184 -0.427088
v 0.036724 2.328364 -0.464206
v 0.036724 2.297184 -0.427088
v 0.048690 2.297184 -0.427088
v 0.048690 2.328364 -0.464206
v 0.036724 2.328364 -0.464206
v 0.048690 2.297184 -0.427088
v -0.046585 2.328364 -0.464206
v -0.046585 2.297184 -0.427088
v -0.034619 2.328364 -0.464206
v -0.046585 2.297184 -0.427088
v -0.034619 2.297184 -0.427088
v -0.034619 2.328364 -0.464206
v -0.046585 2.297184 -0.427088
v -0.046585 2.324270 -0.418124
v -0.034619 2.297184 -0.427088
v -0.046585 2.324270 -0.418124
v -0.034619 2.324270 -0.418124
v -0.034619 2.297184 -0.427088
v -0.046585 2.324270 -0.418124
v -0.046585 2.330719 -0.423247
v -0.034619 2.324270 -0.418124
v -0.046585 2.330719 -0.423247
v -0.034619 2.330719 -0.423247
v -0.034619 2.324270 -0.418124
v -0.034619 2.330719 -0.423247
v -0.046585 2.330719 -0.423247
v -0.046585 2.335318 -0.463409
v -0.034619 2.335887 -0.468377
v -0.034619 2.330719 -0.423247
v -0.046585 2.335318 -0.463409
v -0.034619 2.335887 -0.468377
v -0.046585 2.335318 -0.463409
v 0.036724 2.335887 -0.468377
v -0.046585 2.335318 -0.463409
v -0.046585 2.336108 -0.473776
v 0.036724 2.335887 -0.468377
v -0.046585 2.336108 -0.473776
v 0.048690 2.336108 -0.473776
v 0.036724 2.335887 -0.468377
v -0.046585 2.336108 -0.473776
v -0.046585 2.335358 -0.477481
v 0.048690 2.336108 -0.473776
v -0.046585 2.335358 -0.477481
v 0.048690 2.335358 -0.477481
v 0.048690 2.336108 -0.473776
v 0.048690 2.263621 -0.605425
v 0.048690 2.335358 -0.477481
v -0.046585 2.335358 -0.477481
v -0.046585 2.263621 -0.605425
v 0.048690 2.263621 -0.605425
v -0.046585 2.335358 -0.477481
v 0.048690 2.257622 -0.610526
v 0.048690 2.263621 -0.605425
v -0.046585 2.263621 -0.605425
v -0.046585 2.257622 -0.610526
v 0.048690 2.257622 -0.610526
v -0.046585 2.263621 -0.605425
v -0.046585 2.257622 -0.610526
v -0.046585 2.243689 -0.611227
v 0.048690 2.257622 -0.610526
v -0.046585 2.243689 -0.611227
v 0.048690 2.243689 -0.611227
v 0.048690 2.257622 -0.610526
v -0.062798 2.235334 -0.217262
v -0.062798 2.188369 -0.217262
v -0.094618 2.235334 -0.336014
v -0.062798 2.188369 -0.217262
v -0.122605 2.188369 -0.440463
v -0.094618 2.235334 -0.336014
v -0.122605 2.188369 -0.440463
v -0.122605 2.243517 -0.440463
v -0.094618 2.235334 -0.336014
v -0.122605 2.243517 -0.440463
v -0.094618 2.282299 -0.336014
v -0.094618 2.235334 -0.336014
v 0.023562 2.299000 -0.457230
v 0.023562 2.308925 -0.465998
v 0.018023 2.299000 -0.457230
v 0.023562 2.308925 -0.465998
v 0.018023 2.308925 -0.465998
v 0.018023 2.299000 -0.457230
v 0.023562 2.308925 -0.465998
v 0.023562 2.317708 -0.467548
v 0.018023 2.308925 -0.465998
v 0.023562 2.317708 -0.467548
v 0.018023 2.317708 -0.467548
v 0.018023 2.308925 -0.465998
v 0.018023 2.317708 -0.467548
v 0.023562 2.317708 -0.467548
v 0.018023 2.324954 -0.464828
v 0.023562 2.317708 -0.467548
v 0.023562 2.324954 -0.464828
v 0.018023 2.324954 -0.464828
v 0.018023 2.324954 -0.464828
v 0.023562 2.324954 -0.464828
v 0.018023 2.329654 -0.454474
v 0.023562 2.324954 -0.464828
v 0.023562 2.329654 -0.454474
v 0.018023 2.329654 -0.454474
v 0.018023 2.329654 -0.454474
v 0.023562 2.329654 -0.454474
v 0.018023 2.328981 -0.439498
v 0.023562 2.329654 -0.454474
v 0.023562 2.328743 -0.434204
v 0.018023 2.328981 -0.439498
v -0.018018 2.328981 -0.439498
v 0.018023 2.328981 -0.439498
v -0.023557 2.328743 -0.434204
v 0.018023 2.328981 -0.439498
v 0.023562 2.328743 -0.434204
v -0.023557 2.328743 -0.434204
v -0.023557 2.308925 -0.465998
v -0.023557 2.299000 -0.457230
v -0.018018 2.299000 -0.457230
v -0.018018 2.308925 -0.465998
v -0.023557 2.308925 -0.465998
v -0.018018 2.299000 -0.457230
v -0.018018 2.308925 -0.465998
v -0.018018 2.317708 -0.467548
v -0.023557 2.308925 -0.465998
v -0.018018 2.317708 -0.467548
v -0.023557 2.317708 -0.467548
v -0.023557 2.308925 -0.465998
v -0.023557 2.324954 -0.464828
v -0.023557 2.317708 -0.467548
v -0.018018 2.317708 -0.467548
v -0.018018 2.324954 -0.464828
v -0.023557 2.324954 -0.464828
v -0.018018 2.317708 -0.467548
v -0.018018 2.324954 -0.464828
v -0.018018 2.329654 -0.454474
v -0.023557 2.324954 -0.464828
v -0.018018 2.329654 -0.454474
v -0.023557 2.329654 -0.454474
v -0.023557 2.324954 -0.464828
v -0.018018 2.329654 -0.454474
v -0.018018 2.328981 -0.439498
v -0.023557 2.329654 -0.454474
v -0.018018 2.328981 -0.439498
v -0.023557 2.328743 -0.434204
v -0.023557 2.329654 -0.454474
v -0.014135 2.335667 -0.321769
v 0.000000 2.339455 -0.321769
v 0.000000 2.311184 -0.321769
v -0.024483 2.325319 -0.321769
v -0.014135 2.335667 -0.321769
v 0.000000 2.311184 -0.321769
v 0.000000 2.339455 -0.321769
v 0.014135 2.335667 -0.321769
v 0.000000 2.311184 -0.321769
v -0.028270 2.311184 -0.321769
v -0.024483 2.325319 -0.321769
v 0.000000 2.311184 -0.321769
v 0.014135 2.335667 -0.321769
v 0.024483 2.325319 -0.321769
v 0.000000 2.311184 -0.321769
v -0.024483 2.297048 -0.321769
v -0.028270 2.311184 -0.321769
v 0.000000 2.311184 -0.321769
v 0.024483 2.325319 -0.321769
v 0.028270 2.311184 -0.321769
v 0.000000 2.311184 -0.321769
v -0.014135 2.286700 -0.321769
v -0.024483 2.297048 -0.321769
v 0.000000 2.311184 -0.321769
v 0.028270 2.311184 -0.321769
v 0.024483 2.297048 -0.321769
v 0.000000 2.311184 -0.321769
v 0.000000 2.282913 -0.321769
v -0.014135 2.286700 -0.321769
v 0.000000 2.311184 -0.321769
v 0.024483 2.297048 -0.321769
v 0.014135 2.286700 -0.321769
v 0.000000 2.311184 -0.321769
v 0.014135 2.286700 -0.321769
v 0.000000 2.282913 -0.321769
v 0.000000 2.311184 -0.321769
v 0.000000 2.311184 -0.421380
v 0.000000 2.339455 -0.421380
v -0.014135 2.335667 -0.421380
v 0.000000 2.311184 -0.421380
v -0.014135 2.335667 -0.421380
v -0.024483 2.325319 -0.421380
v 0.000000 2.311184 -0.421380
v 0.014135 2.335667 -0.421380
v 0.000000 2.339455 -0.421380
v 0.000000 2.311184 -0.421380
v -0.024483 2.325319 -0.421380
v -0.028270 2.311184 -0.421380
v 0.000000 2.311184 -0.421380
v 0.024483 2.325319 -0.421380
v 0.014135 2.335667 -0.421380
v 0.000000 2.311184 -0.421380
v -0.028270 2.311184 -0.421380
v -0.024483 2.297048 -0.421380
v 0.000000 2.311184 -0.421380
v 0.028270 2.311184 -0.421380
v 0.024483 2.325319 -0.421380
v 0.000000 2.311184 -0.421380
v -0.024483 2.297048 -0.421380
v -0.014135 2.286700 -0.421380
v 0.000000 2.311184 -0.421380
v 0.024483 2.297048 -0.421380
v 0.028270 2.311184 -0.421380
v 0.000000 2.311184 -0.421380
v -0.014135 2.286700 -0.421380
v 0.000000 2.282913 -0.421380
v 0.000000 2.311184 -0.421380
v 0.014135 2.286700 -0.421380
v 0.024483 2.297048 -0.421380
v 0.000000 2.311184 -0.421380
v 0.000000 2.282913 -0.421380
v 0.014135 2.286700 -0.421380
v 0.000000 2.282913 -0.321769
v 0.000000 2.282913 -0.421380
v -0.014135 2.286700 -0.321769
v 0.000000 2.282913 -0.421380
v -0.014135 2.286700 -0.421380
v -0.014135 2.286700 -0.321769
v -0.014135 2.286700 -0.321769
v -0.014135 2.286700 -0.421380
v -0.024483 2.297048 -0.421380
v -0.024483 2.297048 -0.321769
v -0.014135 2.286700 -0.321769
v -0.024483 2.297048 -0.421380
v -0.024483 2.297048 -0.321769
v -0.024483 2.297048 -0.421380
v -0.028270 2.311184 -0.321769
v -0.024483 2.297048 -0.421380
v -0.028270 2.311184 -0.421380
v -0.028270 2.311184 -0.321769
v -0.028270 2.311184 -0.321769
v -0.028270 2.311184 -0.421380
v -0.024483 2.325319 -0.321769
v -0.028270 2.311184 -0.421380
v -0.024483 2.325319 -0.421380
v -0.024483 2.325319 -0.321769
v -0.024483 2.325319 -0.321769
v -0.024483 2.325319 -0.421380
v -0.014135 2.335667 -0.321769
v -0.024483 2.325319 -0.421380
v -0.014135 2.335667 -0.421380
v -0.014135 2.335667 -0.321769
v -0.014135 2.335667 -0.321769
v -0.014135 2.335667 -0.421380
v 0.000000 2.339455 -0.321769
v -0.014135 2.335667 -0.421380
v 0.000000 2.339455 -0.421380
v 0.000000 2.339455 -0.321769
v 0.064095 2.262463 -0.559013
v 0.064095 2.266741 -0.566423
v 0.064095 2.258185 -0.566423
v 0.064095 2.253907 -0.559013
v 0.064095 2.262463 -0.559013
v 0.064095 2.258185 -0.566423
v 0.064095 2.266741 -0.566423
v 0.064095 2.262463 -0.573833
v 0.064095 2.258185 -0.566423
v 0.064095 2.249629 -0.566423
v 0.064095 2.253907 -0.559013
v 0.064095 2.258185 -0.566423
v 0.064095 2.262463 -0.573833
v 0.064095 2.253907 -0.573833
v 0.064095 2.258185 -0.566423
v 0.064095 2.253907 -0.573833
v 0.064095 2.249629 -0.566423
v 0.064095 2.258185 -0.566423
v 0.054561 2.238233 -0.598167
v 0.054561 2.242744 -0.601444
v 0.054561 2.236510 -0.592865
v 0.054561 2.242744 -0.601444
v 0.054561 2.248747 -0.601532
v 0.054561 2.236510 -0.592865
v 0.054561 2.248747 -0.601532
v 0.054561 2.254564 -0.598800
v 0.054561 2.236510 -0.592865
v 0.054561 2.254564 -0.598800
v 0.054561 2.270388 -0.570967
v 0.054561 2.236510 -0.592865
v 0.054561 2.270388 -0.570967
v 0.054561 2.270388 -0.559296
v 0.054561 2.236510 -0.592865
v 0.054561 2.270388 -0.559296
v 0.054561 2.266498 -0.555406
v 0.054561 2.236510 -0.592865
v 0.054561 2.266498 -0.555406
v 0.054561 2.236510 -0.555406
v 0.054561 2.236510 -0.592865
v -0.018018 2.298264 -0.440879
v 0.018023 2.298264 -0.440879
v -0.018018 2.328981 -0.439498
v 0.018023 2.298264 -0.440879
v 0.018023 2.328981 -0.439498
v -0.018018 2.328981 -0.439498
v 0.023562 2.328743 -0.434204
v 0.023562 2.298026 -0.435586
v -0.023557 2.328743 -0.434204
v 0.023562 2.298026 -0.435586
v -0.023557 2.298026 -0.435586
v -0.023557 2.328743 -0.434204
v 0.365167 2.303468 -0.037551
v 0.416193 2.303468 -0.057551
v 0.365167 2.237688 -0.037551
v 0.416193 2.303468 -0.057551
v 0.416193 2.237688 -0.057551
v 0.365167 2.237688 -0.037551
v 0.365167 2.303468 -0.037551
v 0.365167 2.237688 -0.037551
v 0.350297 2.303468 -0.037551
v 0.365167 2.237688 -0.037551
v 0.350297 2.237688 -0.037551
v 0.350297 2.303468 -0.037551
v 0.365167 2.237688 -0.045977
v 0.365167 2.303468 -0.045977
v 0.348470 2.237688 -0.045977
v 0.365167 2.303468 -0.045977
v 0.348470 2.303468 -0.045977
v 0.348470 2.237688 -0.045977
v 0.348470 2.237688 -0.045977
v 0.348470 2.303468 -0.045977
v 0.350297 2.237688 -0.037551
v 0.348470 2.303468 -0.045977
v 0.350297 2.303468 -0.037551
v 0.350297 2.237688 -0.037551
v 0.416193 2.303468 -0.065977
v 0.365167 2.303468 -0.045977
v 0.416193 2.237688 -0.065977
v 0.365167 2.303468 -0.045977
v 0.365167 2.237688 -0.045977
v 0.416193 2.237688 -0.065977
v 0.509610 2.249089 -0.065977
v 0.509770 2.260067 -0.065977
v 0.504775 2.270704 -0.065977
v 0.503616 2.240839 -0.065977
v 0.509610 2.249089 -0.065977
v 0.504775 2.270704 -0.065977
v 0.493918 2.237688 -0.065977
v 0.503616 2.240839 -0.065977
v 0.504775 2.270704 -0.065977
v 0.453868 2.237688 -0.065977
v 0.493918 2.237688 -0.065977
v 0.504775 2.270704 -0.065977
v 0.453868 2.303468 -0.065977
v 0.453868 2.237688 -0.065977
v 0.504775 2.270704 -0.065977
v 0.453868 2.303468 -0.065977
v 0.416193 2.303468 -0.065977
v 0.453868 2.237688 -0.065977
v 0.416193 2.303468 -0.065977
v 0.416193 2.237688 -0.065977
v 0.453868 2.237688 -0.065977
v 0.416193 2.237688 0.059646
v 0.416193 2.303468 0.059646
v 0.365167 2.237688 0.039646
v 0.416193 2.303468 0.059646
v 0.365167 2.303468 0.039646
v 0.365167 2.237688 0.039646
v 0.350297 2.237688 0.039646
v 0.365167 2.237688 0.039646
v 0.350297 2.303468 0.039646
v 0.365167 2.237688 0.039646
v 0.365167 2.303468 0.039646
v 0.350297 2.303468 0.039646
v 0.365167 2.237688 0.048072
v 0.348470 2.237688 0.048072
v 0.365167 2.303468 0.048072
v 0.348470 2.237688 0.048072
v 0.348470 2.303468 0.048072
v 0.365167 2.303468 0.048072
v 0.493918 2.237688 0.059646
v 0.493918 2.237688 0.068072
v 0.503616 2.240839 0.068072
v 0.503616 2.240839 0.059646
v 0.493918 2.237688 0.059646
v 0.503616 2.240839 0.068072
v 0.503616 2.240839 0.059646
v 0.503616 2.240839 0.068072
v 0.509610 2.249089 0.068072
v 0.509610 2.249089 0.059646
v 0.503616 2.240839 0.059646
v 0.509610 2.249089 0.068072
v 0.509610 2.249089 0.059646
v 0.509610 2.249089 0.068072
v 0.509770 2.260067 0.059646
v 0.509610 2.249089 0.068072
v 0.509770 2.260067 0.068072
v 0.509770 2.260067 0.059646
v 0.509770 2.260067 0.059646
v 0.509770 2.260067 0.068072
v 0.504775 2.270704 0.059646
v 0.509770 2.260067 0.068072
v 0.504775 2.270704 0.068072
v 0.504775 2.270704 0.059646
v 0.504775 2.270704 0.059646
v 0.504775 2.270704 0.068072
v 0.453868 2.303468 0.059646
v 0.504775 2.270704 0.068072
v 0.453868 2.303468 0.068072
v 0.453868 2.303468 0.059646
v 0.060572 2.236510 -0.555406
v 0.060572 2.266498 -0.555406
v 0.060572 2.236510 -0.592865
v 0.060572 2.266498 -0.555406
v 0.060572 2.270388 -0.559296
v 0.060572 2.236510 -0.592865
v 0.060572 2.270388 -0.559296
v 0.060572 2.270388 -0.570967
v 0.060572 2.236510 -0.592865
v 0.060572 2.270388 -0.570967
v 0.060572 2.254564 -0.598800
v 0.060572 2.236510 -0.592865
v 0.060572 2.254564 -0.598800
v 0.060572 2.248747 -0.601532
v 0.060572 2.236510 -0.592865
v 0.060572 2.248747 -0.601532
v 0.060572 2.242744 -0.601444
v 0.060572 2.236510 -0.592865
v 0.060572 2.242744 -0.601444
v 0.060572 2.238233 -0.598167
v 0.060572 2.236510 -0.592865
v 0.348470 2.237688 0.048072
v 0.350297 2.237688 0.039646
v 0.348470 2.303468 0.048072
v 0.350297 2.237688 0.039646
v 0.350297 2.303468 0.039646
v 0.348470 2.303468 0.048072
v 0.365167 2.237688 0.048072
v 0.365167 2.303468 0.048072
v 0.416193 2.237688 0.068072
v 0.365167 2.303468 0.048072
v 0.416193 2.303468 0.068072
v 0.416193 2.237688 0.068072
v 0.381494 2.327281 0.053231
v 0.381494 2.323281 0.053231
v 0.432678 2.327281 0.053231
v 0.381494 2.323281 0.053231
v 0.432678 2.323281 0.053231
v 0.432678 2.327281 0.053231
v 0.476000 2.322630 0.053231
v 0.527620 2.293908 0.053231
v 0.477033 2.326462 0.053231
v 0.527620 2.293908 0.053231
v 0.530600 2.296481 0.053231
v 0.477033 2.326462 0.053231
v 0.530600 2.296481 0.053231
v 0.527620 2.293908 0.053231
v 0.533948 2.290821 0.053231
v 0.527620 2.293908 0.053231
v 0.530259 2.289449 0.053231
v 0.533948 2.290821 0.053231
v 0.054561 2.236510 -0.592865
v 0.060572 2.236510 -0.592865
v 0.054561 2.238233 -0.598167
v 0.060572 2.236510 -0.592865
v 0.060572 2.238233 -0.598167
v 0.054561 2.238233 -0.598167
v 0.054561 2.238233 -0.598167
v 0.060572 2.238233 -0.598167
v 0.054561 2.242744 -0.601444
v 0.060572 2.238233 -0.598167
v 0.060572 2.242744 -0.601444
v 0.054561 2.242744 -0.601444
v 0.060572 2.242744 -0.601444
v 0.060572 2.248747 -0.601532
v 0.054561 2.242744 -0.601444
v 0.060572 2.248747 -0.601532
v 0.054561 2.248747 -0.601532
v 0.054561 2.242744 -0.601444
v 0.054561 2.248747 -0.601532
v 0.060572 2.248747 -0.601532
v 0.054561 2.254564 -0.598800
v 0.060572 2.248747 -0.601532
v 0.060572 2.254564 -0.598800
v 0.054561 2.254564 -0.598800
v 0.054561 2.254564 -0.598800
v 0.060572 2.254564 -0.598800
v 0.060572 2.270388 -0.570967
v 0.054561 2.270388 -0.570967
v 0.054561 2.254564 -0.598800
v 0.060572 2.270388 -0.570967
v 0.465547 2.323281 0.053231
v 0.476000 2.322630 0.053231
v 0.465547 2.327281 0.053231
v 0.476000 2.322630 0.053231
v 0.477033 2.326462 0.053231
v 0.465547 2.327281 0.053231
v 0.531082 2.266510 0.053231
v 0.535114 2.266510 0.053231
v 0.530259 2.289449 0.053231
v 0.535114 2.266510 0.053231
v 0.533948 2.290821 0.053231
v 0.530259 2.289449 0.053231
v 0.465547 2.327281 0.053231
v 0.477033 2.326462 0.053231
v 0.465547 2.327281 0.059183
v 0.477033 2.326462 0.053231
v 0.477032 2.325152 0.086718
v 0.465547 2.327281 0.059183
v 0.432678 2.327281 0.059183
v 0.465547 2.327281 0.059183
v 0.432678 2.327281 0.053231
v 0.465547 2.327281 0.059183
v 0.465547 2.326057 0.086647
v 0.432678 2.327281 0.053231
v 0.477032 2.325152 0.086718
v 0.465547 2.326057 0.086647
v 0.465547 2.327281 0.059183
v 0.465547 2.322714 0.089990
v 0.465547 2.326057 0.086647
v 0.477032 2.325152 0.086718
v 0.477029 2.321663 0.090033
v 0.465547 2.322714 0.089990
v 0.477032 2.325152 0.086718
v 0.477032 2.325152 0.086718
v 0.529644 2.295656 0.086679
v 0.477029 2.321663 0.090033
v 0.529644 2.295656 0.086679
v 0.527064 2.293428 0.090010
v 0.477029 2.321663 0.090033
v 0.477032 2.325152 0.086718
v 0.477033 2.326462 0.053231
v 0.530600 2.296481 0.053231
v 0.529644 2.295656 0.086679
v 0.477032 2.325152 0.086718
v 0.530600 2.296481 0.053231
v 0.529644 2.295656 0.086679
v 0.530600 2.296481 0.053231
v 0.533948 2.290821 0.053231
v 0.532765 2.290381 0.086679
v 0.529644 2.295656 0.086679
v 0.533948 2.290821 0.053231
v 0.529644 2.295656 0.086679
v 0.532765 2.290381 0.086679
v 0.527064 2.293428 0.090010
v 0.532765 2.290381 0.086679
v 0.529570 2.289192 0.090010
v 0.527064 2.293428 0.090010
v 0.529570 2.289192 0.090010
v 0.530547 2.266510 0.089990
v 0.527064 2.293428 0.090010
v 0.530547 2.266510 0.089990
v 0.476944 2.266510 0.091214
v 0.527064 2.293428 0.090010
v 0.476944 2.266510 0.091214
v 0.477029 2.321663 0.090033
v 0.527064 2.293428 0.090010
v 0.477029 2.321663 0.090033
v 0.476944 2.266510 0.091214
v 0.465547 2.266510 0.091214
v 0.465547 2.322714 0.089990
v 0.477029 2.321663 0.090033
v 0.465547 2.266510 0.091214
v 0.465547 2.322714 0.089990
v 0.465547 2.266510 0.091214
v 0.381494 2.266510 0.091214
v 0.381494 2.322714 0.089990
v 0.465547 2.322714 0.089990
v 0.381494 2.266510 0.091214
v 0.465547 2.322714 0.089990
v 0.381494 2.322714 0.089990
v 0.465547 2.326057 0.086647
v 0.381494 2.322714 0.089990
v 0.381494 2.326057 0.086647
v 0.465547 2.326057 0.086647
v 0.465547 2.326057 0.086647
v 0.381494 2.326057 0.086647
v 0.432678 2.327281 0.053231
v 0.381494 2.326057 0.086647
v 0.381494 2.327281 0.053231
v 0.432678 2.327281 0.053231
v 0.530547 2.266510 0.089990
v 0.529570 2.289192 0.090010
v 0.533890 2.266510 0.086647
v 0.529570 2.289192 0.090010
v 0.532765 2.290381 0.086679
v 0.533890 2.266510 0.086647
v 0.533890 2.266510 0.086647
v 0.532765 2.290381 0.086679
v 0.535114 2.266510 0.053231
v 0.532765 2.290381 0.086679
v 0.533948 2.290821 0.053231
v 0.535114 2.266510 0.053231
v -0.061990 2.262463 -0.573833
v -0.061990 2.266741 -0.566423
v -0.061990 2.258185 -0.566423
v -0.061990 2.266741 -0.566423
v -0.061990 2.262463 -0.559013
v -0.061990 2.258185 -0.566423
v -0.061990 2.253907 -0.573833
v -0.061990 2.262463 -0.573833
v -0.061990 2.258185 -0.566423
v -0.061990 2.262463 -0.559013
v -0.061990 2.253907 -0.559013
v -0.061990 2.258185 -0.566423
v -0.061990 2.249629 -0.566423
v -0.061990 2.253907 -0.573833
v -0.061990 2.258185 -0.566423
v -0.061990 2.253907 -0.559013
v -0.061990 2.249629 -0.566423
v -0.061990 2.258185 -0.566423
v 0.000000 2.309441 -0.443998
v 0.000000 2.321668 -0.443998
v -0.012227 2.309441 -0.443998
v 0.000000 2.309441 -0.443998
v -0.012227 2.309441 -0.443998
v 0.000000 2.297213 -0.443998
v 0.000000 2.309441 -0.443998
v 0.012227 2.309441 -0.443998
v 0.000000 2.321668 -0.443998
v 0.000000 2.309441 -0.443998
v 0.000000 2.297213 -0.443998
v 0.012227 2.309441 -0.443998
v 0.000000 2.297213 -0.421380
v 0.000000 2.297213 -0.443998
v -0.012227 2.309441 -0.421380
v 0.000000 2.297213 -0.443998
v -0.012227 2.309441 -0.443998
v -0.012227 2.309441 -0.421380
v -0.012227 2.309441 -0.421380
v -0.012227 2.309441 -0.443998
v 0.000000 2.321668 -0.421380
v -0.012227 2.309441 -0.443998
v 0.000000 2.321668 -0.443998
v 0.000000 2.321668 -0.421380
v 0.000000 2.321668 -0.443998
v 0.012227 2.309441 -0.443998
v 0.000000 2.321668 -0.421380
v 0.012227 2.309441 -0.443998
v 0.012227 2.309441 -0.421380
v 0.000000 2.321668 -0.421380
v 0.012227 2.309441 -0.421380
v 0.012227 2.309441 -0.443998
v 0.000000 2.297213 -0.421380
v 0.012227 2.309441 -0.443998
v 0.000000 2.297213 -0.443998
v 0.000000 2.297213 -0.421380
v -0.060488 2.316999 -0.451764
v -0.060488 2.323555 -0.451764
v -0.060488 2.316999 -0.445207
v -0.060488 2.316999 -0.451764
v -0.060488 2.316999 -0.445207
v -0.060488 2.310442 -0.451764
v -0.060488 2.316999 -0.451764
v -0.060488 2.316999 -0.458321
v -0.060488 2.323555 -0.451764
v -0.060488 2.316999 -0.451764
v -0.060488 2.310442 -0.451764
v -0.060488 2.316999 -0.458321
v 0.060488 2.310442 -0.451764
v -0.060488 2.310442 -0.451764
v 0.060488 2.316999 -0.445207
v -0.060488 2.310442 -0.451764
v -0.060488 2.316999 -0.445207
v 0.060488 2.316999 -0.445207
v 0.060488 2.316999 -0.445207
v -0.060488 2.316999 -0.445207
v 0.060488 2.323555 -0.451764
v -0.060488 2.316999 -0.445207
v -0.060488 2.323555 -0.451764
v 0.060488 2.323555 -0.451764
v 0.060488 2.323555 -0.451764
v -0.060488 2.323555 -0.451764
v 0.060488 2.316999 -0.458321
v -0.060488 2.323555 -0.451764
v -0.060488 2.316999 -0.458321
v 0.060488 2.316999 -0.458321
v 0.060488 2.316999 -0.458321
v -0.060488 2.316999 -0.458321
v 0.060488 2.310442 -0.451764
v -0.060488 2.316999 -0.458321
v -0.060488 2.310442 -0.451764
v 0.060488 2.310442 -0.451764
v 0.049940 2.285175 -0.414584
v 0.049940 2.288787 -0.465430
v 0.049940 2.325623 -0.433811
v 0.049940 2.288787 -0.465430
v 0.049940 2.325515 -0.464704
v 0.049940 2.325623 -0.433811
v 0.049940 2.325515 -0.464704
v 0.049940 2.332280 -0.459344
v 0.049940 2.325623 -0.433811
v 0.049940 2.332280 -0.459344
v 0.049940 2.334603 -0.451029
v 0.049940 2.325623 -0.433811
v 0.049940 2.334603 -0.451029
v 0.049940 2.332034 -0.441418
v 0.049940 2.325623 -0.433811
v 0.381494 2.327281 -0.051136
v 0.432678 2.327281 -0.051136
v 0.381494 2.323281 -0.051136
v 0.432678 2.327281 -0.051136
v 0.432678 2.323281 -0.051136
v 0.381494 2.323281 -0.051136
v 0.465547 2.323281 -0.051136
v 0.465547 2.327281 -0.051136
v 0.476000 2.322630 -0.051136
v 0.465547 2.327281 -0.051136
v 0.477033 2.326462 -0.051136
v 0.476000 2.322630 -0.051136
v 0.533948 2.290821 -0.051136
v 0.535114 2.266510 -0.051136
v 0.530259 2.289449 -0.051136
v 0.535114 2.266510 -0.051136
v 0.531082 2.266510 -0.051136
v 0.530259 2.289449 -0.051136
v 0.477032 2.325152 -0.084623
v 0.477033 2.326462 -0.051136
v 0.465547 2.327281 -0.057088
v 0.477033 2.326462 -0.051136
v 0.465547 2.327281 -0.051136
v 0.465547 2.327281 -0.057088
v 0.527064 2.293428 -0.087914
v 0.529570 2.289192 -0.087914
v 0.532765 2.290381 -0.084584
v 0.529644 2.295656 -0.084584
v 0.527064 2.293428 -0.087914
v 0.532765 2.290381 -0.084584
v 0.527064 2.293428 -0.087914
v 0.529644 2.295656 -0.084584
v 0.477029 2.321663 -0.087938
v 0.529644 2.295656 -0.084584
v 0.477032 2.325152 -0.084623
v 0.477029 2.321663 -0.087938
v 0.477029 2.321663 -0.087938
v 0.477032 2.325152 -0.084623
v 0.465547 2.322714 -0.087895
v 0.477032 2.325152 -0.084623
v 0.465547 2.326057 -0.084552
v 0.465547 2.322714 -0.087895
v 0.465547 2.326057 -0.084552
v 0.477032 2.325152 -0.084623
v 0.465547 2.327281 -0.057088
v 0.465547 2.326057 -0.084552
v 0.465547 2.327281 -0.057088
v 0.432678 2.327281 -0.051136
v 0.465547 2.327281 -0.057088
v 0.432678 2.327281 -0.057088
v 0.432678 2.327281 -0.051136
v 0.529644 2.295656 -0.084584
v 0.532765 2.290381 -0.084584
v 0.533948 2.290821 -0.051136
v 0.530600 2.296481 -0.051136
v 0.529644 2.295656 -0.084584
v 0.533948 2.290821 -0.051136
v 0.477032 2.325152 -0.084623
v 0.529644 2.295656 -0.084584
v 0.530600 2.296481 -0.051136
v 0.477033 2.326462 -0.051136
v 0.477032 2.325152 -0.084623
v 0.530600 2.296481 -0.051136
v 0.533948 2.290821 -0.051136
v 0.532765 2.290381 -0.084584
v 0.535114 2.266510 -0.051136
v 0.532765 2.290381 -0.084584
v 0.533890 2.266510 -0.084552
v 0.535114 2.266510 -0.051136
v 0.532765 2.290381 -0.084584
v 0.529570 2.289192 -0.087914
v 0.533890 2.266510 -0.084552
v 0.529570 2.289192 -0.087914
v 0.530547 2.266510 -0.087895
v 0.533890 2.266510 -0.084552
v 0.530547 2.266510 -0.087895
v 0.529570 2.289192 -0.087914
v 0.527064 2.293428 -0.087914
v 0.476944 2.266510 -0.089118
v 0.530547 2.266510 -0.087895
v 0.527064 2.293428 -0.087914
v 0.477029 2.321663 -0.087938
v 0.476944 2.266510 -0.089118
v 0.527064 2.293428 -0.087914
v 0.465547 2.266510 -0.089118
v 0.476944 2.266510 -0.089118
v 0.477029 2.321663 -0.087938
v 0.465547 2.322714 -0.087895
v 0.465547 2.266510 -0.089118
v 0.477029 2.321663 -0.087938
v 0.381494 2.266510 -0.089118
v 0.465547 2.266510 -0.089118
v 0.465547 2.322714 -0.087895
v 0.381494 2.322714 -0.087895
v 0.381494 2.266510 -0.089118
v 0.465547 2.322714 -0.087895
v 0.381494 2.322714 -0.087895
v 0.465547 2.322714 -0.087895
v 0.465547 2.326057 -0.084552
v 0.381494 2.326057 -0.084552
v 0.381494 2.322714 -0.087895
v 0.465547 2.326057 -0.084552
v 0.381494 2.326057 -0.084552
v 0.465547 2.326057 -0.084552
v 0.432678 2.327281 -0.051136
v 0.381494 2.327281 -0.051136
v 0.381494 2.326057 -0.084552
v 0.432678 2.327281 -0.051136
v 0.503356 2.247433 -0.042585
v 0.483733 2.300794 -0.042585
v 0.503356 2.247433 0.044690
v 0.483733 2.300794 -0.042585
v 0.483733 2.300794 0.044690
v 0.503356 2.247433 0.044690
v 0.468377 2.335887 -0.034619
v 0.468377 2.335887 0.036724
v 0.464206 2.328364 -0.034619
v 0.468377 2.335887 0.036724
v 0.464206 2.328364 0.036724
v 0.464206 2.328364 -0.034619
v 0.604227 2.243689 0.048690
v 0.604058 2.255244 0.048690
v 0.611227 2.243689 0.048690
v 0.604058 2.255244 0.048690
v 0.610526 2.257622 0.048690
v 0.611227 2.243689 0.048690
v 0.605425 2.263621 0.048690
v 0.610526 2.257622 0.048690
v 0.604058 2.255244 0.048690
v 0.601477 2.257873 0.048690
v 0.605425 2.263621 0.048690
v 0.604058 2.255244 0.048690
v 0.605425 2.263621 0.048690
v 0.601477 2.257873 0.048690
v 0.475394 2.328716 0.048690
v 0.477481 2.335358 0.048690
v 0.605425 2.263621 0.048690
v 0.475394 2.328716 0.048690
v 0.477481 2.335358 0.048690
v 0.475394 2.328716 0.048690
v 0.473776 2.336108 0.048690
v 0.475394 2.328716 0.048690
v 0.473114 2.329178 0.048690
v 0.473776 2.336108 0.048690
v 0.463409 2.335318 0.048690
v 0.473776 2.336108 0.048690
v 0.473114 2.329178 0.048690
v 0.464206 2.328364 0.048690
v 0.463409 2.335318 0.048690
v 0.473114 2.329178 0.048690
v 0.463409 2.335318 0.048690
v 0.464206 2.328364 0.048690
v 0.423247 2.330719 0.048690
v 0.464206 2.328364 0.048690
v 0.427088 2.297184 0.048690
v 0.423247 2.330719 0.048690
v 0.427088 2.297184 0.048690
v 0.418124 2.324270 0.048690
v 0.423247 2.330719 0.048690
v 0.464206 2.328364 0.036724
v 0.464206 2.328364 0.044690
v 0.470427 2.329095 0.044690
v 0.464206 2.328364 0.036724
v 0.470427 2.329095 0.044690
v 0.464206 2.328364 -0.034619
v 0.470427 2.329095 0.044690
v 0.473114 2.329178 0.044690
v 0.464206 2.328364 -0.034619
v 0.464206 2.328364 -0.042585
v 0.464206 2.328364 -0.034619
v 0.470427 2.329095 -0.042585
v 0.473114 2.329178 -0.042585
v 0.470427 2.329095 -0.042585
v 0.464206 2.328364 -0.034619
v 0.473114 2.329178 0.044690
v 0.473114 2.329178 -0.042585
v 0.464206 2.328364 -0.034619
v 0.473114 2.329178 -0.042585
v 0.473114 2.329178 0.044690
v 0.475394 2.328716 -0.042585
v 0.473114 2.329178 0.044690
v 0.475394 2.328716 0.044690
v 0.475394 2.328716 -0.042585
v 0.475394 2.328716 0.044690
v 0.483365 2.324481 0.044690
v 0.475394 2.328716 -0.042585
v 0.483365 2.324481 0.044690
v 0.483365 2.324481 -0.042585
v 0.475394 2.328716 -0.042585
v 0.483365 2.324481 0.044690
v 0.483733 2.300794 0.044690
v 0.483365 2.324481 -0.042585
v 0.483733 2.300794 0.044690
v 0.483733 2.300794 -0.042585
v 0.483365 2.324481 -0.042585
v 0.503356 2.247433 0.044690
v 0.604281 2.253071 0.044690
v 0.503356 2.247433 -0.042585
v 0.604281 2.253071 0.044690
v 0.604281 2.253071 -0.042585
v 0.503356 2.247433 -0.042585
v 0.375305 2.266510 0.287982
v 0.335166 2.266510 0.333752
v 0.335166 2.283004 0.333751
v 0.375305 2.283021 0.287982
v 0.375305 2.266510 0.287982
v 0.335166 2.283004 0.333751
v 0.375305 2.283021 0.287982
v 0.335166 2.283004 0.333751
v 0.334194 2.294281 0.332780
v 0.374215 2.294281 0.287145
v 0.375305 2.283021 0.287982
v 0.334194 2.294281 0.332780
v 0.374215 2.294281 0.287145
v 0.334194 2.294281 0.332780
v 0.367217 2.300079 0.281775
v 0.334194 2.294281 0.332780
v 0.327957 2.300079 0.326543
v 0.367217 2.300079 0.281775
v 0.409683 2.266510 0.236531
v 0.375305 2.266510 0.287982
v 0.375305 2.283021 0.287982
v 0.258888 2.347375 0.257474
v 0.289723 2.347374 0.222313
v 0.307438 2.316171 0.299641
v 0.327957 2.300079 0.326543
v 0.258888 2.347375 0.257474
v 0.307438 2.316171 0.299641
v 0.318927 2.308304 0.311130
v 0.327957 2.300079 0.326543
v 0.307438 2.316171 0.299641
v 0.327957 2.300079 0.326543
v 0.318927 2.308304 0.311130
v 0.367217 2.300079 0.281775
v 0.318927 2.308304 0.311130
v 0.353740 2.308304 0.271434
v 0.367217 2.300079 0.281775
v 0.353740 2.308304 0.271434
v 0.386143 2.308304 0.222940
v 0.367217 2.300079 0.281775
v 0.386143 2.308304 0.222940
v 0.400854 2.300079 0.231433
v 0.367217 2.300079 0.281775
v 0.374215 2.294281 0.287145
v 0.367217 2.300079 0.281775
v 0.400854 2.300079 0.231433
v 0.408494 2.294281 0.235844
v 0.374215 2.294281 0.287145
v 0.400854 2.300079 0.231433
v 0.374215 2.294281 0.287145
v 0.408494 2.294281 0.235844
v 0.375305 2.283021 0.287982
v 0.408494 2.294281 0.235844
v 0.409683 2.283021 0.236531
v 0.375305 2.283021 0.287982
v 0.409683 2.283021 0.236531
v 0.409683 2.266510 0.236531
v 0.375305 2.283021 0.287982
v 0.437052 2.266510 0.181033
v 0.409683 2.266510 0.236531
v 0.409683 2.283021 0.236531
v 0.437052 2.283021 0.181033
v 0.437052 2.266510 0.181033
v 0.409683 2.283021 0.236531
v 0.456942 2.266510 0.122437
v 0.437052 2.266510 0.181033
v 0.437052 2.283021 0.181033
v 0.456942 2.283021 0.122437
v 0.456942 2.266510 0.122437
v 0.437052 2.283021 0.181033
v 0.456942 2.266510 0.122437
v 0.456942 2.283021 0.122437
v 0.462882 2.266510 0.092574
v 0.456942 2.283021 0.122437
v 0.462882 2.283021 0.092574
v 0.462882 2.266510 0.092574
v 0.408494 2.294281 0.235844
v 0.400854 2.300079 0.231433
v 0.427633 2.300079 0.177131
v 0.435783 2.294281 0.180507
v 0.408494 2.294281 0.235844
v 0.427633 2.300079 0.177131
v 0.408494 2.294281 0.235844
v 0.435783 2.294281 0.180507
v 0.409683 2.283021 0.236531
v 0.435783 2.294281 0.180507
v 0.437052 2.283021 0.181033
v 0.409683 2.283021 0.236531
v 0.456942 2.283021 0.122437
v 0.437052 2.283021 0.181033
v 0.435783 2.294281 0.180507
v 0.455615 2.294282 0.122082
v 0.456942 2.283021 0.122437
v 0.435783 2.294281 0.180507
v 0.435783 2.294281 0.180507
v 0.427633 2.300079 0.177131
v 0.455615 2.294282 0.122082
v 0.427633 2.300079 0.177131
v 0.447094 2.300079 0.119798
v 0.455615 2.294282 0.122082
v 0.461503 2.294271 0.092574
v 0.462882 2.283021 0.092574
v 0.456942 2.283021 0.122437
v 0.455615 2.294282 0.122082
v 0.461503 2.294271 0.092574
v 0.456942 2.283021 0.122437
v 0.461503 2.294271 0.092574
v 0.455615 2.294282 0.122082
v 0.452550 2.300060 0.092574
v 0.455615 2.294282 0.122082
v 0.447094 2.300079 0.119798
v 0.452550 2.300060 0.092574
v 0.452550 2.300060 0.092574
v 0.447094 2.300079 0.119798
v 0.353131 2.347374 0.092574
v 0.447094 2.300079 0.119798
v 0.352744 2.347374 0.094518
v 0.353131 2.347374 0.092574
v 0.427633 2.300079 0.177131
v 0.400854 2.300079 0.231433
v 0.386143 2.308304 0.222940
v 0.411939 2.308304 0.170631
v 0.427633 2.300079 0.177131
v 0.386143 2.308304 0.222940
v 0.427633 2.300079 0.177131
v 0.411939 2.308304 0.170631
v 0.426299 2.308304 0.128325
v 0.447094 2.300079 0.119798
v 0.427633 2.300079 0.177131
v 0.426299 2.308304 0.128325
v 0.447094 2.300079 0.119798
v 0.426299 2.308304 0.128325
v 0.426523 2.308840 0.124233
v 0.447094 2.300079 0.119798
v 0.426523 2.308840 0.124233
v 0.424591 2.310291 0.120619
v 0.447094 2.300079 0.119798
v 0.424591 2.310291 0.120619
v 0.421063 2.312238 0.118531
v 0.352744 2.347374 0.094518
v 0.447094 2.300079 0.119798
v 0.421063 2.312238 0.118531
v 0.416757 2.314224 0.118484
v 0.352744 2.347374 0.094518
v 0.421063 2.312238 0.118531
v 0.416757 2.314224 0.118484
v 0.412959 2.315652 0.120514
v 0.352744 2.347374 0.094518
v 0.412959 2.315652 0.120514
v 0.410605 2.316171 0.124120
v 0.352744 2.347374 0.094518
v 0.352744 2.347374 0.094518
v 0.410605 2.316171 0.124120
v 0.337390 2.347374 0.139752
v 0.410605 2.316171 0.124120
v 0.396928 2.316171 0.164413
v 0.337390 2.347374 0.139752
v 0.316262 2.347374 0.182594
v 0.337390 2.347374 0.139752
v 0.396928 2.316171 0.164413
v 0.372072 2.316171 0.214816
v 0.316262 2.347374 0.182594
v 0.396928 2.316171 0.164413
v 0.372072 2.316171 0.214816
v 0.340850 2.316171 0.261543
v 0.316262 2.347374 0.182594
v 0.340850 2.316171 0.261543
v 0.289723 2.347374 0.222313
v 0.316262 2.347374 0.182594
v 0.289723 2.347374 0.222313
v 0.340850 2.316171 0.261543
v 0.307438 2.316171 0.299641
v 0.057412 2.332034 -0.441418
v 0.057412 2.334603 -0.451029
v 0.057412 2.325623 -0.433811
v 0.057412 2.334603 -0.451029
v 0.057412 2.332280 -0.459344
v 0.057412 2.325623 -0.433811
v 0.057412 2.332280 -0.459344
v 0.057412 2.325515 -0.464704
v 0.057412 2.325623 -0.433811
v 0.057412 2.325515 -0.464704
v 0.057412 2.288787 -0.465430
v 0.057412 2.325623 -0.433811
v 0.057412 2.288787 -0.465430
v 0.057412 2.285175 -0.414584
v 0.057412 2.325623 -0.433811
v 0.409126 2.266510 -0.237364
v 0.375305 2.266510 -0.287982
v 0.405670 2.266510 -0.235368
v 0.375305 2.266510 -0.287982
v 0.372138 2.266510 -0.285552
v 0.405670 2.266510 -0.235368
v 0.372138 2.266510 -0.285552
v 0.375305 2.266510 -0.287982
v 0.334505 2.266510 -0.334505
v 0.331737 2.266510 -0.331737
v 0.372138 2.266510 -0.285552
v 0.334505 2.266510 -0.334505
v 0.285552 2.266510 -0.372138
v 0.331737 2.266510 -0.331737
v 0.334505 2.266510 -0.334505
v 0.287982 2.266510 -0.375305
v 0.285552 2.266510 -0.372138
v 0.334505 2.266510 -0.334505
v 0.287982 2.266510 -0.375305
v 0.236531 2.266510 -0.409683
v 0.285552 2.266510 -0.372138
v 0.236531 2.266510 -0.409683
v 0.234535 2.266510 -0.406227
v 0.285552 2.266510 -0.372138
v 0.236531 2.266510 -0.409683
v 0.181033 2.266510 -0.437052
v 0.234535 2.266510 -0.406227
v 0.181033 2.266510 -0.437052
v 0.179505 2.266510 -0.433364
v 0.234535 2.266510 -0.406227
v 0.181033 2.266510 -0.437052
v 0.122437 2.266510 -0.456942
v 0.179505 2.266510 -0.433364
v 0.122437 2.266510 -0.456942
v 0.121404 2.266510 -0.453087
v 0.179505 2.266510 -0.433364
v 0.121404 2.266510 -0.453087
v 0.122437 2.266510 -0.456942
v 0.092574 2.266510 -0.458805
v 0.122437 2.266510 -0.456942
v 0.092574 2.266510 -0.462882
v 0.092574 2.266510 -0.458805
v 0.049940 2.288787 -0.465430
v 0.057412 2.288787 -0.465430
v 0.049940 2.325515 -0.464704
v 0.057412 2.288787 -0.465430
v 0.057412 2.325515 -0.464704
v 0.049940 2.325515 -0.464704
v 0.049940 2.325515 -0.464704
v 0.057412 2.325515 -0.464704
v 0.057412 2.332280 -0.459344
v 0.049940 2.332280 -0.459344
v 0.049940 2.325515 -0.464704
v 0.057412 2.332280 -0.459344
v 0.049940 2.332280 -0.459344
v 0.057412 2.332280 -0.459344
v 0.049940 2.334603 -0.451029
v 0.057412 2.332280 -0.459344
v 0.057412 2.334603 -0.451029
v 0.049940 2.334603 -0.451029
v 0.049940 2.334603 -0.451029
v 0.057412 2.334603 -0.451029
v 0.049940 2.332034 -0.441418
v 0.057412 2.334603 -0.451029
v 0.057412 2.332034 -0.441418
v 0.049940 2.332034 -0.441418
v 0.049940 2.332034 -0.441418
v 0.057412 2.332034 -0.441418
v 0.057412 2.325623 -0.433811
v 0.049940 2.325623 -0.433811
v 0.049940 2.332034 -0.441418
v 0.057412 2.325623 -0.433811
v 0.049940 2.325623 -0.433811
v 0.057412 2.325623 -0.433811
v 0.057412 2.285175 -0.414584
v 0.049940 2.285175 -0.414584
v 0.049940 2.325623 -0.433811
v 0.057412 2.285175 -0.414584
v 0.092574 2.266510 -0.462882
v 0.092574 2.283021 -0.462882
v 0.092574 2.266510 -0.458805
v 0.092574 2.283021 -0.462882
v 0.092574 2.283021 -0.458804
v 0.092574 2.266510 -0.458805
v 0.092574 2.283021 -0.458804
v 0.092574 2.283021 -0.462882
v 0.092574 2.292236 -0.458173
v 0.092574 2.283021 -0.462882
v 0.092574 2.294271 -0.461503
v 0.092574 2.292236 -0.458173
v 0.092574 2.294271 -0.461503
v 0.092574 2.300060 -0.452550
v 0.092574 2.292236 -0.458173
v 0.092574 2.300060 -0.452550
v 0.092574 2.296461 -0.450769
v 0.092574 2.292236 -0.458173
v 0.092574 2.347374 -0.336734
v 0.094352 2.342907 -0.339514
v 0.092574 2.347374 -0.353131
v 0.094352 2.342907 -0.339514
v 0.094352 2.342907 -0.355911
v 0.092574 2.347374 -0.353131
v 0.092574 2.347374 -0.353131
v 0.094352 2.342907 -0.355911
v 0.092574 2.300060 -0.452550
v 0.094352 2.342907 -0.355911
v 0.092574 2.296461 -0.450769
v 0.092574 2.300060 -0.452550
v 0.317483 2.342907 -0.186208
v 0.303783 2.342907 -0.178298
v 0.315705 2.347374 -0.183427
v 0.303783 2.342907 -0.178298
v 0.302005 2.347374 -0.175517
v 0.315705 2.347374 -0.183427
v 0.400298 2.300079 -0.232267
v 0.407937 2.294281 -0.236677
v 0.400566 2.296011 -0.234175
v 0.407937 2.294281 -0.236677
v 0.404991 2.292177 -0.234976
v 0.400566 2.296011 -0.234175
v 0.365834 2.296479 -0.280714
v 0.291501 2.342907 -0.225093
v 0.317483 2.342907 -0.186208
v 0.400566 2.296011 -0.234175
v 0.365834 2.296479 -0.280714
v 0.317483 2.342907 -0.186208
v 0.371516 2.292177 -0.285075
v 0.365834 2.296479 -0.280714
v 0.400566 2.296011 -0.234175
v 0.404991 2.292177 -0.234976
v 0.371516 2.292177 -0.285075
v 0.400566 2.296011 -0.234175
v 0.372131 2.283021 -0.285546
v 0.371516 2.292177 -0.285075
v 0.404991 2.292177 -0.234976
v 0.405662 2.283021 -0.235364
v 0.372131 2.283021 -0.285546
v 0.404991 2.292177 -0.234976
v 0.372131 2.283021 -0.285546
v 0.405662 2.283021 -0.235364
v 0.405670 2.266510 -0.235368
v 0.372138 2.266510 -0.285552
v 0.372131 2.283021 -0.285546
v 0.405670 2.266510 -0.235368
v 0.372138 2.266510 -0.285552
v 0.331737 2.266510 -0.331737
v 0.372131 2.283021 -0.285546
v 0.331737 2.266510 -0.331737
v 0.331737 2.283021 -0.331737
v 0.372131 2.283021 -0.285546
v 0.372131 2.283021 -0.285546
v 0.331737 2.283021 -0.331737
v 0.371516 2.292177 -0.285075
v 0.331737 2.283021 -0.331737
v 0.331234 2.292242 -0.331234
v 0.371516 2.292177 -0.285075
v 0.371516 2.292177 -0.285075
v 0.331234 2.292242 -0.331234
v 0.326064 2.296480 -0.326064
v 0.365834 2.296479 -0.280714
v 0.371516 2.292177 -0.285075
v 0.326064 2.296480 -0.326064
v 0.365834 2.296479 -0.280714
v 0.326064 2.296480 -0.326064
v 0.291501 2.342907 -0.225093
v 0.326064 2.296480 -0.326064
v 0.258227 2.343374 -0.258227
v 0.291501 2.342907 -0.225093
v 0.186243 2.213520 0.198425
v 0.169051 2.213520 0.229034
v 0.169051 2.256914 0.229034
v 0.186243 2.256914 0.198425
v 0.186243 2.213520 0.198425
v 0.169051 2.256914 0.229034
v 0.186243 2.256914 0.198425
v 0.153123 2.256914 0.195075
v 0.186243 2.213520 0.198425
v 0.153123 2.256914 0.195075
v 0.153123 2.213520 0.195075
v 0.186243 2.213520 0.198425
v -0.367423 2.342232 0.001000
v -0.368808 2.341301 0.008070
v -0.365637 2.343117 0.001000
v -0.365637 2.343117 0.001000
v -0.368808 2.341301 0.008070
v -0.365123 2.343374 0.001000
v -0.368808 2.341301 0.008070
v -0.362064 2.343374 0.047667
v -0.365123 2.343374 0.001000
v -0.374546 2.338186 0.015590
v -0.362064 2.343374 0.047667
v -0.368808 2.341301 0.008070
v -0.384080 2.333231 0.022047
v -0.362064 2.343374 0.047667
v -0.374546 2.338186 0.015590
v -0.384080 2.333231 0.022047
v -0.400309 2.324983 0.027744
v -0.362064 2.343374 0.047667
v -0.400309 2.324983 0.027744
v -0.398041 2.325169 0.054434
v -0.362064 2.343374 0.047667
v -0.362064 2.343374 0.047667
v -0.398041 2.325169 0.054434
v -0.353529 2.343374 0.090574
v -0.398041 2.325169 0.054434
v -0.391471 2.325171 0.087409
v -0.353529 2.343374 0.090574
v -0.353529 2.343374 0.090574
v -0.391471 2.325171 0.087409
v -0.393596 2.323860 0.090574
v -0.393596 2.323860 0.090574
v -0.391471 2.325171 0.087409
v -0.395080 2.327600 0.090574
v -0.391471 2.325171 0.087409
v -0.393184 2.328769 0.087750
v -0.395080 2.327600 0.090574
v -0.391471 2.325171 0.087409
v -0.398041 2.325169 0.054434
v -0.393184 2.328769 0.087750
v -0.398041 2.325169 0.054434
v -0.399766 2.328769 0.054661
v -0.393184 2.328769 0.087750
v -0.399766 2.328769 0.054661
v -0.398041 2.325169 0.054434
v -0.400309 2.324983 0.027744
v -0.402234 2.328564 0.025628
v -0.399766 2.328769 0.054661
v -0.400309 2.324983 0.027744
v -0.337413 2.343374 0.090574
v -0.346379 2.343374 0.045602
v -0.353529 2.343374 0.090574
v -0.346379 2.343374 0.045602
v -0.362064 2.343374 0.047667
v -0.353529 2.343374 0.090574
v -0.362064 2.343374 0.047667
v -0.346379 2.343374 0.045602
v -0.349303 2.343374 0.001000
v -0.365123 2.343374 0.001000
v -0.362064 2.343374 0.047667
v -0.349303 2.343374 0.001000
v 0.249665 2.235334 -0.244178
v 0.162732 2.235334 -0.157246
v 0.243829 2.235334 -0.250014
v 0.162732 2.235334 -0.157246
v 0.156897 2.235334 -0.163081
v 0.243829 2.235334 -0.250014
v 0.243829 2.282299 -0.250014
v 0.249665 2.282299 -0.244178
v 0.243829 2.235334 -0.250014
v 0.249665 2.282299 -0.244178
v 0.249665 2.235334 -0.244178
v 0.243829 2.235334 -0.250014
v 0.250901 2.282299 -0.257085
v 0.320291 2.243517 -0.326476
v 0.256736 2.282299 -0.251250
v 0.320291 2.243517 -0.326476
v 0.326127 2.243517 -0.320640
v 0.256736 2.282299 -0.251250
v 0.256736 2.282299 -0.251250
v 0.249665 2.282299 -0.244178
v 0.250901 2.282299 -0.257085
v 0.249665 2.282299 -0.244178
v 0.243829 2.282299 -0.250014
v 0.250901 2.282299 -0.257085
v -0.249768 2.235334 0.243584
v -0.162835 2.235334 0.156651
v -0.243933 2.235334 0.249419
v -0.162835 2.235334 0.156651
v -0.157000 2.235334 0.162486
v -0.243933 2.235334 0.249419
v -0.243933 2.235334 0.249419
v -0.243933 2.282299 0.249419
v -0.249768 2.235334 0.243584
v -0.243933 2.282299 0.249419
v -0.249768 2.282299 0.243583
v -0.249768 2.235334 0.243584
v -0.336014 2.282299 -0.094618
v -0.440463 2.243517 -0.122605
v -0.336014 2.235334 -0.094618
v -0.440463 2.243517 -0.122605
v -0.440463 2.188369 -0.122605
v -0.336014 2.235334 -0.094618
v -0.440463 2.188369 -0.122605
v -0.217262 2.188369 -0.062798
v -0.336014 2.235334 -0.094618
v -0.217262 2.188369 -0.062798
v -0.217262 2.235334 -0.062798
v -0.336014 2.235334 -0.094618
v -0.023557 2.328743 -0.434204
v -0.023557 2.298026 -0.435586
v -0.023557 2.329654 -0.454474
v -0.023557 2.298026 -0.435586
v -0.023557 2.299000 -0.457230
v -0.023557 2.329654 -0.454474
v -0.023557 2.299000 -0.457230
v -0.023557 2.308925 -0.465998
v -0.023557 2.329654 -0.454474
v -0.023557 2.308925 -0.465998
v -0.023557 2.317708 -0.467548
v -0.023557 2.329654 -0.454474
v -0.023557 2.317708 -0.467548
v -0.023557 2.324954 -0.464828
v -0.023557 2.329654 -0.454474
v -0.222313 2.347374 -0.289723
v -0.257474 2.347374 -0.258888
v -0.299641 2.316171 -0.307438
v -0.257474 2.347374 -0.258888
v -0.326543 2.300079 -0.327957
v -0.299641 2.316171 -0.307438
v -0.326543 2.300079 -0.327957
v -0.311130 2.308304 -0.318927
v -0.299641 2.316171 -0.307438
v -0.326543 2.300079 -0.327957
v -0.281775 2.300079 -0.367217
v -0.311130 2.308304 -0.318927
v -0.281775 2.300079 -0.367217
v -0.271434 2.308304 -0.353740
v -0.311130 2.308304 -0.318927
v -0.271434 2.308304 -0.353740
v -0.281775 2.300079 -0.367217
v -0.222940 2.308304 -0.386143
v -0.281775 2.300079 -0.367217
v -0.231433 2.300079 -0.400854
v -0.222940 2.308304 -0.386143
v -0.231433 2.300079 -0.400854
v -0.177131 2.300079 -0.427633
v -0.222940 2.308304 -0.386143
v -0.177131 2.300079 -0.427633
v -0.231433 2.300079 -0.400854
v -0.235844 2.294281 -0.408494
v -0.180507 2.294281 -0.435783
v -0.177131 2.300079 -0.427633
v -0.235844 2.294281 -0.408494
v -0.180507 2.294281 -0.435783
v -0.235844 2.294281 -0.408494
v -0.236531 2.283021 -0.409683
v -0.181033 2.283021 -0.437052
v -0.180507 2.294281 -0.435783
v -0.236531 2.283021 -0.409683
v -0.181033 2.283021 -0.437052
v -0.236531 2.283021 -0.409683
v -0.181033 2.266510 -0.437052
v -0.181033 2.283021 -0.437052
v -0.181033 2.266510 -0.437052
v -0.122437 2.266510 -0.456942
v -0.122437 2.283021 -0.456942
v -0.181033 2.283021 -0.437052
v -0.122437 2.266510 -0.456942
v -0.122437 2.283021 -0.456942
v -0.122437 2.266510 -0.456942
v -0.092574 2.266510 -0.462882
v -0.092574 2.283021 -0.462882
v -0.122437 2.283021 -0.456942
v -0.092574 2.266510 -0.462882
v -0.122437 2.283021 -0.456942
v -0.092574 2.283021 -0.462882
v -0.092574 2.294271 -0.461503
v -0.181033 2.283021 -0.437052
v -0.122437 2.283021 -0.456942
v -0.180507 2.294281 -0.435783
v -0.281775 2.300079 -0.367217
v -0.326543 2.300079 -0.327957
v -0.332780 2.294281 -0.334194
v -0.287145 2.294281 -0.374215
v -0.281775 2.300079 -0.367217
v -0.332780 2.294281 -0.334194
v -0.231433 2.300079 -0.400854
v -0.281775 2.300079 -0.367217
v -0.287145 2.294281 -0.374215
v -0.235844 2.294281 -0.408494
v -0.231433 2.300079 -0.400854
v -0.287145 2.294281 -0.374215
v -0.235844 2.294281 -0.408494
v -0.287145 2.294281 -0.374215
v -0.287982 2.283021 -0.375305
v -0.236531 2.283021 -0.409683
v -0.235844 2.294281 -0.408494
v -0.287982 2.283021 -0.375305
v -0.236531 2.283021 -0.409683
v -0.287982 2.283021 -0.375305
v -0.236531 2.266510 -0.409683
v -0.236531 2.283021 -0.409683
v -0.236531 2.266510 -0.409683
v -0.181033 2.266510 -0.437052
v -0.287982 2.283021 -0.375305
v -0.287982 2.266510 -0.375305
v -0.236531 2.266510 -0.409683
v -0.333752 2.266510 -0.335166
v -0.287982 2.266510 -0.375305
v -0.333751 2.283004 -0.335166
v -0.287982 2.266510 -0.375305
v -0.287982 2.283021 -0.375305
v -0.333751 2.283004 -0.335166
v -0.333751 2.283004 -0.335166
v -0.287982 2.283021 -0.375305
v -0.332780 2.294281 -0.334194
v -0.287982 2.283021 -0.375305
v -0.287145 2.294281 -0.374215
v -0.332780 2.294281 -0.334194
v -0.177131 2.300079 -0.427633
v -0.170631 2.308304 -0.411939
v -0.222940 2.308304 -0.386143
v -0.170631 2.308304 -0.411939
v -0.177131 2.300079 -0.427633
v -0.128325 2.308304 -0.426299
v -0.122082 2.294282 -0.455615
v -0.122437 2.283021 -0.456942
v -0.092574 2.294271 -0.461503
v -0.092574 2.294271 -0.461503
v -0.092574 2.300060 -0.452550
v -0.122082 2.294282 -0.455615
v -0.092574 2.300060 -0.452550
v -0.119798 2.300079 -0.447094
v -0.122082 2.294282 -0.455615
v -0.119798 2.300079 -0.447094
v -0.092574 2.300060 -0.452550
v -0.092574 2.347374 -0.353131
v -0.094518 2.347374 -0.352744
v -0.119798 2.300079 -0.447094
v -0.092574 2.347374 -0.353131
v -0.122437 2.283021 -0.456942
v -0.122082 2.294282 -0.455615
v -0.180507 2.294281 -0.435783
v -0.177131 2.300079 -0.427633
v -0.180507 2.294281 -0.435783
v -0.122082 2.294282 -0.455615
v -0.119798 2.300079 -0.447094
v -0.177131 2.300079 -0.427633
v -0.122082 2.294282 -0.455615
v -0.177131 2.300079 -0.427633
v -0.119798 2.300079 -0.447094
v -0.128325 2.308304 -0.426299
v -0.128325 2.308304 -0.426299
v -0.119798 2.300079 -0.447094
v -0.124233 2.308840 -0.426523
v -0.124233 2.308840 -0.426523
v -0.119798 2.300079 -0.447094
v -0.120619 2.310291 -0.424591
v -0.120619 2.310291 -0.424591
v -0.119798 2.300079 -0.447094
v -0.118531 2.312237 -0.421063
v -0.119798 2.300079 -0.447094
v -0.094518 2.347374 -0.352744
v -0.118531 2.312237 -0.421063
v -0.094518 2.347374 -0.352744
v -0.118484 2.314224 -0.416757
v -0.118531 2.312237 -0.421063
v -0.120514 2.315652 -0.412959
v -0.118484 2.314224 -0.416757
v -0.094518 2.347374 -0.352744
v -0.124120 2.316171 -0.410605
v -0.120514 2.315652 -0.412959
v -0.094518 2.347374 -0.352744
v -0.094518 2.347374 -0.352744
v -0.139752 2.347374 -0.337390
v -0.124120 2.316171 -0.410605
v -0.139752 2.347374 -0.337390
v -0.164413 2.316171 -0.396928
v -0.124120 2.316171 -0.410605
v -0.139752 2.347374 -0.337390
v -0.182594 2.347374 -0.316262
v -0.164413 2.316171 -0.396928
v -0.182594 2.347374 -0.316262
v -0.214816 2.316171 -0.372072
v -0.164413 2.316171 -0.396928
v -0.214816 2.316171 -0.372072
v -0.182594 2.347374 -0.316262
v -0.261543 2.316171 -0.340850
v -0.182594 2.347374 -0.316262
v -0.222313 2.347374 -0.289723
v -0.261543 2.316171 -0.340850
v -0.261543 2.316171 -0.340850
v -0.222313 2.347374 -0.289723
v -0.299641 2.316171 -0.307438
v 0.171892 2.260179 0.271409
v 0.131919 2.260179 0.290453
v 0.179469 2.260179 0.250045
v 0.131919 2.260179 0.290453
v 0.110555 2.260179 0.282876
v 0.179469 2.260179 0.250045
v 0.110555 2.260179 0.282876
v 0.075794 2.260179 0.209912
v 0.179469 2.260179 0.250045
v 0.075794 2.260179 0.209912
v 0.144707 2.260179 0.177081
v 0.179469 2.260179 0.250045
v -0.177621 2.277458 -0.428046
v -0.120226 2.277458 -0.447529
v -0.175093 2.277458 -0.421941
v -0.120226 2.277458 -0.447529
v -0.118516 2.277458 -0.441146
v -0.175093 2.277458 -0.421941
v -0.059917 2.277458 -0.452802
v -0.118516 2.277458 -0.441146
v -0.120226 2.277458 -0.447529
v -0.060779 2.277458 -0.459354
v -0.059917 2.277458 -0.452802
v -0.120226 2.277458 -0.447529
v -0.000297 2.277458 -0.456710
v -0.059917 2.277458 -0.452802
v -0.060779 2.277458 -0.459354
v -0.000297 2.277458 -0.463318
v -0.000297 2.277458 -0.456710
v -0.060779 2.277458 -0.459354
v -0.452802 2.277458 -0.059322
v -0.456710 2.277458 0.000297
v -0.463318 2.277458 0.000297
v -0.459354 2.277458 -0.060184
v -0.452802 2.277458 -0.059322
v -0.463318 2.277458 0.000297
v -0.452802 2.277458 -0.059322
v -0.459354 2.277458 -0.060184
v -0.447529 2.277458 -0.119632
v -0.441146 2.277458 -0.117921
v -0.452802 2.277458 -0.059322
v -0.447529 2.277458 -0.119632
v -0.421941 2.277458 -0.174498
v -0.441146 2.277458 -0.117921
v -0.447529 2.277458 -0.119632
v -0.428046 2.277458 -0.177027
v -0.421941 2.277458 -0.174498
v -0.447529 2.277458 -0.119632
v -0.395516 2.277458 -0.228083
v -0.421941 2.277458 -0.174498
v -0.428046 2.277458 -0.177027
v -0.401239 2.277458 -0.231387
v -0.395516 2.277458 -0.228083
v -0.428046 2.277458 -0.177027
v -0.362322 2.277458 -0.277761
v -0.395516 2.277458 -0.228083
v -0.401239 2.277458 -0.231387
v -0.367565 2.277458 -0.281784
v -0.362322 2.277458 -0.277761
v -0.401239 2.277458 -0.231387
v -0.323102 2.277458 -0.322805
v -0.362322 2.277458 -0.277761
v -0.367565 2.277458 -0.281784
v -0.327775 2.277458 -0.327478
v -0.323102 2.277458 -0.322805
v -0.367565 2.277458 -0.281784
v -0.278356 2.277458 -0.362322
v -0.323102 2.277458 -0.322805
v -0.327775 2.277458 -0.327478
v -0.282379 2.277458 -0.367565
v -0.278356 2.277458 -0.362322
v -0.327775 2.277458 -0.327478
v -0.282379 2.277458 -0.367565
v -0.231982 2.277458 -0.401239
v -0.278356 2.277458 -0.362322
v -0.231982 2.277458 -0.401239
v -0.228678 2.277458 -0.395516
v -0.278356 2.277458 -0.362322
v -0.231982 2.277458 -0.401239
v -0.177621 2.277458 -0.428046
v -0.228678 2.277458 -0.395516
v -0.177621 2.277458 -0.428046
v -0.175093 2.277458 -0.421941
v -0.228678 2.277458 -0.395516
v 0.604227 2.243689 -0.042585
v 0.604227 2.243689 -0.046585
v 0.604281 2.253071 -0.042585
v 0.604227 2.243689 -0.046585
v 0.604058 2.255244 -0.046585
v 0.604281 2.253071 -0.042585
v 0.604058 2.255244 -0.046585
v 0.604058 2.255244 -0.042585
v 0.604281 2.253071 -0.042585
v 0.604058 2.255244 -0.042585
v 0.604058 2.255244 -0.046585
v 0.601477 2.257873 -0.046585
v 0.601477 2.257873 -0.042585
v 0.604058 2.255244 -0.042585
v 0.601477 2.257873 -0.046585
v 0.601477 2.257873 -0.042585
v 0.601477 2.257873 -0.046585
v 0.483365 2.324481 -0.042585
v 0.601477 2.257873 -0.046585
v 0.475394 2.328716 -0.046585
v 0.483365 2.324481 -0.042585
v 0.475394 2.328716 -0.046585
v 0.475394 2.328716 -0.042585
v 0.483365 2.324481 -0.042585
v 0.475394 2.328716 -0.046585
v 0.473114 2.329178 -0.046585
v 0.475394 2.328716 -0.042585
v 0.473114 2.329178 -0.046585
v 0.473114 2.329178 -0.042585
v 0.475394 2.328716 -0.042585
v 0.473114 2.329178 -0.042585
v 0.473114 2.329178 -0.046585
v 0.470427 2.329095 -0.042585
v 0.473114 2.329178 -0.046585
v 0.464206 2.328364 -0.046585
v 0.470427 2.329095 -0.042585
v 0.464206 2.328364 -0.046585
v 0.464206 2.328364 -0.042585
v 0.470427 2.329095 -0.042585
v -0.260504 2.213520 -0.078719
v -0.260919 2.213520 -0.113824
v -0.260919 2.256914 -0.113824
v -0.260504 2.256914 -0.078719
v -0.260504 2.213520 -0.078719
v -0.260919 2.256914 -0.113824
v -0.260504 2.256914 -0.078719
v -0.230146 2.256914 -0.092379
v -0.260504 2.213520 -0.078719
v -0.230146 2.256914 -0.092379
v -0.230146 2.213520 -0.092379
v -0.260504 2.213520 -0.078719
v -0.451764 2.310442 -0.060488
v -0.451764 2.310442 0.060488
v -0.445207 2.316999 -0.060488
v -0.451764 2.310442 0.060488
v -0.445207 2.316999 0.060488
v -0.445207 2.316999 -0.060488
v -0.445207 2.316999 -0.060488
v -0.445207 2.316999 0.060488
v -0.451764 2.323555 -0.060488
v -0.445207 2.316999 0.060488
v -0.451764 2.323555 0.060488
v -0.451764 2.323555 -0.060488
v -0.451764 2.323555 -0.060488
v -0.451764 2.323555 0.060488
v -0.458321 2.316999 -0.060488
v -0.451764 2.323555 0.060488
v -0.458321 2.316999 0.060488
v -0.458321 2.316999 -0.060488
v -0.458321 2.316999 -0.060488
v -0.458321 2.316999 0.060488
v -0.451764 2.310442 -0.060488
v -0.458321 2.316999 0.060488
v -0.451764 2.310442 0.060488
v -0.451764 2.310442 -0.060488
v -0.018018 2.299000 -0.457230
v -0.018018 2.298264 -0.440879
v -0.018018 2.308925 -0.465998
v -0.018018 2.298264 -0.440879
v -0.018018 2.328981 -0.439498
v -0.018018 2.308925 -0.465998
v -0.018018 2.328981 -0.439498
v -0.018018 2.329654 -0.454474
v -0.018018 2.308925 -0.465998
v -0.018018 2.329654 -0.454474
v -0.018018 2.324954 -0.464828
v -0.018018 2.308925 -0.465998
v -0.018018 2.324954 -0.464828
v -0.018018 2.317708 -0.467548
v -0.018018 2.308925 -0.465998
v -0.284567 2.260179 -0.149101
v -0.259472 2.260179 -0.185580
v -0.280447 2.260179 -0.126811
v -0.259472 2.260179 -0.185580
v -0.237182 2.260179 -0.189700
v -0.280447 2.260179 -0.126811
v -0.237182 2.260179 -0.189700
v -0.170595 2.260179 -0.143892
v -0.280447 2.260179 -0.126811
v -0.170595 2.260179 -0.143892
v -0.213860 2.260179 -0.081003
v -0.280447 2.260179 -0.126811
v 0.601477 2.257873 -0.042585
v 0.604281 2.253071 -0.042585
v 0.604058 2.255244 -0.042585
v 0.604281 2.253071 -0.042585
v 0.601477 2.257873 -0.042585
v 0.503356 2.247433 -0.042585
v 0.601477 2.257873 -0.042585
v 0.483365 2.324481 -0.042585
v 0.503356 2.247433 -0.042585
v 0.483365 2.324481 -0.042585
v 0.483733 2.300794 -0.042585
v 0.503356 2.247433 -0.042585
v 0.338150 2.235334 0.086646
v 0.219398 2.235334 0.054827
v 0.219398 2.188370 0.054827
v 0.338150 2.235334 0.086646
v 0.219398 2.188370 0.054827
v 0.442599 2.188370 0.114633
v 0.442599 2.188370 0.114633
v 0.442599 2.243517 0.114633
v 0.338150 2.235334 0.086646
v 0.442599 2.243517 0.114633
v 0.338150 2.282299 0.086646
v 0.338150 2.235334 0.086646
v 0.468377 2.335887 -0.034619
v 0.464206 2.328364 -0.034619
v 0.423247 2.330719 -0.034619
v 0.464206 2.328364 -0.034619
v 0.427088 2.297184 -0.034619
v 0.423247 2.330719 -0.034619
v 0.427088 2.297184 -0.034619
v 0.418124 2.324270 -0.034619
v 0.423247 2.330719 -0.034619
v 0.336014 2.282299 0.094618
v 0.440463 2.243517 0.122605
v 0.336014 2.235334 0.094618
v 0.440463 2.243517 0.122605
v 0.440463 2.188370 0.122605
v 0.336014 2.235334 0.094618
v 0.440463 2.188370 0.122605
v 0.217262 2.188370 0.062798
v 0.336014 2.235334 0.094618
v 0.217262 2.188370 0.062798
v 0.217262 2.235334 0.062798
v 0.336014 2.235334 0.094618
v 0.604227 2.243689 -0.042585
v 0.604281 2.253071 -0.042585
v 0.604227 2.243689 0.001052
v 0.604281 2.253071 -0.042585
v 0.604281 2.253071 0.044690
v 0.604227 2.243689 0.001052
v 0.604281 2.253071 0.044690
v 0.604227 2.243689 0.044690
v 0.604227 2.243689 0.001052
v 0.338150 2.282299 -0.086646
v 0.442599 2.243517 -0.114633
v 0.338150 2.235334 -0.086646
v 0.442599 2.243517 -0.114633
v 0.442599 2.188369 -0.114633
v 0.338150 2.235334 -0.086646
v 0.219398 2.188369 -0.054827
v 0.338150 2.235334 -0.086646
v 0.442599 2.188369 -0.114633
v 0.219398 2.235334 -0.054827
v 0.338150 2.235334 -0.086646
v 0.219398 2.188369 -0.054827
v 0.351338 2.319725 -0.033498
v 0.343383 2.319725 -0.033498
v 0.350516 2.319725 -0.046043
v 0.343383 2.319725 -0.033498
v 0.342629 2.319725 -0.045005
v 0.350516 2.319725 -0.046043
v 0.342629 2.319725 -0.045005
v 0.333810 2.319725 -0.089341
v 0.350516 2.319725 -0.046043
v 0.333810 2.319725 -0.089341
v 0.341494 2.319725 -0.091400
v 0.350516 2.319725 -0.046043
v 0.333810 2.319725 -0.089341
v 0.319280 2.319725 -0.132147
v 0.341494 2.319725 -0.091400
v 0.319280 2.319725 -0.132147
v 0.326629 2.319725 -0.135191
v 0.341494 2.319725 -0.091400
v 0.319280 2.319725 -0.132147
v 0.299286 2.319725 -0.172690
v 0.326629 2.319725 -0.135191
v 0.299286 2.319725 -0.172690
v 0.306175 2.319725 -0.176667
v 0.326629 2.319725 -0.135191
v 0.299286 2.319725 -0.172690
v 0.274172 2.319725 -0.210276
v 0.306175 2.319725 -0.176667
v 0.274172 2.319725 -0.210276
v 0.280482 2.319725 -0.215119
v 0.306175 2.319725 -0.176667
v 0.274172 2.319725 -0.210276
v 0.244366 2.319725 -0.244314
v 0.280482 2.319725 -0.215119
v 0.244366 2.319725 -0.244314
v 0.249991 2.319725 -0.249939
v 0.280482 2.319725 -0.215119
v 0.249991 2.319725 -0.249939
v 0.244366 2.319725 -0.244314
v 0.210379 2.319725 -0.274172
v 0.215222 2.319725 -0.280482
v 0.249991 2.319725 -0.249939
v 0.210379 2.319725 -0.274172
v 0.176770 2.319725 -0.306175
v 0.215222 2.319725 -0.280482
v 0.210379 2.319725 -0.274172
v 0.172793 2.319725 -0.299286
v 0.176770 2.319725 -0.306175
v 0.210379 2.319725 -0.274172
v 0.135294 2.319725 -0.326629
v 0.176770 2.319725 -0.306175
v 0.172793 2.319725 -0.299286
v 0.132250 2.319725 -0.319279
v 0.135294 2.319725 -0.326629
v 0.172793 2.319725 -0.299286
v 0.091503 2.319725 -0.341494
v 0.135294 2.319725 -0.326629
v 0.132250 2.319725 -0.319279
v 0.089444 2.319725 -0.333810
v 0.091503 2.319725 -0.341494
v 0.132250 2.319725 -0.319279
v 0.046146 2.319725 -0.350516
v 0.091503 2.319725 -0.341494
v 0.089444 2.319725 -0.333810
v 0.045108 2.319725 -0.342629
v 0.046146 2.319725 -0.350516
v 0.089444 2.319725 -0.333810
v 0.046146 2.319725 -0.350516
v 0.045108 2.319725 -0.342629
v 0.033601 2.319725 -0.351338
v 0.045108 2.319725 -0.342629
v 0.033601 2.319725 -0.343383
v 0.033601 2.319725 -0.351338
v 0.217262 2.235334 -0.062798
v 0.217262 2.188369 -0.062798
v 0.336014 2.235334 -0.094618
v 0.217262 2.188369 -0.062798
v 0.440463 2.188369 -0.122605
v 0.336014 2.235334 -0.094618
v 0.440463 2.188369 -0.122605
v 0.440463 2.243517 -0.122605
v 0.336014 2.235334 -0.094618
v 0.440463 2.243517 -0.122605
v 0.336014 2.282299 -0.094618
v 0.336014 2.235334 -0.094618
v 0.345586 2.263351 0.000052
v 0.345586 2.220778 0.000052
v 0.344028 2.273192 -0.023656
v 0.345586 2.220778 0.000052
v 0.342629 2.220778 -0.045005
v 0.344028 2.273192 -0.023656
v 0.342629 2.220778 -0.045005
v 0.342629 2.319725 -0.045005
v 0.344028 2.273192 -0.023656
v 0.342629 2.220778 -0.045005
v 0.333810 2.220778 -0.089341
v 0.342629 2.319725 -0.045005
v 0.333810 2.220778 -0.089341
v 0.333810 2.319725 -0.089341
v 0.342629 2.319725 -0.045005
v 0.319280 2.319725 -0.132147
v 0.333810 2.319725 -0.089341
v 0.333810 2.220778 -0.089341
v 0.319280 2.220778 -0.132147
v 0.319280 2.319725 -0.132147
v 0.333810 2.220778 -0.089341
v 0.299286 2.319725 -0.172690
v 0.319280 2.319725 -0.132147
v 0.319280 2.220778 -0.132147
v 0.299286 2.220778 -0.172690
v 0.299286 2.319725 -0.172690
v 0.319280 2.220778 -0.132147
v 0.274172 2.319725 -0.210276
v 0.299286 2.319725 -0.172690
v 0.299286 2.220778 -0.172690
v 0.274172 2.220778 -0.210276
v 0.274172 2.319725 -0.210276
v 0.299286 2.220778 -0.172690
v 0.244366 2.319725 -0.244314
v 0.274172 2.319725 -0.210276
v 0.274172 2.220778 -0.210276
v 0.244366 2.220778 -0.244314
v 0.244366 2.319725 -0.244314
v 0.274172 2.220778 -0.210276
v 0.244366 2.319725 -0.244314
v 0.244366 2.220778 -0.244314
v 0.210379 2.220778 -0.274172
v 0.210379 2.319725 -0.274172
v 0.244366 2.319725 -0.244314
v 0.210379 2.220778 -0.274172
v 0.210379 2.319725 -0.274172
v 0.210379 2.220778 -0.274172
v 0.172793 2.220778 -0.299286
v 0.172793 2.319725 -0.299286
v 0.210379 2.319725 -0.274172
v 0.172793 2.220778 -0.299286
v 0.132250 2.319725 -0.319279
v 0.172793 2.319725 -0.299286
v 0.172793 2.220778 -0.299286
v 0.342629 2.319725 -0.045005
v 0.343383 2.319725 -0.033498
v 0.344028 2.273192 -0.023656
v 0.132250 2.220778 -0.319279
v 0.132250 2.319725 -0.319279
v 0.172793 2.220778 -0.299286
v 0.132250 2.319725 -0.319279
v 0.132250 2.220778 -0.319279
v 0.089444 2.220778 -0.333810
v 0.089444 2.319725 -0.333810
v 0.132250 2.319725 -0.319279
v 0.089444 2.220778 -0.333810
v 0.089444 2.319725 -0.333810
v 0.089444 2.220778 -0.333810
v 0.045108 2.220778 -0.342629
v 0.045108 2.319725 -0.342629
v 0.089444 2.319725 -0.333810
v 0.045108 2.220778 -0.342629
v 0.045108 2.319725 -0.342629
v 0.045108 2.220778 -0.342629
v 0.023759 2.273192 -0.344028
v 0.045108 2.220778 -0.342629
v 0.000052 2.220778 -0.345586
v 0.023759 2.273192 -0.344028
v 0.000052 2.220778 -0.345586
v 0.000052 2.263351 -0.345586
v 0.023759 2.273192 -0.344028
v 0.033601 2.319725 -0.343383
v 0.045108 2.319725 -0.342629
v 0.023759 2.273192 -0.344028
v 0.321769 2.335667 -0.014135
v 0.321769 2.339455 -0.000000
v 0.321769 2.311184 -0.000000
v 0.321769 2.325319 -0.024483
v 0.321769 2.335667 -0.014135
v 0.321769 2.311184 -0.000000
v 0.321769 2.339455 -0.000000
v 0.321769 2.335667 0.014135
v 0.321769 2.311184 -0.000000
v 0.321769 2.311184 -0.028270
v 0.321769 2.325319 -0.024483
v 0.321769 2.311184 -0.000000
v 0.321769 2.335667 0.014135
v 0.321769 2.325319 0.024483
v 0.321769 2.311184 -0.000000
v 0.321769 2.297048 -0.024483
v 0.321769 2.311184 -0.028270
v 0.321769 2.311184 -0.000000
v 0.321769 2.325319 0.024483
v 0.321769 2.311184 0.028270
v 0.321769 2.311184 -0.000000
v 0.321769 2.286700 -0.014135
v 0.321769 2.297048 -0.024483
v 0.321769 2.311184 -0.000000
v 0.321769 2.311184 0.028270
v 0.321769 2.297048 0.024483
v 0.321769 2.311184 -0.000000
v 0.321769 2.282913 -0.000000
v 0.321769 2.286700 -0.014135
v 0.321769 2.311184 -0.000000
v 0.321769 2.297048 0.024483
v 0.321769 2.286700 0.014135
v 0.321769 2.311184 -0.000000
v 0.321769 2.286700 0.014135
v 0.321769 2.282913 -0.000000
v 0.321769 2.311184 -0.000000
v 0.421380 2.311184 -0.000000
v 0.421380 2.339455 -0.000000
v 0.421380 2.335667 -0.014135
v 0.421380 2.311184 -0.000000
v 0.421380 2.335667 -0.014135
v 0.421380 2.325319 -0.024483
v 0.421380 2.311184 -0.000000
v 0.421380 2.335667 0.014135
v 0.421380 2.339455 -0.000000
v 0.421380 2.311184 -0.000000
v 0.421380 2.325319 -0.024483
v 0.421380 2.311184 -0.028270
v 0.421380 2.311184 -0.000000
v 0.421380 2.325319 0.024483
v 0.421380 2.335667 0.014135
v 0.421380 2.311184 -0.000000
v 0.421380 2.311184 -0.028270
v 0.421380 2.297048 -0.024483
v 0.421380 2.311184 -0.000000
v 0.421380 2.311184 0.028270
v 0.421380 2.325319 0.024483
v 0.421380 2.311184 -0.000000
v 0.421380 2.297048 -0.024483
v 0.421380 2.286700 -0.014135
v 0.421380 2.311184 -0.000000
v 0.421380 2.297048 0.024483
v 0.421380 2.311184 0.028270
v 0.421380 2.311184 -0.000000
v 0.421380 2.286700 -0.014135
v 0.421380 2.282913 -0.000000
v 0.421380 2.311184 -0.000000
v 0.421380 2.286700 0.014135
v 0.421380 2.297048 0.024483
v 0.421380 2.311184 -0.000000
v 0.421380 2.282913 -0.000000
v 0.421380 2.286700 0.014135
v 0.321769 2.282913 -0.000000
v 0.421380 2.282913 -0.000000
v 0.321769 2.286700 -0.014135
v 0.421380 2.282913 -0.000000
v 0.421380 2.286700 -0.014135
v 0.321769 2.286700 -0.014135
v 0.321769 2.286700 -0.014135
v 0.421380 2.286700 -0.014135
v 0.421380 2.297048 -0.024483
v 0.321769 2.297048 -0.024483
v 0.321769 2.286700 -0.014135
v 0.421380 2.297048 -0.024483
v 0.321769 2.297048 -0.024483
v 0.421380 2.297048 -0.024483
v 0.321769 2.311184 -0.028270
v 0.421380 2.297048 -0.024483
v 0.421380 2.311184 -0.028270
v 0.321769 2.311184 -0.028270
v 0.321769 2.311184 -0.028270
v 0.421380 2.311184 -0.028270
v 0.321769 2.325319 -0.024483
v 0.421380 2.311184 -0.028270
v 0.421380 2.325319 -0.024483
v 0.321769 2.325319 -0.024483
v 0.321769 2.325319 -0.024483
v 0.421380 2.325319 -0.024483
v 0.321769 2.335667 -0.014135
v 0.421380 2.325319 -0.024483
v 0.421380 2.335667 -0.014135
v 0.321769 2.335667 -0.014135
v 0.321769 2.335667 -0.014135
v 0.421380 2.335667 -0.014135
v 0.321769 2.339455 -0.000000
v 0.421380 2.335667 -0.014135
v 0.421380 2.339455 -0.000000
v 0.321769 2.339455 -0.000000
v 0.559013 2.262463 0.064095
v 0.566423 2.266741 0.064095
v 0.566423 2.258185 0.064095
v 0.559013 2.253907 0.064095
v 0.559013 2.262463 0.064095
v 0.566423 2.258185 0.064095
v 0.566423 2.266741 0.064095
v 0.573833 2.262463 0.064095
v 0.566423 2.258185 0.064095
v 0.566423 2.249629 0.064095
v 0.559013 2.253907 0.064095
v 0.566423 2.258185 0.064095
v 0.573833 2.262463 0.064095
v 0.573833 2.253907 0.064095
v 0.566423 2.258185 0.064095
v 0.573833 2.253907 0.064095
v 0.566423 2.249629 0.064095
v 0.566423 2.258185 0.064095
v 0.598167 2.238233 0.054561
v 0.601444 2.242744 0.054561
v 0.592865 2.236510 0.054561
v 0.601444 2.242744 0.054561
v 0.601532 2.248747 0.054561
v 0.592865 2.236510 0.054561
v 0.601532 2.248747 0.054561
v 0.598800 2.254564 0.054561
v 0.592865 2.236510 0.054561
v 0.598800 2.254564 0.054561
v 0.570967 2.270388 0.054561
v 0.592865 2.236510 0.054561
v 0.570967 2.270388 0.054561
v 0.559296 2.270388 0.054561
v 0.592865 2.236510 0.054561
v 0.559296 2.270388 0.054561
v 0.555406 2.266498 0.054561
v 0.592865 2.236510 0.054561
v 0.555406 2.266498 0.054561
v 0.555406 2.236510 0.054561
v 0.592865 2.236510 0.054561
v 0.156897 2.235334 -0.163081
v 0.156897 2.188369 -0.163081
v 0.243829 2.235334 -0.250014
v 0.156897 2.188369 -0.163081
v 0.320291 2.188369 -0.326476
v 0.243829 2.235334 -0.250014
v 0.243829 2.235334 -0.250014
v 0.320291 2.188369 -0.326476
v 0.320291 2.243517 -0.326476
v 0.250901 2.282299 -0.257085
v 0.243829 2.235334 -0.250014
v 0.320291 2.243517 -0.326476
v 0.243829 2.282299 -0.250014
v 0.243829 2.235334 -0.250014
v 0.250901 2.282299 -0.257085
v 0.555406 2.236510 0.060572
v 0.555406 2.266498 0.060572
v 0.592865 2.236510 0.060572
v 0.555406 2.266498 0.060572
v 0.559296 2.270388 0.060572
v 0.592865 2.236510 0.060572
v 0.559296 2.270388 0.060572
v 0.570967 2.270388 0.060572
v 0.592865 2.236510 0.060572
v 0.570967 2.270388 0.060572
v 0.598800 2.254564 0.060572
v 0.592865 2.236510 0.060572
v 0.598800 2.254564 0.060572
v 0.601532 2.248747 0.060572
v 0.592865 2.236510 0.060572
v 0.601532 2.248747 0.060572
v 0.601444 2.242744 0.060572
v 0.592865 2.236510 0.060572
v 0.601444 2.242744 0.060572
v 0.598167 2.238233 0.060572
v 0.592865 2.236510 0.060572
v 0.249665 2.235334 -0.244178
v 0.249665 2.282299 -0.244178
v 0.256736 2.282299 -0.251250
v 0.256736 2.282299 -0.251250
v 0.326127 2.243517 -0.320640
v 0.249665 2.235334 -0.244178
v 0.326127 2.243517 -0.320640
v 0.326127 2.188369 -0.320640
v 0.249665 2.235334 -0.244178
v 0.162732 2.188369 -0.157246
v 0.249665 2.235334 -0.244178
v 0.326127 2.188369 -0.320640
v 0.162732 2.235334 -0.157246
v 0.249665 2.235334 -0.244178
v 0.162732 2.188369 -0.157246
v 0.592865 2.236510 0.054561
v 0.592865 2.236510 0.060572
v 0.598167 2.238233 0.054561
v 0.592865 2.236510 0.060572
v 0.598167 2.238233 0.060572
v 0.598167 2.238233 0.054561
v 0.598167 2.238233 0.054561
v 0.598167 2.238233 0.060572
v 0.601444 2.242744 0.054561
v 0.598167 2.238233 0.060572
v 0.601444 2.242744 0.060572
v 0.601444 2.242744 0.054561
v 0.601444 2.242744 0.060572
v 0.601532 2.248747 0.060572
v 0.601444 2.242744 0.054561
v 0.601532 2.248747 0.060572
v 0.601532 2.248747 0.054561
v 0.601444 2.242744 0.054561
v 0.601532 2.248747 0.054561
v 0.601532 2.248747 0.060572
v 0.598800 2.254564 0.054561
v 0.601532 2.248747 0.060572
v 0.598800 2.254564 0.060572
v 0.598800 2.254564 0.054561
v 0.598800 2.254564 0.054561
v 0.598800 2.254564 0.060572
v 0.570967 2.270388 0.060572
v 0.570967 2.270388 0.054561
v 0.598800 2.254564 0.054561
v 0.570967 2.270388 0.060572
v -0.353529 2.347374 0.090574
v -0.337413 2.347374 0.090574
v -0.337413 2.343374 0.090574
v -0.353529 2.343374 0.090574
v -0.353529 2.347374 0.090574
v -0.337413 2.343374 0.090574
v -0.353529 2.347374 0.090574
v -0.353529 2.343374 0.090574
v -0.395080 2.327600 0.090574
v -0.353529 2.343374 0.090574
v -0.393596 2.323860 0.090574
v -0.395080 2.327600 0.090574
v 0.573833 2.262463 -0.061990
v 0.566423 2.266741 -0.061990
v 0.566423 2.258185 -0.061990
v 0.566423 2.266741 -0.061990
v 0.559013 2.262463 -0.061990
v 0.566423 2.258185 -0.061990
v 0.573833 2.253907 -0.061990
v 0.573833 2.262463 -0.061990
v 0.566423 2.258185 -0.061990
v 0.559013 2.262463 -0.061990
v 0.559013 2.253907 -0.061990
v 0.566423 2.258185 -0.061990
v 0.566423 2.249629 -0.061990
v 0.573833 2.253907 -0.061990
v 0.566423 2.258185 -0.061990
v 0.559013 2.253907 -0.061990
v 0.566423 2.249629 -0.061990
v 0.566423 2.258185 -0.061990
v 0.418124 2.324270 -0.046585
v 0.427088 2.297184 -0.046585
v 0.423247 2.330719 -0.046585
v 0.427088 2.297184 -0.046585
v 0.464206 2.328364 -0.046585
v 0.423247 2.330719 -0.046585
v 0.464206 2.328364 -0.046585
v 0.463409 2.335318 -0.046585
v 0.423247 2.330719 -0.046585
v 0.464206 2.328364 -0.046585
v 0.473114 2.329178 -0.046585
v 0.463409 2.335318 -0.046585
v 0.473114 2.329178 -0.046585
v 0.473776 2.336108 -0.046585
v 0.463409 2.335318 -0.046585
v 0.473776 2.336108 -0.046585
v 0.473114 2.329178 -0.046585
v 0.475394 2.328716 -0.046585
v 0.477481 2.335358 -0.046585
v 0.473776 2.336108 -0.046585
v 0.475394 2.328716 -0.046585
v 0.477481 2.335358 -0.046585
v 0.475394 2.328716 -0.046585
v 0.605425 2.263621 -0.046585
v 0.475394 2.328716 -0.046585
v 0.601477 2.257873 -0.046585
v 0.605425 2.263621 -0.046585
v 0.601477 2.257873 -0.046585
v 0.604058 2.255244 -0.046585
v 0.605425 2.263621 -0.046585
v 0.604058 2.255244 -0.046585
v 0.610526 2.257622 -0.046585
v 0.605425 2.263621 -0.046585
v 0.611227 2.243689 -0.046585
v 0.610526 2.257622 -0.046585
v 0.604058 2.255244 -0.046585
v 0.604227 2.243689 -0.046585
v 0.611227 2.243689 -0.046585
v 0.604058 2.255244 -0.046585
v 0.467548 2.317708 0.018023
v 0.464828 2.324954 0.018023
v 0.465998 2.308925 0.018023
v 0.464828 2.324954 0.018023
v 0.454474 2.329654 0.018023
v 0.465998 2.308925 0.018023
v 0.454474 2.329654 0.018023
v 0.439498 2.328981 0.018023
v 0.465998 2.308925 0.018023
v 0.439498 2.328981 0.018023
v 0.440879 2.298264 0.018023
v 0.465998 2.308925 0.018023
v 0.440879 2.298264 0.018023
v 0.457230 2.299000 0.018023
v 0.465998 2.308925 0.018023
v -0.337413 2.347374 0.090574
v -0.353529 2.347374 0.090574
v -0.346379 2.347374 0.045602
v -0.353529 2.347374 0.090574
v -0.362064 2.347374 0.047667
v -0.346379 2.347374 0.045602
v -0.346379 2.347374 0.045602
v -0.362064 2.347374 0.047667
v -0.365123 2.347374 0.001000
v -0.349303 2.347374 0.001000
v -0.346379 2.347374 0.045602
v -0.365123 2.347374 0.001000
v 0.464828 2.324954 0.023562
v 0.467548 2.317708 0.023562
v 0.454474 2.329654 0.023562
v 0.467548 2.317708 0.023562
v 0.465998 2.308925 0.023562
v 0.454474 2.329654 0.023562
v 0.465998 2.308925 0.023562
v 0.457230 2.299000 0.023562
v 0.454474 2.329654 0.023562
v 0.457230 2.299000 0.023562
v 0.435586 2.298026 0.023562
v 0.454474 2.329654 0.023562
v 0.435586 2.298026 0.023562
v 0.434204 2.328743 0.023562
v 0.454474 2.329654 0.023562
v -0.393184 2.328769 0.087750
v -0.399766 2.328769 0.054661
v -0.362064 2.347374 0.047667
v -0.362064 2.347374 0.047667
v -0.399766 2.328769 0.054661
v -0.392905 2.333231 0.022047
v -0.392905 2.333231 0.022047
v -0.383143 2.338186 0.015590
v -0.362064 2.347374 0.047667
v -0.365123 2.347374 0.001000
v -0.362064 2.347374 0.047667
v -0.383143 2.338186 0.015590
v -0.377203 2.341301 0.008070
v -0.365123 2.347374 0.001000
v -0.383143 2.338186 0.015590
v -0.365123 2.347374 0.001000
v -0.377203 2.341301 0.008070
v -0.375744 2.342232 0.001000
v -0.399766 2.328769 0.054661
v -0.402234 2.328564 0.025628
v -0.392905 2.333231 0.022047
v -0.353529 2.347374 0.090574
v -0.393184 2.328769 0.087750
v -0.362064 2.347374 0.047667
v -0.395080 2.327600 0.090574
v -0.393184 2.328769 0.087750
v -0.353529 2.347374 0.090574
v 0.409126 2.266510 -0.237364
v 0.405670 2.266510 -0.235368
v 0.409126 2.283021 -0.237364
v 0.405670 2.266510 -0.235368
v 0.405662 2.283021 -0.235364
v 0.409126 2.283021 -0.237364
v 0.405662 2.283021 -0.235364
v 0.404991 2.292177 -0.234976
v 0.409126 2.283021 -0.237364
v 0.404991 2.292177 -0.234976
v 0.407937 2.294281 -0.236677
v 0.409126 2.283021 -0.237364
v 0.457230 2.299000 -0.018018
v 0.440879 2.298264 -0.018018
v 0.465998 2.308925 -0.018018
v 0.440879 2.298264 -0.018018
v 0.439498 2.328981 -0.018018
v 0.465998 2.308925 -0.018018
v 0.439498 2.328981 -0.018018
v 0.454474 2.329654 -0.018018
v 0.465998 2.308925 -0.018018
v 0.454474 2.329654 -0.018018
v 0.464828 2.324954 -0.018018
v 0.465998 2.308925 -0.018018
v 0.464828 2.324954 -0.018018
v 0.467548 2.317708 -0.018018
v 0.465998 2.308925 -0.018018
v 0.094518 2.347374 -0.352744
v 0.092574 2.347374 -0.336734
v 0.092574 2.347374 -0.353131
v 0.094518 2.347374 -0.352744
v 0.139752 2.347374 -0.337390
v 0.092574 2.347374 -0.336734
v 0.139752 2.347374 -0.337390
v 0.133698 2.347374 -0.322774
v 0.092574 2.347374 -0.336734
v 0.174684 2.347374 -0.302562
v 0.133698 2.347374 -0.322774
v 0.139752 2.347374 -0.337390
v 0.182594 2.347374 -0.316262
v 0.174684 2.347374 -0.302562
v 0.139752 2.347374 -0.337390
v 0.212682 2.347374 -0.277172
v 0.174684 2.347374 -0.302562
v 0.182594 2.347374 -0.316262
v 0.222313 2.347374 -0.289723
v 0.212682 2.347374 -0.277172
v 0.182594 2.347374 -0.316262
v 0.212682 2.347374 -0.277172
v 0.222313 2.347374 -0.289723
v 0.258227 2.347374 -0.258227
v 0.247041 2.347374 -0.247041
v 0.212682 2.347374 -0.277172
v 0.258227 2.347374 -0.258227
v 0.277172 2.347374 -0.212682
v 0.247041 2.347374 -0.247041
v 0.258227 2.347374 -0.258227
v 0.289723 2.347374 -0.222313
v 0.277172 2.347374 -0.212682
v 0.258227 2.347374 -0.258227
v 0.277172 2.347374 -0.212682
v 0.289723 2.347374 -0.222313
v 0.302005 2.347374 -0.175517
v 0.289723 2.347374 -0.222313
v 0.315705 2.347374 -0.183427
v 0.302005 2.347374 -0.175517
v 0.464206 2.328364 0.044690
v 0.464206 2.328364 0.048690
v 0.470427 2.329095 0.044690
v 0.464206 2.328364 0.048690
v 0.473114 2.329178 0.048690
v 0.470427 2.329095 0.044690
v 0.473114 2.329178 0.048690
v 0.473114 2.329178 0.044690
v 0.470427 2.329095 0.044690
v 0.473114 2.329178 0.044690
v 0.473114 2.329178 0.048690
v 0.475394 2.328716 0.048690
v 0.475394 2.328716 0.044690
v 0.473114 2.329178 0.044690
v 0.475394 2.328716 0.048690
v 0.475394 2.328716 0.044690
v 0.475394 2.328716 0.048690
v 0.483365 2.324481 0.044690
v 0.475394 2.328716 0.048690
v 0.601477 2.257873 0.048690
v 0.483365 2.324481 0.044690
v 0.601477 2.257873 0.048690
v 0.601477 2.257873 0.044690
v 0.483365 2.324481 0.044690
v 0.601477 2.257873 0.044690
v 0.601477 2.257873 0.048690
v 0.604058 2.255244 0.044690
v 0.601477 2.257873 0.048690
v 0.604058 2.255244 0.048690
v 0.604058 2.255244 0.044690
v 0.604058 2.255244 0.044690
v 0.604058 2.255244 0.048690
v 0.604281 2.253071 0.044690
v 0.604058 2.255244 0.048690
v 0.604227 2.243689 0.048690
v 0.604281 2.253071 0.044690
v 0.604227 2.243689 0.048690
v 0.604227 2.243689 0.044690
v 0.604281 2.253071 0.044690
v 0.434204 2.328743 -0.023557
v 0.435586 2.298026 -0.023557
v 0.454474 2.329654 -0.023557
v 0.435586 2.298026 -0.023557
v 0.457230 2.299000 -0.023557
v 0.454474 2.329654 -0.023557
v 0.457230 2.299000 -0.023557
v 0.465998 2.308925 -0.023557
v 0.454474 2.329654 -0.023557
v 0.465998 2.308925 -0.023557
v 0.467548 2.317708 -0.023557
v 0.454474 2.329654 -0.023557
v 0.467548 2.317708 -0.023557
v 0.464828 2.324954 -0.023557
v 0.454474 2.329654 -0.023557
v 0.483733 2.300794 0.044690
v 0.483365 2.324481 0.044690
v 0.503356 2.247433 0.044690
v 0.483365 2.324481 0.044690
v 0.601477 2.257873 0.044690
v 0.503356 2.247433 0.044690
v 0.601477 2.257873 0.044690
v 0.604281 2.253071 0.044690
v 0.503356 2.247433 0.044690
v 0.604281 2.253071 0.044690
v 0.601477 2.257873 0.044690
v 0.604058 2.255244 0.044690
v 0.418124 2.324270 0.036724
v 0.427088 2.297184 0.036724
v 0.423247 2.330719 0.036724
v 0.427088 2.297184 0.036724
v 0.464206 2.328364 0.036724
v 0.423247 2.330719 0.036724
v 0.464206 2.328364 0.036724
v 0.468377 2.335887 0.036724
v 0.423247 2.330719 0.036724
v 0.443998 2.309441 -0.000000
v 0.443998 2.321668 -0.000000
v 0.443998 2.309441 -0.012227
v 0.443998 2.309441 -0.000000
v 0.443998 2.309441 -0.012227
v 0.443998 2.297213 -0.000000
v 0.443998 2.309441 -0.000000
v 0.443998 2.309441 0.012227
v 0.443998 2.321668 -0.000000
v 0.443998 2.309441 -0.000000
v 0.443998 2.297213 -0.000000
v 0.443998 2.309441 0.012227
v 0.421380 2.297213 -0.000000
v 0.443998 2.297213 -0.000000
v 0.421380 2.309441 -0.012227
v 0.443998 2.297213 -0.000000
v 0.443998 2.309441 -0.012227
v 0.421380 2.309441 -0.012227
v 0.421380 2.309441 -0.012227
v 0.443998 2.309441 -0.012227
v 0.421380 2.321668 -0.000000
v 0.443998 2.309441 -0.012227
v 0.443998 2.321668 -0.000000
v 0.421380 2.321668 -0.000000
v 0.443998 2.321668 -0.000000
v 0.443998 2.309441 0.012227
v 0.421380 2.321668 -0.000000
v 0.443998 2.309441 0.012227
v 0.421380 2.309441 0.012227
v 0.421380 2.321668 -0.000000
v 0.421380 2.309441 0.012227
v 0.443998 2.309441 0.012227
v 0.421380 2.297213 -0.000000
v 0.443998 2.309441 0.012227
v 0.443998 2.297213 -0.000000
v 0.421380 2.297213 -0.000000
v 0.451764 2.316999 -0.060488
v 0.451764 2.323555 -0.060488
v 0.445207 2.316999 -0.060488
v 0.451764 2.316999 -0.060488
v 0.445207 2.316999 -0.060488
v 0.451764 2.310442 -0.060488
v 0.451764 2.316999 -0.060488
v 0.458321 2.316999 -0.060488
v 0.451764 2.323555 -0.060488
v 0.451764 2.316999 -0.060488
v 0.451764 2.310442 -0.060488
v 0.458321 2.316999 -0.060488
v 0.451764 2.310442 0.060488
v 0.451764 2.310442 -0.060488
v 0.445207 2.316999 0.060488
v 0.451764 2.310442 -0.060488
v 0.445207 2.316999 -0.060488
v 0.445207 2.316999 0.060488
v 0.445207 2.316999 0.060488
v 0.445207 2.316999 -0.060488
v 0.451764 2.323555 0.060488
v 0.445207 2.316999 -0.060488
v 0.451764 2.323555 -0.060488
v 0.451764 2.323555 0.060488
v 0.451764 2.323555 0.060488
v 0.451764 2.323555 -0.060488
v 0.458321 2.316999 0.060488
v 0.451764 2.323555 -0.060488
v 0.458321 2.316999 -0.060488
v 0.458321 2.316999 0.060488
v 0.458321 2.316999 0.060488
v 0.458321 2.316999 -0.060488
v 0.451764 2.310442 0.060488
v 0.458321 2.316999 -0.060488
v 0.451764 2.310442 -0.060488
v 0.451764 2.310442 0.060488
v 0.414584 2.285175 0.049940
v 0.465430 2.288787 0.049940
v 0.433811 2.325624 0.049940
v 0.465430 2.288787 0.049940
v 0.464704 2.325515 0.049940
v 0.433811 2.325624 0.049940
v 0.464704 2.325515 0.049940
v 0.459344 2.332280 0.049940
v 0.433811 2.325624 0.049940
v 0.459344 2.332280 0.049940
v 0.451029 2.334603 0.049940
v 0.433811 2.325624 0.049940
v 0.451029 2.334603 0.049940
v 0.441418 2.332034 0.049940
v 0.433811 2.325624 0.049940
v 0.414584 2.285175 -0.047845
v 0.414584 2.285175 -0.055317
v 0.433811 2.325624 -0.047845
v 0.414584 2.285175 -0.055317
v 0.433811 2.325623 -0.055317
v 0.433811 2.325624 -0.047845
v 0.433811 2.325624 -0.047845
v 0.433811 2.325623 -0.055317
v 0.441418 2.332034 -0.047845
v 0.433811 2.325623 -0.055317
v 0.441418 2.332034 -0.055317
v 0.441418 2.332034 -0.047845
v 0.441418 2.332034 -0.055317
v 0.451029 2.334603 -0.055317
v 0.441418 2.332034 -0.047845
v 0.451029 2.334603 -0.055317
v 0.451029 2.334603 -0.047845
v 0.441418 2.332034 -0.047845
v 0.451029 2.334603 -0.055317
v 0.459344 2.332280 -0.055317
v 0.451029 2.334603 -0.047845
v 0.459344 2.332280 -0.055317
v 0.459344 2.332280 -0.047845
v 0.451029 2.334603 -0.047845
v 0.459344 2.332280 -0.047845
v 0.459344 2.332280 -0.055317
v 0.464704 2.325515 -0.047845
v 0.459344 2.332280 -0.055317
v 0.464704 2.325515 -0.055317
v 0.464704 2.325515 -0.047845
v 0.464704 2.325515 -0.055317
v 0.465430 2.288787 -0.055317
v 0.464704 2.325515 -0.047845
v 0.465430 2.288787 -0.055317
v 0.465430 2.288787 -0.047845
v 0.464704 2.325515 -0.047845
v 0.441418 2.332034 0.057412
v 0.451029 2.334603 0.057412
v 0.433811 2.325624 0.057412
v 0.451029 2.334603 0.057412
v 0.459344 2.332280 0.057412
v 0.433811 2.325624 0.057412
v 0.459344 2.332280 0.057412
v 0.464704 2.325515 0.057412
v 0.433811 2.325624 0.057412
v 0.464704 2.325515 0.057412
v 0.465430 2.288787 0.057412
v 0.433811 2.325624 0.057412
v 0.465430 2.288787 0.057412
v 0.414584 2.285175 0.057412
v 0.433811 2.325624 0.057412
v 0.414584 2.285175 -0.055317
v 0.465430 2.288787 -0.055317
v 0.433811 2.325623 -0.055317
v 0.465430 2.288787 -0.055317
v 0.464704 2.325515 -0.055317
v 0.433811 2.325623 -0.055317
v 0.464704 2.325515 -0.055317
v 0.459344 2.332280 -0.055317
v 0.433811 2.325623 -0.055317
v 0.459344 2.332280 -0.055317
v 0.451029 2.334603 -0.055317
v 0.433811 2.325623 -0.055317
v 0.451029 2.334603 -0.055317
v 0.441418 2.332034 -0.055317
v 0.433811 2.325623 -0.055317
v 0.465430 2.288787 0.049940
v 0.465430 2.288787 0.057412
v 0.464704 2.325515 0.049940
v 0.465430 2.288787 0.057412
v 0.464704 2.325515 0.057412
v 0.464704 2.325515 0.049940
v 0.464704 2.325515 0.049940
v 0.464704 2.325515 0.057412
v 0.459344 2.332280 0.057412
v 0.459344 2.332280 0.049940
v 0.464704 2.325515 0.049940
v 0.459344 2.332280 0.057412
v 0.459344 2.332280 0.049940
v 0.459344 2.332280 0.057412
v 0.451029 2.334603 0.049940
v 0.459344 2.332280 0.057412
v 0.451029 2.334603 0.057412
v 0.451029 2.334603 0.049940
v 0.451029 2.334603 0.049940
v 0.451029 2.334603 0.057412
v 0.441418 2.332034 0.049940
v 0.451029 2.334603 0.057412
v 0.441418 2.332034 0.057412
v 0.441418 2.332034 0.049940
v 0.441418 2.332034 0.049940
v 0.441418 2.332034 0.057412
v 0.433811 2.325624 0.057412
v 0.433811 2.325624 0.049940
v 0.441418 2.332034 0.049940
v 0.433811 2.325624 0.057412
v 0.433811 2.325624 0.049940
v 0.433811 2.325624 0.057412
v 0.414584 2.285175 0.057412
v 0.414584 2.285175 0.049940
v 0.433811 2.325624 0.049940
v 0.414584 2.285175 0.057412
v 0.441418 2.332034 -0.047845
v 0.451029 2.334603 -0.047845
v 0.433811 2.325624 -0.047845
v 0.451029 2.334603 -0.047845
v 0.459344 2.332280 -0.047845
v 0.433811 2.325624 -0.047845
v 0.459344 2.332280 -0.047845
v 0.464704 2.325515 -0.047845
v 0.433811 2.325624 -0.047845
v 0.464704 2.325515 -0.047845
v 0.465430 2.288787 -0.047845
v 0.433811 2.325624 -0.047845
v 0.465430 2.288787 -0.047845
v 0.414584 2.285175 -0.047845
v 0.433811 2.325624 -0.047845
v 0.411734 2.314038 0.117834
v 0.414442 2.314295 0.108209
v 0.431138 2.305925 0.112683
v 0.428430 2.305668 0.122308
v 0.411734 2.314038 0.117834
v 0.431138 2.305925 0.112683
v 0.428430 2.305668 0.122308
v 0.413152 2.305668 0.167315
v 0.411734 2.314038 0.117834
v 0.413152 2.305668 0.167315
v 0.397182 2.314038 0.160700
v 0.411734 2.314038 0.117834
v 0.397182 2.314038 0.160700
v 0.413152 2.305668 0.167315
v 0.370739 2.314038 0.214323
v 0.413152 2.305668 0.167315
v 0.385708 2.305668 0.222965
v 0.370739 2.314038 0.214323
v 0.385708 2.305668 0.222965
v 0.351236 2.305668 0.274558
v 0.370739 2.314038 0.214323
v 0.351236 2.305668 0.274558
v 0.337522 2.314038 0.264035
v 0.370739 2.314038 0.214323
v 0.351236 2.305668 0.274558
v 0.318501 2.305668 0.311885
v 0.337522 2.314038 0.264035
v 0.318501 2.305668 0.311885
v 0.306278 2.314038 0.299662
v 0.337522 2.314038 0.264035
v 0.476000 2.322630 -0.051136
v 0.477033 2.326462 -0.051136
v 0.527620 2.293908 -0.051136
v 0.477033 2.326462 -0.051136
v 0.530600 2.296481 -0.051136
v 0.527620 2.293908 -0.051136
v 0.530600 2.296481 -0.051136
v 0.533948 2.290821 -0.051136
v 0.527620 2.293908 -0.051136
v 0.533948 2.290821 -0.051136
v 0.530259 2.289449 -0.051136
v 0.527620 2.293908 -0.051136
v -0.411734 2.314038 -0.117834
v -0.414442 2.314295 -0.108209
v -0.431138 2.305925 -0.112683
v -0.428430 2.305668 -0.122308
v -0.411734 2.314038 -0.117834
v -0.431138 2.305925 -0.112683
v -0.428430 2.305668 -0.122308
v -0.413152 2.305668 -0.167315
v -0.411734 2.314038 -0.117834
v -0.413152 2.305668 -0.167315
v -0.397182 2.314038 -0.160700
v -0.411734 2.314038 -0.117834
v -0.397182 2.314038 -0.160700
v -0.413152 2.305668 -0.167315
v -0.370739 2.314038 -0.214323
v -0.413152 2.305668 -0.167315
v -0.385708 2.305668 -0.222965
v -0.370739 2.314038 -0.214323
v -0.385708 2.305668 -0.222965
v -0.351236 2.305668 -0.274558
v -0.370739 2.314038 -0.214323
v -0.351236 2.305668 -0.274558
v -0.337522 2.314038 -0.264035
v -0.370739 2.314038 -0.214323
v -0.351236 2.305668 -0.274558
v -0.318501 2.305668 -0.311885
v -0.337522 2.314038 -0.264035
v -0.318501 2.305668 -0.311885
v -0.306278 2.314038 -0.299662
v -0.337522 2.314038 -0.264035
v 0.432678 2.323281 -0.057088
v 0.432678 2.323281 -0.051136
v 0.432678 2.327281 -0.051136
v 0.432678 2.327281 -0.057088
v 0.432678 2.323281 -0.057088
v 0.432678 2.327281 -0.051136
v 0.432678 2.327281 -0.057088
v 0.465547 2.327281 -0.057088
v 0.432678 2.323281 -0.057088
v 0.465547 2.327281 -0.057088
v 0.465547 2.323281 -0.057088
v 0.432678 2.323281 -0.057088
v 0.465547 2.327281 -0.057088
v 0.465547 2.327281 -0.051136
v 0.465547 2.323281 -0.057088
v 0.465547 2.327281 -0.051136
v 0.465547 2.323281 -0.051136
v 0.465547 2.323281 -0.057088
v -0.090574 2.347374 0.337413
v -0.090574 2.343374 0.337413
v -0.045602 2.347375 0.346379
v -0.090574 2.343374 0.337413
v -0.045602 2.343374 0.346379
v -0.045602 2.347375 0.346379
v -0.045602 2.347375 0.346379
v -0.045602 2.343374 0.346379
v -0.001000 2.347374 0.349303
v -0.045602 2.343374 0.346379
v -0.001000 2.343374 0.349303
v -0.001000 2.347374 0.349303
v -0.087409 2.325171 0.391471
v -0.090574 2.343374 0.353529
v -0.090574 2.323860 0.393596
v -0.087409 2.325171 0.391471
v -0.054434 2.325169 0.398041
v -0.090574 2.343374 0.353529
v -0.054434 2.325169 0.398041
v -0.047667 2.343374 0.362064
v -0.090574 2.343374 0.353529
v -0.054434 2.325169 0.398041
v -0.027744 2.324983 0.400309
v -0.047667 2.343374 0.362064
v -0.027744 2.324983 0.400309
v -0.022047 2.333231 0.384080
v -0.047667 2.343374 0.362064
v -0.047667 2.343374 0.362064
v -0.022047 2.333231 0.384080
v -0.015590 2.338186 0.374546
v -0.047667 2.343374 0.362064
v -0.015590 2.338186 0.374546
v -0.008070 2.341301 0.368808
v -0.047667 2.343374 0.362064
v -0.008070 2.341301 0.368808
v -0.001000 2.343374 0.365122
v -0.008070 2.341301 0.368808
v -0.001000 2.343118 0.365637
v -0.001000 2.343374 0.365122
v -0.008070 2.341301 0.368808
v -0.001000 2.342232 0.367423
v -0.001000 2.343118 0.365637
v -0.087409 2.325171 0.391471
v -0.090574 2.323860 0.393596
v -0.090574 2.327600 0.395080
v -0.087750 2.328769 0.393184
v -0.087409 2.325171 0.391471
v -0.090574 2.327600 0.395080
v -0.087409 2.325171 0.391471
v -0.087750 2.328769 0.393184
v -0.054434 2.325169 0.398041
v -0.087750 2.328769 0.393184
v -0.054661 2.328769 0.399766
v -0.054434 2.325169 0.398041
v -0.054434 2.325169 0.398041
v -0.054661 2.328769 0.399766
v -0.027744 2.324983 0.400309
v -0.054661 2.328769 0.399766
v -0.025628 2.328564 0.402233
v -0.027744 2.324983 0.400309
v 0.001000 2.342232 0.367423
v 0.001000 2.342232 0.375744
v 0.008070 2.341301 0.368808
v 0.001000 2.342232 0.375744
v 0.008070 2.341301 0.377203
v 0.008070 2.341301 0.368808
v 0.015590 2.338186 0.374546
v 0.008070 2.341301 0.368808
v 0.008070 2.341301 0.377203
v 0.015590 2.338186 0.383143
v 0.015590 2.338186 0.374546
v 0.008070 2.341301 0.377203
v 0.022047 2.333231 0.384080
v 0.015590 2.338186 0.374546
v 0.015590 2.338186 0.383143
v 0.022047 2.333231 0.392905
v 0.022047 2.333231 0.384080
v 0.015590 2.338186 0.383143
v 0.022047 2.333231 0.384080
v 0.022047 2.333231 0.392905
v 0.027744 2.324983 0.400309
v 0.022047 2.333231 0.392905
v 0.025628 2.328564 0.402234
v 0.027744 2.324983 0.400309
v 0.381494 2.266510 -0.085131
v 0.381494 2.266510 -0.089118
v 0.381494 2.312836 -0.085087
v 0.381494 2.266510 -0.089118
v 0.381494 2.322714 -0.087895
v 0.381494 2.312836 -0.085087
v 0.381494 2.322714 -0.087895
v 0.381494 2.326057 -0.084552
v 0.381494 2.312836 -0.085087
v 0.381494 2.326057 -0.084552
v 0.381494 2.323250 -0.074097
v 0.381494 2.312836 -0.085087
v 0.381494 2.326057 -0.084552
v 0.381494 2.327281 -0.051136
v 0.381494 2.323250 -0.074097
v 0.381494 2.327281 -0.051136
v 0.381494 2.323281 -0.051136
v 0.381494 2.323250 -0.074097
v 0.054661 2.328769 0.399766
v 0.025628 2.328564 0.402234
v 0.022047 2.333231 0.392905
v 0.087750 2.328769 0.393184
v 0.054661 2.328769 0.399766
v 0.047667 2.347375 0.362064
v 0.047667 2.347375 0.362064
v 0.054661 2.328769 0.399766
v 0.022047 2.333231 0.392905
v 0.022047 2.333231 0.392905
v 0.015590 2.338186 0.383143
v 0.047667 2.347375 0.362064
v 0.001000 2.347375 0.365123
v 0.047667 2.347375 0.362064
v 0.015590 2.338186 0.383143
v 0.008070 2.341301 0.377203
v 0.001000 2.347375 0.365123
v 0.015590 2.338186 0.383143
v 0.001000 2.347375 0.365123
v 0.008070 2.341301 0.377203
v 0.001000 2.342232 0.375744
v 0.090574 2.347375 0.353529
v 0.087750 2.328769 0.393184
v 0.047667 2.347375 0.362064
v 0.090574 2.327600 0.395080
v 0.087750 2.328769 0.393184
v 0.090574 2.347375 0.353529
v 0.090574 2.347374 0.337413
v 0.090574 2.347375 0.353529
v 0.045602 2.347375 0.346379
v 0.090574 2.347375 0.353529
v 0.047667 2.347375 0.362064
v 0.045602 2.347375 0.346379
v 0.045602 2.347375 0.346379
v 0.047667 2.347375 0.362064
v 0.001000 2.347375 0.365123
v 0.001000 2.347375 0.349303
v 0.045602 2.347375 0.346379
v 0.001000 2.347375 0.365123
v 0.465547 2.323281 0.053231
v 0.465547 2.327281 0.053231
v 0.465547 2.323281 0.059183
v 0.465547 2.327281 0.053231
v 0.465547 2.327281 0.059183
v 0.465547 2.323281 0.059183
v 0.465547 2.323281 0.059183
v 0.465547 2.327281 0.059183
v 0.432678 2.323281 0.059183
v 0.465547 2.327281 0.059183
v 0.432678 2.327281 0.059183
v 0.432678 2.323281 0.059183
v 0.432678 2.323281 0.059183
v 0.432678 2.327281 0.059183
v 0.432678 2.327281 0.053231
v 0.432678 2.323281 0.053231
v 0.432678 2.323281 0.059183
v 0.432678 2.327281 0.053231
v 0.090574 2.347375 0.353529
v 0.090574 2.347374 0.337413
v 0.090574 2.343374 0.337413
v 0.090574 2.343374 0.353529
v 0.090574 2.347375 0.353529
v 0.090574 2.343374 0.337413
v 0.090574 2.347375 0.353529
v 0.090574 2.343374 0.353529
v 0.090574 2.327600 0.395080
v 0.090574 2.343374 0.353529
v 0.090574 2.323860 0.393596
v 0.090574 2.327600 0.395080
v 0.381494 2.323281 0.053231
v 0.381494 2.327281 0.053231
v 0.381494 2.323250 0.076192
v 0.381494 2.327281 0.053231
v 0.381494 2.326057 0.086647
v 0.381494 2.323250 0.076192
v 0.381494 2.312836 0.087183
v 0.381494 2.323250 0.076192
v 0.381494 2.326057 0.086647
v 0.381494 2.322714 0.089990
v 0.381494 2.312836 0.087183
v 0.381494 2.326057 0.086647
v 0.381494 2.322714 0.089990
v 0.381494 2.266510 0.091214
v 0.381494 2.312836 0.087183
v 0.381494 2.266510 0.091214
v 0.381494 2.266510 0.087227
v 0.381494 2.312836 0.087183
v 0.322774 2.343374 0.133698
v 0.336734 2.343374 0.092574
v 0.336734 2.347374 0.092574
v 0.322774 2.347374 0.133698
v 0.322774 2.343374 0.133698
v 0.336734 2.347374 0.092574
v 0.322774 2.347374 0.133698
v 0.302562 2.347374 0.174684
v 0.322774 2.343374 0.133698
v 0.302562 2.347374 0.174684
v 0.302562 2.343374 0.174684
v 0.322774 2.343374 0.133698
v 0.277172 2.343374 0.212682
v 0.302562 2.343374 0.174684
v 0.302562 2.347374 0.174684
v 0.277172 2.347374 0.212682
v 0.277172 2.343374 0.212682
v 0.302562 2.347374 0.174684
v 0.277172 2.343374 0.212682
v 0.277172 2.347374 0.212682
v 0.247701 2.343374 0.246287
v 0.277172 2.347374 0.212682
v 0.247701 2.347374 0.246287
v 0.247701 2.343374 0.246287
v 0.416193 2.237688 0.068072
v 0.416193 2.303468 0.068072
v 0.453868 2.237688 0.068072
v 0.416193 2.303468 0.068072
v 0.453868 2.303468 0.068072
v 0.453868 2.237688 0.068072
v 0.453868 2.237688 0.068072
v 0.453868 2.303468 0.068072
v 0.504775 2.270704 0.068072
v 0.493918 2.237688 0.068072
v 0.453868 2.237688 0.068072
v 0.504775 2.270704 0.068072
v 0.503616 2.240839 0.068072
v 0.493918 2.237688 0.068072
v 0.504775 2.270704 0.068072
v 0.509610 2.249089 0.068072
v 0.503616 2.240839 0.068072
v 0.504775 2.270704 0.068072
v 0.509770 2.260067 0.068072
v 0.509610 2.249089 0.068072
v 0.504775 2.270704 0.068072
v 0.348470 2.303468 0.048072
v 0.350297 2.303468 0.039646
v 0.365167 2.303468 0.048072
v 0.350297 2.303468 0.039646
v 0.365167 2.303468 0.039646
v 0.365167 2.303468 0.048072
v 0.365167 2.303468 0.039646
v 0.416193 2.303468 0.059646
v 0.365167 2.303468 0.048072
v 0.416193 2.303468 0.059646
v 0.416193 2.303468 0.068072
v 0.365167 2.303468 0.048072
v 0.416193 2.303468 0.059646
v 0.453868 2.303468 0.059646
v 0.416193 2.303468 0.068072
v 0.453868 2.303468 0.059646
v 0.453868 2.303468 0.068072
v 0.416193 2.303468 0.068072
v 0.456942 2.266510 0.122437
v 0.462882 2.266510 0.092574
v 0.458805 2.266510 0.092574
v 0.453087 2.266510 0.121404
v 0.456942 2.266510 0.122437
v 0.458805 2.266510 0.092574
v 0.456942 2.266510 0.122437
v 0.453087 2.266510 0.121404
v 0.433364 2.266510 0.179505
v 0.437052 2.266510 0.181033
v 0.456942 2.266510 0.122437
v 0.433364 2.266510 0.179505
v 0.437052 2.266510 0.181033
v 0.433364 2.266510 0.179505
v 0.406227 2.266510 0.234535
v 0.409683 2.266510 0.236531
v 0.437052 2.266510 0.181033
v 0.406227 2.266510 0.234535
v 0.409683 2.266510 0.236531
v 0.406227 2.266510 0.234535
v 0.375305 2.266510 0.287982
v 0.406227 2.266510 0.234535
v 0.372138 2.266510 0.285552
v 0.375305 2.266510 0.287982
v 0.375305 2.266510 0.287982
v 0.372138 2.266510 0.285552
v 0.335166 2.266510 0.333752
v 0.372138 2.266510 0.285552
v 0.332397 2.266510 0.330983
v 0.335166 2.266510 0.333752
v 0.453868 2.303468 0.059646
v 0.416193 2.303468 0.059646
v 0.416193 2.237688 0.059646
v 0.453868 2.237688 0.059646
v 0.453868 2.303468 0.059646
v 0.416193 2.237688 0.059646
v 0.453868 2.303468 0.059646
v 0.453868 2.237688 0.059646
v 0.504775 2.270704 0.059646
v 0.453868 2.237688 0.059646
v 0.493918 2.237688 0.059646
v 0.504775 2.270704 0.059646
v 0.493918 2.237688 0.059646
v 0.503616 2.240839 0.059646
v 0.504775 2.270704 0.059646
v 0.503616 2.240839 0.059646
v 0.509610 2.249089 0.059646
v 0.504775 2.270704 0.059646
v 0.509610 2.249089 0.059646
v 0.509770 2.260067 0.059646
v 0.504775 2.270704 0.059646
v 0.335166 2.266510 0.333752
v 0.332397 2.266510 0.330983
v 0.335166 2.283004 0.333751
v 0.332397 2.266510 0.330983
v 0.332397 2.283021 0.330983
v 0.335166 2.283004 0.333751
v 0.335166 2.283004 0.333751
v 0.332397 2.283021 0.330983
v 0.331893 2.292241 0.330479
v 0.334194 2.294281 0.332780
v 0.335166 2.283004 0.333751
v 0.331893 2.292241 0.330479
v 0.334194 2.294281 0.332780
v 0.331893 2.292241 0.330479
v 0.327957 2.300079 0.326543
v 0.331893 2.292241 0.330479
v 0.326725 2.296480 0.325311
v 0.327957 2.300079 0.326543
v 0.326725 2.296480 0.325311
v 0.258888 2.343374 0.257473
v 0.327957 2.300079 0.326543
v 0.258888 2.343374 0.257473
v 0.258888 2.347375 0.257474
v 0.327957 2.300079 0.326543
v 0.247701 2.347374 0.246287
v 0.258888 2.347375 0.257474
v 0.258888 2.343374 0.257473
v 0.247701 2.343374 0.246287
v 0.247701 2.347374 0.246287
v 0.258888 2.343374 0.257473
v 0.246287 2.347375 0.247701
v 0.257474 2.347375 0.258888
v 0.212682 2.347374 0.277172
v 0.257474 2.347375 0.258888
v 0.222313 2.347374 0.289723
v 0.212682 2.347374 0.277172
v 0.222313 2.347374 0.289723
v 0.182594 2.347374 0.316262
v 0.212682 2.347374 0.277172
v 0.182594 2.347374 0.316262
v 0.174684 2.347374 0.302562
v 0.212682 2.347374 0.277172
v 0.182594 2.347374 0.316262
v 0.139752 2.347374 0.337390
v 0.174684 2.347374 0.302562
v 0.139752 2.347374 0.337390
v 0.133698 2.347374 0.322774
v 0.174684 2.347374 0.302562
v 0.133698 2.347374 0.322774
v 0.139752 2.347374 0.337390
v 0.092574 2.347374 0.336734
v 0.139752 2.347374 0.337390
v 0.094518 2.347374 0.352744
v 0.092574 2.347374 0.336734
v 0.092574 2.347374 0.336734
v 0.094518 2.347374 0.352744
v 0.092574 2.347374 0.353131
v 0.453868 2.303468 -0.065977
v 0.453868 2.303468 -0.057551
v 0.416193 2.303468 -0.065977
v 0.453868 2.303468 -0.057551
v 0.416193 2.303468 -0.057551
v 0.416193 2.303468 -0.065977
v 0.416193 2.303468 -0.065977
v 0.416193 2.303468 -0.057551
v 0.365167 2.303468 -0.045977
v 0.416193 2.303468 -0.057551
v 0.365167 2.303468 -0.037551
v 0.365167 2.303468 -0.045977
v 0.365167 2.303468 -0.045977
v 0.365167 2.303468 -0.037551
v 0.350297 2.303468 -0.037551
v 0.348470 2.303468 -0.045977
v 0.365167 2.303468 -0.045977
v 0.350297 2.303468 -0.037551
v 0.367423 2.342232 -0.001000
v 0.375744 2.342232 -0.001000
v 0.368808 2.341301 -0.008070
v 0.375744 2.342232 -0.001000
v 0.377203 2.341301 -0.008070
v 0.368808 2.341301 -0.008070
v 0.374546 2.338186 -0.015590
v 0.368808 2.341301 -0.008070
v 0.377203 2.341301 -0.008070
v 0.383143 2.338186 -0.015590
v 0.374546 2.338186 -0.015590
v 0.377203 2.341301 -0.008070
v 0.384080 2.333231 -0.022047
v 0.374546 2.338186 -0.015590
v 0.383143 2.338186 -0.015590
v 0.392905 2.333231 -0.022047
v 0.384080 2.333231 -0.022047
v 0.383143 2.338186 -0.015590
v 0.384080 2.333231 -0.022047
v 0.392905 2.333231 -0.022047
v 0.400309 2.324983 -0.027744
v 0.392905 2.333231 -0.022047
v 0.402234 2.328564 -0.025628
v 0.400309 2.324983 -0.027744
v 0.503616 2.240839 -0.065977
v 0.493918 2.237688 -0.065977
v 0.493918 2.237688 -0.057551
v 0.503616 2.240839 -0.057551
v 0.503616 2.240839 -0.065977
v 0.493918 2.237688 -0.057551
v 0.509610 2.249089 -0.065977
v 0.503616 2.240839 -0.065977
v 0.503616 2.240839 -0.057551
v 0.509610 2.249089 -0.057551
v 0.509610 2.249089 -0.065977
v 0.503616 2.240839 -0.057551
v 0.509610 2.249089 -0.057551
v 0.509770 2.260067 -0.057551
v 0.509610 2.249089 -0.065977
v 0.509770 2.260067 -0.057551
v 0.509770 2.260067 -0.065977
v 0.509610 2.249089 -0.065977
v 0.509770 2.260067 -0.065977
v 0.509770 2.260067 -0.057551
v 0.504775 2.270704 -0.057551
v 0.504775 2.270704 -0.065977
v 0.509770 2.260067 -0.065977
v 0.504775 2.270704 -0.057551
v 0.504775 2.270704 -0.065977
v 0.504775 2.270704 -0.057551
v 0.453868 2.303468 -0.057551
v 0.453868 2.303468 -0.065977
v 0.504775 2.270704 -0.065977
v 0.453868 2.303468 -0.057551
v 0.399766 2.328769 -0.054661
v 0.402234 2.328564 -0.025628
v 0.392905 2.333231 -0.022047
v 0.393184 2.328769 -0.087750
v 0.399766 2.328769 -0.054661
v 0.362064 2.347374 -0.047667
v 0.362064 2.347374 -0.047667
v 0.399766 2.328769 -0.054661
v 0.392905 2.333231 -0.022047
v 0.392905 2.333231 -0.022047
v 0.383143 2.338186 -0.015590
v 0.362064 2.347374 -0.047667
v 0.365123 2.347374 -0.001000
v 0.362064 2.347374 -0.047667
v 0.383143 2.338186 -0.015590
v 0.377203 2.341301 -0.008070
v 0.365123 2.347374 -0.001000
v 0.383143 2.338186 -0.015590
v 0.365123 2.347374 -0.001000
v 0.377203 2.341301 -0.008070
v 0.375744 2.342232 -0.001000
v 0.353529 2.347374 -0.090574
v 0.393184 2.328769 -0.087750
v 0.362064 2.347374 -0.047667
v 0.395080 2.327600 -0.090574
v 0.393184 2.328769 -0.087750
v 0.353529 2.347374 -0.090574
v 0.337413 2.347374 -0.090574
v 0.353529 2.347374 -0.090574
v 0.346379 2.347374 -0.045602
v 0.353529 2.347374 -0.090574
v 0.362064 2.347374 -0.047667
v 0.346379 2.347374 -0.045602
v 0.346379 2.347374 -0.045602
v 0.362064 2.347374 -0.047667
v 0.365123 2.347374 -0.001000
v 0.349303 2.347374 -0.001000
v 0.346379 2.347374 -0.045602
v 0.365123 2.347374 -0.001000
v 0.509770 2.260067 -0.057551
v 0.509610 2.249089 -0.057551
v 0.504775 2.270704 -0.057551
v 0.509610 2.249089 -0.057551
v 0.503616 2.240839 -0.057551
v 0.504775 2.270704 -0.057551
v 0.503616 2.240839 -0.057551
v 0.493918 2.237688 -0.057551
v 0.504775 2.270704 -0.057551
v 0.493918 2.237688 -0.057551
v 0.453868 2.237688 -0.057551
v 0.504775 2.270704 -0.057551
v 0.453868 2.237688 -0.057551
v 0.453868 2.303468 -0.057551
v 0.504775 2.270704 -0.057551
v 0.453868 2.303468 -0.057551
v 0.453868 2.237688 -0.057551
v 0.416193 2.237688 -0.057551
v 0.416193 2.303468 -0.057551
v 0.453868 2.303468 -0.057551
v 0.416193 2.237688 -0.057551
v 0.353529 2.347374 -0.090574
v 0.337413 2.347374 -0.090574
v 0.337413 2.343374 -0.090574
v 0.353529 2.343374 -0.090574
v 0.353529 2.347374 -0.090574
v 0.337413 2.343374 -0.090574
v 0.353529 2.347374 -0.090574
v 0.353529 2.343374 -0.090574
v 0.395080 2.327600 -0.090574
v 0.353529 2.343374 -0.090574
v 0.393596 2.323860 -0.090574
v 0.395080 2.327600 -0.090574
v 0.570967 2.270388 -0.052465
v 0.570967 2.270388 -0.058477
v 0.598800 2.254564 -0.052465
v 0.570967 2.270388 -0.058477
v 0.598800 2.254564 -0.058477
v 0.598800 2.254564 -0.052465
v 0.598800 2.254564 -0.058477
v 0.601532 2.248747 -0.058477
v 0.598800 2.254564 -0.052465
v 0.601532 2.248747 -0.058477
v 0.601532 2.248747 -0.052465
v 0.598800 2.254564 -0.052465
v 0.601532 2.248747 -0.052465
v 0.601532 2.248747 -0.058477
v 0.601444 2.242744 -0.052465
v 0.601532 2.248747 -0.058477
v 0.601444 2.242744 -0.058477
v 0.601444 2.242744 -0.052465
v 0.601444 2.242744 -0.058477
v 0.598167 2.238233 -0.058477
v 0.601444 2.242744 -0.052465
v 0.598167 2.238233 -0.058477
v 0.598167 2.238233 -0.052465
v 0.601444 2.242744 -0.052465
v 0.598167 2.238233 -0.058477
v 0.592865 2.236510 -0.058477
v 0.598167 2.238233 -0.052465
v 0.592865 2.236510 -0.058477
v 0.592865 2.236510 -0.052465
v 0.598167 2.238233 -0.052465
v 0.337413 2.347374 0.090574
v 0.337413 2.343374 0.090574
v 0.346379 2.347374 0.045602
v 0.337413 2.343374 0.090574
v 0.346379 2.343374 0.045602
v 0.346379 2.347374 0.045602
v 0.346379 2.347374 0.045602
v 0.346379 2.343374 0.045602
v 0.349303 2.347374 0.001000
v 0.346379 2.343374 0.045602
v 0.349303 2.343374 0.001000
v 0.349303 2.347374 0.001000
v 0.391471 2.325171 0.087409
v 0.353529 2.343374 0.090574
v 0.393596 2.323860 0.090574
v 0.391471 2.325171 0.087409
v 0.398041 2.325169 0.054434
v 0.353529 2.343374 0.090574
v 0.398041 2.325169 0.054434
v 0.362064 2.343374 0.047667
v 0.353529 2.343374 0.090574
v 0.398041 2.325169 0.054434
v 0.400309 2.324983 0.027744
v 0.362064 2.343374 0.047667
v 0.400309 2.324983 0.027744
v 0.384080 2.333231 0.022047
v 0.362064 2.343374 0.047667
v 0.362064 2.343374 0.047667
v 0.384080 2.333231 0.022047
v 0.374546 2.338186 0.015590
v 0.362064 2.343374 0.047667
v 0.374546 2.338186 0.015590
v 0.368808 2.341301 0.008070
v 0.362064 2.343374 0.047667
v 0.368808 2.341301 0.008070
v 0.365123 2.343374 0.001000
v 0.368808 2.341301 0.008070
v 0.365637 2.343117 0.001000
v 0.365123 2.343374 0.001000
v 0.368808 2.341301 0.008070
v 0.367423 2.342232 0.001000
v 0.365637 2.343117 0.001000
v 0.391471 2.325171 0.087409
v 0.393596 2.323860 0.090574
v 0.395080 2.327600 0.090574
v 0.393184 2.328769 0.087750
v 0.391471 2.325171 0.087409
v 0.395080 2.327600 0.090574
v 0.391471 2.325171 0.087409
v 0.393184 2.328769 0.087750
v 0.398041 2.325169 0.054434
v 0.393184 2.328769 0.087750
v 0.399766 2.328769 0.054661
v 0.398041 2.325169 0.054434
v 0.398041 2.325169 0.054434
v 0.399766 2.328769 0.054661
v 0.400309 2.324983 0.027744
v 0.399766 2.328769 0.054661
v 0.402234 2.328564 0.025628
v 0.400309 2.324983 0.027744
v 0.362064 2.343374 0.047667
v 0.365123 2.343374 0.001000
v 0.349303 2.343374 0.001000
v 0.346379 2.343374 0.045602
v 0.362064 2.343374 0.047667
v 0.349303 2.343374 0.001000
v 0.362064 2.343374 0.047667
v 0.346379 2.343374 0.045602
v 0.353529 2.343374 0.090574
v 0.346379 2.343374 0.045602
v 0.337413 2.343374 0.090574
v 0.353529 2.343374 0.090574
v 0.570967 2.270388 -0.058477
v 0.570967 2.270388 -0.052465
v 0.559296 2.270388 -0.058477
v 0.570967 2.270388 -0.052465
v 0.559296 2.270388 -0.052465
v 0.559296 2.270388 -0.058477
v 0.555406 2.266498 -0.058477
v 0.559296 2.270388 -0.058477
v 0.559296 2.270388 -0.052465
v 0.555406 2.266498 -0.052465
v 0.555406 2.266498 -0.058477
v 0.559296 2.270388 -0.052465
v 0.555406 2.266498 -0.058477
v 0.555406 2.266498 -0.052465
v 0.555406 2.236510 -0.058477
v 0.555406 2.266498 -0.052465
v 0.555406 2.236510 -0.052465
v 0.555406 2.236510 -0.058477
v 0.598167 2.238233 -0.058477
v 0.601444 2.242744 -0.058477
v 0.592865 2.236510 -0.058477
v 0.601444 2.242744 -0.058477
v 0.601532 2.248747 -0.058477
v 0.592865 2.236510 -0.058477
v 0.601532 2.248747 -0.058477
v 0.598800 2.254564 -0.058477
v 0.592865 2.236510 -0.058477
v 0.598800 2.254564 -0.058477
v 0.570967 2.270388 -0.058477
v 0.592865 2.236510 -0.058477
v 0.570967 2.270388 -0.058477
v 0.559296 2.270388 -0.058477
v 0.592865 2.236510 -0.058477
v 0.559296 2.270388 -0.058477
v 0.555406 2.266498 -0.058477
v 0.592865 2.236510 -0.058477
v 0.555406 2.266498 -0.058477
v 0.555406 2.236510 -0.058477
v 0.592865 2.236510 -0.058477
v 0.111426 2.336925 -0.362979
v 0.114773 2.336351 -0.363050
v 0.121125 2.296011 -0.448190
v 0.555406 2.236510 -0.052465
v 0.555406 2.266498 -0.052465
v 0.592865 2.236510 -0.052465
v 0.555406 2.266498 -0.052465
v 0.559296 2.270388 -0.052465
v 0.592865 2.236510 -0.052465
v 0.559296 2.270388 -0.052465
v 0.570967 2.270388 -0.052465
v 0.592865 2.236510 -0.052465
v 0.570967 2.270388 -0.052465
v 0.598800 2.254564 -0.052465
v 0.592865 2.236510 -0.052465
v 0.598800 2.254564 -0.052465
v 0.601532 2.248747 -0.052465
v 0.592865 2.236510 -0.052465
v 0.601532 2.248747 -0.052465
v 0.601444 2.242744 -0.052465
v 0.592865 2.236510 -0.052465
v 0.601444 2.242744 -0.052465
v 0.598167 2.238233 -0.052465
v 0.592865 2.236510 -0.052465
v 0.302005 2.347374 -0.175517
v 0.303783 2.342907 -0.178298
v 0.277172 2.347374 -0.212682
v 0.303783 2.342907 -0.178298
v 0.277172 2.343374 -0.212682
v 0.277172 2.347374 -0.212682
v 0.277172 2.343374 -0.212682
v 0.247041 2.343374 -0.247041
v 0.277172 2.347374 -0.212682
v 0.247041 2.343374 -0.247041
v 0.247041 2.347374 -0.247041
v 0.277172 2.347374 -0.212682
v 0.247041 2.347374 -0.247041
v 0.247041 2.343374 -0.247041
v 0.212682 2.347374 -0.277172
v 0.247041 2.343374 -0.247041
v 0.212682 2.343374 -0.277172
v 0.212682 2.347374 -0.277172
v 0.212682 2.347374 -0.277172
v 0.212682 2.343374 -0.277172
v 0.174684 2.347374 -0.302562
v 0.212682 2.343374 -0.277172
v 0.174684 2.343374 -0.302562
v 0.174684 2.347374 -0.302562
v 0.174684 2.347374 -0.302562
v 0.174684 2.343374 -0.302562
v 0.133698 2.343374 -0.322774
v 0.133698 2.347374 -0.322774
v 0.174684 2.347374 -0.302562
v 0.133698 2.343374 -0.322774
v 0.133698 2.343374 -0.322774
v 0.094352 2.342907 -0.339514
v 0.133698 2.347374 -0.322774
v 0.094352 2.342907 -0.339514
v 0.092574 2.347374 -0.336734
v 0.133698 2.347374 -0.322774
v 0.023562 2.324954 -0.464828
v 0.023562 2.317708 -0.467548
v 0.023562 2.329654 -0.454474
v 0.023562 2.317708 -0.467548
v 0.023562 2.308925 -0.465998
v 0.023562 2.329654 -0.454474
v 0.023562 2.308925 -0.465998
v 0.023562 2.299000 -0.457230
v 0.023562 2.329654 -0.454474
v 0.023562 2.299000 -0.457230
v 0.023562 2.298026 -0.435586
v 0.023562 2.329654 -0.454474
v 0.023562 2.298026 -0.435586
v 0.023562 2.328743 -0.434204
v 0.023562 2.329654 -0.454474
v 0.155163 2.297380 -0.432201
v 0.121125 2.296011 -0.448190
v 0.131330 2.322618 -0.386333
v 0.121125 2.296011 -0.448190
v 0.114773 2.336351 -0.363050
v 0.131330 2.322618 -0.386333
v 0.114773 2.336351 -0.363050
v 0.118338 2.336594 -0.361329
v 0.131330 2.322618 -0.386333
v 0.018023 2.317708 -0.467548
v 0.018023 2.324954 -0.464828
v 0.018023 2.308925 -0.465998
v 0.018023 2.324954 -0.464828
v 0.018023 2.329654 -0.454474
v 0.018023 2.308925 -0.465998
v 0.018023 2.329654 -0.454474
v 0.018023 2.328981 -0.439498
v 0.018023 2.308925 -0.465998
v 0.018023 2.328981 -0.439498
v 0.018023 2.298264 -0.440879
v 0.018023 2.308925 -0.465998
v 0.018023 2.298264 -0.440879
v 0.018023 2.299000 -0.457230
v 0.018023 2.308925 -0.465998
v 0.175009 2.298413 -0.422446
v 0.155163 2.297380 -0.432201
v 0.155886 2.300654 -0.433592
v 0.175641 2.301965 -0.424035
v 0.175009 2.298413 -0.422446
v 0.155886 2.300654 -0.433592
v 0.175641 2.301965 -0.424035
v 0.228972 2.302462 -0.396592
v 0.175009 2.298413 -0.422446
v 0.228972 2.302462 -0.396592
v 0.228112 2.298873 -0.395102
v 0.175009 2.298413 -0.422446
v 0.228972 2.302462 -0.396592
v 0.260257 2.300922 -0.379505
v 0.228112 2.298873 -0.395102
v 0.260257 2.300922 -0.379505
v 0.259461 2.297318 -0.377974
v 0.228112 2.298873 -0.395102
v -0.046585 2.324270 -0.418124
v -0.046585 2.297184 -0.427088
v -0.046585 2.330719 -0.423247
v -0.046585 2.297184 -0.427088
v -0.046585 2.328364 -0.464206
v -0.046585 2.330719 -0.423247
v -0.046585 2.328364 -0.464206
v -0.046585 2.335318 -0.463409
v -0.046585 2.330719 -0.423247
v -0.046585 2.328364 -0.464206
v -0.046585 2.329178 -0.473114
v -0.046585 2.335318 -0.463409
v -0.046585 2.329178 -0.473114
v -0.046585 2.336108 -0.473776
v -0.046585 2.335318 -0.463409
v -0.046585 2.336108 -0.473776
v -0.046585 2.329178 -0.473114
v -0.046585 2.328716 -0.475394
v -0.046585 2.335358 -0.477481
v -0.046585 2.336108 -0.473776
v -0.046585 2.328716 -0.475394
v -0.046585 2.335358 -0.477481
v -0.046585 2.328716 -0.475394
v -0.046585 2.263621 -0.605425
v -0.046585 2.328716 -0.475394
v -0.046585 2.257873 -0.601477
v -0.046585 2.263621 -0.605425
v -0.046585 2.257873 -0.601477
v -0.046585 2.255244 -0.604058
v -0.046585 2.263621 -0.605425
v -0.046585 2.255244 -0.604058
v -0.046585 2.257622 -0.610526
v -0.046585 2.263621 -0.605425
v -0.046585 2.243689 -0.611227
v -0.046585 2.257622 -0.610526
v -0.046585 2.255244 -0.604058
v -0.046585 2.243689 -0.604227
v -0.046585 2.243689 -0.611227
v -0.046585 2.255244 -0.604058
v -0.042585 2.243689 -0.604227
v -0.046585 2.243689 -0.604227
v -0.042585 2.253071 -0.604281
v -0.046585 2.243689 -0.604227
v -0.046585 2.255244 -0.604058
v -0.042585 2.253071 -0.604281
v -0.046585 2.255244 -0.604058
v -0.042585 2.255244 -0.604058
v -0.042585 2.253071 -0.604281
v -0.042585 2.255244 -0.604058
v -0.046585 2.255244 -0.604058
v -0.046585 2.257873 -0.601477
v -0.042585 2.257873 -0.601477
v -0.042585 2.255244 -0.604058
v -0.046585 2.257873 -0.601477
v -0.042585 2.257873 -0.601477
v -0.046585 2.257873 -0.601477
v -0.042585 2.324481 -0.483365
v -0.046585 2.257873 -0.601477
v -0.046585 2.328716 -0.475394
v -0.042585 2.324481 -0.483365
v -0.046585 2.328716 -0.475394
v -0.042585 2.328716 -0.475394
v -0.042585 2.324481 -0.483365
v -0.046585 2.328716 -0.475394
v -0.046585 2.329178 -0.473114
v -0.042585 2.328716 -0.475394
v -0.046585 2.329178 -0.473114
v -0.042585 2.329178 -0.473114
v -0.042585 2.328716 -0.475394
v -0.042585 2.329178 -0.473114
v -0.046585 2.329178 -0.473114
v -0.042585 2.329095 -0.470427
v -0.046585 2.329178 -0.473114
v -0.046585 2.328364 -0.464206
v -0.042585 2.329095 -0.470427
v -0.046585 2.328364 -0.464206
v -0.042585 2.328364 -0.464206
v -0.042585 2.329095 -0.470427
v 0.118338 2.336594 -0.361329
v 0.118898 2.339132 -0.362407
v 0.131330 2.322618 -0.386333
v 0.118898 2.339132 -0.362407
v 0.155886 2.300654 -0.433592
v 0.131330 2.322618 -0.386333
v 0.155886 2.300654 -0.433592
v 0.155163 2.297380 -0.432201
v 0.131330 2.322618 -0.386333
v -0.042585 2.257873 -0.601477
v -0.042585 2.253071 -0.604281
v -0.042585 2.255244 -0.604058
v -0.042585 2.253071 -0.604281
v -0.042585 2.257873 -0.601477
v -0.042585 2.247433 -0.503356
v -0.042585 2.257873 -0.601477
v -0.042585 2.324481 -0.483365
v -0.042585 2.247433 -0.503356
v -0.042585 2.324481 -0.483365
v -0.042585 2.300794 -0.483733
v -0.042585 2.247433 -0.503356
v 0.090574 2.347374 -0.337413
v 0.090574 2.343374 -0.337413
v 0.045602 2.347374 -0.346379
v 0.090574 2.343374 -0.337413
v 0.045602 2.343374 -0.346379
v 0.045602 2.347374 -0.346379
v 0.045602 2.347374 -0.346379
v 0.045602 2.343374 -0.346379
v 0.001000 2.347374 -0.349303
v 0.045602 2.343374 -0.346379
v 0.001000 2.343374 -0.349303
v 0.001000 2.347374 -0.349303
v 0.087409 2.325171 -0.391471
v 0.090574 2.343374 -0.353529
v 0.090574 2.323860 -0.393596
v 0.087409 2.325171 -0.391471
v 0.054434 2.325169 -0.398041
v 0.090574 2.343374 -0.353529
v 0.054434 2.325169 -0.398041
v 0.047667 2.343374 -0.362064
v 0.090574 2.343374 -0.353529
v 0.054434 2.325169 -0.398041
v 0.027744 2.324983 -0.400309
v 0.047667 2.343374 -0.362064
v 0.027744 2.324983 -0.400309
v 0.022047 2.333231 -0.384080
v 0.047667 2.343374 -0.362064
v 0.047667 2.343374 -0.362064
v 0.022047 2.333231 -0.384080
v 0.015590 2.338186 -0.374546
v 0.047667 2.343374 -0.362064
v 0.015590 2.338186 -0.374546
v 0.008070 2.341301 -0.368808
v 0.047667 2.343374 -0.362064
v 0.008070 2.341301 -0.368808
v 0.001000 2.343374 -0.365122
v 0.008070 2.341301 -0.368808
v 0.001000 2.343117 -0.365637
v 0.001000 2.343374 -0.365122
v 0.008070 2.341301 -0.368808
v 0.001000 2.342232 -0.367423
v 0.001000 2.343117 -0.365637
v 0.087409 2.325171 -0.391471
v 0.090574 2.323860 -0.393596
v 0.090574 2.327600 -0.395080
v 0.087750 2.328769 -0.393184
v 0.087409 2.325171 -0.391471
v 0.090574 2.327600 -0.395080
v 0.087409 2.325171 -0.391471
v 0.087750 2.328769 -0.393184
v 0.054434 2.325169 -0.398041
v 0.087750 2.328769 -0.393184
v 0.054661 2.328769 -0.399766
v 0.054434 2.325169 -0.398041
v 0.054434 2.325169 -0.398041
v 0.054661 2.328769 -0.399766
v 0.027744 2.324983 -0.400309
v 0.054661 2.328769 -0.399766
v 0.025628 2.328564 -0.402233
v 0.027744 2.324983 -0.400309
v -0.001000 2.342232 -0.367423
v -0.001000 2.342232 -0.375744
v -0.008070 2.341301 -0.368808
v -0.001000 2.342232 -0.375744
v -0.008070 2.341301 -0.377203
v -0.008070 2.341301 -0.368808
v -0.015590 2.338186 -0.374546
v -0.008070 2.341301 -0.368808
v -0.008070 2.341301 -0.377203
v -0.015590 2.338186 -0.383143
v -0.015590 2.338186 -0.374546
v -0.008070 2.341301 -0.377203
v -0.022047 2.333231 -0.384080
v -0.015590 2.338186 -0.374546
v -0.015590 2.338186 -0.383143
v -0.022047 2.333231 -0.392905
v -0.022047 2.333231 -0.384080
v -0.015590 2.338186 -0.383143
v -0.022047 2.333231 -0.384080
v -0.022047 2.333231 -0.392905
v -0.027744 2.324983 -0.400309
v -0.022047 2.333231 -0.392905
v -0.025628 2.328564 -0.402234
v -0.027744 2.324983 -0.400309
v -0.034619 2.335887 -0.468377
v -0.034619 2.328364 -0.464206
v -0.034619 2.330719 -0.423247
v -0.034619 2.328364 -0.464206
v -0.034619 2.297184 -0.427088
v -0.034619 2.330719 -0.423247
v -0.034619 2.297184 -0.427088
v -0.034619 2.324270 -0.418124
v -0.034619 2.330719 -0.423247
v -0.054661 2.328769 -0.399766
v -0.025628 2.328564 -0.402234
v -0.022047 2.333231 -0.392905
v -0.087750 2.328769 -0.393184
v -0.054661 2.328769 -0.399766
v -0.047667 2.347374 -0.362064
v -0.047667 2.347374 -0.362064
v -0.054661 2.328769 -0.399766
v -0.022047 2.333231 -0.392905
v -0.022047 2.333231 -0.392905
v -0.015590 2.338186 -0.383143
v -0.047667 2.347374 -0.362064
v -0.001000 2.347374 -0.365123
v -0.047667 2.347374 -0.362064
v -0.015590 2.338186 -0.383143
v -0.008070 2.341301 -0.377203
v -0.001000 2.347374 -0.365123
v -0.015590 2.338186 -0.383143
v -0.001000 2.347374 -0.365123
v -0.008070 2.341301 -0.377203
v -0.001000 2.342232 -0.375744
v -0.090574 2.347374 -0.353529
v -0.087750 2.328769 -0.393184
v -0.047667 2.347374 -0.362064
v -0.090574 2.327600 -0.395080
v -0.087750 2.328769 -0.393184
v -0.090574 2.347374 -0.353529
v -0.090574 2.347374 -0.337413
v -0.090574 2.347374 -0.353529
v -0.045602 2.347374 -0.346379
v -0.090574 2.347374 -0.353529
v -0.047667 2.347374 -0.362064
v -0.045602 2.347374 -0.346379
v -0.045602 2.347374 -0.346379
v -0.047667 2.347374 -0.362064
v -0.001000 2.347374 -0.365123
v -0.001000 2.347374 -0.349303
v -0.045602 2.347374 -0.346379
v -0.001000 2.347374 -0.365123
v -0.042585 2.243689 -0.604227
v -0.042585 2.253071 -0.604281
v 0.001052 2.243689 -0.604227
v -0.042585 2.253071 -0.604281
v 0.044690 2.253071 -0.604281
v 0.001052 2.243689 -0.604227
v 0.044690 2.253071 -0.604281
v 0.044690 2.243689 -0.604227
v 0.001052 2.243689 -0.604227
v -0.090574 2.347374 -0.353529
v -0.090574 2.347374 -0.337413
v -0.090574 2.343374 -0.337413
v -0.090574 2.343374 -0.353529
v -0.090574 2.347374 -0.353529
v -0.090574 2.343374 -0.337413
v -0.090574 2.347374 -0.353529
v -0.090574 2.343374 -0.353529
v -0.090574 2.327600 -0.395080
v -0.090574 2.343374 -0.353529
v -0.090574 2.323860 -0.393596
v -0.090574 2.327600 -0.395080
v 0.044690 2.328364 -0.464206
v 0.048690 2.328364 -0.464206
v 0.044690 2.329095 -0.470427
v 0.048690 2.328364 -0.464206
v 0.048690 2.329178 -0.473114
v 0.044690 2.329095 -0.470427
v 0.048690 2.329178 -0.473114
v 0.044690 2.329178 -0.473114
v 0.044690 2.329095 -0.470427
v 0.044690 2.329178 -0.473114
v 0.048690 2.329178 -0.473114
v 0.048690 2.328716 -0.475394
v 0.044690 2.328716 -0.475394
v 0.044690 2.329178 -0.473114
v 0.048690 2.328716 -0.475394
v 0.044690 2.328716 -0.475394
v 0.048690 2.328716 -0.475394
v 0.044690 2.324481 -0.483365
v 0.048690 2.328716 -0.475394
v 0.048690 2.257873 -0.601477
v 0.044690 2.324481 -0.483365
v 0.048690 2.257873 -0.601477
v 0.044690 2.257873 -0.601477
v 0.044690 2.324481 -0.483365
v 0.044690 2.257873 -0.601477
v 0.048690 2.257873 -0.601477
v 0.044690 2.255244 -0.604058
v 0.048690 2.257873 -0.601477
v 0.048690 2.255244 -0.604058
v 0.044690 2.255244 -0.604058
v 0.044690 2.255244 -0.604058
v 0.048690 2.255244 -0.604058
v 0.044690 2.253071 -0.604281
v 0.048690 2.255244 -0.604058
v 0.048690 2.243689 -0.604227
v 0.044690 2.253071 -0.604281
v 0.048690 2.243689 -0.604227
v 0.044690 2.243689 -0.604227
v 0.044690 2.253071 -0.604281
v -0.322774 2.343374 -0.133698
v -0.336734 2.343374 -0.092574
v -0.336734 2.347374 -0.092574
v -0.322774 2.347374 -0.133698
v -0.322774 2.343374 -0.133698
v -0.336734 2.347374 -0.092574
v -0.322774 2.347374 -0.133698
v -0.302562 2.347374 -0.174684
v -0.322774 2.343374 -0.133698
v -0.302562 2.347374 -0.174684
v -0.302562 2.343374 -0.174684
v -0.322774 2.343374 -0.133698
v -0.277172 2.343374 -0.212682
v -0.302562 2.343374 -0.174684
v -0.302562 2.347374 -0.174684
v -0.277172 2.347374 -0.212682
v -0.277172 2.343374 -0.212682
v -0.302562 2.347374 -0.174684
v -0.277172 2.343374 -0.212682
v -0.277172 2.347374 -0.212682
v -0.247701 2.343374 -0.246287
v -0.277172 2.347374 -0.212682
v -0.247701 2.347374 -0.246287
v -0.247701 2.343374 -0.246287
v 0.044690 2.300794 -0.483733
v 0.044690 2.324481 -0.483365
v 0.044690 2.247433 -0.503356
v 0.044690 2.324481 -0.483365
v 0.044690 2.257873 -0.601477
v 0.044690 2.247433 -0.503356
v 0.044690 2.257873 -0.601477
v 0.044690 2.253071 -0.604281
v 0.044690 2.247433 -0.503356
v 0.044690 2.253071 -0.604281
v 0.044690 2.257873 -0.601477
v 0.044690 2.255244 -0.604058
v 0.036724 2.324270 -0.418124
v 0.036724 2.297184 -0.427088
v 0.036724 2.330719 -0.423247
v 0.036724 2.297184 -0.427088
v 0.036724 2.328364 -0.464206
v 0.036724 2.330719 -0.423247
v 0.036724 2.328364 -0.464206
v 0.036724 2.335887 -0.468377
v 0.036724 2.330719 -0.423247
v -0.456942 2.266510 -0.122437
v -0.462882 2.266510 -0.092574
v -0.458805 2.266510 -0.092574
v -0.453087 2.266510 -0.121404
v -0.456942 2.266510 -0.122437
v -0.458805 2.266510 -0.092574
v -0.456942 2.266510 -0.122437
v -0.453087 2.266510 -0.121404
v -0.433364 2.266510 -0.179505
v -0.437052 2.266510 -0.181033
v -0.456942 2.266510 -0.122437
v -0.433364 2.266510 -0.179505
v -0.437052 2.266510 -0.181033
v -0.433364 2.266510 -0.179505
v -0.406227 2.266510 -0.234535
v -0.409683 2.266510 -0.236531
v -0.437052 2.266510 -0.181033
v -0.406227 2.266510 -0.234535
v -0.409683 2.266510 -0.236531
v -0.406227 2.266510 -0.234535
v -0.375305 2.266510 -0.287982
v -0.406227 2.266510 -0.234535
v -0.372138 2.266510 -0.285552
v -0.375305 2.266510 -0.287982
v -0.375305 2.266510 -0.287982
v -0.372138 2.266510 -0.285552
v -0.335166 2.266510 -0.333752
v -0.372138 2.266510 -0.285552
v -0.332397 2.266510 -0.330983
v -0.335166 2.266510 -0.333752
v -0.047845 2.285175 -0.414584
v -0.055317 2.285175 -0.414584
v -0.047845 2.325623 -0.433811
v -0.055317 2.285175 -0.414584
v -0.055317 2.325623 -0.433811
v -0.047845 2.325623 -0.433811
v -0.047845 2.325623 -0.433811
v -0.055317 2.325623 -0.433811
v -0.047845 2.332034 -0.441418
v -0.055317 2.325623 -0.433811
v -0.055317 2.332034 -0.441418
v -0.047845 2.332034 -0.441418
v -0.055317 2.332034 -0.441418
v -0.055317 2.334603 -0.451029
v -0.047845 2.332034 -0.441418
v -0.055317 2.334603 -0.451029
v -0.047845 2.334603 -0.451029
v -0.047845 2.332034 -0.441418
v -0.055317 2.334603 -0.451029
v -0.055317 2.332280 -0.459344
v -0.047845 2.334603 -0.451029
v -0.055317 2.332280 -0.459344
v -0.047845 2.332280 -0.459344
v -0.047845 2.334603 -0.451029
v -0.047845 2.332280 -0.459344
v -0.055317 2.332280 -0.459344
v -0.047845 2.325515 -0.464704
v -0.055317 2.332280 -0.459344
v -0.055317 2.325515 -0.464704
v -0.047845 2.325515 -0.464704
v -0.055317 2.325515 -0.464704
v -0.055317 2.288787 -0.465430
v -0.047845 2.325515 -0.464704
v -0.055317 2.288787 -0.465430
v -0.047845 2.288787 -0.465430
v -0.047845 2.325515 -0.464704
v -0.335166 2.266510 -0.333752
v -0.332397 2.266510 -0.330983
v -0.335166 2.283004 -0.333751
v -0.332397 2.266510 -0.330983
v -0.332397 2.283021 -0.330983
v -0.335166 2.283004 -0.333751
v -0.335166 2.283004 -0.333751
v -0.332397 2.283021 -0.330983
v -0.331893 2.292241 -0.330479
v -0.334194 2.294281 -0.332780
v -0.335166 2.283004 -0.333751
v -0.331893 2.292241 -0.330479
v -0.334194 2.294281 -0.332780
v -0.331893 2.292241 -0.330479
v -0.327957 2.300079 -0.326543
v -0.331893 2.292241 -0.330479
v -0.326725 2.296480 -0.325311
v -0.327957 2.300079 -0.326543
v -0.326725 2.296480 -0.325311
v -0.258888 2.343374 -0.257473
v -0.327957 2.300079 -0.326543
v -0.258888 2.343374 -0.257473
v -0.258888 2.347374 -0.257474
v -0.327957 2.300079 -0.326543
v -0.247701 2.347374 -0.246287
v -0.258888 2.347374 -0.257474
v -0.258888 2.343374 -0.257473
v -0.247701 2.343374 -0.246287
v -0.247701 2.347374 -0.246287
v -0.258888 2.343374 -0.257473
v -0.246287 2.347374 -0.247701
v -0.257474 2.347374 -0.258888
v -0.212682 2.347374 -0.277172
v -0.257474 2.347374 -0.258888
v -0.222313 2.347374 -0.289723
v -0.212682 2.347374 -0.277172
v -0.222313 2.347374 -0.289723
v -0.182594 2.347374 -0.316262
v -0.212682 2.347374 -0.277172
v -0.182594 2.347374 -0.316262
v -0.174684 2.347374 -0.302562
v -0.212682 2.347374 -0.277172
v -0.182594 2.347374 -0.316262
v -0.139752 2.347374 -0.337390
v -0.174684 2.347374 -0.302562
v -0.139752 2.347374 -0.337390
v -0.133698 2.347374 -0.322774
v -0.174684 2.347374 -0.302562
v -0.133698 2.347374 -0.322774
v -0.139752 2.347374 -0.337390
v -0.092574 2.347374 -0.336734
v -0.139752 2.347374 -0.337390
v -0.094518 2.347374 -0.352744
v -0.092574 2.347374 -0.336734
v -0.092574 2.347374 -0.336734
v -0.094518 2.347374 -0.352744
v -0.092574 2.347374 -0.353131
v -0.055317 2.285175 -0.414584
v -0.055317 2.288787 -0.465430
v -0.055317 2.325623 -0.433811
v -0.055317 2.288787 -0.465430
v -0.055317 2.325515 -0.464704
v -0.055317 2.325623 -0.433811
v -0.055317 2.325515 -0.464704
v -0.055317 2.332280 -0.459344
v -0.055317 2.325623 -0.433811
v -0.055317 2.332280 -0.459344
v -0.055317 2.334603 -0.451029
v -0.055317 2.325623 -0.433811
v -0.055317 2.334603 -0.451029
v -0.055317 2.332034 -0.441418
v -0.055317 2.325623 -0.433811
v -0.337413 2.347374 -0.090574
v -0.337413 2.343374 -0.090574
v -0.346379 2.347374 -0.045602
v -0.337413 2.343374 -0.090574
v -0.346379 2.343374 -0.045602
v -0.346379 2.347374 -0.045602
v -0.346379 2.347374 -0.045602
v -0.346379 2.343374 -0.045602
v -0.349303 2.347374 -0.001000
v -0.346379 2.343374 -0.045602
v -0.349303 2.343374 -0.001000
v -0.349303 2.347374 -0.001000
v -0.391471 2.325171 -0.087409
v -0.353529 2.343374 -0.090574
v -0.393596 2.323860 -0.090574
v -0.391471 2.325171 -0.087409
v -0.398041 2.325169 -0.054434
v -0.353529 2.343374 -0.090574
v -0.398041 2.325169 -0.054434
v -0.362064 2.343374 -0.047667
v -0.353529 2.343374 -0.090574
v -0.398041 2.325169 -0.054434
v -0.400309 2.324983 -0.027744
v -0.362064 2.343374 -0.047667
v -0.400309 2.324983 -0.027744
v -0.384080 2.333231 -0.022047
v -0.362064 2.343374 -0.047667
v -0.362064 2.343374 -0.047667
v -0.384080 2.333231 -0.022047
v -0.374546 2.338186 -0.015590
v -0.362064 2.343374 -0.047667
v -0.374546 2.338186 -0.015590
v -0.368808 2.341301 -0.008070
v -0.362064 2.343374 -0.047667
v -0.368808 2.341301 -0.008070
v -0.365123 2.343374 -0.001000
v -0.368808 2.341301 -0.008070
v -0.365637 2.343117 -0.001000
v -0.365123 2.343374 -0.001000
v -0.368808 2.341301 -0.008070
v -0.367423 2.342232 -0.001000
v -0.365637 2.343117 -0.001000
v -0.391471 2.325171 -0.087409
v -0.393596 2.323860 -0.090574
v -0.395080 2.327600 -0.090574
v -0.393184 2.328769 -0.087750
v -0.391471 2.325171 -0.087409
v -0.395080 2.327600 -0.090574
v -0.391471 2.325171 -0.087409
v -0.393184 2.328769 -0.087750
v -0.398041 2.325169 -0.054434
v -0.393184 2.328769 -0.087750
v -0.399766 2.328769 -0.054661
v -0.398041 2.325169 -0.054434
v -0.398041 2.325169 -0.054434
v -0.399766 2.328769 -0.054661
v -0.400309 2.324983 -0.027744
v -0.399766 2.328769 -0.054661
v -0.402234 2.328564 -0.025628
v -0.400309 2.324983 -0.027744
v -0.362064 2.343374 -0.047667
v -0.365123 2.343374 -0.001000
v -0.349303 2.343374 -0.001000
v -0.346379 2.343374 -0.045602
v -0.362064 2.343374 -0.047667
v -0.349303 2.343374 -0.001000
v -0.362064 2.343374 -0.047667
v -0.346379 2.343374 -0.045602
v -0.353529 2.343374 -0.090574
v -0.346379 2.343374 -0.045602
v -0.337413 2.343374 -0.090574
v -0.353529 2.343374 -0.090574
v -0.047845 2.332034 -0.441418
v -0.047845 2.334603 -0.451029
v -0.047845 2.325623 -0.433811
v -0.047845 2.334603 -0.451029
v -0.047845 2.332280 -0.459344
v -0.047845 2.325623 -0.433811
v -0.047845 2.332280 -0.459344
v -0.047845 2.325515 -0.464704
v -0.047845 2.325623 -0.433811
v -0.047845 2.325515 -0.464704
v -0.047845 2.288787 -0.465430
v -0.047845 2.325623 -0.433811
v -0.047845 2.288787 -0.465430
v -0.047845 2.285175 -0.414584
v -0.047845 2.325623 -0.433811
v -0.094518 2.347375 0.352744
v -0.092574 2.347374 0.336734
v -0.092574 2.347374 0.353131
v -0.094518 2.347375 0.352744
v -0.139752 2.347374 0.337390
v -0.092574 2.347374 0.336734
v -0.139752 2.347374 0.337390
v -0.133698 2.347374 0.322774
v -0.092574 2.347374 0.336734
v -0.174684 2.347374 0.302562
v -0.133698 2.347374 0.322774
v -0.139752 2.347374 0.337390
v -0.182594 2.347374 0.316262
v -0.174684 2.347374 0.302562
v -0.139752 2.347374 0.337390
v -0.212682 2.347374 0.277172
v -0.174684 2.347374 0.302562
v -0.182594 2.347374 0.316262
v -0.222313 2.347374 0.289723
v -0.212682 2.347374 0.277172
v -0.182594 2.347374 0.316262
v -0.212682 2.347374 0.277172
v -0.222313 2.347374 0.289723
v -0.258227 2.347374 0.258227
v -0.247041 2.347374 0.247041
v -0.212682 2.347374 0.277172
v -0.258227 2.347374 0.258227
v -0.277172 2.347374 0.212682
v -0.247041 2.347374 0.247041
v -0.258227 2.347374 0.258227
v -0.289723 2.347374 0.222313
v -0.277172 2.347374 0.212682
v -0.258227 2.347374 0.258227
v -0.277172 2.347374 0.212682
v -0.289723 2.347374 0.222313
v -0.302005 2.347374 0.175517
v -0.289723 2.347374 0.222313
v -0.315705 2.347374 0.183427
v -0.302005 2.347374 0.175517
v -0.409126 2.266510 0.237364
v -0.405670 2.266510 0.235368
v -0.409126 2.283021 0.237364
v -0.405670 2.266510 0.235368
v -0.405662 2.283021 0.235364
v -0.409126 2.283021 0.237364
v -0.405662 2.283021 0.235364
v -0.404991 2.292177 0.234976
v -0.409126 2.283021 0.237364
v -0.404991 2.292177 0.234976
v -0.407937 2.294281 0.236677
v -0.409126 2.283021 0.237364
v -0.051136 2.322630 -0.476000
v -0.051136 2.326462 -0.477033
v -0.051136 2.293908 -0.527620
v -0.051136 2.326462 -0.477033
v -0.051136 2.296481 -0.530600
v -0.051136 2.293908 -0.527620
v -0.051136 2.296481 -0.530600
v -0.051136 2.290821 -0.533948
v -0.051136 2.293908 -0.527620
v -0.051136 2.290821 -0.533948
v -0.051136 2.289448 -0.530259
v -0.051136 2.293908 -0.527620
v -0.180507 2.294281 0.435783
v -0.177131 2.300079 0.427633
v -0.122082 2.294282 0.455615
v -0.177131 2.300079 0.427633
v -0.180507 2.294281 0.435783
v -0.231433 2.300079 0.400854
v -0.180507 2.294281 0.435783
v -0.235844 2.294281 0.408494
v -0.231433 2.300079 0.400854
v -0.235844 2.294281 0.408494
v -0.287145 2.294281 0.374215
v -0.231433 2.300079 0.400854
v -0.287145 2.294281 0.374215
v -0.235844 2.294281 0.408494
v -0.287982 2.283021 0.375305
v -0.235844 2.294281 0.408494
v -0.236531 2.283021 0.409683
v -0.287982 2.283021 0.375305
v -0.236531 2.283021 0.409683
v -0.236531 2.266510 0.409683
v -0.287982 2.283021 0.375305
v -0.181033 2.266510 0.437052
v -0.236531 2.266510 0.409683
v -0.236531 2.283021 0.409683
v -0.181033 2.283021 0.437052
v -0.181033 2.266510 0.437052
v -0.236531 2.283021 0.409683
v -0.122437 2.266510 0.456942
v -0.181033 2.266510 0.437052
v -0.181033 2.283021 0.437052
v -0.122437 2.283021 0.456942
v -0.122437 2.266510 0.456942
v -0.181033 2.283021 0.437052
v -0.122437 2.266510 0.456942
v -0.122437 2.283021 0.456942
v -0.092574 2.266510 0.462882
v -0.122437 2.283021 0.456942
v -0.092574 2.283021 0.462882
v -0.092574 2.266510 0.462882
v -0.092574 2.283021 0.462882
v -0.122437 2.283021 0.456942
v -0.092574 2.294271 0.461503
v -0.122437 2.283021 0.456942
v -0.122082 2.294282 0.455615
v -0.092574 2.294271 0.461503
v -0.180507 2.294281 0.435783
v -0.122082 2.294282 0.455615
v -0.122437 2.283021 0.456942
v -0.181033 2.283021 0.437052
v -0.180507 2.294281 0.435783
v -0.122437 2.283021 0.456942
v -0.180507 2.294281 0.435783
v -0.181033 2.283021 0.437052
v -0.236531 2.283021 0.409683
v -0.235844 2.294281 0.408494
v -0.180507 2.294281 0.435783
v -0.236531 2.283021 0.409683
v -0.057088 2.323281 -0.432678
v -0.051136 2.323281 -0.432678
v -0.051136 2.327281 -0.432678
v -0.057088 2.327281 -0.432678
v -0.057088 2.323281 -0.432678
v -0.051136 2.327281 -0.432678
v -0.057088 2.327281 -0.432678
v -0.057088 2.327281 -0.465547
v -0.057088 2.323281 -0.432678
v -0.057088 2.327281 -0.465547
v -0.057088 2.323281 -0.465547
v -0.057088 2.323281 -0.432678
v -0.057088 2.327281 -0.465547
v -0.051136 2.327281 -0.465547
v -0.057088 2.323281 -0.465547
v -0.051136 2.327281 -0.465547
v -0.051136 2.323281 -0.465547
v -0.057088 2.323281 -0.465547
v -0.302005 2.347374 0.175517
v -0.303783 2.342907 0.178298
v -0.277172 2.347374 0.212682
v -0.303783 2.342907 0.178298
v -0.277172 2.343374 0.212682
v -0.277172 2.347374 0.212682
v -0.277172 2.343374 0.212682
v -0.247041 2.343374 0.247041
v -0.277172 2.347374 0.212682
v -0.247041 2.343374 0.247041
v -0.247041 2.347374 0.247041
v -0.277172 2.347374 0.212682
v -0.247041 2.347374 0.247041
v -0.247041 2.343374 0.247041
v -0.212682 2.347374 0.277172
v -0.247041 2.343374 0.247041
v -0.212682 2.343374 0.277172
v -0.212682 2.347374 0.277172
v -0.212682 2.347374 0.277172
v -0.212682 2.343374 0.277172
v -0.174684 2.347374 0.302562
v -0.212682 2.343374 0.277172
v -0.174684 2.343374 0.302562
v -0.174684 2.347374 0.302562
v -0.174684 2.347374 0.302562
v -0.174684 2.343374 0.302562
v -0.133698 2.343374 0.322774
v -0.133698 2.347374 0.322774
v -0.174684 2.347374 0.302562
v -0.133698 2.343374 0.322774
v -0.133698 2.343374 0.322774
v -0.094352 2.342907 0.339514
v -0.133698 2.347374 0.322774
v -0.094352 2.342907 0.339514
v -0.092574 2.347374 0.336734
v -0.133698 2.347374 0.322774
v -0.085131 2.266510 -0.381494
v -0.089118 2.266510 -0.381494
v -0.085087 2.312836 -0.381494
v -0.089118 2.266510 -0.381494
v -0.087895 2.322714 -0.381494
v -0.085087 2.312836 -0.381494
v -0.087895 2.322714 -0.381494
v -0.084552 2.326057 -0.381494
v -0.085087 2.312836 -0.381494
v -0.084552 2.326057 -0.381494
v -0.074097 2.323250 -0.381494
v -0.085087 2.312836 -0.381494
v -0.084552 2.326057 -0.381494
v -0.051136 2.327281 -0.381494
v -0.074097 2.323250 -0.381494
v -0.051136 2.327281 -0.381494
v -0.051136 2.323281 -0.381494
v -0.074097 2.323250 -0.381494
v -0.155163 2.297380 0.432201
v -0.121125 2.296011 0.448190
v -0.131330 2.322618 0.386333
v -0.121125 2.296011 0.448190
v -0.114773 2.336351 0.363050
v -0.131330 2.322618 0.386333
v -0.114773 2.336351 0.363050
v -0.118338 2.336594 0.361329
v -0.131330 2.322618 0.386333
v 0.053231 2.323281 -0.465547
v 0.053231 2.327281 -0.465547
v 0.059183 2.323281 -0.465547
v 0.053231 2.327281 -0.465547
v 0.059183 2.327281 -0.465547
v 0.059183 2.323281 -0.465547
v 0.059183 2.323281 -0.465547
v 0.059183 2.327281 -0.465547
v 0.059183 2.323281 -0.432678
v 0.059183 2.327281 -0.465547
v 0.059183 2.327281 -0.432678
v 0.059183 2.323281 -0.432678
v 0.059183 2.323281 -0.432678
v 0.059183 2.327281 -0.432678
v 0.053231 2.327281 -0.432678
v 0.053231 2.323281 -0.432678
v 0.059183 2.323281 -0.432678
v 0.053231 2.327281 -0.432678
v -0.175009 2.298413 0.422446
v -0.155163 2.297380 0.432201
v -0.155886 2.300654 0.433592
v -0.175641 2.301965 0.424035
v -0.175009 2.298413 0.422446
v -0.155886 2.300654 0.433592
v -0.175641 2.301965 0.424035
v -0.228972 2.302462 0.396592
v -0.175009 2.298413 0.422446
v -0.228972 2.302462 0.396592
v -0.228112 2.298873 0.395102
v -0.175009 2.298413 0.422446
v -0.228972 2.302462 0.396592
v -0.260257 2.300922 0.379505
v -0.228112 2.298873 0.395102
v -0.260257 2.300922 0.379505
v -0.259461 2.297318 0.377974
v -0.228112 2.298873 0.395102
v 0.053231 2.323281 -0.381494
v 0.053231 2.327281 -0.381494
v 0.076192 2.323250 -0.381494
v 0.053231 2.327281 -0.381494
v 0.086647 2.326057 -0.381494
v 0.076192 2.323250 -0.381494
v 0.087183 2.312836 -0.381494
v 0.076192 2.323250 -0.381494
v 0.086647 2.326057 -0.381494
v 0.089990 2.322714 -0.381494
v 0.087183 2.312836 -0.381494
v 0.086647 2.326057 -0.381494
v 0.089990 2.322714 -0.381494
v 0.091214 2.266510 -0.381494
v 0.087183 2.312836 -0.381494
v 0.091214 2.266510 -0.381494
v 0.087227 2.266510 -0.381494
v 0.087183 2.312836 -0.381494
v -0.118338 2.336594 0.361329
v -0.118898 2.339132 0.362407
v -0.131330 2.322618 0.386333
v -0.118898 2.339132 0.362407
v -0.155886 2.300654 0.433592
v -0.131330 2.322618 0.386333
v -0.155886 2.300654 0.433592
v -0.155163 2.297380 0.432201
v -0.131330 2.322618 0.386333
v 0.068072 2.237688 -0.416193
v 0.068072 2.303468 -0.416193
v 0.068072 2.237688 -0.453868
v 0.068072 2.303468 -0.416193
v 0.068072 2.303468 -0.453868
v 0.068072 2.237688 -0.453868
v 0.068072 2.237688 -0.453868
v 0.068072 2.303468 -0.453868
v 0.068072 2.270704 -0.504775
v 0.068072 2.237688 -0.493918
v 0.068072 2.237688 -0.453868
v 0.068072 2.270704 -0.504775
v 0.068072 2.240839 -0.503616
v 0.068072 2.237688 -0.493918
v 0.068072 2.270704 -0.504775
v 0.068072 2.249089 -0.509610
v 0.068072 2.240839 -0.503616
v 0.068072 2.270704 -0.504775
v 0.068072 2.260067 -0.509770
v 0.068072 2.249089 -0.509610
v 0.068072 2.270704 -0.504775
v 0.048072 2.303468 -0.348470
v 0.039646 2.303468 -0.350297
v 0.048072 2.303468 -0.365167
v 0.039646 2.303468 -0.350297
v 0.039646 2.303468 -0.365167
v 0.048072 2.303468 -0.365167
v 0.039646 2.303468 -0.365167
v 0.059646 2.303468 -0.416193
v 0.048072 2.303468 -0.365167
v 0.059646 2.303468 -0.416193
v 0.068072 2.303468 -0.416193
v 0.048072 2.303468 -0.365167
v 0.059646 2.303468 -0.416193
v 0.059646 2.303468 -0.453868
v 0.068072 2.303468 -0.416193
v 0.059646 2.303468 -0.453868
v 0.068072 2.303468 -0.453868
v 0.068072 2.303468 -0.416193
v -0.367423 2.342232 0.001000
v -0.375744 2.342232 0.001000
v -0.368808 2.341301 0.008070
v -0.375744 2.342232 0.001000
v -0.377203 2.341301 0.008070
v -0.368808 2.341301 0.008070
v -0.374546 2.338186 0.015590
v -0.368808 2.341301 0.008070
v -0.377203 2.341301 0.008070
v -0.383143 2.338186 0.015590
v -0.374546 2.338186 0.015590
v -0.377203 2.341301 0.008070
v -0.384080 2.333231 0.022047
v -0.374546 2.338186 0.015590
v -0.383143 2.338186 0.015590
v -0.392905 2.333231 0.022047
v -0.384080 2.333231 0.022047
v -0.383143 2.338186 0.015590
v -0.384080 2.333231 0.022047
v -0.392905 2.333231 0.022047
v -0.400309 2.324983 0.027744
v -0.392905 2.333231 0.022047
v -0.402234 2.328564 0.025628
v -0.400309 2.324983 0.027744
v 0.059646 2.303468 -0.453868
v 0.059646 2.303468 -0.416193
v 0.059646 2.237688 -0.416193
v 0.059646 2.237688 -0.453868
v 0.059646 2.303468 -0.453868
v 0.059646 2.237688 -0.416193
v 0.059646 2.303468 -0.453868
v 0.059646 2.237688 -0.453868
v 0.059646 2.270704 -0.504775
v 0.059646 2.237688 -0.453868
v 0.059646 2.237688 -0.493918
v 0.059646 2.270704 -0.504775
v 0.059646 2.237688 -0.493918
v 0.059646 2.240839 -0.503616
v 0.059646 2.270704 -0.504775
v 0.059646 2.240839 -0.503616
v 0.059646 2.249089 -0.509610
v 0.059646 2.270704 -0.504775
v 0.059646 2.249089 -0.509610
v 0.059646 2.260067 -0.509770
v 0.059646 2.270704 -0.504775
v -0.249768 2.235334 0.243584
v -0.249768 2.282299 0.243583
v -0.256839 2.282299 0.250655
v -0.256839 2.282299 0.250655
v -0.326230 2.243517 0.320045
v -0.249768 2.235334 0.243584
v -0.326230 2.243517 0.320045
v -0.326230 2.188370 0.320046
v -0.249768 2.235334 0.243584
v -0.162835 2.188370 0.156651
v -0.249768 2.235334 0.243584
v -0.326230 2.188370 0.320046
v -0.162835 2.235334 0.156651
v -0.249768 2.235334 0.243584
v -0.162835 2.188370 0.156651
v -0.065977 2.303468 -0.453868
v -0.057551 2.303468 -0.453868
v -0.065977 2.303468 -0.416193
v -0.057551 2.303468 -0.453868
v -0.057551 2.303468 -0.416193
v -0.065977 2.303468 -0.416193
v -0.065977 2.303468 -0.416193
v -0.057551 2.303468 -0.416193
v -0.045977 2.303468 -0.365167
v -0.057551 2.303468 -0.416193
v -0.037551 2.303468 -0.365167
v -0.045977 2.303468 -0.365167
v -0.045977 2.303468 -0.365167
v -0.037551 2.303468 -0.365167
v -0.037551 2.303468 -0.350297
v -0.045977 2.303468 -0.348470
v -0.045977 2.303468 -0.365167
v -0.037551 2.303468 -0.350297
v -0.157000 2.235334 0.162486
v -0.157000 2.188370 0.162486
v -0.243933 2.235334 0.249419
v -0.157000 2.188370 0.162486
v -0.320395 2.188370 0.325881
v -0.243933 2.235334 0.249419
v -0.243933 2.235334 0.249419
v -0.320395 2.188370 0.325881
v -0.320395 2.243517 0.325881
v -0.251004 2.282299 0.256490
v -0.243933 2.235334 0.249419
v -0.320395 2.243517 0.325881
v -0.243933 2.282299 0.249419
v -0.243933 2.235334 0.249419
v -0.251004 2.282299 0.256490
v -0.065977 2.240839 -0.503616
v -0.065977 2.237688 -0.493918
v -0.057551 2.237688 -0.493918
v -0.057551 2.240839 -0.503616
v -0.065977 2.240839 -0.503616
v -0.057551 2.237688 -0.493918
v -0.065977 2.249089 -0.509610
v -0.065977 2.240839 -0.503616
v -0.057551 2.240839 -0.503616
v -0.057551 2.249089 -0.509610
v -0.065977 2.249089 -0.509610
v -0.057551 2.240839 -0.503616
v -0.057551 2.249089 -0.509610
v -0.057551 2.260067 -0.509770
v -0.065977 2.249089 -0.509610
v -0.057551 2.260067 -0.509770
v -0.065977 2.260067 -0.509770
v -0.065977 2.249089 -0.509610
v -0.065977 2.260067 -0.509770
v -0.057551 2.260067 -0.509770
v -0.057551 2.270704 -0.504775
v -0.065977 2.270704 -0.504775
v -0.065977 2.260067 -0.509770
v -0.057551 2.270704 -0.504775
v -0.065977 2.270704 -0.504775
v -0.057551 2.270704 -0.504775
v -0.057551 2.303468 -0.453868
v -0.065977 2.303468 -0.453868
v -0.065977 2.270704 -0.504775
v -0.057551 2.303468 -0.453868
v 0.428046 2.277458 0.177027
v 0.421941 2.277458 0.174498
v 0.447529 2.277458 0.119632
v 0.421941 2.277458 0.174498
v 0.441146 2.277458 0.117921
v 0.447529 2.277458 0.119632
v 0.441146 2.277458 0.117921
v 0.452802 2.277458 0.059322
v 0.447529 2.277458 0.119632
v 0.452802 2.277458 0.059322
v 0.459354 2.277458 0.060184
v 0.447529 2.277458 0.119632
v 0.459354 2.277458 0.060184
v 0.452802 2.277458 0.059322
v 0.463318 2.277458 -0.000297
v 0.452802 2.277458 0.059322
v 0.456710 2.277458 -0.000297
v 0.463318 2.277458 -0.000297
v 0.000297 2.277458 0.463318
v 0.000297 2.277458 0.456710
v 0.060779 2.277458 0.459354
v 0.000297 2.277458 0.456710
v 0.059917 2.277458 0.452802
v 0.060779 2.277458 0.459354
v 0.060779 2.277458 0.459354
v 0.059917 2.277458 0.452802
v 0.120226 2.277458 0.447529
v 0.059917 2.277458 0.452802
v 0.118516 2.277458 0.441146
v 0.120226 2.277458 0.447529
v 0.120226 2.277458 0.447529
v 0.118516 2.277458 0.441146
v 0.175093 2.277458 0.421941
v 0.177621 2.277458 0.428046
v 0.120226 2.277458 0.447529
v 0.175093 2.277458 0.421941
v 0.177621 2.277458 0.428046
v 0.175093 2.277458 0.421941
v 0.228678 2.277458 0.395516
v 0.231982 2.277458 0.401239
v 0.177621 2.277458 0.428046
v 0.228678 2.277458 0.395516
v 0.231982 2.277458 0.401239
v 0.228678 2.277458 0.395516
v 0.278356 2.277458 0.362322
v 0.282379 2.277458 0.367565
v 0.231982 2.277458 0.401239
v 0.278356 2.277458 0.362322
v 0.282379 2.277458 0.367565
v 0.278356 2.277458 0.362322
v 0.327775 2.277458 0.327478
v 0.278356 2.277458 0.362322
v 0.323102 2.277458 0.322805
v 0.327775 2.277458 0.327478
v 0.327775 2.277458 0.327478
v 0.323102 2.277458 0.322805
v 0.367565 2.277458 0.281784
v 0.323102 2.277458 0.322805
v 0.362322 2.277458 0.277761
v 0.367565 2.277458 0.281784
v 0.367565 2.277458 0.281784
v 0.362322 2.277458 0.277761
v 0.401239 2.277458 0.231387
v 0.362322 2.277458 0.277761
v 0.395516 2.277458 0.228083
v 0.401239 2.277458 0.231387
v 0.401239 2.277458 0.231387
v 0.395516 2.277458 0.228083
v 0.428046 2.277458 0.177027
v 0.395516 2.277458 0.228083
v 0.421941 2.277458 0.174498
v 0.428046 2.277458 0.177027
v -0.421941 2.188370 0.175093
v -0.421941 2.277458 0.175093
v -0.441146 2.188370 0.118516
v -0.421941 2.277458 0.175093
v -0.441146 2.277458 0.118516
v -0.441146 2.188370 0.118516
v -0.441146 2.188370 0.118516
v -0.441146 2.277458 0.118516
v -0.452802 2.188369 0.059917
v -0.441146 2.277458 0.118516
v -0.452802 2.277458 0.059917
v -0.452802 2.188369 0.059917
v -0.452802 2.188369 0.059917
v -0.452802 2.277458 0.059917
v -0.456710 2.188369 0.000297
v -0.452802 2.277458 0.059917
v -0.456710 2.277458 0.000297
v -0.456710 2.188369 0.000297
v 0.000297 2.188370 0.456710
v 0.000297 2.277458 0.456710
v -0.059322 2.188370 0.452802
v 0.000297 2.277458 0.456710
v -0.059322 2.277458 0.452802
v -0.059322 2.188370 0.452802
v -0.059322 2.277458 0.452802
v -0.117921 2.277458 0.441146
v -0.059322 2.188370 0.452802
v -0.117921 2.277458 0.441146
v -0.117921 2.188370 0.441146
v -0.059322 2.188370 0.452802
v -0.117921 2.188370 0.441146
v -0.117921 2.277458 0.441146
v -0.174498 2.188370 0.421941
v -0.117921 2.277458 0.441146
v -0.174498 2.277458 0.421941
v -0.174498 2.188370 0.421941
v -0.174498 2.188370 0.421941
v -0.174498 2.277458 0.421941
v -0.228083 2.188370 0.395516
v -0.174498 2.277458 0.421941
v -0.228083 2.277458 0.395516
v -0.228083 2.188370 0.395516
v -0.228083 2.188370 0.395516
v -0.228083 2.277458 0.395516
v -0.277761 2.188370 0.362322
v -0.228083 2.277458 0.395516
v -0.277761 2.277458 0.362322
v -0.277761 2.188370 0.362322
v -0.277761 2.277458 0.362322
v -0.322805 2.277458 0.323102
v -0.277761 2.188370 0.362322
v -0.322805 2.277458 0.323102
v -0.322805 2.188370 0.323102
v -0.277761 2.188370 0.362322
v -0.322805 2.188370 0.323102
v -0.322805 2.277458 0.323102
v -0.362322 2.277458 0.278356
v -0.362322 2.188370 0.278356
v -0.322805 2.188370 0.323102
v -0.362322 2.277458 0.278356
v -0.362322 2.188370 0.278356
v -0.362322 2.277458 0.278356
v -0.395516 2.188370 0.228678
v -0.362322 2.277458 0.278356
v -0.395516 2.277458 0.228678
v -0.395516 2.188370 0.228678
v -0.395516 2.188370 0.228678
v -0.395516 2.277458 0.228678
v -0.421941 2.188370 0.175093
v -0.395516 2.277458 0.228678
v -0.421941 2.277458 0.175093
v -0.421941 2.188370 0.175093
v -0.057551 2.260067 -0.509770
v -0.057551 2.249089 -0.509610
v -0.057551 2.270704 -0.504775
v -0.057551 2.249089 -0.509610
v -0.057551 2.240839 -0.503616
v -0.057551 2.270704 -0.504775
v -0.057551 2.240839 -0.503616
v -0.057551 2.237688 -0.493918
v -0.057551 2.270704 -0.504775
v -0.057551 2.237688 -0.493918
v -0.057551 2.237688 -0.453868
v -0.057551 2.270704 -0.504775
v -0.057551 2.237688 -0.453868
v -0.057551 2.303468 -0.453868
v -0.057551 2.270704 -0.504775
v -0.057551 2.303468 -0.453868
v -0.057551 2.237688 -0.453868
v -0.057551 2.237688 -0.416193
v -0.057551 2.303468 -0.416193
v -0.057551 2.303468 -0.453868
v -0.057551 2.237688 -0.416193
v -0.000297 2.188369 -0.456710
v -0.000297 2.277458 -0.456710
v 0.059322 2.188369 -0.452802
v -0.000297 2.277458 -0.456710
v 0.059322 2.277458 -0.452802
v 0.059322 2.188369 -0.452802
v 0.059322 2.277458 -0.452802
v 0.117921 2.277458 -0.441146
v 0.059322 2.188369 -0.452802
v 0.117921 2.277458 -0.441146
v 0.117921 2.188369 -0.441146
v 0.059322 2.188369 -0.452802
v 0.117921 2.188369 -0.441146
v 0.117921 2.277458 -0.441146
v 0.174498 2.188369 -0.421941
v 0.117921 2.277458 -0.441146
v 0.174498 2.277458 -0.421941
v 0.174498 2.188369 -0.421941
v 0.174498 2.188369 -0.421941
v 0.174498 2.277458 -0.421941
v 0.228083 2.188369 -0.395516
v 0.174498 2.277458 -0.421941
v 0.228083 2.277458 -0.395516
v 0.228083 2.188369 -0.395516
v 0.228083 2.188369 -0.395516
v 0.228083 2.277458 -0.395516
v 0.277761 2.188369 -0.362322
v 0.228083 2.277458 -0.395516
v 0.277761 2.277458 -0.362322
v 0.277761 2.188369 -0.362322
v 0.277761 2.277458 -0.362322
v 0.322805 2.277458 -0.323102
v 0.277761 2.188369 -0.362322
v 0.322805 2.277458 -0.323102
v 0.322805 2.188369 -0.323102
v 0.277761 2.188369 -0.362322
v -0.052465 2.270388 -0.570967
v -0.058477 2.270388 -0.570967
v -0.052465 2.254564 -0.598800
v -0.058477 2.270388 -0.570967
v -0.058477 2.254564 -0.598800
v -0.052465 2.254564 -0.598800
v -0.058477 2.254564 -0.598800
v -0.058477 2.248747 -0.601532
v -0.052465 2.254564 -0.598800
v -0.058477 2.248747 -0.601532
v -0.052465 2.248747 -0.601532
v -0.052465 2.254564 -0.598800
v -0.052465 2.248747 -0.601532
v -0.058477 2.248747 -0.601532
v -0.052465 2.242744 -0.601444
v -0.058477 2.248747 -0.601532
v -0.058477 2.242744 -0.601444
v -0.052465 2.242744 -0.601444
v -0.058477 2.242744 -0.601444
v -0.058477 2.238233 -0.598167
v -0.052465 2.242744 -0.601444
v -0.058477 2.238233 -0.598167
v -0.052465 2.238233 -0.598167
v -0.052465 2.242744 -0.601444
v -0.058477 2.238233 -0.598167
v -0.058477 2.236510 -0.592865
v -0.052465 2.238233 -0.598167
v -0.058477 2.236510 -0.592865
v -0.052465 2.236510 -0.592865
v -0.052465 2.238233 -0.598167
v 0.327478 2.277458 -0.327775
v 0.322805 2.277458 -0.323102
v 0.281784 2.277458 -0.367565
v 0.322805 2.277458 -0.323102
v 0.277761 2.277458 -0.362322
v 0.281784 2.277458 -0.367565
v 0.277761 2.277458 -0.362322
v 0.228083 2.277458 -0.395516
v 0.281784 2.277458 -0.367565
v 0.228083 2.277458 -0.395516
v 0.231388 2.277458 -0.401239
v 0.281784 2.277458 -0.367565
v 0.228083 2.277458 -0.395516
v 0.174498 2.277458 -0.421941
v 0.231388 2.277458 -0.401239
v 0.174498 2.277458 -0.421941
v 0.177027 2.277458 -0.428046
v 0.231388 2.277458 -0.401239
v 0.174498 2.277458 -0.421941
v 0.117921 2.277458 -0.441146
v 0.177027 2.277458 -0.428046
v 0.117921 2.277458 -0.441146
v 0.119632 2.277458 -0.447529
v 0.177027 2.277458 -0.428046
v 0.117921 2.277458 -0.441146
v 0.059322 2.277458 -0.452802
v 0.119632 2.277458 -0.447529
v 0.059322 2.277458 -0.452802
v 0.060184 2.277458 -0.459354
v 0.119632 2.277458 -0.447529
v 0.059322 2.277458 -0.452802
v -0.000297 2.277458 -0.456710
v 0.060184 2.277458 -0.459354
v -0.000297 2.277458 -0.456710
v -0.000297 2.277458 -0.463318
v 0.060184 2.277458 -0.459354
v -0.058477 2.270388 -0.570967
v -0.052465 2.270388 -0.570967
v -0.058477 2.270388 -0.559296
v -0.052465 2.270388 -0.570967
v -0.052465 2.270388 -0.559296
v -0.058477 2.270388 -0.559296
v -0.058477 2.266498 -0.555406
v -0.058477 2.270388 -0.559296
v -0.052465 2.270388 -0.559296
v -0.052465 2.266498 -0.555406
v -0.058477 2.266498 -0.555406
v -0.052465 2.270388 -0.559296
v -0.058477 2.266498 -0.555406
v -0.052465 2.266498 -0.555406
v -0.058477 2.236510 -0.555406
v -0.052465 2.266498 -0.555406
v -0.052465 2.236510 -0.555406
v -0.058477 2.236510 -0.555406
v -0.058477 2.238233 -0.598167
v -0.058477 2.242744 -0.601444
v -0.058477 2.236510 -0.592865
v -0.058477 2.242744 -0.601444
v -0.058477 2.248747 -0.601532
v -0.058477 2.236510 -0.592865
v -0.058477 2.248747 -0.601532
v -0.058477 2.254564 -0.598800
v -0.058477 2.236510 -0.592865
v -0.058477 2.254564 -0.598800
v -0.058477 2.270388 -0.570967
v -0.058477 2.236510 -0.592865
v -0.058477 2.270388 -0.570967
v -0.058477 2.270388 -0.559296
v -0.058477 2.236510 -0.592865
v -0.058477 2.270388 -0.559296
v -0.058477 2.266498 -0.555406
v -0.058477 2.236510 -0.592865
v -0.058477 2.266498 -0.555406
v -0.058477 2.236510 -0.555406
v -0.058477 2.236510 -0.592865
v 0.033498 2.319725 0.343383
v 0.033498 2.319725 0.351338
v 0.023656 2.273193 0.344028
v 0.033498 2.319725 0.351338
v 0.023656 2.273193 0.351983
v 0.023656 2.273193 0.344028
v 0.023656 2.273193 0.344028
v 0.023656 2.273193 0.351983
v -0.000052 2.263351 0.345586
v 0.023656 2.273193 0.351983
v -0.000051 2.263351 0.353540
v -0.000052 2.263351 0.345586
v -0.343383 2.319725 0.033498
v -0.351338 2.319725 0.033498
v -0.344028 2.273192 0.023656
v -0.351338 2.319725 0.033498
v -0.351983 2.273192 0.023656
v -0.344028 2.273192 0.023656
v -0.344028 2.273192 0.023656
v -0.351983 2.273192 0.023656
v -0.345586 2.263351 -0.000052
v -0.351983 2.273192 0.023656
v -0.353540 2.263351 -0.000052
v -0.345586 2.263351 -0.000052
v 0.045005 2.319725 0.342629
v 0.033498 2.319725 0.343383
v 0.023656 2.273193 0.344028
v -0.000052 2.263351 0.345586
v -0.000052 2.220778 0.345586
v 0.023656 2.273193 0.344028
v -0.000052 2.220778 0.345586
v 0.045005 2.220778 0.342629
v 0.023656 2.273193 0.344028
v 0.045005 2.220778 0.342629
v 0.045005 2.319725 0.342629
v 0.023656 2.273193 0.344028
v 0.045005 2.220778 0.342629
v 0.089341 2.220778 0.333810
v 0.045005 2.319725 0.342629
v 0.089341 2.220778 0.333810
v 0.089341 2.319725 0.333810
v 0.045005 2.319725 0.342629
v 0.132147 2.319725 0.319280
v 0.089341 2.319725 0.333810
v 0.089341 2.220778 0.333810
v 0.132147 2.220778 0.319280
v 0.132147 2.319725 0.319280
v 0.089341 2.220778 0.333810
v 0.132147 2.220778 0.319280
v 0.172690 2.220778 0.299286
v 0.132147 2.319725 0.319280
v 0.172690 2.220778 0.299286
v 0.172690 2.319725 0.299286
v 0.132147 2.319725 0.319280
v 0.172690 2.220778 0.299286
v 0.210276 2.220778 0.274172
v 0.172690 2.319725 0.299286
v 0.210276 2.220778 0.274172
v 0.210276 2.319725 0.274172
v 0.172690 2.319725 0.299286
v 0.210276 2.220778 0.274172
v 0.244314 2.220778 0.244366
v 0.210276 2.319725 0.274172
v 0.244314 2.220778 0.244366
v 0.244314 2.319725 0.244366
v 0.210276 2.319725 0.274172
v 0.244314 2.319725 0.244366
v 0.244314 2.220778 0.244366
v 0.274172 2.220778 0.210379
v 0.274172 2.319725 0.210379
v 0.244314 2.319725 0.244366
v 0.274172 2.220778 0.210379
v 0.274172 2.319725 0.210379
v 0.274172 2.220778 0.210379
v 0.299286 2.220778 0.172793
v 0.299286 2.319725 0.172793
v 0.274172 2.319725 0.210379
v 0.299286 2.220778 0.172793
v 0.299286 2.319725 0.172793
v 0.299286 2.220778 0.172793
v 0.319279 2.220778 0.132250
v 0.319280 2.319725 0.132250
v 0.299286 2.319725 0.172793
v 0.319279 2.220778 0.132250
v 0.319280 2.319725 0.132250
v 0.319279 2.220778 0.132250
v 0.333810 2.220778 0.089444
v 0.333810 2.319725 0.089444
v 0.319280 2.319725 0.132250
v 0.333810 2.220778 0.089444
v 0.342629 2.319725 0.045108
v 0.333810 2.319725 0.089444
v 0.333810 2.220778 0.089444
v 0.342629 2.220778 0.045108
v 0.342629 2.319725 0.045108
v 0.333810 2.220778 0.089444
v 0.342629 2.319725 0.045108
v 0.342629 2.220778 0.045108
v 0.344028 2.273192 0.023759
v 0.342629 2.220778 0.045108
v 0.345586 2.220778 0.000052
v 0.344028 2.273192 0.023759
v 0.345586 2.220778 0.000052
v 0.345586 2.263351 0.000052
v 0.344028 2.273192 0.023759
v 0.343383 2.319725 0.033601
v 0.342629 2.319725 0.045108
v 0.344028 2.273192 0.023759
v -0.052465 2.236510 -0.555406
v -0.052465 2.266498 -0.555406
v -0.052465 2.236510 -0.592865
v -0.052465 2.266498 -0.555406
v -0.052465 2.270388 -0.559296
v -0.052465 2.236510 -0.592865
v -0.052465 2.270388 -0.559296
v -0.052465 2.270388 -0.570967
v -0.052465 2.236510 -0.592865
v -0.052465 2.270388 -0.570967
v -0.052465 2.254564 -0.598800
v -0.052465 2.236510 -0.592865
v -0.052465 2.254564 -0.598800
v -0.052465 2.248747 -0.601532
v -0.052465 2.236510 -0.592865
v -0.052465 2.248747 -0.601532
v -0.052465 2.242744 -0.601444
v -0.052465 2.236510 -0.592865
v -0.052465 2.242744 -0.601444
v -0.052465 2.238233 -0.598167
v -0.052465 2.236510 -0.592865
v 0.343383 2.319725 -0.033498
v 0.351338 2.319725 -0.033498
v 0.344028 2.273192 -0.023656
v 0.351338 2.319725 -0.033498
v 0.351983 2.273192 -0.023656
v 0.344028 2.273192 -0.023656
v 0.344028 2.273192 -0.023656
v 0.351983 2.273192 -0.023656
v 0.345586 2.263351 0.000052
v 0.351983 2.273192 -0.023656
v 0.353540 2.263351 0.000051
v 0.345586 2.263351 0.000052
v -0.060488 2.310442 0.451764
v 0.060488 2.310442 0.451764
v -0.060488 2.316999 0.445207
v 0.060488 2.310442 0.451764
v 0.060488 2.316999 0.445207
v -0.060488 2.316999 0.445207
v -0.060488 2.316999 0.445207
v 0.060488 2.316999 0.445207
v -0.060488 2.323555 0.451764
v 0.060488 2.316999 0.445207
v 0.060488 2.323555 0.451764
v -0.060488 2.323555 0.451764
v -0.060488 2.323555 0.451764
v 0.060488 2.323555 0.451764
v -0.060488 2.316999 0.458321
v 0.060488 2.323555 0.451764
v 0.060488 2.316999 0.458321
v -0.060488 2.316999 0.458321
v -0.060488 2.316999 0.458321
v 0.060488 2.316999 0.458321
v -0.060488 2.310442 0.451764
v 0.060488 2.316999 0.458321
v 0.060488 2.310442 0.451764
v -0.060488 2.310442 0.451764
v -0.049940 2.285175 0.414584
v -0.049940 2.288787 0.465430
v -0.049940 2.325624 0.433811
v -0.049940 2.288787 0.465430
v -0.049940 2.325515 0.464704
v -0.049940 2.325624 0.433811
v -0.049940 2.325515 0.464704
v -0.049940 2.332280 0.459344
v -0.049940 2.325624 0.433811
v -0.049940 2.332280 0.459344
v -0.049940 2.334603 0.451029
v -0.049940 2.325624 0.433811
v -0.049940 2.334603 0.451029
v -0.049940 2.332034 0.441418
v -0.049940 2.325624 0.433811
v -0.338150 2.235334 -0.086646
v -0.219398 2.235334 -0.054827
v -0.219398 2.188369 -0.054827
v -0.338150 2.235334 -0.086646
v -0.219398 2.188369 -0.054827
v -0.442599 2.188369 -0.114633
v -0.442599 2.188369 -0.114633
v -0.442599 2.243517 -0.114633
v -0.338150 2.235334 -0.086646
v -0.442599 2.243517 -0.114633
v -0.338150 2.282299 -0.086646
v -0.338150 2.235334 -0.086646
v -0.057412 2.332034 0.441418
v -0.057412 2.334603 0.451029
v -0.057412 2.325624 0.433811
v -0.057412 2.334603 0.451029
v -0.057412 2.332280 0.459344
v -0.057412 2.325624 0.433811
v -0.057412 2.332280 0.459344
v -0.057412 2.325515 0.464704
v -0.057412 2.325624 0.433811
v -0.057412 2.325515 0.464704
v -0.057412 2.288787 0.465430
v -0.057412 2.325624 0.433811
v -0.057412 2.288787 0.465430
v -0.057412 2.285175 0.414584
v -0.057412 2.325624 0.433811
v -0.049940 2.288787 0.465430
v -0.057412 2.288787 0.465430
v -0.049940 2.325515 0.464704
v -0.057412 2.288787 0.465430
v -0.057412 2.325515 0.464704
v -0.049940 2.325515 0.464704
v -0.049940 2.325515 0.464704
v -0.057412 2.325515 0.464704
v -0.057412 2.332280 0.459344
v -0.049940 2.332280 0.459344
v -0.049940 2.325515 0.464704
v -0.057412 2.332280 0.459344
v -0.049940 2.332280 0.459344
v -0.057412 2.332280 0.459344
v -0.049940 2.334603 0.451029
v -0.057412 2.332280 0.459344
v -0.057412 2.334603 0.451029
v -0.049940 2.334603 0.451029
v -0.049940 2.334603 0.451029
v -0.057412 2.334603 0.451029
v -0.049940 2.332034 0.441418
v -0.057412 2.334603 0.451029
v -0.057412 2.332034 0.441418
v -0.049940 2.332034 0.441418
v -0.049940 2.332034 0.441418
v -0.057412 2.332034 0.441418
v -0.057412 2.325624 0.433811
v -0.049940 2.325624 0.433811
v -0.049940 2.332034 0.441418
v -0.057412 2.325624 0.433811
v -0.049940 2.325624 0.433811
v -0.057412 2.325624 0.433811
v -0.057412 2.285175 0.414584
v -0.049940 2.285175 0.414584
v -0.049940 2.325624 0.433811
v -0.057412 2.285175 0.414584
vn -0.0032 -0.0784 -0.9969
vn -0.0000 -0.0000 -1.0000
vn -0.0033 -0.0784 -0.9969
vn -0.0385 0.9993 0.0001
vn -0.0000 1.0000 -0.0000
vn -0.0383 0.9993 -0.0012
vn -0.0384 0.9993 0.0001
vn -0.0227 0.9993 -0.0310
vn -0.0215 0.9993 -0.0317
vn -0.0225 0.9993 0.0312
vn 0.0120 0.9993 0.0366
vn 0.0120 0.9993 0.0365
vn 0.0109 0.9993 0.0367
vn 0.0366 0.9993 0.0117
vn 0.0367 0.9993 0.0115
vn 0.0310 0.9993 -0.0227
vn 0.0311 0.9993 -0.0227
vn 0.0317 0.9993 -0.0215
vn -0.8467 0.5157 -0.1312
vn -0.8635 0.5034 -0.0309
vn -0.8467 0.5157 -0.1313
vn -0.8157 0.5157 -0.2621
vn -0.7647 0.5157 -0.3865
vn -0.6740 0.5275 -0.5171
vn -0.6740 0.5275 -0.5172
vn -0.6078 0.5157 -0.6038
vn -0.5172 0.5275 -0.6740
vn -0.6078 0.5157 -0.6039
vn -0.3914 0.5157 -0.7621
vn -0.2674 0.5157 -0.8140
vn -0.1368 0.5157 -0.8458
vn -0.0365 0.5034 -0.8633
vn 0.0308 0.5034 -0.8635
vn 0.0033 -0.0784 0.9969
vn -0.0000 -0.0000 1.0000
vn -0.9969 0.0784 0.0033
vn -1.0000 -0.0000 -0.0000
vn -0.9969 0.0784 0.0032
vn 0.0023 0.7082 0.7060
vn 0.7065 0.7077 -0.0023
vn 1.0000 -0.0000 -0.0000
vn 0.7065 0.7077 -0.0022
vn -0.7059 0.7083 0.0023
vn -0.0023 0.7058 -0.7084
vn 0.9969 0.0784 -0.0033
vn -0.0033 0.0784 -0.9969
vn -0.0000 -0.0001 -1.0000
vn -0.0033 0.0785 -0.9969
vn 0.9969 -0.0784 -0.0033
vn 0.9969 -0.0784 -0.0032
vn 0.0033 0.0784 0.9969
vn 0.0032 0.0784 0.9969
vn -0.0022 0.7058 -0.7084
vn -0.9969 -0.0784 0.0032
vn -0.9969 -0.0784 0.0033
vn 0.0024 0.7082 0.7060
vn -0.0000 -1.0000 -0.0000
vn -0.9521 -0.0000 -0.3059
vn -0.9884 -0.0000 -0.1522
vn -0.9884 -0.0000 -0.1521
vn -0.9873 -0.0000 0.1586
vn -0.9500 -0.0000 0.3121
vn -0.8895 -0.0000 0.4569
vn -0.8071 -0.0000 0.5904
vn -0.7071 -0.0000 0.7071
vn -0.5852 -0.0000 0.8109
vn -0.5851 -0.0000 0.8109
vn -0.4511 -0.0000 0.8925
vn -0.3059 -0.0000 0.9521
vn -0.1521 -0.0000 0.9884
vn -0.1520 -0.0000 0.9884
vn 0.9874 -0.0000 -0.1581
vn 0.9500 -0.0000 -0.3121
vn 0.8895 -0.0000 -0.4569
vn 0.8071 -0.0000 -0.5904
vn 0.7071 -0.0000 -0.7071
vn 0.5852 -0.0000 -0.8109
vn 0.4511 -0.0000 -0.8925
vn 0.5851 -0.0000 -0.8109
vn 0.3059 -0.0000 -0.9521
vn 0.1500 -0.0000 -0.9887
vn 0.1499 -0.0000 -0.9887
vn -0.1564 -0.0000 -0.9877
vn -0.1565 -0.0000 -0.9877
vn -0.3121 -0.0000 -0.9500
vn -0.4569 -0.0000 -0.8895
vn -0.5904 -0.0000 -0.8071
vn -0.7071 -0.0000 -0.7071
vn -0.8109 -0.0000 -0.5852
vn -0.8925 -0.0000 -0.4511
vn -0.8109 -0.0000 -0.5851
vn 0.8458 0.5157 -0.1368
vn 0.8140 0.5157 -0.2674
vn 0.8615 0.5077 -0.0028
vn 0.8467 0.5157 0.1312
vn 0.8467 0.5156 0.1313
vn 0.8157 0.5157 0.2621
vn 0.8467 0.5157 0.1313
vn 0.7647 0.5156 0.3864
vn 0.8157 0.5156 0.2621
vn 0.7647 0.5156 0.3865
vn 0.6740 0.5275 0.5172
vn 0.6078 0.5157 0.6038
vn 0.6078 0.5156 0.6039
vn 0.5172 0.5275 0.6740
vn 0.6078 0.5157 0.6039
vn 0.3915 0.5156 0.7621
vn 0.3915 0.5157 0.7621
vn 0.5171 0.5275 0.6740
vn 0.2674 0.5157 0.8140
vn 0.3914 0.5157 0.7621
vn 0.1368 0.5157 0.8458
vn 0.1367 0.5157 0.8458
vn 0.0028 0.5077 0.8615
vn 0.1368 0.5156 0.8458
vn -0.1312 0.5157 0.8467
vn -0.1313 0.5157 0.8466
vn -0.2621 0.5157 0.8157
vn -0.1313 0.5157 0.8467
vn -0.1313 0.5156 0.8467
vn -0.2621 0.5156 0.8157
vn -0.3865 0.5157 0.7647
vn -0.5172 0.5275 0.6740
vn -0.3865 0.5156 0.7647
vn -0.5171 0.5275 0.6740
vn -0.6008 0.5275 0.6007
vn -0.6007 0.5275 0.6008
vn -0.6007 0.5274 0.6008
vn -0.6740 0.5275 0.5172
vn -0.6007 0.5275 0.6007
vn -0.7621 0.5157 0.3914
vn -0.8140 0.5157 0.2674
vn -0.8458 0.5157 0.1368
vn -0.8633 0.5034 0.0365
vn -0.8635 0.5034 -0.0308
vn -0.8633 0.5034 0.0364
vn 0.6984 0.7076 0.1076
vn 0.6722 0.7082 0.2159
vn 0.6722 0.7082 0.2160
vn 0.6301 0.7082 0.3185
vn 0.5725 0.7082 0.4131
vn 0.5008 0.7082 0.4976
vn 0.5009 0.7082 0.4976
vn 0.4168 0.7082 0.5698
vn 0.4169 0.7082 0.5698
vn 0.3226 0.7082 0.6280
vn 0.3225 0.7082 0.6280
vn 0.2204 0.7082 0.6707
vn 0.2203 0.7082 0.6707
vn 0.1123 0.7077 0.6975
vn 0.2203 0.7082 0.6708
vn 0.1312 0.5157 -0.8467
vn 0.0309 0.5034 -0.8635
vn 0.1313 0.5157 -0.8467
vn 0.2621 0.5157 -0.8157
vn 0.3865 0.5157 -0.7647
vn 0.5171 0.5275 -0.6740
vn 0.6007 0.5275 -0.6007
vn 0.5172 0.5275 -0.6740
vn 0.6740 0.5275 -0.5172
vn 0.7621 0.5157 -0.3914
vn -0.3226 0.7082 -0.6280
vn -0.2204 0.7082 -0.6707
vn -0.3225 0.7082 -0.6280
vn -0.2203 0.7082 -0.6707
vn -0.1116 0.7069 -0.6985
vn -0.2203 0.7082 -0.6708
vn 0.1070 0.7069 -0.6992
vn 0.1071 0.7069 -0.6992
vn 0.2159 0.7082 -0.6722
vn 0.2160 0.7082 -0.6722
vn 0.3185 0.7082 -0.6301
vn 0.4131 0.7082 -0.5725
vn 0.4976 0.7082 -0.5008
vn 0.4976 0.7082 -0.5009
vn 0.5698 0.7082 -0.4168
vn 0.5698 0.7082 -0.4169
vn 0.6280 0.7082 -0.3226
vn 0.6280 0.7082 -0.3225
vn 0.6707 0.7082 -0.2204
vn 0.6707 0.7082 -0.2203
vn 0.6977 0.7076 -0.1122
vn 0.1585 -0.0000 0.9874
vn 0.3121 -0.0000 0.9500
vn 0.4569 -0.0000 0.8895
vn 0.5904 -0.0000 0.8071
vn 0.7071 -0.0000 0.7071
vn 0.8109 -0.0000 0.5852
vn 0.8109 -0.0000 0.5851
vn 0.8925 -0.0000 0.4511
vn 0.9521 -0.0000 0.3059
vn 0.9884 -0.0000 0.1517
vn 0.9884 -0.0000 0.1516
vn -0.6708 0.7082 0.2203
vn -0.6975 0.7078 0.1124
vn -0.6975 0.7078 0.1123
vn -0.6982 0.7078 -0.1078
vn -0.6722 0.7082 -0.2159
vn -0.6722 0.7082 -0.2160
vn -0.6301 0.7082 -0.3185
vn -0.5725 0.7082 -0.4131
vn -0.5008 0.7082 -0.4976
vn -0.5009 0.7082 -0.4976
vn -0.4168 0.7082 -0.5698
vn -0.4169 0.7082 -0.5698
vn -0.1077 0.7077 0.6982
vn -0.1078 0.7077 0.6982
vn -0.2159 0.7082 0.6722
vn -0.2160 0.7082 0.6722
vn -0.3185 0.7082 0.6301
vn -0.4131 0.7082 0.5725
vn -0.4976 0.7082 0.5008
vn -0.4976 0.7082 0.5009
vn -0.5698 0.7082 0.4169
vn -0.5698 0.7082 0.4168
vn -0.6280 0.7082 0.3226
vn -0.6280 0.7082 0.3225
vn -0.6707 0.7082 0.2204
vn -0.6707 0.7082 0.2203
vn 0.1442 -0.8938 -0.4247
vn -0.9784 0.2069 -0.0000
vn -0.7694 0.6387 0.0063
vn -0.7694 0.6388 -0.0000
vn -0.7694 0.6387 -0.0000
vn 0.0655 -0.0000 0.9979
vn 0.0655 -0.0000 0.9978
vn 0.3827 -0.0000 0.9239
vn 0.5000 -0.0000 0.8660
vn 0.2588 -0.0000 0.9659
vn 0.3826 -0.0000 0.9239
vn 0.0654 -0.0000 0.9979
vn 0.9978 -0.0000 0.0655
vn 0.9979 -0.0000 0.0655
vn 0.9979 -0.0000 0.0654
vn 0.9659 -0.0000 0.2588
vn 0.9239 -0.0000 0.3826
vn 0.9239 -0.0000 0.3827
vn 0.8660 -0.0000 0.5000
vn 0.0654 -0.0000 -0.9979
vn 0.0656 -0.0000 -0.9978
vn 0.0655 -0.0000 -0.9979
vn 0.2588 -0.0000 -0.9659
vn 0.3826 -0.0000 -0.9239
vn 0.3827 -0.0000 -0.9239
vn 0.5000 -0.0000 -0.8660
vn 0.8660 -0.0000 -0.5000
vn 0.9239 -0.0000 -0.3827
vn 0.9659 -0.0000 -0.2588
vn 0.9239 -0.0000 -0.3826
vn 0.9979 -0.0000 -0.0654
vn 0.9979 -0.0000 -0.0655
vn 0.9978 -0.0000 -0.0655
vn -0.0654 -0.0000 -0.9979
vn -0.2588 -0.0000 -0.9659
vn -0.3826 -0.0000 -0.9239
vn -0.0655 -0.0000 -0.9979
vn -0.0655 -0.0000 -0.9978
vn -0.9979 -0.0000 -0.0654
vn -0.9659 -0.0000 -0.2588
vn -0.9239 -0.0000 -0.3826
vn -0.8660 -0.0000 -0.5000
vn -0.9239 -0.0000 -0.3827
vn -0.5000 -0.0000 -0.8660
vn -0.3827 -0.0000 -0.9239
vn -0.9978 -0.0000 -0.0655
vn -0.9979 -0.0000 -0.0655
vn 0.7694 0.6387 -0.0000
vn 0.9784 0.2069 -0.0000
vn 0.7694 0.6388 -0.0000
vn 0.7694 0.6387 0.0063
vn -0.5905 -0.0000 -0.8071
vn 0.8071 -0.0000 -0.5905
vn 0.5852 0.0001 -0.8109
vn -0.3826 -0.0000 0.9239
vn -0.3827 -0.0000 0.9239
vn -0.8071 -0.0000 0.5905
vn -0.5852 0.0001 0.8109
vn -0.9239 -0.0000 0.3827
vn -0.9239 -0.0000 0.3826
vn 0.5905 -0.0000 0.8071
vn 0.2599 0.9300 0.2599
vn -0.2599 0.9300 -0.2599
vn -0.8660 -0.0000 0.5001
vn -0.8660 -0.0001 0.5001
vn -0.5000 0.0001 -0.8660
vn -0.8660 0.0003 0.5001
vn -0.5001 0.0001 -0.8660
vn -0.5001 -0.0000 -0.8660
vn 0.8660 -0.0001 -0.5000
vn 0.8660 -0.0003 -0.5000
vn 0.8660 -0.0000 -0.5001
vn 0.8660 -0.0001 -0.5001
vn 0.5000 0.0001 0.8660
vn -0.8660 -0.0000 0.5000
vn 0.5001 0.0001 0.8660
vn 0.5001 -0.0000 0.8660
vn -0.8660 -0.0001 0.5000
vn -0.7621 0.5157 0.3915
vn 0.7621 0.5157 -0.3915
vn 0.8660 -0.0000 0.5001
vn 0.5000 -0.0001 -0.8660
vn 0.8660 0.0001 0.5001
vn -0.5001 -0.0000 0.8660
vn 0.8660 0.0001 0.5000
vn -0.5001 -0.0001 0.8660
vn -0.8660 -0.0000 -0.5001
vn -0.5000 -0.0000 0.8660
vn -0.5000 -0.0001 0.8660
vn -0.8660 0.0001 -0.5001
vn 0.5001 -0.0000 -0.8660
vn -0.8660 0.0001 -0.5000
vn 0.5001 -0.0001 -0.8660
vn 0.4871 0.5112 -0.7081
vn -0.4871 0.5112 0.7081
vn 0.6985 0.5304 0.4805
vn 0.6984 0.5304 0.4805
vn -0.6985 0.5304 -0.4805
vn 0.5852 -0.0001 -0.8109
vn 0.5904 0.0001 0.8071
vn -0.5904 0.0001 -0.8071
vn -0.0874 0.9413 0.3261
vn 0.0874 0.9413 0.3261
vn -0.5000 0.8660 -0.0000
vn -0.0001 1.0000 -0.0000
vn -0.8635 0.5035 -0.0309
vn -0.5001 0.8660 -0.0000
vn -0.8635 0.5035 -0.0308
vn -0.8660 -0.5000 -0.0000
vn -0.0001 -1.0000 -0.0000
vn -0.5000 -0.8660 -0.0000
vn -0.5001 -0.8660 -0.0000
vn -0.0000 -0.5000 -0.8660
vn 0.0027 0.5077 0.8615
vn -0.0000 -0.5000 0.8660
vn -0.9659 -0.0000 0.2588
vn -0.0007 0.9162 -0.4007
vn 0.0147 0.3895 -0.9209
vn -0.0007 0.9162 -0.4008
vn 0.0148 0.3896 -0.9209
vn 0.0148 0.3895 -0.9209
vn -0.0000 -0.5000 0.8661
vn 0.0002 -0.5000 -0.8660
vn -0.1951 -0.0000 -0.9808
vn 0.0134 -0.7940 0.6078
vn -0.0000 -0.9511 0.3090
vn -0.0000 -0.3452 0.9385
vn -0.0000 0.2069 0.9784
vn -0.0000 -0.3451 0.9386
vn -0.0000 0.6387 0.7694
vn -0.0000 0.2070 0.9784
vn -0.0000 0.2070 0.9783
vn -0.0000 0.8328 0.5535
vn -0.0000 0.6388 0.7694
vn 0.1947 -0.0003 -0.9809
vn 0.1947 -0.0002 -0.9809
vn 0.5000 -0.8660 -0.0000
vn 0.0001 -1.0000 -0.0000
vn 0.8660 -0.5000 -0.0000
vn 0.4943 0.8693 -0.0000
vn 0.0001 1.0000 -0.0000
vn 0.4942 0.8694 -0.0000
vn 0.0001 1.0000 -0.0001
vn -0.0370 0.9554 0.2928
vn -0.0377 0.9958 0.0840
vn -0.3915 0.8697 0.3005
vn -0.0371 0.9554 0.2928
vn -0.4033 0.9143 0.0372
vn -0.4033 0.9143 0.0373
vn -0.3916 0.8697 0.3004
vn -0.3916 0.8697 0.3005
vn -0.9209 0.3895 -0.0147
vn -0.9209 0.3895 -0.0148
vn -0.9215 0.3708 0.1160
vn -0.4047 0.6551 0.6380
vn -0.9215 0.3707 0.1160
vn -0.8624 0.3631 0.3528
vn -0.4047 0.6552 0.6380
vn -0.0372 0.7149 0.6982
vn -0.0371 0.9554 0.2929
vn -0.0372 0.7150 0.6982
vn -0.3915 0.8697 0.3004
vn -0.0378 0.2866 0.9573
vn -0.4090 0.2606 0.8745
vn -0.4091 0.2606 0.8745
vn -0.8659 0.1453 0.4787
vn -0.8624 0.3630 0.3528
vn -0.3827 0.9239 -0.0000
vn -0.9209 0.3896 -0.0147
vn -0.3826 0.9239 -0.0000
vn -0.4032 0.9143 0.0372
vn -0.3820 0.0607 0.9222
vn -0.3820 0.0606 0.9222
vn -0.0363 0.0473 0.9982
vn -0.3819 0.0607 0.9222
vn -0.0362 0.0474 0.9982
vn -0.0378 0.2865 0.9573
vn 0.0366 0.9993 0.0118
vn 0.0371 0.9554 0.2928
vn 0.4274 0.8697 0.2467
vn 0.0377 0.9958 0.0840
vn 0.4091 0.2606 0.8745
vn 0.8659 0.1453 0.4787
vn 0.8624 0.3631 0.3528
vn 0.4047 0.6551 0.6380
vn 0.9215 0.3707 0.1160
vn 0.9214 0.3708 0.1160
vn 0.4274 0.8697 0.2468
vn 0.9209 0.3895 -0.0147
vn 0.9215 0.3708 0.1160
vn 0.4033 0.9143 0.0372
vn 0.0378 0.2866 0.9573
vn 0.4090 0.2606 0.8745
vn 0.0372 0.7149 0.6982
vn 0.0372 0.7150 0.6982
vn 0.0371 0.9554 0.2929
vn 0.0362 0.0474 0.9982
vn 0.0378 0.2865 0.9573
vn 0.0363 0.0474 0.9982
vn 0.3819 0.0607 0.9222
vn 0.3820 0.0606 0.9222
vn 0.3820 0.0607 0.9222
vn 0.9209 0.3895 -0.0148
vn 0.9209 0.3896 -0.0147
vn 0.4008 0.9162 0.0007
vn 0.4032 0.9143 0.0372
vn -0.0000 -0.3160 -0.9488
vn -0.0000 0.4849 -0.8746
vn -0.0068 -0.9951 0.0990
vn -0.0067 -0.9951 0.0990
vn -0.0051 -0.9985 -0.0547
vn -0.0067 -0.9951 0.0991
vn -0.0067 -0.9394 -0.3428
vn -0.0051 -0.9985 -0.0548
vn -0.0067 -0.9394 -0.3429
vn -0.0108 -0.6835 -0.7299
vn -0.0107 -0.6835 -0.7299
vn 0.0051 -0.9985 0.0548
vn -0.0000 0.9971 -0.0756
vn -0.0000 0.9967 0.0811
vn -0.0000 0.8660 -0.5000
vn -0.0000 0.2069 -0.9784
vn 0.0001 0.2069 -0.9784
vn -0.0000 -0.9659 -0.2588
vn -0.0000 -0.7657 0.6432
vn -0.0000 0.9971 -0.0757
vn -0.0000 0.9967 0.0812
vn -0.0000 0.9375 0.3479
vn -0.0000 0.9375 0.3480
vn -0.0000 0.7722 0.6354
vn -0.0000 0.7721 0.6355
vn 0.0148 0.3896 0.9209
vn 0.0147 0.3895 0.9209
vn 0.0148 0.3895 0.9209
vn 0.0134 -0.7940 0.6077
vn -0.0000 -0.9510 0.3090
vn 0.0134 -0.7939 0.6078
vn -0.0000 0.6830 0.7304
vn -0.0000 0.8660 0.5000
vn -0.0000 0.6831 0.7304
vn -0.0108 -0.6834 0.7300
vn -0.0000 -0.4342 0.9008
vn -0.0000 -0.4341 0.9009
vn 0.0033 0.0785 0.9969
vn -0.0000 0.9819 0.1895
vn -0.0227 0.9993 -0.0311
vn -0.0000 0.9819 0.1894
vn -0.3261 0.9413 0.0874
vn -0.0000 1.0000 -0.0001
vn 0.0309 0.5035 -0.8635
vn -0.0000 0.8660 -0.5001
vn 0.0308 0.5035 -0.8635
vn 0.0001 -0.0000 -1.0000
vn -0.0000 -0.4999 -0.8661
vn -0.0000 -1.0000 -0.0001
vn -0.0000 -0.8660 -0.5000
vn -0.0000 -0.8660 -0.5001
vn 0.8615 0.5077 -0.0027
vn 0.0147 0.3896 -0.9209
vn 0.0001 -0.3452 0.9385
vn 0.8660 -0.5000 -0.0001
vn 0.9807 -0.0000 -0.1956
vn -0.6078 -0.7940 0.0134
vn -0.3090 -0.9511 -0.0000
vn -0.6078 -0.7940 0.0133
vn -0.9488 -0.3160 -0.0000
vn -0.6078 -0.7939 0.0133
vn -0.9488 -0.3159 -0.0000
vn -0.9784 0.2069 -0.0001
vn -0.9784 0.2070 -0.0000
vn -0.5535 0.8328 -0.0000
vn 0.9807 -0.0000 0.1956
vn 0.0001 0.2069 0.9784
vn 0.0001 0.6387 0.7694
vn -0.2928 0.9554 -0.0370
vn -0.0840 0.9958 -0.0377
vn -0.0228 0.9993 -0.0311
vn -0.2467 0.8697 -0.4274
vn -0.2928 0.9554 -0.0371
vn -0.0372 0.9143 -0.4033
vn -0.0373 0.9143 -0.4033
vn -0.1160 0.3708 -0.9215
vn -0.6380 0.6551 -0.4047
vn -0.2468 0.8697 -0.4274
vn -0.1160 0.3708 -0.9214
vn -0.3528 0.3631 -0.8624
vn -0.6380 0.6552 -0.4047
vn -0.6982 0.7149 -0.0372
vn -0.2929 0.9554 -0.0371
vn -0.6982 0.7150 -0.0372
vn -0.9573 0.2866 -0.0378
vn -0.8745 0.2606 -0.4090
vn -0.4787 0.1453 -0.8659
vn -0.8745 0.2605 -0.4091
vn -0.3528 0.3630 -0.8624
vn -0.1160 0.3707 -0.9215
vn -0.0372 0.9143 -0.4032
vn -0.9222 0.0607 -0.3820
vn -0.9222 0.0606 -0.3820
vn -0.9982 0.0473 -0.0363
vn -0.9222 0.0607 -0.3819
vn -0.9982 0.0476 -0.0361
vn -0.9573 0.2865 -0.0378
vn -0.2928 0.9554 0.0371
vn -0.2467 0.8697 0.4274
vn -0.0840 0.9957 0.0377
vn -0.2928 0.9554 0.0370
vn -0.8745 0.2606 0.4090
vn -0.4787 0.1453 0.8659
vn -0.3528 0.3631 0.8624
vn -0.8745 0.2606 0.4091
vn -0.6380 0.6551 0.4047
vn -0.1161 0.3708 0.9214
vn -0.1160 0.3708 0.9215
vn -0.2468 0.8697 0.4275
vn -0.2468 0.8697 0.4274
vn -0.0372 0.9143 0.4033
vn -0.9573 0.2866 0.0378
vn -0.6982 0.7149 0.0372
vn -0.6982 0.7150 0.0372
vn -0.2929 0.9554 0.0371
vn -0.9982 0.0478 0.0359
vn -0.9573 0.2865 0.0378
vn -0.9982 0.0470 0.0366
vn -0.9222 0.0607 0.3819
vn -0.9222 0.0606 0.3820
vn -0.9222 0.0607 0.3820
vn -0.1160 0.3707 0.9215
vn 0.0147 0.3896 0.9209
vn -0.0007 0.9162 0.4008
vn -0.0372 0.9143 0.4032
vn -0.0007 0.9162 0.4007
vn 0.9291 -0.3698 -0.0000
vn -0.0990 -0.9951 -0.0068
vn -0.0990 -0.9951 -0.0067
vn 0.0547 -0.9985 -0.0051
vn -0.0991 -0.9951 -0.0067
vn 0.3428 -0.9394 -0.0067
vn 0.0548 -0.9985 -0.0051
vn 0.3429 -0.9394 -0.0067
vn 0.7299 -0.6835 -0.0108
vn 0.7299 -0.6835 -0.0107
vn -0.0548 -0.9985 0.0051
vn 0.0756 0.9971 -0.0000
vn -0.0811 0.9967 -0.0000
vn 0.4942 0.8693 -0.0000
vn 0.2588 -0.9659 -0.0000
vn -0.6432 -0.7657 -0.0000
vn 0.0757 0.9971 -0.0000
vn 0.0756 0.9971 0.0001
vn -0.0812 0.9967 -0.0000
vn -0.3479 0.9375 -0.0000
vn -0.3480 0.9375 -0.0000
vn -0.6354 0.7722 -0.0000
vn -0.6354 0.7721 -0.0000
vn -0.6355 0.7721 -0.0000
vn -0.7299 -0.6834 -0.0108
vn -0.9008 -0.4342 -0.0000
vn -0.7300 -0.6834 -0.0108
vn -0.9009 -0.4341 -0.0000
vn -0.7304 0.6830 -0.0000
vn -0.9969 0.0785 0.0033
vn -0.9969 0.0785 0.0032
vn -0.7304 0.6830 0.0001
vn -0.1895 0.9819 -0.0000
vn -0.1894 0.9819 -0.0000
vn -0.9009 -0.4341 0.0001
vn -0.2588 -0.0000 0.9659
vn 0.0874 0.9413 -0.3261
vn -0.0874 0.9413 -0.3261
vn 0.5000 -0.8660 0.0001
vn 0.7071 -0.0001 -0.7071
vn 0.7071 -0.0001 0.7071
vn -0.0000 -0.5000 -0.8661
vn -0.0002 -0.5000 0.8660
vn 0.9520 -0.0000 0.3059
vn 0.3261 0.9413 0.0874
vn 0.3261 0.9413 -0.0874
vn -0.0000 1.0000 0.0001
vn -0.0000 0.8660 0.5001
vn -0.0001 -0.0000 1.0000
vn -0.0000 -0.4999 0.8661
vn -0.0000 -1.0000 0.0001
vn -0.0000 -0.8660 0.5000
vn -0.0000 -0.8660 0.5001
vn -0.7071 -0.0001 0.7071
vn -0.7071 -0.0001 -0.7071
vn -0.8660 -0.5000 0.0001
vn -0.4624 0.8867 -0.0000
vn -0.2588 -0.9659 -0.0000
vn 0.6432 -0.7657 -0.0000
vn 0.0755 0.9971 -0.0000
vn 0.3479 0.9375 -0.0000
vn 0.3480 0.9375 -0.0000
vn 0.6354 0.7722 -0.0000
vn 0.6354 0.7721 -0.0000
vn 0.9209 0.3896 -0.0148
vn 0.6355 0.7721 -0.0000
vn 0.9969 0.0784 -0.0032
vn 0.7300 -0.6834 -0.0108
vn 0.9008 -0.4342 -0.0000
vn 0.9009 -0.4341 -0.0000
vn 0.9969 0.0785 -0.0033
vn 0.9969 0.0785 -0.0032
vn 0.1895 0.9819 -0.0000
vn 0.7064 0.7078 -0.0023
vn 0.1894 0.9819 -0.0000
vn 0.7299 -0.6834 -0.0108
vn 0.9009 -0.4341 -0.0001
vn 0.1797 -0.8958 -0.4066
vn 0.4159 0.4319 -0.8003
vn -0.4159 -0.4319 0.8003
vn -0.4158 -0.4319 0.8003
vn 0.4158 0.4319 -0.8003
vn -0.2179 0.9000 0.3774
vn -0.2179 0.9001 0.3774
vn 0.1667 0.9000 0.4026
vn 0.1668 0.9000 0.4026
vn 0.2179 0.9000 0.3774
vn 0.2653 0.9001 0.3457
vn -0.0000 0.6108 -0.7918
vn -0.0000 0.4293 -0.9032
vn -0.0001 0.6108 -0.7918
vn -0.0000 0.8866 -0.4624
vn -0.0000 0.6109 -0.7917
vn -0.0000 0.8866 -0.4625
vn -0.0000 0.8867 -0.4624
vn 0.0001 0.8867 -0.4624
vn -0.0000 0.8329 0.5535
vn -0.0000 0.3381 0.9411
vn -0.0000 0.8328 0.5536
vn -0.0000 0.3380 0.9411
vn -0.1667 0.9000 -0.4026
vn -0.1668 0.9000 -0.4026
vn -0.2179 0.9000 -0.3774
vn -0.2653 0.9001 -0.3457
vn -0.1797 -0.8958 0.4066
vn -0.4159 0.4319 0.8003
vn 0.4159 -0.4319 -0.8003
vn 0.4158 -0.4319 -0.8003
vn -0.4158 0.4319 0.8003
vn 0.2179 0.9000 -0.3774
vn 0.2179 0.9001 -0.3774
vn -0.0000 -0.8090 -0.5878
vn -0.0129 -0.3851 -0.9228
vn -0.0129 -0.3852 -0.9228
vn -0.0128 -0.3851 -0.9228
vn 0.8315 -0.5551 0.0213
vn 0.0990 -0.9951 0.0065
vn 0.0990 -0.9951 0.0067
vn 0.0990 -0.9951 0.0068
vn -0.0852 0.8997 0.4282
vn -0.0435 0.8995 0.4347
vn -0.0435 0.8996 0.4346
vn -0.0851 0.8997 0.4282
vn -0.1950 -0.0000 -0.9808
vn -0.0390 -0.8948 -0.4447
vn -0.0389 -0.8948 -0.4447
vn -0.0857 -0.8980 -0.4315
vn -0.0937 -0.8800 -0.4657
vn -0.0858 -0.8980 -0.4315
vn -0.0937 -0.8800 -0.4656
vn -0.0857 -0.8981 -0.4315
vn -0.6135 -0.2912 0.7340
vn -0.2398 -0.3986 0.8852
vn -0.2397 -0.3980 0.8855
vn 0.1277 -0.4357 0.8910
vn -0.2396 -0.3966 0.8862
vn 0.0793 -0.4348 0.8970
vn 0.1276 -0.4357 0.8910
vn 0.7528 -0.0003 0.6583
vn 0.7527 -0.0003 0.6583
vn -0.9808 -0.0000 -0.1951
vn -0.9808 -0.0000 -0.1950
vn -0.9808 -0.0000 0.1950
vn -0.9808 -0.0000 0.1951
vn 0.2589 -0.0000 0.9659
vn 0.6583 -0.0003 0.7527
vn 0.6584 -0.0003 0.7527
vn 0.6584 -0.0002 0.7527
vn 0.8925 -0.0000 0.4510
vn -0.7373 -0.0000 -0.6756
vn -0.3484 -0.8984 -0.2673
vn -0.3803 -0.8984 -0.2196
vn -0.4057 -0.8984 -0.1680
vn -0.3776 -0.8796 -0.2893
vn -0.3777 -0.8796 -0.2893
vn -0.4135 -0.8787 -0.2387
vn -0.4410 -0.8787 -0.1827
vn -0.4134 -0.8787 -0.2387
vn -0.4381 -0.8891 -0.1326
vn -0.4367 -0.8957 -0.0840
vn -0.8194 -0.5289 -0.2210
vn -0.4382 -0.8891 -0.1326
vn -0.4411 -0.8787 -0.1827
vn -0.7839 -0.5292 -0.3247
vn -0.7348 -0.5292 -0.4243
vn -0.6734 -0.5300 -0.5154
vn -0.6733 -0.5300 -0.5154
vn -0.6733 -0.5300 -0.5155
vn -0.6386 -0.5301 -0.5578
vn -0.7523 -0.0404 -0.6576
vn -0.6387 -0.5301 -0.5578
vn -0.6734 -0.5300 -0.5155
vn -0.8325 -0.5279 -0.1683
vn -0.9650 -0.0403 -0.2591
vn -0.9231 -0.0425 -0.3823
vn -0.9230 -0.0425 -0.3823
vn -0.7349 -0.5291 -0.4243
vn -0.8653 -0.0425 -0.4995
vn -0.7348 -0.5291 -0.4243
vn -0.8652 -0.0425 -0.4996
vn -0.7932 -0.0415 -0.6076
vn -0.8109 -0.0005 -0.5851
vn -0.8660 -0.0005 -0.5000
vn -0.7932 -0.0414 -0.6076
vn -0.9239 -0.0005 -0.3827
vn -0.9659 -0.0005 -0.2588
vn -0.9808 0.0001 -0.1951
vn -0.9650 -0.0403 -0.2590
vn -0.9799 -0.0380 -0.1959
vn -0.8318 -0.5278 -0.1716
vn 0.7527 -0.0002 0.6584
vn 0.7527 -0.0003 0.6584
vn 0.9659 -0.0000 0.2589
vn 0.7527 -0.0002 0.6583
vn 0.1946 -0.0003 -0.9809
vn -0.6593 -0.0000 -0.7518
vn -0.2673 -0.8984 -0.3484
vn -0.2196 -0.8984 -0.3803
vn -0.1680 -0.8984 -0.4057
vn -0.2893 -0.8796 -0.3777
vn -0.2893 -0.8796 -0.3776
vn -0.5154 -0.5300 -0.6734
vn -0.6076 -0.0415 -0.7932
vn -0.4996 -0.0425 -0.8652
vn -0.5904 -0.0005 -0.8071
vn -0.6594 -0.0000 -0.7518
vn -0.6076 -0.0414 -0.7932
vn -0.6578 -0.0404 -0.7521
vn -0.6576 -0.0404 -0.7523
vn -0.5557 -0.5301 -0.6405
vn -0.5578 -0.5301 -0.6387
vn -0.5155 -0.5300 -0.6733
vn -0.4995 -0.0425 -0.8653
vn -0.5000 -0.0005 -0.8660
vn -0.2387 -0.8787 -0.4134
vn -0.5154 -0.5300 -0.6733
vn -0.4243 -0.5292 -0.7348
vn -0.2387 -0.8787 -0.4135
vn -0.1326 -0.8891 -0.4381
vn -0.1326 -0.8891 -0.4382
vn -0.2210 -0.5289 -0.8194
vn -0.1683 -0.5279 -0.8325
vn -0.2591 -0.0403 -0.9650
vn -0.1682 -0.5279 -0.8325
vn -0.2590 -0.0403 -0.9650
vn -0.1959 -0.0380 -0.9799
vn -0.1948 -0.0000 -0.9808
vn -0.2588 -0.0005 -0.9659
vn -0.1950 -0.0001 -0.9808
vn -0.3826 -0.0005 -0.9239
vn -0.3823 -0.0425 -0.9231
vn -0.4995 -0.0424 -0.8653
vn -0.4243 -0.5291 -0.7349
vn -0.3823 -0.0425 -0.9230
vn -0.1827 -0.8787 -0.4410
vn -0.1827 -0.8787 -0.4411
vn -0.3247 -0.5292 -0.7839
vn -0.4242 -0.5292 -0.7349
vn 0.2200 0.5274 0.8207
vn 0.1888 0.8697 0.4560
vn 0.1332 0.8831 0.4499
vn 0.3251 0.5276 0.7848
vn 0.3251 0.5276 0.7849
vn 0.2200 0.5273 0.8207
vn 0.2584 0.0605 0.9641
vn 0.0965 0.8692 0.4849
vn 0.2200 0.5274 0.8206
vn 0.1332 0.8831 0.4498
vn 0.0965 0.8692 0.4850
vn 0.0852 0.8997 0.4282
vn 0.1312 0.8999 0.4159
vn 0.3133 0.8799 0.3573
vn 0.3134 0.8798 0.3573
vn 0.3004 0.8697 0.3915
vn 0.3004 0.8698 0.3915
vn 0.2468 0.8697 0.4274
vn 0.2467 0.8697 0.4274
vn 0.4247 0.5276 0.7357
vn 0.1889 0.8697 0.4560
vn 0.4248 0.5276 0.7357
vn 0.4991 0.0606 0.8644
vn 0.4248 0.5275 0.7357
vn 0.3251 0.5275 0.7849
vn 0.2584 0.0604 0.9641
vn 0.1947 -0.0002 0.9809
vn 0.1948 -0.0002 0.9808
vn 0.1949 0.0601 0.9790
vn 0.1948 0.0602 0.9790
vn 0.5605 0.5267 0.6391
vn 0.3005 0.8697 0.3915
vn 0.5604 0.5267 0.6391
vn 0.5171 0.5276 0.6740
vn 0.3005 0.8697 0.3916
vn 0.5172 0.5276 0.6739
vn 0.6076 0.0606 0.7919
vn 0.4991 0.0606 0.8645
vn 0.6581 0.0605 0.7505
vn 0.6077 0.0606 0.7919
vn 0.1311 0.8999 0.4159
vn -0.9979 -0.0000 0.0654
vn -0.9808 -0.0000 0.1952
vn -0.9808 -0.0000 0.1949
vn -0.4447 -0.8948 0.0390
vn -0.4447 -0.8948 0.0389
vn -0.4315 -0.8980 0.0857
vn -0.4315 -0.8980 0.0858
vn 0.7340 -0.2913 0.6135
vn 0.8852 -0.3986 0.2398
vn 0.7340 -0.2912 0.6135
vn 0.8855 -0.3980 0.2397
vn 0.8910 -0.4357 -0.1277
vn 0.8862 -0.3966 0.2396
vn 0.8969 -0.4351 -0.0793
vn 0.8910 -0.4357 -0.1276
vn 0.8969 -0.4352 -0.0793
vn 0.0213 -0.5551 -0.8315
vn -0.0108 -0.6834 -0.7300
vn 0.0065 -0.9951 -0.0990
vn 0.0068 -0.9951 -0.0990
vn 0.0067 -0.9951 -0.0990
vn 1.0000 -0.0000 0.0001
vn 1.0000 -0.0000 -0.0001
vn -1.0000 -0.0000 0.0002
vn -1.0000 -0.0000 -0.0001
vn 0.4282 0.8997 0.0852
vn 0.4347 0.8995 0.0435
vn 0.4346 0.8996 0.0435
vn 0.4282 0.8997 0.0851
vn 0.0001 -0.0000 1.0000
vn -0.3090 -0.9510 -0.0000
vn -0.6077 -0.7940 0.0134
vn -0.9488 -0.3159 0.0001
vn -0.9783 0.2070 -0.0000
vn -0.9783 0.2070 -0.0001
vn -0.7304 0.6831 -0.0000
vn 0.8207 0.5274 -0.2200
vn 0.4768 0.8697 -0.1277
vn 0.4768 0.8697 -0.1278
vn 0.4282 0.8997 -0.0852
vn 0.4026 0.9000 -0.1667
vn 0.4560 0.8697 -0.1888
vn 0.4026 0.9000 -0.1668
vn 0.4560 0.8697 -0.1889
vn 0.7848 0.5276 -0.3251
vn 0.8952 0.0605 -0.4415
vn 0.7622 0.5156 -0.3914
vn 0.9222 0.0607 -0.3820
vn 0.9222 0.0606 -0.3820
vn 0.9641 0.0604 -0.2584
vn 0.9790 0.0601 -0.1948
vn 0.9808 -0.0000 -0.1951
vn 0.9641 0.0605 -0.2584
vn 0.7849 0.5275 -0.3251
vn 0.8207 0.5273 -0.2200
vn 0.8458 0.5156 -0.1368
vn 0.9790 0.0602 -0.1948
vn -0.7615 -0.5284 0.3755
vn -0.4411 -0.8787 0.1827
vn -0.7614 -0.5284 0.3755
vn -0.7839 -0.5293 0.3247
vn -0.8194 -0.5289 0.2210
vn -0.4594 -0.8795 0.1238
vn -0.9650 -0.0403 0.2591
vn -0.7839 -0.5292 0.3247
vn -0.9231 -0.0425 0.3823
vn -0.9230 -0.0425 0.3824
vn -0.7615 -0.5283 0.3755
vn -0.9230 -0.0425 0.3823
vn -0.7626 -0.5283 0.3733
vn -0.8961 -0.0424 0.4419
vn -0.4057 -0.8984 0.1680
vn -0.4594 -0.8796 0.1238
vn -0.4594 -0.8796 0.1237
vn -0.4594 -0.8795 0.1237
vn -0.8325 -0.5279 0.1683
vn -0.8325 -0.5278 0.1683
vn -0.9650 -0.0403 0.2590
vn -0.9799 -0.0380 0.1959
vn -0.8325 -0.5278 0.1682
vn -0.9659 -0.0005 0.2588
vn -0.9808 -0.0001 0.1950
vn -0.9239 -0.0005 0.3826
vn 0.2653 0.9001 -0.3457
vn 0.2889 0.8761 -0.3860
vn 0.4991 0.0607 -0.8644
vn 0.3252 0.5275 -0.7848
vn 0.4248 0.5275 -0.7357
vn 0.6076 0.0606 -0.7919
vn 0.6077 0.0606 -0.7919
vn 0.5172 0.5276 -0.6739
vn 0.2890 0.8761 -0.3860
vn 0.3490 0.8697 -0.3490
vn 0.3081 0.9000 -0.3082
vn 0.3082 0.9000 -0.3081
vn 0.3630 0.8997 -0.2426
vn 0.3915 0.8697 -0.3004
vn 0.3630 0.8997 -0.2425
vn 0.3916 0.8697 -0.3005
vn 0.6740 0.5276 -0.5172
vn 0.3916 0.8697 -0.3004
vn 0.7068 0.5268 -0.4722
vn 0.7068 0.5267 -0.4722
vn 0.7919 0.0606 -0.6076
vn 0.7068 0.5267 -0.4723
vn 0.8300 0.0605 -0.5545
vn 0.8315 -0.0005 -0.5556
vn 0.8299 0.0605 -0.5546
vn 0.8315 -0.0006 -0.5556
vn 0.7058 0.0606 -0.7058
vn 0.7919 0.0606 -0.6077
vn 0.6007 0.5275 -0.6008
vn 0.6740 0.5276 -0.5171
vn 0.4990 0.0607 -0.8644
vn 0.3820 0.0607 -0.9222
vn 0.3251 0.5276 -0.7848
vn 0.2584 0.0605 -0.9641
vn 0.3251 0.5276 -0.7849
vn 0.3819 0.0607 -0.9222
vn 0.2200 0.5273 -0.8207
vn 0.4991 0.0606 -0.8644
vn 0.3820 0.0606 -0.9222
vn 0.2584 0.0604 -0.9641
vn 0.1949 0.0601 -0.9790
vn 0.1661 0.5263 -0.8339
vn 0.2200 0.5274 -0.8206
vn 0.1661 0.5264 -0.8339
vn 0.0965 0.8692 -0.4849
vn 0.0965 0.8692 -0.4850
vn 0.1303 0.8760 -0.4643
vn 0.0852 0.8997 -0.4282
vn 0.1303 0.8761 -0.4643
vn 0.1667 0.9000 -0.4026
vn 0.1303 0.8761 -0.4642
vn 0.1668 0.9000 -0.4026
vn 0.2468 0.8697 -0.4274
vn 0.5171 0.5276 -0.6740
vn 0.4248 0.5276 -0.7357
vn 0.1889 0.8697 -0.4560
vn 0.2200 0.5274 -0.8207
vn 0.1888 0.8697 -0.4560
vn 0.1888 0.8697 -0.4559
vn 0.1304 0.8761 -0.4642
vn -0.2297 -0.8973 0.3768
vn -0.2392 -0.8782 0.4142
vn -0.2803 -0.8835 0.3754
vn -0.2392 -0.8781 0.4143
vn -0.5154 -0.5300 0.6733
vn -0.2804 -0.8834 0.3754
vn -0.2393 -0.8781 0.4143
vn -0.4243 -0.5292 0.7348
vn -0.5155 -0.5300 0.6733
vn -0.1968 -0.8663 0.4592
vn -0.4242 -0.5292 0.7348
vn -0.2392 -0.8782 0.4143
vn -0.3313 -0.5093 0.7943
vn -0.1323 -0.8666 0.4811
vn -0.2237 -0.4922 0.8412
vn -0.3313 -0.5092 0.7943
vn -0.4995 -0.0425 0.8653
vn -0.4996 -0.0425 0.8652
vn -0.6076 -0.0415 0.7932
vn -0.5155 -0.5300 0.6734
vn -0.1323 -0.8667 0.4810
vn -0.0840 -0.8957 0.4367
vn -0.1323 -0.8667 0.4811
vn -0.0737 -0.8593 0.5061
vn -0.0738 -0.8593 0.5061
vn -0.0738 -0.8593 0.5060
vn -0.1592 -0.4933 0.8551
vn -0.2591 -0.0403 0.9650
vn -0.2237 -0.4922 0.8413
vn -0.1592 -0.4933 0.8552
vn -0.2238 -0.4922 0.8413
vn -0.3823 -0.0425 0.9231
vn -0.3823 -0.0425 0.9230
vn -0.5000 -0.0005 0.8660
vn -0.5851 -0.0005 0.8109
vn -0.6584 -0.0005 0.7527
vn -0.6583 -0.0000 0.7528
vn -0.6576 -0.0404 0.7523
vn -0.5578 -0.5301 0.6386
vn -0.5154 -0.5300 0.6734
vn -0.3126 -0.8801 0.3573
vn -0.2804 -0.8835 0.3753
vn -0.2803 -0.8835 0.3753
vn -0.2804 -0.8835 0.3754
vn -0.2297 -0.8973 0.3769
vn -0.0738 -0.8594 0.5060
vn -0.2901 -0.8980 0.3307
vn -0.3827 -0.0005 0.9239
vn -0.2588 -0.0005 0.9659
vn -0.1951 -0.0000 0.9808
vn -0.2590 -0.0403 0.9650
vn -0.1948 -0.0000 0.9808
vn -0.1959 -0.0380 0.9799
vn -0.1442 -0.8938 0.4247
vn 0.2701 -0.4130 0.8697
vn -0.6313 0.4172 0.6538
vn -0.6314 0.4172 0.6537
vn -0.5605 -0.2160 -0.7995
vn -0.5606 -0.2160 -0.7995
vn -0.5608 -0.2172 -0.7989
vn -0.5605 -0.2159 -0.7995
vn 0.1720 -0.4172 -0.8924
vn 0.1720 -0.4171 -0.8924
vn 0.1721 -0.4172 -0.8924
vn 0.6313 -0.4172 -0.6538
vn 0.6314 -0.4172 -0.6537
vn 0.9764 -0.2159 -0.0008
vn 0.5606 0.2162 0.7993
vn 0.9764 -0.2160 -0.0008
vn 0.9750 -0.2222 0.0019
vn 0.5606 0.2159 0.7995
vn 0.5606 0.2160 0.7995
vn -0.1719 0.4172 0.8924
vn -0.1720 0.4172 0.8924
vn -0.1721 0.4172 0.8924
vn -0.8315 -0.5551 -0.0213
vn -0.7299 -0.6835 -0.0108
vn -0.0990 -0.9951 -0.0065
vn -0.9783 0.2070 0.0001
vn -0.9784 0.2068 -0.0000
vn 0.0435 0.8995 -0.4347
vn 0.0435 0.8996 -0.4346
vn 0.0851 0.8997 -0.4282
vn 0.1946 -0.0003 0.9809
vn 0.0390 -0.8948 0.4447
vn 0.0389 -0.8948 0.4447
vn 0.0857 -0.8980 0.4315
vn 0.0937 -0.8800 0.4657
vn 0.0858 -0.8980 0.4315
vn 0.0937 -0.8800 0.4656
vn 0.0857 -0.8981 0.4315
vn 0.6135 -0.2912 -0.7340
vn 0.2398 -0.3986 -0.8852
vn 0.2397 -0.3980 -0.8855
vn -0.1277 -0.4357 -0.8910
vn 0.2396 -0.3966 -0.8862
vn -0.0793 -0.4348 -0.8970
vn -0.1276 -0.4357 -0.8910
vn 0.9807 -0.0000 0.1955
vn 0.9807 -0.0000 -0.1955
vn -0.2589 -0.0000 -0.9659
vn -0.6593 -0.0000 -0.7519
vn -0.8925 -0.0000 -0.4510
vn 0.3484 -0.8984 0.2673
vn 0.3803 -0.8984 0.2196
vn 0.4057 -0.8984 0.1680
vn 0.3776 -0.8796 0.2893
vn 0.3777 -0.8796 0.2893
vn 0.8660 -0.0005 0.5000
vn 0.7932 -0.0414 0.6076
vn 0.7527 -0.0000 0.6583
vn 0.7932 -0.0415 0.6076
vn 0.8109 -0.0005 0.5851
vn 0.7528 -0.0000 0.6583
vn 0.7523 -0.0404 0.6576
vn 0.6734 -0.5300 0.5155
vn 0.6387 -0.5301 0.5578
vn 0.6733 -0.5300 0.5155
vn 0.6386 -0.5301 0.5578
vn 0.6733 -0.5300 0.5154
vn 0.6734 -0.5300 0.5154
vn 0.4134 -0.8787 0.2387
vn 0.4135 -0.8787 0.2387
vn 0.7348 -0.5292 0.4243
vn 0.8652 -0.0425 0.4996
vn 0.7348 -0.5291 0.4243
vn 0.9230 -0.0425 0.3823
vn 0.8653 -0.0425 0.4995
vn 0.7349 -0.5291 0.4243
vn 0.7839 -0.5292 0.3247
vn 0.4411 -0.8787 0.1827
vn 0.4410 -0.8787 0.1827
vn 0.4381 -0.8891 0.1326
vn 0.8194 -0.5289 0.2210
vn 0.9650 -0.0403 0.2591
vn 0.9231 -0.0425 0.3823
vn 0.9239 -0.0005 0.3827
vn 0.9659 -0.0005 0.2588
vn 0.9650 -0.0403 0.2590
vn 0.9807 -0.0000 0.1954
vn 0.9799 -0.0380 0.1959
vn 0.8318 -0.5278 0.1716
vn 0.8325 -0.5279 0.1683
vn 0.4367 -0.8957 0.0840
vn 0.4382 -0.8891 0.1326
vn -0.7505 0.0605 -0.6581
vn -0.7919 0.0606 -0.6076
vn -0.6391 0.5267 -0.5605
vn -0.7919 0.0606 -0.6077
vn -0.3915 0.8697 -0.3005
vn -0.6391 0.5267 -0.5604
vn -0.6739 0.5276 -0.5172
vn -0.3573 0.8798 -0.3134
vn -0.3457 0.9001 -0.2653
vn -0.3573 0.8798 -0.3133
vn -0.3915 0.8697 -0.3004
vn -0.3573 0.8799 -0.3133
vn -0.3915 0.8698 -0.3004
vn -0.3774 0.9000 -0.2179
vn -0.4274 0.8697 -0.2468
vn -0.3916 0.8697 -0.3004
vn -0.6740 0.5276 -0.5171
vn -0.7357 0.5276 -0.4248
vn -0.7357 0.5275 -0.4248
vn -0.8644 0.0606 -0.4991
vn -0.8645 0.0606 -0.4990
vn -0.8645 0.0606 -0.4991
vn -0.9641 0.0604 -0.2584
vn -0.9790 0.0601 -0.1949
vn -0.4560 0.8697 -0.1889
vn -0.4274 0.8697 -0.2467
vn -0.7357 0.5276 -0.4247
vn -0.7848 0.5276 -0.3251
vn -0.7848 0.5275 -0.3252
vn -0.7849 0.5275 -0.3251
vn -0.9641 0.0605 -0.2584
vn -0.8207 0.5274 -0.2200
vn -0.4560 0.8697 -0.1888
vn -0.4499 0.8831 -0.1332
vn -0.9790 0.0602 -0.1949
vn -0.8339 0.5263 -0.1661
vn -0.8207 0.5273 -0.2200
vn -0.4849 0.8692 -0.0965
vn -0.8206 0.5274 -0.2200
vn -0.8339 0.5264 -0.1661
vn -0.4850 0.8692 -0.0965
vn -0.4498 0.8831 -0.1332
vn -0.4282 0.8997 -0.0852
vn -0.4159 0.8999 -0.1312
vn -0.3774 0.9001 -0.2179
vn -0.4026 0.9000 -0.1668
vn -0.4026 0.9000 -0.1667
vn -0.4159 0.8999 -0.1311
vn -0.9659 -0.0000 -0.2589
vn -0.7373 -0.0000 -0.6755
vn -0.1950 -0.0000 0.9808
vn 0.1586 -0.0000 0.9874
vn 0.2673 -0.8984 0.3484
vn 0.2196 -0.8984 0.3803
vn 0.1680 -0.8984 0.4057
vn 0.2893 -0.8796 0.3777
vn 0.2893 -0.8796 0.3776
vn 0.5154 -0.5300 0.6734
vn 0.6076 -0.0415 0.7932
vn 0.4996 -0.0425 0.8652
vn 0.5904 -0.0005 0.8071
vn 0.6583 -0.0002 0.7527
vn 0.6076 -0.0414 0.7932
vn 0.6584 -0.0005 0.7527
vn 0.6578 -0.0404 0.7521
vn 0.6576 -0.0404 0.7523
vn 0.5557 -0.5301 0.6405
vn 0.5578 -0.5301 0.6387
vn 0.5155 -0.5300 0.6733
vn 0.4995 -0.0425 0.8653
vn 0.5000 -0.0005 0.8660
vn 0.2387 -0.8787 0.4134
vn 0.5154 -0.5300 0.6733
vn 0.4243 -0.5292 0.7348
vn 0.2387 -0.8787 0.4135
vn 0.1326 -0.8891 0.4381
vn 0.1326 -0.8891 0.4382
vn 0.2210 -0.5289 0.8194
vn 0.1683 -0.5279 0.8325
vn 0.2591 -0.0403 0.9650
vn 0.1682 -0.5279 0.8325
vn 0.2590 -0.0403 0.9650
vn 0.1959 -0.0380 0.9799
vn 0.1948 -0.0000 0.9808
vn 0.2588 -0.0005 0.9659
vn 0.1945 -0.0005 0.9809
vn 0.3826 -0.0005 0.9239
vn 0.3823 -0.0425 0.9231
vn 0.4995 -0.0424 0.8653
vn 0.4243 -0.5291 0.7349
vn 0.3823 -0.0425 0.9230
vn 0.1827 -0.8787 0.4410
vn 0.1827 -0.8787 0.4411
vn 0.3247 -0.5292 0.7839
vn 0.4242 -0.5292 0.7349
vn -0.0213 -0.5551 0.8315
vn -0.0108 -0.6835 0.7299
vn -0.0000 -0.9659 0.2588
vn -0.0065 -0.9951 0.0990
vn -0.4347 0.8995 -0.0435
vn -0.4346 0.8996 -0.0435
vn -0.4282 0.8997 -0.0851
vn 0.7918 0.6108 -0.0000
vn 0.9032 0.4293 -0.0000
vn 0.4625 0.8866 -0.0000
vn 0.7917 0.6109 -0.0000
vn 0.4624 0.8866 -0.0000
vn 0.4624 0.8867 -0.0000
vn -0.5535 0.8329 -0.0000
vn -0.9411 0.3381 -0.0000
vn -0.5536 0.8328 -0.0000
vn -0.9411 0.3380 -0.0000
vn -0.8207 0.5274 0.2200
vn -0.4768 0.8697 0.1277
vn -0.4768 0.8697 0.1278
vn -0.4282 0.8997 0.0852
vn -0.4026 0.9000 0.1667
vn -0.4560 0.8697 0.1888
vn -0.4026 0.9000 0.1668
vn -0.4560 0.8697 0.1889
vn -0.7848 0.5276 0.3251
vn -0.8952 0.0605 0.4415
vn -0.7622 0.5156 0.3914
vn -0.9641 0.0604 0.2584
vn -0.9790 0.0601 0.1948
vn -0.9641 0.0605 0.2584
vn -0.7849 0.5275 0.3251
vn -0.8207 0.5273 0.2200
vn -0.8458 0.5156 0.1368
vn -0.9790 0.0602 0.1948
vn 0.5878 -0.8090 -0.0000
vn 0.9291 -0.3697 -0.0000
vn 0.7615 -0.5284 -0.3755
vn 0.4411 -0.8787 -0.1827
vn 0.7614 -0.5284 -0.3755
vn 0.7839 -0.5293 -0.3247
vn 0.8194 -0.5289 -0.2210
vn 0.4594 -0.8795 -0.1238
vn 0.9650 -0.0403 -0.2591
vn 0.7839 -0.5292 -0.3247
vn 0.9231 -0.0425 -0.3823
vn 0.9230 -0.0425 -0.3824
vn 0.7615 -0.5283 -0.3755
vn 0.9230 -0.0425 -0.3823
vn 0.7626 -0.5283 -0.3733
vn 0.8961 -0.0424 -0.4419
vn 0.4057 -0.8984 -0.1680
vn 0.4594 -0.8796 -0.1238
vn 0.4367 -0.8957 -0.0840
vn 0.4594 -0.8796 -0.1237
vn 0.4594 -0.8795 -0.1237
vn 0.8325 -0.5279 -0.1683
vn 0.8325 -0.5278 -0.1683
vn 0.9650 -0.0403 -0.2590
vn 0.9799 -0.0380 -0.1959
vn 0.8325 -0.5278 -0.1682
vn 0.9659 -0.0005 -0.2588
vn 0.9239 -0.0005 -0.3826
vn -0.2200 0.5274 0.8206
vn -0.1661 0.5264 0.8339
vn -0.0965 0.8692 0.4849
vn -0.0965 0.8692 0.4850
vn -0.1303 0.8760 0.4643
vn -0.2200 0.5274 0.8207
vn -0.1888 0.8697 0.4560
vn -0.1667 0.9000 0.4026
vn -0.1888 0.8697 0.4559
vn -0.1304 0.8761 0.4642
vn -0.1668 0.9000 0.4026
vn -0.2889 0.8761 0.3860
vn -0.2890 0.8761 0.3860
vn -0.5171 0.5276 0.6740
vn -0.5172 0.5276 0.6739
vn -0.6077 0.0606 0.7919
vn -0.7058 0.0606 0.7058
vn -0.6076 0.0606 0.7919
vn -0.7919 0.0606 0.6076
vn -0.8315 -0.0000 0.5556
vn -0.7919 0.0606 0.6077
vn -0.6740 0.5276 0.5171
vn -0.3490 0.8697 0.3490
vn -0.8299 0.0605 0.5546
vn -0.7068 0.5267 0.4723
vn -0.8300 0.0605 0.5545
vn -0.7068 0.5267 0.4722
vn -0.7068 0.5268 0.4722
vn -0.6740 0.5276 0.5172
vn -0.3630 0.8997 0.2425
vn -0.3630 0.8997 0.2426
vn -0.3082 0.9000 0.3081
vn -0.2653 0.9001 0.3457
vn -0.3081 0.9000 0.3082
vn -0.1303 0.8761 0.4643
vn -0.1303 0.8761 0.4642
vn 0.2297 -0.8973 -0.3768
vn 0.2392 -0.8782 -0.4142
vn 0.2803 -0.8835 -0.3754
vn 0.2392 -0.8781 -0.4143
vn 0.5154 -0.5300 -0.6733
vn 0.2804 -0.8834 -0.3754
vn 0.2393 -0.8781 -0.4143
vn 0.4243 -0.5292 -0.7348
vn 0.5155 -0.5300 -0.6733
vn 0.1968 -0.8663 -0.4592
vn 0.4242 -0.5292 -0.7348
vn 0.2392 -0.8782 -0.4143
vn 0.3313 -0.5093 -0.7943
vn 0.1323 -0.8666 -0.4811
vn 0.2237 -0.4922 -0.8412
vn 0.3313 -0.5092 -0.7943
vn 0.4995 -0.0425 -0.8653
vn 0.4996 -0.0425 -0.8652
vn 0.6076 -0.0415 -0.7932
vn 0.5155 -0.5300 -0.6734
vn 0.1323 -0.8667 -0.4810
vn 0.1035 -0.8982 -0.4273
vn 0.1036 -0.8982 -0.4273
vn 0.1323 -0.8667 -0.4811
vn 0.0737 -0.8593 -0.5061
vn 0.0738 -0.8593 -0.5061
vn 0.0738 -0.8593 -0.5060
vn 0.1592 -0.4933 -0.8551
vn 0.2591 -0.0403 -0.9650
vn 0.2237 -0.4922 -0.8413
vn 0.1592 -0.4933 -0.8552
vn 0.2238 -0.4922 -0.8413
vn 0.3823 -0.0425 -0.9231
vn 0.3823 -0.0425 -0.9230
vn 0.5000 -0.0005 -0.8660
vn 0.5851 -0.0005 -0.8109
vn 0.6584 -0.0005 -0.7527
vn 0.6583 -0.0000 -0.7528
vn 0.6576 -0.0404 -0.7523
vn 0.5578 -0.5301 -0.6386
vn 0.5154 -0.5300 -0.6734
vn 0.3126 -0.8801 -0.3573
vn 0.2804 -0.8835 -0.3753
vn 0.2803 -0.8835 -0.3753
vn 0.2804 -0.8835 -0.3754
vn 0.2297 -0.8973 -0.3769
vn 0.0560 -0.8966 -0.4394
vn 0.0738 -0.8594 -0.5060
vn 0.2901 -0.8980 -0.3307
vn 0.3827 -0.0005 -0.9239
vn 0.2588 -0.0005 -0.9659
vn 0.1945 -0.0005 -0.9809
vn 0.2590 -0.0403 -0.9650
vn 0.1948 -0.0000 -0.9808
vn 0.1959 -0.0380 -0.9799
vn 0.9916 -0.1148 -0.0599
vn 0.9520 -0.3001 -0.0596
vn 0.9520 -0.3001 -0.0597
vn 0.9521 -0.3000 -0.0596
vn -0.4734 -0.3219 -0.8199
vn -0.2846 -0.1554 -0.9460
vn -0.2846 -0.1553 -0.9460
vn -0.2847 -0.1553 -0.9460
vn 0.3642 -0.8961 -0.2539
vn 0.3901 -0.8682 -0.3068
vn 0.3641 -0.8961 -0.2539
vn 0.4238 -0.8561 -0.2959
vn 0.4239 -0.8561 -0.2956
vn 0.6810 -0.5116 -0.5239
vn 0.4239 -0.8561 -0.2957
vn 0.6810 -0.5117 -0.5239
vn 0.7203 -0.4920 -0.4890
vn 0.7203 -0.4920 -0.4891
vn 0.6810 -0.5116 -0.5238
vn 0.7932 -0.0415 -0.6076
vn 0.8308 -0.0424 -0.5549
vn 0.8307 -0.0424 -0.5551
vn 0.8071 -0.0005 -0.5904
vn 0.7932 -0.0414 -0.6076
vn 0.7527 -0.0005 -0.6584
vn 0.7521 -0.0404 -0.6578
vn 0.7528 -0.0000 -0.6583
vn 0.7523 -0.0404 -0.6576
vn 0.6405 -0.5301 -0.5556
vn 0.3558 -0.8790 -0.3175
vn 0.6386 -0.5301 -0.5578
vn 0.3558 -0.8790 -0.3174
vn 0.3278 -0.8959 -0.2997
vn -0.2701 -0.4130 -0.8697
vn 0.6313 0.4172 -0.6538
vn 0.6314 0.4172 -0.6537
vn 0.5605 -0.2160 0.7995
vn 0.5606 -0.2160 0.7995
vn 0.5608 -0.2172 0.7989
vn 0.5605 -0.2159 0.7995
vn -0.1720 -0.4172 0.8924
vn -0.1720 -0.4171 0.8924
vn -0.1721 -0.4172 0.8924
vn -0.6313 -0.4172 0.6538
vn -0.6314 -0.4172 0.6537
vn -0.9764 -0.2159 0.0008
vn -0.5606 0.2162 -0.7993
vn -0.9764 -0.2160 0.0008
vn -0.9750 -0.2222 -0.0019
vn -0.5606 0.2159 -0.7995
vn -0.5606 0.2160 -0.7995
vn 0.1719 0.4172 -0.8924
vn 0.1720 0.4172 -0.8924
vn 0.1721 0.4172 -0.8924
vn -0.2599 0.9300 0.2599
vn 0.7694 0.6387 -0.0063
vn 0.0063 0.6387 0.7694
vn 0.0655 -0.0000 -0.9978
vn 0.9659 -0.0000 -0.2589
vn 0.9979 -0.0001 -0.0653
vn 0.9874 -0.0004 -0.1581
vn -0.0003 -1.0000 -0.0000
vn -0.0002 -0.0000 1.0000
vn 0.0002 1.0000 -0.0000
vn -0.9979 -0.0000 0.0655
vn -0.9978 -0.0000 0.0655
vn -0.0656 -0.0000 0.9978
vn -0.0655 -0.0000 0.9979
vn -0.0654 -0.0000 0.9979
vn -0.0063 0.6387 -0.7694
vn -0.0000 0.6388 -0.7694
vn -0.0000 0.6387 -0.7694
vn -0.3261 0.9413 -0.0874
vn 0.1947 -0.0003 0.9809
vn -0.0001 -0.8090 -0.5878
vn -0.0000 -0.9511 -0.3090
vn -0.0000 -0.3159 -0.9488
vn 0.0001 -0.3159 -0.9488
vn -0.0000 0.2070 -0.9784
vn -0.0000 0.2070 -0.9783
vn -0.0000 0.8328 -0.5535
vn 0.0370 0.9554 -0.2928
vn 0.0377 0.9958 -0.0840
vn 0.0311 0.9993 -0.0228
vn 0.3915 0.8697 -0.3005
vn 0.0371 0.9554 -0.2928
vn 0.4033 0.9143 -0.0372
vn 0.4033 0.9143 -0.0373
vn 0.9215 0.3708 -0.1160
vn 0.4047 0.6551 -0.6380
vn 0.9215 0.3707 -0.1160
vn 0.8624 0.3631 -0.3528
vn 0.4047 0.6552 -0.6380
vn 0.0372 0.7149 -0.6982
vn 0.0371 0.9554 -0.2929
vn 0.0372 0.7150 -0.6982
vn 0.0378 0.2866 -0.9573
vn 0.4090 0.2606 -0.8745
vn 0.4091 0.2606 -0.8745
vn 0.8659 0.1453 -0.4787
vn 0.8624 0.3630 -0.3528
vn 0.4008 0.9161 0.0007
vn 0.4032 0.9143 -0.0372
vn 0.0363 0.0473 -0.9982
vn 0.0362 0.0474 -0.9982
vn 0.0378 0.2865 -0.9573
vn -0.0371 0.9554 -0.2928
vn -0.0377 0.9958 -0.0840
vn -0.4091 0.2606 -0.8745
vn -0.8659 0.1453 -0.4787
vn -0.8624 0.3631 -0.3528
vn -0.4047 0.6551 -0.6380
vn -0.9215 0.3707 -0.1160
vn -0.9214 0.3708 -0.1160
vn -0.9215 0.3708 -0.1160
vn -0.4033 0.9143 -0.0372
vn -0.0378 0.2866 -0.9573
vn -0.4090 0.2606 -0.8745
vn -0.0372 0.7149 -0.6982
vn -0.0372 0.7150 -0.6982
vn -0.0371 0.9554 -0.2929
vn -0.0362 0.0474 -0.9982
vn -0.0378 0.2865 -0.9573
vn -0.0363 0.0474 -0.9982
vn -0.3819 0.0607 -0.9222
vn -0.3820 0.0606 -0.9222
vn -0.3820 0.0607 -0.9222
vn -0.9209 0.3896 -0.0148
vn -0.4032 0.9143 -0.0372
vn -0.0000 -0.3451 0.9385
vn 0.0051 -0.9985 0.0547
vn 0.0067 -0.9951 -0.0991
vn 0.0067 -0.9394 0.3428
vn 0.0067 -0.9394 0.3429
vn -0.0001 0.2069 0.9784
vn -0.0000 -0.7657 -0.6432
vn -0.0000 0.9971 -0.0755
vn -0.0000 0.9375 -0.3479
vn -0.0000 0.9375 -0.3480
vn -0.0000 0.7722 -0.6354
vn -0.0000 0.7721 -0.6355
vn -0.0032 0.0784 -0.9969
vn -0.0000 -0.4342 -0.9008
vn -0.0000 -0.4341 -0.9009
vn -0.0000 0.9819 -0.1895
vn -0.0000 0.9819 -0.1894
vn -0.0108 -0.6834 -0.7299
vn -0.5001 -0.8660 -0.0001
vn -0.0001 1.0000 0.0001
vn 0.0032 -0.0784 0.9969
vn 0.5878 -0.8090 -0.0001
vn 0.3090 -0.9511 -0.0000
vn 0.9488 -0.3160 -0.0000
vn 0.9488 -0.3159 -0.0000
vn 0.9784 0.2069 0.0001
vn 0.9783 0.2070 -0.0000
vn 0.5535 0.8328 -0.0000
vn -0.0000 -0.9510 -0.3090
vn -0.0000 0.6790 -0.7341
vn -0.0000 0.6791 -0.7341
vn 0.0367 0.9993 0.0117
vn 0.2928 0.9554 0.0370
vn 0.0840 0.9958 0.0377
vn 0.2928 0.9554 0.0371
vn 0.0372 0.9143 0.4033
vn 0.0373 0.9143 0.4033
vn 0.1160 0.3708 0.9215
vn 0.6380 0.6551 0.4047
vn 0.1160 0.3708 0.9214
vn 0.3528 0.3631 0.8624
vn 0.6380 0.6552 0.4047
vn 0.6982 0.7149 0.0372
vn 0.2929 0.9554 0.0371
vn 0.6982 0.7150 0.0372
vn 0.9573 0.2866 0.0378
vn 0.8745 0.2606 0.4090
vn 0.4787 0.1453 0.8659
vn 0.8745 0.2605 0.4091
vn 0.3528 0.3630 0.8624
vn 0.1160 0.3707 0.9215
vn 0.0372 0.9143 0.4032
vn 0.9222 0.0607 0.3820
vn 0.9222 0.0606 0.3820
vn 0.9982 0.0473 0.0363
vn 0.9222 0.0607 0.3819
vn 0.9982 0.0476 0.0361
vn 0.9573 0.2865 0.0378
vn -1.0000 -0.0000 0.0001
vn 1.0000 -0.0000 -0.0002
vn 0.2928 0.9554 -0.0371
vn 0.2467 0.8697 -0.4274
vn 0.0840 0.9957 -0.0377
vn 0.2928 0.9554 -0.0370
vn 0.8745 0.2606 -0.4090
vn 0.4787 0.1453 -0.8659
vn 0.3528 0.3631 -0.8624
vn 0.8745 0.2606 -0.4091
vn 0.6380 0.6551 -0.4047
vn 0.1161 0.3708 -0.9214
vn 0.1160 0.3708 -0.9215
vn 0.2468 0.8697 -0.4275
vn 0.0372 0.9143 -0.4033
vn 0.9573 0.2866 -0.0378
vn 0.6982 0.7149 -0.0372
vn 0.6982 0.7150 -0.0372
vn 0.2929 0.9554 -0.0371
vn 0.9982 0.0478 -0.0359
vn 0.9573 0.2865 -0.0378
vn 0.9982 0.0470 -0.0366
vn 0.9222 0.0607 -0.3819
vn 0.1160 0.3707 -0.9215
vn 0.0372 0.9143 -0.4032
vn -0.9291 -0.3698 -0.0000
vn -0.8746 0.4849 -0.0000
vn -0.0547 -0.9985 0.0051
vn 0.0991 -0.9951 0.0067
vn -0.3428 -0.9394 0.0067
vn -0.3429 -0.9394 0.0067
vn 0.7505 0.0605 0.6581
vn 0.7919 0.0606 0.6076
vn 0.6391 0.5267 0.5605
vn 0.7919 0.0606 0.6077
vn 0.3915 0.8697 0.3005
vn 0.6391 0.5267 0.5604
vn 0.6739 0.5276 0.5172
vn 0.3573 0.8798 0.3134
vn 0.3457 0.9001 0.2653
vn 0.3573 0.8798 0.3133
vn 0.3915 0.8697 0.3004
vn 0.3573 0.8799 0.3133
vn 0.3915 0.8698 0.3004
vn 0.3774 0.9000 0.2179
vn 0.3916 0.8697 0.3004
vn 0.6740 0.5276 0.5171
vn 0.7357 0.5276 0.4248
vn 0.7357 0.5275 0.4248
vn 0.8644 0.0606 0.4991
vn 0.8645 0.0606 0.4990
vn 0.8645 0.0606 0.4991
vn 0.9641 0.0604 0.2584
vn 0.9808 -0.0000 0.1951
vn 0.9790 0.0601 0.1949
vn 0.4560 0.8697 0.1889
vn 0.7357 0.5276 0.4247
vn 0.7848 0.5276 0.3251
vn 0.7848 0.5275 0.3252
vn 0.7849 0.5275 0.3251
vn 0.9641 0.0605 0.2584
vn 0.8207 0.5274 0.2200
vn 0.4560 0.8697 0.1888
vn 0.4499 0.8831 0.1332
vn 0.9790 0.0602 0.1949
vn 0.8339 0.5263 0.1661
vn 0.8207 0.5273 0.2200
vn 0.4849 0.8692 0.0965
vn 0.8206 0.5274 0.2200
vn 0.8339 0.5264 0.1661
vn 0.4850 0.8692 0.0965
vn 0.4498 0.8831 0.1332
vn 0.4159 0.8999 0.1312
vn 0.3774 0.9001 0.2179
vn 0.4026 0.9000 0.1668
vn 0.4026 0.9000 0.1667
vn 0.4159 0.8999 0.1311
vn -0.0000 0.3380 -0.9411
vn -0.0000 0.8328 -0.5536
vn -0.0000 0.3381 -0.9411
vn -0.0000 0.8329 -0.5535
vn -0.0001 0.8329 -0.5535
vn -0.0000 0.8867 0.4624
vn -0.0000 0.6109 0.7917
vn -0.0000 0.8866 0.4625
vn -0.0000 0.8866 0.4624
vn -0.0000 0.4293 0.9032
vn -0.0000 0.6108 0.7918
vn -0.9916 -0.1148 0.0599
vn -0.9520 -0.3001 0.0596
vn -0.9520 -0.3001 0.0597
vn -0.9521 -0.3000 0.0596
vn 0.4734 -0.3219 0.8199
vn 0.2846 -0.1554 0.9460
vn 0.2846 -0.1553 0.9460
vn 0.2847 -0.1553 0.9460
vn -0.3642 -0.8961 0.2539
vn -0.3901 -0.8682 0.3068
vn -0.3641 -0.8961 0.2539
vn -0.4238 -0.8561 0.2959
vn -0.4239 -0.8561 0.2956
vn -0.6810 -0.5116 0.5239
vn -0.4239 -0.8561 0.2957
vn -0.6810 -0.5117 0.5239
vn -0.7203 -0.4920 0.4890
vn -0.7203 -0.4920 0.4891
vn -0.6810 -0.5116 0.5238
vn -0.7932 -0.0415 0.6076
vn -0.8309 -0.0424 0.5549
vn -0.8307 -0.0424 0.5551
vn -0.8315 -0.0002 0.5556
vn -0.8071 -0.0005 0.5904
vn -0.7932 -0.0414 0.6076
vn -0.7527 -0.0005 0.6584
vn -0.7521 -0.0404 0.6578
vn -0.7528 -0.0000 0.6583
vn -0.7523 -0.0404 0.6576
vn -0.6405 -0.5301 0.5556
vn -0.3558 -0.8790 0.3175
vn -0.6386 -0.5301 0.5578
vn -0.3558 -0.8790 0.3174
vn -0.3278 -0.8959 0.2997
vn 0.8895 0.0003 -0.4569
vn 0.1006 -0.0000 -0.9949
vn 0.8895 -0.0003 -0.4569
vn 0.4447 -0.8948 -0.0390
vn 0.4447 -0.8948 -0.0389
vn -0.7340 -0.2913 -0.6135
vn -0.8852 -0.3986 -0.2398
vn -0.7340 -0.2912 -0.6135
vn -0.8855 -0.3980 -0.2397
vn -0.8910 -0.4357 0.1277
vn -0.8862 -0.3966 -0.2396
vn -0.8969 -0.4351 0.0793
vn -0.8910 -0.4357 0.1276
vn -0.8969 -0.4352 0.0793
vn 0.2599 0.9300 -0.2599
vn -0.3133 0.8799 -0.3573
vn -0.3134 0.8798 -0.3573
vn -0.3004 0.8697 -0.3915
vn -0.3004 0.8698 -0.3915
vn -0.1888 0.8697 -0.4560
vn -0.4247 0.5276 -0.7357
vn -0.1889 0.8697 -0.4560
vn -0.4248 0.5276 -0.7357
vn -0.3251 0.5276 -0.7848
vn -0.4991 0.0606 -0.8644
vn -0.4248 0.5275 -0.7357
vn -0.3251 0.5275 -0.7849
vn -0.2584 0.0604 -0.9641
vn -0.2584 0.0605 -0.9641
vn -0.1949 0.0601 -0.9790
vn -0.1948 0.0602 -0.9790
vn -0.3251 0.5276 -0.7849
vn -0.5605 0.5267 -0.6391
vn -0.3005 0.8697 -0.3915
vn -0.5604 0.5267 -0.6391
vn -0.5171 0.5276 -0.6740
vn -0.3005 0.8697 -0.3916
vn -0.5172 0.5276 -0.6739
vn -0.6076 0.0606 -0.7919
vn -0.4991 0.0606 -0.8645
vn -0.6581 0.0605 -0.7505
vn -0.6077 0.0606 -0.7919
vn -0.2200 0.5273 -0.8207
vn -0.2200 0.5274 -0.8207
vn -0.0965 0.8692 -0.4849
vn -0.2200 0.5274 -0.8206
vn -0.1332 0.8831 -0.4498
vn -0.0965 0.8692 -0.4850
vn -0.0852 0.8997 -0.4282
vn -0.1312 0.8999 -0.4159
vn -0.1332 0.8831 -0.4499
vn -0.1311 0.8999 -0.4159
vn -0.9291 -0.3697 -0.0000
vn -0.6078 -0.7939 0.0134
vn -0.5380 -0.0000 0.8429
vn -1.0000 -0.0001 -0.0000
vn -1.0000 0.0001 -0.0000
vn -0.0000 -1.0000 -0.0002
vn -0.0655 -0.0000 0.9978
vn -0.0001 -0.0000 -1.0000
vn 0.3090 -0.9510 -0.0000
vn 0.9488 -0.3159 -0.0001
vn 0.7341 0.6790 -0.0000
vn 0.9783 0.2070 0.0001
vn 0.7341 0.6791 -0.0000
vn -0.4347 0.8995 0.0435
vn -0.4282 0.8997 0.0851
vn 0.0003 -1.0000 -0.0000
vn 0.0002 -0.0000 -1.0000
vn -0.0002 1.0000 -0.0000
vn 1.0000 -0.0001 -0.0000
vn 1.0000 0.0001 -0.0000
vn -0.0000 -1.0000 0.0002
vn -0.7918 0.6108 -0.0000
vn -0.9032 0.4293 -0.0000
vn -0.4625 0.8866 -0.0000
vn -0.7917 0.6109 -0.0000
vn -0.4624 0.8866 -0.0000
vn 0.5535 0.8329 -0.0000
vn 0.9411 0.3381 -0.0000
vn 0.5536 0.8328 -0.0000
vn 0.9411 0.3380 -0.0000
vn 0.1945 -0.0003 -0.9809
vn 0.0559 -0.8966 -0.4394
vn 0.6135 -0.2913 0.7340
vn 0.2397 -0.3980 0.8855
vn 0.6135 -0.2912 0.7340
vn 0.2397 -0.3979 0.8855
vn 0.2398 -0.3986 0.8852
vn -0.1277 -0.4357 0.8910
vn 0.2397 -0.3986 0.8853
vn -0.0793 -0.4348 0.8970
vn -0.1276 -0.4357 0.8910
vn -0.8315 -0.5551 0.0213
vn 0.0435 0.8995 0.4347
vn 0.0851 0.8997 0.4282
vn 0.0213 -0.5551 0.8315
vn 0.4347 0.8995 -0.0435
vn 0.4282 0.8997 -0.0851
vn 0.9783 0.2070 -0.0001
vn 0.9784 0.2068 -0.0000
vn -0.4447 -0.8948 -0.0390
vn -0.4447 -0.8948 -0.0389
vn 0.7340 -0.2913 -0.6135
vn 0.8855 -0.3980 -0.2397
vn 0.7340 -0.2912 -0.6135
vn 0.8855 -0.3979 -0.2397
vn 0.8852 -0.3986 -0.2398
vn 0.8910 -0.4357 0.1277
vn 0.8853 -0.3986 -0.2397
vn 0.8970 -0.4348 0.0793
vn 0.8910 -0.4357 0.1276
vn 0.8969 -0.4352 0.0793
vn -0.7707 -0.1730 0.6133
vn -0.7645 -0.3403 0.5475
vn -0.7645 -0.3403 0.5474
vn -0.7707 -0.1729 0.6133
vn -0.7645 -0.3402 0.5475
vn -0.3937 -0.1813 0.9012
vn -0.3312 -0.3564 0.8736
vn -0.3937 -0.1814 0.9012
vn 0.0129 -0.3851 0.9228
vn 0.0129 -0.3852 0.9228
vn -0.0107 -0.6835 0.7299
vn -0.1949 -0.0000 0.9808
vn -0.0390 -0.8948 0.4447
vn -0.0389 -0.8948 0.4447
vn -0.6135 -0.2913 -0.7340
vn -0.2397 -0.3980 -0.8855
vn -0.6135 -0.2912 -0.7340
vn -0.2397 -0.3979 -0.8855
vn -0.2398 -0.3986 -0.8852
vn 0.1277 -0.4357 -0.8910
vn -0.2397 -0.3986 -0.8853
vn 0.0793 -0.4348 -0.8970
vn 0.1276 -0.4357 -0.8910
vn 0.8315 -0.5551 -0.0213
vn -0.0435 0.8995 -0.4347
vn -0.0851 0.8997 -0.4282
vn 0.0128 -0.3851 0.9228
vn 0.0001 0.6108 0.7918
vn -0.0001 0.8867 0.4624
vn 0.4447 -0.8948 0.0390
vn 0.4447 -0.8948 0.0389
vn -0.7340 -0.2913 0.6135
vn -0.8855 -0.3980 0.2397
vn -0.7340 -0.2912 0.6135
vn -0.8855 -0.3979 0.2397
vn -0.8852 -0.3986 0.2398
vn -0.8910 -0.4357 -0.1277
vn -0.8853 -0.3986 0.2397
vn -0.8970 -0.4348 -0.0793
vn -0.8910 -0.4357 -0.1276
vn -0.8969 -0.4352 -0.0793
vn -0.3251 0.5276 0.7848
vn -0.1889 0.8697 0.4560
vn -0.4248 0.5276 0.7357
vn -0.4248 0.5275 0.7357
vn -0.4991 0.0607 0.8644
vn -0.4991 0.0606 0.8644
vn -0.2584 0.0604 0.9641
vn -0.1949 0.0601 0.9790
vn -0.1661 0.5263 0.8339
vn -0.2584 0.0605 0.9641
vn -0.2200 0.5273 0.8207
vn -0.3251 0.5276 0.7849
vn -0.4990 0.0607 0.8644
vn -0.3252 0.5275 0.7848
vn 0.7707 -0.1730 -0.6133
vn 0.7645 -0.3403 -0.5475
vn 0.7645 -0.3403 -0.5474
vn 0.7707 -0.1729 -0.6133
vn 0.7645 -0.3402 -0.5475
vn 0.3937 -0.1813 -0.9012
vn 0.3312 -0.3564 -0.8736
vn 0.3937 -0.1814 -0.9012
vn -0.0213 -0.5551 -0.8315
vn -0.0001 0.2069 -0.9784
vn -0.0001 0.6387 -0.7694
vn -0.0001 0.6790 -0.7341
vn -0.7694 0.6387 -0.0063
vn 0.0063 0.6387 -0.7694
vn -0.0063 0.6387 0.7694
vn 0.0001 0.8329 0.5535
vt 0.016550 0.624900
vt 0.021726 0.620772
vt 0.022658 0.624900
vt 0.017346 0.620772
vt 0.241488 0.825648
vt 0.252900 0.826478
vt 0.253376 0.749679
vt 0.229399 0.822652
vt 0.218155 0.817977
vt 0.207879 0.811640
vt 0.198718 0.803777
vt 0.190903 0.794579
vt 0.184626 0.784269
vt 0.180013 0.773020
vt 0.177111 0.760995
vt 0.176736 0.749286
vt 0.330328 0.749772
vt 0.329447 0.761628
vt 0.326478 0.773610
vt 0.321806 0.784825
vt 0.315463 0.795095
vt 0.307596 0.804251
vt 0.298387 0.812058
vt 0.288077 0.818335
vt 0.276805 0.822942
vt 0.264659 0.825863
vt 0.253370 0.826339
vt 0.241359 0.825629
vt 0.229361 0.822754
vt 0.218226 0.818108
vt 0.207958 0.811764
vt 0.198804 0.803899
vt 0.190992 0.794699
vt 0.184726 0.784381
vt 0.180117 0.773133
vt 0.177228 0.761172
vt 0.176710 0.749917
vt 0.177363 0.737470
vt 0.180282 0.725706
vt 0.184949 0.714529
vt 0.191287 0.704255
vt 0.199156 0.695103
vt 0.208372 0.687288
vt 0.218757 0.680989
vt 0.229851 0.676451
vt 0.241974 0.673517
vt 0.253587 0.673154
vt 0.249785 0.829876
vt 0.240702 0.829242
vt 0.228117 0.826229
vt 0.216429 0.821351
vt 0.205648 0.814705
vt 0.196038 0.806454
vt 0.187838 0.796802
vt 0.181250 0.785985
vt 0.176432 0.774271
vt 0.173493 0.761725
vt 0.172890 0.752481
vt 0.017346 0.421103
vt 0.021726 0.421103
vt 0.016550 0.417003
vt 0.022658 0.417003
vt 0.026130 0.620772
vt 0.026130 0.421103
vt 0.012850 0.620772
vt 0.012850 0.421103
vt 0.172940 0.752629
vt 0.033889 0.783711
vt 0.031433 0.751153
vt 0.173604 0.761838
vt 0.041914 0.817629
vt 0.176538 0.774371
vt 0.055147 0.849872
vt 0.181347 0.786088
vt 0.073262 0.879649
vt 0.187927 0.796910
vt 0.095810 0.906225
vt 0.196121 0.806567
vt 0.122240 0.928948
vt 0.205726 0.814824
vt 0.151898 0.947256
vt 0.216502 0.821478
vt 0.184054 0.960699
vt 0.228189 0.826361
vt 0.217919 0.968946
vt 0.240684 0.829373
vt 0.250460 0.971613
vt 0.250318 0.830251
vt 0.256397 0.830201
vt 0.287412 0.969172
vt 0.254854 0.971628
vt 0.265463 0.829461
vt 0.321329 0.961147
vt 0.278073 0.826525
vt 0.353573 0.947914
vt 0.289791 0.821716
vt 0.383350 0.929800
vt 0.300610 0.815133
vt 0.409927 0.907250
vt 0.310269 0.806940
vt 0.432649 0.880822
vt 0.318524 0.797335
vt 0.450957 0.851164
vt 0.325179 0.786558
vt 0.464400 0.819006
vt 0.330062 0.774872
vt 0.472647 0.785142
vt 0.333075 0.762370
vt 0.475315 0.752602
vt 0.333734 0.753029
vt 0.217937 0.968819
vt 0.250480 0.971467
vt 0.184067 0.960593
vt 0.151902 0.947171
vt 0.122232 0.928882
vt 0.095789 0.906175
vt 0.073224 0.879613
vt 0.055091 0.849846
vt 0.041838 0.817611
vt 0.033791 0.783698
vt 0.031316 0.751141
vt 0.250442 0.669306
vt 0.219351 0.530188
vt 0.251909 0.527733
vt 0.241258 0.669901
vt 0.185434 0.538213
vt 0.228644 0.672855
vt 0.153190 0.551446
vt 0.217019 0.677625
vt 0.123413 0.569560
vt 0.206152 0.684227
vt 0.096836 0.592109
vt 0.196494 0.692421
vt 0.074114 0.618539
vt 0.188237 0.702025
vt 0.055806 0.648198
vt 0.181586 0.712803
vt 0.042362 0.680353
vt 0.176701 0.724488
vt 0.034116 0.714218
vt 0.173696 0.736870
vt 0.031448 0.746760
vt 0.172952 0.746488
vt 0.029651 0.993725
vt 0.029802 0.947338
vt 0.026166 0.947569
vt 0.033436 0.947592
vt 0.036979 0.948455
vt 0.040343 0.949862
vt 0.043446 0.951777
vt 0.046211 0.954154
vt 0.048570 0.956935
vt 0.050465 0.960050
vt 0.051850 0.963423
vt 0.052689 0.966972
vt 0.052919 0.970607
vt 0.052666 0.974242
vt 0.051803 0.977785
vt 0.050397 0.981149
vt 0.048481 0.984252
vt 0.046104 0.987017
vt 0.043324 0.989376
vt 0.040208 0.991271
vt 0.036835 0.992655
vt 0.033286 0.993495
vt 0.022473 0.992608
vt 0.026016 0.993471
vt 0.019109 0.991202
vt 0.016006 0.989287
vt 0.013241 0.986910
vt 0.010882 0.984129
vt 0.008987 0.981014
vt 0.007603 0.977640
vt 0.006763 0.974092
vt 0.006533 0.970456
vt 0.006787 0.966822
vt 0.007650 0.963279
vt 0.009056 0.959915
vt 0.010971 0.956812
vt 0.013348 0.954047
vt 0.016129 0.951688
vt 0.019244 0.949793
vt 0.022618 0.948408
vt 0.017745 0.825392
vt 0.018673 0.786076
vt 0.027246 0.822341
vt 0.008813 0.787544
vt 0.006294 0.748872
vt 0.016292 0.748907
vt 0.009066 0.710217
vt 0.018916 0.711754
vt 0.027726 0.675545
vt 0.018247 0.672428
vt 0.033227 0.636599
vt 0.042102 0.641158
vt 0.053623 0.603551
vt 0.061677 0.609442
vt 0.085976 0.581179
vt 0.078942 0.574101
vt 0.114397 0.557066
vt 0.108558 0.548974
vt 0.146240 0.537696
vt 0.141738 0.528790
vt 0.177668 0.514045
vt 0.180721 0.523545
vt 0.215516 0.505113
vt 0.216986 0.514973
vt 0.254188 0.502592
vt 0.254155 0.512590
vt 0.487846 0.787608
vt 0.490472 0.750454
vt 0.500470 0.750487
vt 0.497695 0.789142
vt 0.479038 0.823816
vt 0.488517 0.826930
vt 0.473538 0.862762
vt 0.464662 0.858204
vt 0.453137 0.895811
vt 0.445083 0.889920
vt 0.420786 0.918182
vt 0.427818 0.925261
vt 0.398203 0.950386
vt 0.392365 0.942294
vt 0.365023 0.970569
vt 0.360522 0.961664
vt 0.326042 0.975814
vt 0.329096 0.985313
vt 0.291248 0.994247
vt 0.289777 0.984388
vt 0.252575 0.996769
vt 0.252608 0.986771
vt 0.215455 0.984142
vt 0.213921 0.993991
vt 0.179246 0.975337
vt 0.176133 0.984818
vt 0.140304 0.969836
vt 0.144860 0.960959
vt 0.113142 0.941385
vt 0.107253 0.949441
vt 0.084880 0.917085
vt 0.077802 0.924119
vt 0.060767 0.888665
vt 0.052675 0.894504
vt 0.032491 0.861322
vt 0.041397 0.856822
vt 0.333744 0.746678
vt 0.252636 0.986623
vt 0.215482 0.984020
vt 0.179268 0.975235
vt 0.144871 0.960881
vt 0.113143 0.941321
vt 0.084865 0.917042
vt 0.060734 0.888637
vt 0.041345 0.856806
vt 0.027171 0.822333
vt 0.018577 0.786074
vt 0.016172 0.748905
vt 0.256805 0.669327
vt 0.475329 0.748208
vt 0.008719 0.787551
vt 0.006174 0.748879
vt 0.017673 0.825392
vt 0.032442 0.861312
vt 0.052646 0.894481
vt 0.077792 0.924079
vt 0.107257 0.949378
vt 0.140317 0.969760
vt 0.176159 0.984716
vt 0.213954 0.993871
vt 0.252610 0.996621
vt 0.256301 0.527747
vt 0.235856 0.243196
vt 0.233475 0.272700
vt 0.232381 0.272551
vt 0.742842 0.438802
vt 0.774019 0.450358
vt 0.742842 0.444908
vt 0.778382 0.446313
vt 0.779923 0.465277
vt 0.785894 0.464470
vt 0.961403 0.446202
vt 0.921375 0.429695
vt 0.921376 0.464399
vt 0.953888 0.464518
vt 0.996939 0.365124
vt 0.921375 0.331595
vt 0.921375 0.365135
vt 0.921375 0.397109
vt 0.996939 0.397099
vt 0.996939 0.429685
vt 0.996939 0.438614
vt 0.996939 0.331585
vt 0.996939 0.303002
vt 0.921375 0.303013
vt 0.996939 0.276809
vt 0.921376 0.276820
vt 0.839802 0.439008
vt 0.833740 0.429706
vt 0.833740 0.438636
vt 0.839802 0.429706
vt 0.833740 0.397120
vt 0.839802 0.397120
vt 0.833740 0.365146
vt 0.839802 0.365146
vt 0.833740 0.331606
vt 0.839802 0.331606
vt 0.833740 0.303024
vt 0.839802 0.303024
vt 0.833740 0.276830
vt 0.839802 0.276830
vt 0.742842 0.429501
vt 0.818406 0.464470
vt 0.818406 0.429501
vt 0.818406 0.396915
vt 0.742842 0.396915
vt 0.742842 0.364940
vt 0.818406 0.364940
vt 0.818406 0.331401
vt 0.742842 0.331401
vt 0.742842 0.302818
vt 0.818406 0.302818
vt 0.742842 0.276625
vt 0.818407 0.276625
vt 0.875341 0.446518
vt 0.915365 0.365146
vt 0.915365 0.397120
vt 0.915365 0.429706
vt 0.915365 0.464676
vt 0.882853 0.464676
vt 0.915365 0.331606
vt 0.915365 0.303024
vt 0.915366 0.276830
vt 0.870979 0.450563
vt 0.839802 0.445113
vt 0.876882 0.465483
vt 0.811649 0.476483
vt 0.828179 0.540854
vt 0.772788 0.481187
vt 0.772093 0.547644
vt 0.716162 0.539686
vt 0.734033 0.475673
vt -0.066974 0.165520
vt -0.086299 0.170739
vt -0.086991 0.165559
vt -0.086319 0.160377
vt 0.829415 0.545668
vt 0.772041 0.552615
vt 0.714826 0.544474
vt 0.714484 0.691900
vt 0.711040 0.708915
vt 0.710991 0.675751
vt 0.629152 0.642661
vt 0.629152 0.676375
vt 0.782971 0.641024
vt 0.756511 0.689342
vt 0.782407 0.676793
vt 0.684812 0.437037
vt 0.678156 0.434908
vt 0.688495 0.420961
vt 0.727635 0.436479
vt 0.784297 0.681899
vt 0.758758 0.694311
vt 0.710990 0.604602
vt 0.629152 0.599108
vt 0.710990 0.599108
vt 0.629152 0.604602
vt 0.685721 0.442524
vt 0.688636 0.458484
vt 0.679565 0.445055
vt 0.727562 0.441933
vt 0.706235 0.676708
vt 0.706281 0.707971
vt 0.676775 0.441175
vt 0.683313 0.442425
vt 0.756563 0.588719
vt 0.782971 0.599155
vt 0.782971 0.635865
vt 0.629152 0.635865
vt 0.714268 0.589209
vt 0.710990 0.573339
vt 0.624395 0.675150
vt 0.624395 0.643887
vt 0.625026 -0.000732
vt 0.587145 0.008241
vt 0.623741 -0.000417
vt 0.588430 0.011949
vt 0.625026 0.097240
vt 0.587145 0.088268
vt 0.588430 0.084559
vt 0.623741 0.100949
vt 0.665546 0.084559
vt 0.663983 0.011949
vt 0.667908 0.011949
vt 0.661621 0.084559
vt 0.584505 0.011949
vt 0.584505 0.084559
vt 0.626311 0.100949
vt 0.662907 0.088268
vt 0.665268 0.008241
vt 0.626311 -0.000417
vt 0.625026 0.097220
vt 0.587145 0.088247
vt 0.588430 0.084539
vt 0.623741 0.100870
vt 0.625026 -0.000821
vt 0.587145 0.008151
vt 0.623741 -0.000319
vt 0.588430 0.011860
vt 0.667813 0.011860
vt 0.661621 0.084539
vt 0.663888 0.011860
vt 0.665546 0.084539
vt 0.584505 0.084539
vt 0.584505 0.011860
vt 0.626311 -0.000320
vt 0.665174 0.008151
vt 0.662906 0.088247
vt 0.626311 0.100870
vt 0.147341 0.003734
vt 0.158377 0.003734
vt 0.158377 0.056825
vt 0.147341 0.056825
vt 0.136305 0.056825
vt 0.136305 0.003734
vt 0.125269 0.003734
vt 0.125269 0.056825
vt 0.114232 0.056825
vt 0.114232 0.003734
vt 0.945292 0.679032
vt 0.992629 0.716262
vt 0.945292 0.716262
vt 0.992629 0.679033
vt 0.945292 0.597291
vt 0.992629 0.634521
vt 0.945292 0.634520
vt 0.992629 0.597291
vt 0.937434 0.746089
vt 0.985335 0.738834
vt 0.985336 0.746089
vt 0.937432 0.738834
vt 0.932116 0.735977
vt 0.932119 0.748948
vt 0.990650 0.735976
vt 0.990651 0.748946
vt 0.988053 0.751477
vt 0.934716 0.751477
vt 0.988052 0.733445
vt 0.934715 0.733445
vt 0.513464 0.024862
vt 0.380458 0.196300
vt 0.379809 0.200801
vt 0.511733 0.020657
vt 0.414934 0.198984
vt 0.414879 0.203530
vt 0.346626 0.189139
vt 0.345395 0.193516
vt 0.446224 0.121351
vt 0.513115 0.100819
vt 0.514736 0.105067
vt 0.445763 0.116827
vt 0.376778 0.114795
vt 0.376052 0.119284
vt 0.449467 0.197147
vt 0.450005 0.201661
vt 0.666937 0.561512
vt 0.577330 0.561513
vt 0.577327 0.522197
vt 0.666937 0.522196
vt 0.577330 0.482881
vt 0.666936 0.482881
vt 0.371671 0.257260
vt 0.535184 0.077609
vt 0.414180 0.260569
vt 0.329952 0.248433
vt 0.535066 0.158364
vt 0.452001 0.178101
vt 0.366947 0.175597
vt 0.456757 0.258303
vt 0.712449 0.715176
vt 0.183256 0.182808
vt 0.194266 0.182773
vt 0.194503 0.257077
vt 0.183493 0.257112
vt 0.172482 0.257147
vt 0.172245 0.182843
vt 0.161472 0.257182
vt 0.161235 0.182878
vt 0.150461 0.257217
vt 0.150224 0.182913
vt 0.003958 0.160773
vt 0.015205 0.235042
vt 0.004195 0.235077
vt 0.014968 0.160738
vt 0.025979 0.160703
vt 0.026216 0.235007
vt 0.889601 0.915410
vt 0.792135 0.995078
vt 0.792135 0.915410
vt 0.889601 0.995078
vt 0.154366 0.091081
vt 0.149253 0.077502
vt 0.154366 0.077502
vt 0.149253 0.091082
vt 0.144139 0.077502
vt 0.144139 0.091081
vt 0.139026 0.091081
vt 0.139026 0.077502
vt 0.133913 0.091081
vt 0.133913 0.077502
vt 0.128799 0.077502
vt 0.128799 0.091082
vt 0.123686 0.091082
vt 0.123686 0.077502
vt 0.850626 0.722962
vt 0.846170 0.731614
vt 0.846170 0.722962
vt 0.850550 0.732190
vt 0.843287 0.734497
vt 0.843864 0.738877
vt 0.821056 0.734497
vt 0.821056 0.738953
vt 0.061592 0.016193
vt 0.066706 0.002613
vt 0.061592 0.002613
vt 0.066706 0.016193
vt 0.071819 0.002613
vt 0.071819 0.016192
vt 0.076933 0.016192
vt 0.076933 0.002613
vt 0.082046 0.016192
vt 0.082046 0.002613
vt 0.087159 0.016193
vt 0.087159 0.002613
vt 0.092272 0.002613
vt 0.092272 0.016192
vt 0.865151 0.670461
vt 0.803104 0.628163
vt 0.803104 0.671917
vt 0.865151 0.629620
vt 0.807869 0.683789
vt 0.860385 0.683789
vt 0.871646 0.678193
vt 0.924161 0.666806
vt 0.871646 0.666806
vt 0.924161 0.678193
vt 0.871646 0.685076
vt 0.924161 0.685076
vt 0.871646 0.630820
vt 0.924161 0.630820
vt 0.898005 0.562043
vt 0.889512 0.558055
vt 0.880748 0.558183
vt 0.874162 0.562968
vt 0.871646 0.570711
vt 0.871646 0.602684
vt 0.924161 0.602684
vt 0.864960 0.570184
vt 0.868786 0.559063
vt 0.878695 0.551864
vt 0.890968 0.551529
vt 0.902096 0.556755
vt 0.930404 0.600947
vt 0.682128 0.988683
vt 0.644659 0.991611
vt 0.644661 0.988683
vt 0.682131 0.991611
vt 0.726933 0.985429
vt 0.766965 0.966690
vt 0.728854 0.987734
vt 0.765873 0.964009
vt 0.769500 0.961843
vt 0.770557 0.964367
vt 0.073076 0.255766
vt 0.070257 0.234866
vt 0.081267 0.234832
vt 0.084086 0.255731
vt 0.092277 0.234796
vt 0.062062 0.255801
vt 0.059247 0.234902
vt 0.095090 0.255695
vt 0.103288 0.234761
vt 0.051057 0.255836
vt 0.048236 0.234937
vt 0.106101 0.255660
vt 0.114298 0.234726
vt 0.040047 0.255870
vt 0.037226 0.234972
vt 0.117118 0.255625
vt 0.125309 0.234691
vt 0.029031 0.255906
vt 0.128125 0.255591
vt 0.136319 0.234656
vt 0.018025 0.255941
vt 0.007012 0.255977
vt 0.081030 0.160528
vt 0.070020 0.160563
vt 0.078212 0.139628
vt 0.092041 0.160492
vt 0.089223 0.139593
vt 0.059010 0.160598
vt 0.067201 0.139663
vt 0.103051 0.160457
vt 0.100230 0.139559
vt 0.048000 0.160633
vt 0.056190 0.139698
vt 0.114061 0.160422
vt 0.111244 0.139523
vt 0.036989 0.160668
vt 0.045179 0.139734
vt 0.125072 0.160387
vt 0.122252 0.139488
vt 0.034171 0.139769
vt 0.136082 0.160352
vt 0.133263 0.139453
vt 0.023160 0.139804
vt 0.012151 0.139839
vt 0.140304 0.095853
vt 0.145417 0.095853
vt 0.135191 0.095853
vt 0.150532 0.095853
vt 0.130078 0.095853
vt 0.124965 0.095853
vt 0.816600 0.706729
vt 0.811979 0.700370
vt 0.815323 0.702799
vt 0.807528 0.700305
vt 0.803217 0.702329
vt 0.791486 0.722962
vt 0.791486 0.731614
vt 0.794370 0.734497
vt 0.816600 0.734497
vt 0.765380 0.975639
vt 0.763611 0.976308
vt 0.765380 0.976312
vt 0.763523 0.975645
vt 0.784150 0.937249
vt 0.781426 0.919390
vt 0.784389 0.919390
vt 0.781446 0.937249
vt 0.706200 0.984307
vt 0.714660 0.988649
vt 0.706201 0.988661
vt 0.715012 0.963546
vt 0.682126 0.984292
vt 0.706188 0.964102
vt 0.706193 0.960641
vt 0.714635 0.959921
vt 0.753863 0.942025
vt 0.751309 0.939212
vt 0.757080 0.938949
vt 0.753389 0.936294
vt 0.753856 0.919389
vt 0.714532 0.919389
vt 0.706192 0.919372
vt 0.644649 0.919376
vt 0.644655 0.960645
vt 0.644654 0.964107
vt 0.757314 0.919389
vt 0.753239 0.936004
vt 0.756772 0.936898
vt 0.821056 0.706730
vt 0.834440 0.702329
vt 0.830128 0.700305
vt 0.825677 0.700370
vt 0.822334 0.702799
vt 0.702413 0.809453
vt 0.767133 0.767293
vt 0.767134 0.809454
vt 0.702414 0.767290
vt 0.635335 0.866513
vt 0.582431 0.860135
vt 0.635335 0.860134
vt 0.582431 0.866514
vt 0.573556 0.728223
vt 0.568516 0.738682
vt 0.568365 0.728340
vt 0.573558 0.738601
vt 0.573558 0.744532
vt 0.568416 0.744388
vt 0.568421 0.853367
vt 0.573558 0.853321
vt 0.573558 0.856124
vt 0.568421 0.856078
vt 0.573558 0.863844
vt 0.568367 0.863776
vt 0.573559 0.893820
vt 0.548528 0.893821
vt 0.569242 0.898142
vt 0.702413 0.736807
vt 0.702415 0.732161
vt 0.708322 0.732163
vt 0.761225 0.732164
vt 0.702414 0.738801
vt 0.767133 0.736809
vt 0.767132 0.732163
vt 0.767132 0.738802
vt 0.767133 0.740527
vt 0.702414 0.740526
vt 0.702414 0.747223
vt 0.767133 0.747226
vt 0.702421 0.885313
vt 0.767132 0.885313
vt 0.582280 0.894971
vt 0.570406 0.906860
vt 0.539804 0.894961
vt 0.564927 0.852744
vt 0.564883 0.861616
vt 0.653048 0.852755
vt 0.669228 0.893829
vt 0.653093 0.861627
vt 0.677948 0.894987
vt 0.648514 0.898139
vt 0.647374 0.906865
vt 0.644196 0.893821
vt 0.635475 0.894972
vt 0.644205 0.863844
vt 0.644209 0.856124
vt 0.644207 0.853321
vt 0.644210 0.744531
vt 0.644209 0.738599
vt 0.644204 0.728221
vt 0.818773 0.700211
vt 0.816655 0.706032
vt 0.824318 0.696184
vt 0.831092 0.695981
vt 0.837150 0.698826
vt 0.850137 0.720931
vt 0.831220 0.758254
vt 0.820825 0.753730
vt 0.827822 0.760494
vt 0.822545 0.750069
vt 0.814429 0.752303
vt 0.814334 0.748270
vt 0.806658 0.750809
vt 0.809021 0.754061
vt 0.801184 0.761187
vt 0.805229 0.761505
vt 0.801538 0.772521
vt 0.805229 0.776415
vt 0.801335 0.780485
vt 0.075654 0.020964
vt 0.080768 0.020964
vt 0.070541 0.020964
vt 0.085881 0.020964
vt 0.065426 0.020964
vt 0.090994 0.020964
vt 0.778742 0.780484
vt 0.827822 0.776415
vt 0.127533 0.108870
vt 0.130933 0.105270
vt 0.131161 0.112222
vt 0.124010 0.105358
vt 0.124143 0.112458
vt 0.834027 0.557444
vt 0.851283 0.553583
vt 0.842519 0.553455
vt 0.857869 0.558369
vt 0.860385 0.566111
vt 0.860385 0.598085
vt 0.807870 0.598085
vt 0.930656 0.631076
vt 0.930656 0.669004
vt 0.930888 0.676735
vt 0.779539 0.980232
vt 0.780226 0.976363
vt 0.779552 0.976361
vt 0.780198 0.981154
vt 0.779518 0.982784
vt 0.780198 0.981560
vt 0.780097 0.990604
vt 0.779425 0.990595
vt 0.703324 0.985225
vt 0.703276 0.988663
vt 0.685009 0.984652
vt 0.685055 0.988676
vt -0.047317 0.214114
vt -0.048437 0.227020
vt -0.060180 0.207332
vt -0.034351 0.207373
vt -0.068261 0.151142
vt -0.107812 0.166933
vt -0.107812 0.151142
vt -0.068261 0.166933
vt -0.068261 0.216823
vt -0.107812 0.216823
vt -0.107812 0.123810
vt -0.068261 0.124536
vt 0.567113 0.178208
vt 0.568910 0.167236
vt 0.566787 0.172522
vt 0.572828 0.164224
vt 0.577768 0.164091
vt 0.594846 0.176368
vt 0.579044 0.200904
vt 0.452516 0.605858
vt 0.503016 0.613175
vt 0.452518 0.613199
vt 0.503012 0.605834
vt 0.502680 0.616662
vt 0.452184 0.624003
vt 0.452182 0.616662
vt 0.502680 0.624003
vt 1.229689 0.586189
vt 1.152084 0.673607
vt 1.152084 0.586189
vt 1.229689 0.673607
vt 0.395634 0.605858
vt 0.395634 0.613199
vt 0.395298 0.616703
vt 0.395303 0.624044
vt 1.199927 0.871769
vt 1.204211 0.876580
vt 1.199925 0.876578
vt 1.204212 0.871771
vt 1.199926 0.769627
vt 1.204211 0.764818
vt 1.204211 0.769627
vt 1.199926 0.764818
vt 0.497687 0.711828
vt 0.493402 0.729370
vt 0.493402 0.711828
vt 0.497687 0.729370
vt 0.377355 0.711829
vt 0.381640 0.729371
vt 0.377355 0.729371
vt 0.381640 0.711829
vt 0.382164 0.711829
vt 0.386449 0.639707
vt 0.386449 0.711829
vt 0.382164 0.639707
vt 0.492878 0.639706
vt 0.488593 0.711829
vt 0.488593 0.639707
vt 0.492879 0.711829
vt 1.221753 0.769627
vt 1.221753 0.764818
vt 1.132089 0.871771
vt 1.132089 0.769627
vt 1.221753 0.871771
vt 1.221753 0.876580
vt 0.386449 0.733656
vt 0.381640 0.733656
vt 0.386449 0.729371
vt 0.488593 0.733656
vt 0.488593 0.729371
vt 0.493403 0.733655
vt 0.855811 0.768772
vt 0.884178 0.790986
vt 0.885159 0.753167
vt 0.856923 0.791673
vt 0.851728 0.787925
vt 0.849728 0.781838
vt 0.851312 0.774626
vt 0.488593 0.635421
vt 0.386449 0.635421
vt 0.116208 0.981034
vt 0.122161 0.985592
vt 0.113409 0.997023
vt 0.107456 0.992465
vt 0.080491 0.969177
vt 0.090526 0.958854
vt 0.060283 0.925777
vt 0.049105 0.934848
vt 0.021971 0.897069
vt 0.034138 0.889374
vt 0.003964 0.864498
vt 0.016951 0.858286
vt 0.852277 0.764542
vt 0.882615 0.748239
vt 0.846315 0.772299
vt 0.844234 0.781986
vt 0.847307 0.791159
vt 0.855247 0.796888
vt 0.886317 0.796102
vt 0.623195 0.902924
vt 0.623218 0.877893
vt 0.627517 0.898609
vt 0.593223 0.897704
vt 0.589510 0.902891
vt 0.522943 0.804493
vt 0.565414 0.845484
vt 0.550253 0.836613
vt 0.565444 0.744932
vt 0.563366 0.741371
vt 0.564687 0.742307
vt 0.565418 0.858767
vt 0.565400 0.861064
vt 0.565454 0.856037
vt 0.565454 0.853415
vt 0.565417 0.845634
vt 0.565455 0.744251
vt 0.565546 0.738776
vt 0.565454 0.735929
vt 0.565400 0.728471
vt 0.496210 0.936270
vt 0.495231 0.945930
vt 0.492923 0.937655
vt 0.500939 0.949584
vt 0.499753 0.954737
vt 0.504922 0.954463
vt 0.505296 0.960296
vt 0.510092 0.956924
vt 0.510717 0.961956
vt 0.512777 0.957023
vt 0.513285 0.971343
vt 0.509349 0.983429
vt 0.510176 0.971133
vt 0.512458 0.983638
vt 0.513193 0.967947
vt 0.513055 0.969943
vt 0.513087 0.969496
vt 0.734777 0.892269
vt 0.767132 0.892269
vt 0.702421 0.892269
vt 0.439904 0.975136
vt 0.442030 0.939353
vt 0.444131 0.941206
vt 0.473746 0.971133
vt 0.470230 0.938119
vt 0.474471 0.983436
vt 0.438938 0.987649
vt 0.623163 0.902886
vt 0.593185 0.897700
vt 0.589478 0.902892
vt 0.623159 0.877856
vt 0.627481 0.898567
vt 0.628799 0.984307
vt 0.635110 0.961284
vt 0.636597 0.983271
vt 0.627309 0.961298
vt 0.628678 0.939773
vt 0.636554 0.938720
vt 0.435811 0.987406
vt 0.436986 0.974262
vt 0.438921 0.938960
vt 0.524398 0.982487
vt 0.520463 0.970401
vt 0.523572 0.970191
vt 0.521289 0.982696
vt 0.520554 0.967004
vt 0.520692 0.969000
vt 0.520660 0.968553
vt 0.523031 0.961014
vt 0.653083 0.742302
vt 0.654404 0.741366
vt 0.652325 0.744926
vt 0.694826 0.804493
vt 0.652353 0.845479
vt 0.667516 0.836609
vt 0.559093 0.985600
vt 0.524418 0.985603
vt 0.559277 0.982494
vt 0.594423 0.989798
vt 0.594810 0.986707
vt 0.628450 0.984343
vt 0.626193 0.981096
vt 0.627474 0.984461
vt 0.622451 0.977755
vt 0.616856 0.975195
vt 0.607622 0.973409
vt 0.607182 0.960210
vt 0.608238 0.943665
vt 0.606844 0.942248
vt 0.591718 0.938411
vt 0.588722 0.937153
vt 0.589910 0.935851
vt 0.589616 0.940264
vt 0.563735 0.934080
vt 0.563518 0.937177
vt 0.542637 0.933637
vt 0.540825 0.936713
vt 0.191060 0.414104
vt 0.185754 0.371381
vt 0.194359 0.413773
vt 0.182586 0.372389
vt 0.158461 0.297854
vt 0.169576 0.331950
vt 0.153836 0.296876
vt 0.172664 0.330744
vt 0.185834 0.371721
vt 0.204675 0.412154
vt 0.204438 0.445443
vt 0.201284 0.412111
vt 0.207689 0.445812
vt 0.204833 0.446757
vt 0.206861 0.448895
vt 0.204807 0.447592
vt 0.204828 0.450953
vt 0.202604 0.449056
vt 0.201354 0.452057
vt 0.200171 0.449115
vt 0.197808 0.451366
vt 0.198103 0.447903
vt 0.195109 0.449204
vt 0.197195 0.445725
vt 0.193937 0.446220
vt 0.194327 0.413530
vt 0.164407 0.294665
vt 0.166135 0.290485
vt 0.182418 0.327030
vt 0.179285 0.328218
vt 0.192663 0.369795
vt 0.195903 0.368948
vt 0.201443 0.413209
vt 0.652310 0.735922
vt 0.649394 0.728332
vt 0.652359 0.728460
vt 0.649248 0.738672
vt 0.652218 0.738767
vt 0.649351 0.744377
vt 0.652312 0.744244
vt 0.652351 0.845635
vt 0.649344 0.853370
vt 0.652311 0.853413
vt 0.649345 0.856077
vt 0.652312 0.856032
vt 0.652348 0.858766
vt 0.649397 0.863779
vt 0.652364 0.861067
vt 0.251833 0.481653
vt 0.239322 0.478288
vt 0.251897 0.478547
vt 0.239257 0.481394
vt 0.230235 0.480691
vt 0.230616 0.477902
vt 0.222552 0.476406
vt 0.221909 0.479398
vt 0.140311 0.459909
vt 0.127437 0.459927
vt 0.128141 0.456962
vt 0.140320 0.462866
vt 0.221905 0.479394
vt 0.220012 0.276615
vt 0.234093 0.277623
vt 0.231954 0.281898
vt 0.220957 0.271812
vt 0.219952 0.276602
vt 0.220388 0.271637
vt 0.243887 0.288960
vt 0.232011 0.281927
vt 0.246480 0.284956
vt 0.254908 0.297374
vt 0.257947 0.293710
vt 0.268118 0.303554
vt 0.264671 0.306823
vt 0.785738 0.761694
vt 0.797543 0.762024
vt 0.792134 0.760267
vt 0.801335 0.769469
vt 0.778742 0.768458
vt 0.271726 0.277098
vt 0.258235 0.266799
vt 0.243662 0.258171
vt 0.282759 0.287779
vt 0.291381 0.281490
vt 0.286699 0.284042
vt 0.278459 0.268980
vt 0.275199 0.272910
vt 0.261198 0.262221
vt 0.263979 0.257926
vt 0.248338 0.248666
vt 0.246074 0.253267
vt 0.231961 0.252995
vt 0.230954 0.252155
vt 0.230474 0.250859
vt 0.231751 0.241328
vt 0.223921 0.238912
vt 0.232602 0.238926
vt 0.249461 0.246384
vt 0.265359 0.255796
vt 0.280075 0.267031
vt 0.293233 0.279733
vt 0.295463 0.278016
vt 0.230641 0.249425
vt 0.231398 0.248283
vt 0.232559 0.247695
vt 0.233789 0.247832
vt 0.224221 0.236323
vt 0.233542 0.236289
vt 0.250694 0.243877
vt 0.266873 0.253456
vt 0.281849 0.264889
vt 0.298835 0.274399
vt 0.285012 0.261068
vt 0.269575 0.249283
vt 0.252893 0.239407
vt 0.235218 0.231586
vt 0.226393 0.228810
vt 0.224980 0.233611
vt 0.103767 0.319049
vt 0.107415 0.355874
vt 0.093572 0.324372
vt 0.118658 0.351525
vt 0.129832 0.386265
vt 0.118168 0.389315
vt 0.137092 0.422029
vt 0.125161 0.423765
vt 0.140350 0.458362
vt 0.322937 0.351471
vt 0.334545 0.392928
vt 0.331234 0.393221
vt 0.326108 0.350502
vt 0.338167 0.435467
vt 0.334487 0.392583
vt 0.334854 0.435548
vt 0.337770 0.471291
vt 0.333882 0.473980
vt 0.313186 0.320736
vt 0.326172 0.350738
vt 0.316382 0.319934
vt 0.313115 0.317531
vt 0.316379 0.317574
vt 0.314769 0.314495
vt 0.317818 0.315658
vt 0.317773 0.312487
vt 0.320085 0.314773
vt 0.321404 0.312164
vt 0.322683 0.315272
vt 0.324074 0.313277
vt 0.323029 0.316032
vt 0.326028 0.315801
vt 0.323172 0.317397
vt 0.336249 0.348010
vt 0.333138 0.349360
vt 0.344846 0.391252
vt 0.332860 0.348286
vt 0.341531 0.391722
vt 0.348599 0.435126
vt 0.345251 0.435240
vt 0.344487 0.471935
vt 0.347695 0.475123
vt 0.264365 0.471650
vt 0.268275 0.437491
vt 0.267675 0.471895
vt 0.265232 0.437568
vt 0.265277 0.402491
vt 0.262262 0.402919
vt 0.255472 0.368775
vt 0.258421 0.368014
vt 0.248348 0.336242
vt 0.245458 0.337248
vt 0.392111 0.482009
vt 0.395354 0.433718
vt 0.394224 0.481112
vt 0.392337 0.433808
vt 0.391155 0.384646
vt 0.388166 0.385069
vt 0.378626 0.337092
vt 0.381549 0.336340
vt 0.363854 0.290518
vt 0.366677 0.289449
vt 0.357193 0.267851
vt 0.354162 0.268531
vt 0.327921 0.281841
vt 0.257300 0.326092
vt 0.326170 0.279334
vt 0.258434 0.328823
vt 0.246553 0.333779
vt 0.342663 0.273627
vt 0.352903 0.265690
vt 0.341403 0.270787
vt 0.333353 0.274920
vt 0.334781 0.277345
vt 0.326172 0.279329
vt 0.279428 0.476169
vt 0.268142 0.475449
vt 0.279135 0.472866
vt 0.361974 0.479522
vt 0.362310 0.483217
vt 0.369695 0.483090
vt 0.369735 0.480329
vt 0.378183 0.480857
vt 0.378079 0.483856
vt 0.392102 0.485049
vt 0.343961 0.298056
vt 0.350159 0.344414
vt 0.336368 0.300933
vt 0.358024 0.342391
vt 0.352111 0.294968
vt 0.366463 0.340221
vt 0.259068 0.330235
vt 0.362957 0.434687
vt 0.359065 0.389195
vt 0.367104 0.388055
vt 0.375732 0.386832
vt 0.371073 0.434444
vt 0.379784 0.434184
vt 0.270097 0.365007
vt 0.277214 0.400799
vt 0.280325 0.437159
vt 0.015520 0.017181
vt 0.028330 0.017153
vt 0.017673 0.025143
vt 0.002711 0.017209
vt 0.004864 0.025172
vt 0.041139 0.017125
vt 0.030481 0.025115
vt 0.053947 0.017097
vt 0.043291 0.025087
vt 0.015487 0.001923
vt 0.002678 0.001951
vt 0.028296 0.001895
vt 0.041105 0.001867
vt 0.053914 0.001839
vt 0.026606 0.037095
vt 0.018936 0.037095
vt 0.025328 0.032325
vt 0.034276 0.037095
vt 0.032998 0.032325
vt 0.011266 0.037095
vt 0.017658 0.032325
vt 0.003596 0.037095
vt 0.009988 0.032325
vt 0.270705 0.496826
vt 0.280503 0.532482
vt 0.282295 0.496809
vt 0.268518 0.531170
vt 0.263077 0.564054
vt 0.274543 0.568471
vt 0.274118 0.569959
vt 0.265491 0.530838
vt 0.260073 0.563470
vt 0.270349 0.496837
vt 0.267322 0.496504
vt 0.243175 0.287820
vt 0.245942 0.283925
vt 0.233666 0.276978
vt 0.231443 0.281181
vt 0.219261 0.276053
vt 0.220329 0.271369
vt 0.231386 0.281153
vt 0.219200 0.276041
vt 0.219750 0.271201
vt 0.380560 0.616231
vt 0.383922 0.592846
vt 0.377463 0.615990
vt 0.386868 0.593502
vt 0.394904 0.544969
vt 0.391903 0.544641
vt 0.397483 0.496590
vt 0.395049 0.496605
vt 0.349592 0.606556
vt 0.273385 0.572824
vt 0.348216 0.609287
vt 0.261651 0.566747
vt 0.365355 0.612585
vt 0.376621 0.618980
vt 0.364513 0.615575
vt 0.355955 0.612632
vt 0.357023 0.610028
vt 0.348220 0.609292
vt 0.363156 0.588221
vt 0.355231 0.586455
vt 0.362684 0.541452
vt 0.365008 0.496631
vt 0.373086 0.496512
vt 0.370756 0.542333
vt 0.381552 0.496609
vt 0.379419 0.543279
vt 0.371664 0.590115
vt 0.265892 0.255434
vt 0.248865 0.248705
vt 0.264435 0.257516
vt 0.250063 0.246477
vt 0.232946 0.239278
vt 0.232024 0.241622
vt 0.233964 0.236704
vt 0.251379 0.244029
vt 0.265965 0.255476
vt 0.267489 0.253146
vt 0.224052 0.239299
vt 0.224413 0.236775
vt 0.225247 0.234130
vt 0.226795 0.229446
vt 0.235779 0.232115
vt 0.253725 0.239665
vt 0.270335 0.249064
vt 0.396086 0.493005
vt 0.381748 0.493403
vt 0.373585 0.493340
vt 0.366154 0.492909
vt 0.283438 0.493056
vt 0.271066 0.492642
vt 0.511706 0.410968
vt 0.443065 0.419814
vt 0.442007 0.417492
vt 0.442657 0.422793
vt 0.510370 0.429496
vt 0.429164 0.415551
vt 0.439443 0.417217
vt 0.528514 0.457559
vt 0.514659 0.503348
vt 0.519813 0.457076
vt 0.528514 0.410035
vt 0.519813 0.410518
vt 0.514660 0.364248
vt 0.506653 0.365593
vt 0.425123 0.379286
vt 0.417095 0.343692
vt 0.496604 0.321057
vt 0.405252 0.309982
vt 0.481971 0.278673
vt 0.504414 0.318834
vt 0.489356 0.275582
vt 0.512795 0.316448
vt 0.497179 0.272386
vt 0.509708 0.267299
vt 0.524874 0.313009
vt 0.523280 0.362800
vt 0.523253 0.504791
vt 0.512812 0.551103
vt 0.504428 0.548722
vt 0.535582 0.360734
vt 0.541053 0.409338
vt 0.541053 0.458255
vt 0.535639 0.506871
vt 0.524892 0.554536
vt 0.517110 0.577269
vt 0.505219 0.573172
vt 0.497048 0.570139
vt 0.489830 0.566245
vt 0.496617 0.546502
vt 0.416590 0.525359
vt 0.417100 0.523898
vt 0.432758 0.517257
vt 0.430185 0.517067
vt 0.511706 0.456626
vt 0.506652 0.502004
vt 0.502105 0.518031
vt 0.503395 0.501511
vt 0.507550 0.456343
vt 0.434421 0.512114
vt 0.434231 0.515138
vt 0.437930 0.419271
vt 0.429164 0.452043
vt 0.434659 0.452340
vt 0.425124 0.488312
vt 0.431248 0.489344
vt 0.429076 0.514754
vt 0.288492 0.278789
vt 0.269157 0.296686
vt 0.281470 0.273700
vt 0.270304 0.297488
vt 0.270922 0.298521
vt 0.271112 0.266462
vt 0.271929 0.265098
vt 0.290025 0.276909
vt 0.273190 0.262993
vt 0.254302 0.253178
vt 0.255274 0.250878
vt 0.236526 0.240733
vt 0.274575 0.260682
vt 0.291708 0.274844
vt 0.253788 0.254394
vt 0.247196 0.250156
vt 0.227359 0.274454
vt 0.231894 0.273452
vt 0.227253 0.239605
vt 0.227315 0.236871
vt 0.237267 0.238029
vt 0.256342 0.248352
vt 0.277045 0.256561
vt 0.294710 0.271163
vt 0.277126 0.256456
vt 0.274538 0.260733
vt 0.273080 0.263142
vt 0.271745 0.265348
vt 0.269045 0.302643
vt 0.270452 0.299398
vt 0.226734 0.274194
vt 0.255927 0.291799
vt 0.258246 0.243848
vt 0.238590 0.233208
vt 0.228887 0.229105
vt 0.227856 0.234065
vt 0.269366 0.299240
vt 0.256751 0.290426
vt 0.256750 0.290425
vt 0.241967 0.282359
vt 0.242353 0.281446
vt 0.232501 0.274502
vt 0.240171 0.286701
vt 0.253526 0.295732
vt 0.226827 0.279476
vt 0.240108 0.286663
vt 0.239851 0.287065
vt 0.241878 0.282420
vt 0.253586 0.295777
vt 0.266140 0.306147
vt 0.227296 0.274634
vt 0.239801 0.287011
vt 0.403909 0.306662
vt 0.481228 0.274908
vt 0.442257 0.425567
vt 0.506790 0.432242
vt 0.440583 0.422517
vt 0.440746 0.419966
vt 0.440629 0.419621
vt 0.440407 0.419582
vt 0.440275 0.419953
vt 0.437426 0.452597
vt 0.433310 0.489098
vt 0.431142 0.514765
vt 0.431402 0.515439
vt 0.431803 0.515385
vt 0.432091 0.514839
vt 0.432362 0.512049
vt 0.192042 0.273421
vt 0.204445 0.266978
vt 0.223271 0.311351
vt 0.211547 0.315853
vt 0.184454 0.277171
vt 0.203412 0.318978
vt 0.195832 0.321888
vt 0.177607 0.280913
vt 0.238249 0.357918
vt 0.209812 0.365353
vt 0.217668 0.363300
vt 0.226099 0.361095
vt 0.247981 0.405857
vt 0.235553 0.407669
vt 0.252345 0.454522
vt 0.239794 0.454954
vt 0.218895 0.410099
vt 0.226930 0.408927
vt 0.231083 0.455254
vt 0.222968 0.455532
vt 0.551868 0.264321
vt 0.561666 0.299978
vt 0.563458 0.264305
vt 0.549682 0.298665
vt 0.544240 0.331549
vt 0.555706 0.335967
vt 0.555281 0.337454
vt 0.546654 0.298333
vt 0.541236 0.330965
vt 0.551512 0.264333
vt 0.548485 0.264000
vt 0.661723 0.383726
vt 0.665085 0.360341
vt 0.658626 0.383485
vt 0.668032 0.360997
vt 0.676067 0.312464
vt 0.673066 0.312137
vt 0.678646 0.264086
vt 0.676212 0.264100
vt 0.630755 0.374051
vt 0.554548 0.340319
vt 0.629379 0.376782
vt 0.542814 0.334242
vt 0.646518 0.380080
vt 0.657784 0.386476
vt 0.645676 0.383070
vt 0.637118 0.380128
vt 0.638186 0.377523
vt 0.629383 0.376787
vt 0.644320 0.355716
vt 0.636394 0.353950
vt 0.643847 0.308947
vt 0.646171 0.264126
vt 0.654249 0.264007
vt 0.651919 0.309828
vt 0.662716 0.264104
vt 0.660582 0.310774
vt 0.652827 0.357610
vt 0.677249 0.260500
vt 0.662912 0.260898
vt 0.654748 0.260836
vt 0.647317 0.260404
vt 0.564601 0.260551
vt 0.552229 0.260137
vt 0.512189 0.267089
vt 0.527777 0.312183
vt 0.538464 0.359177
vt 0.538814 0.361264
vt 0.544067 0.409171
vt 0.544067 0.458422
vt 0.538615 0.507371
vt 0.527796 0.555360
vt 0.520188 0.577688
vt 0.516098 0.580206
vt 0.504205 0.576109
vt 0.495832 0.572678
vt 0.488302 0.568897
vt 0.404329 0.521434
vt 0.405908 0.518827
vt 0.415693 0.528177
vt 0.488299 0.568891
vt 0.393281 0.310388
vt 0.394424 0.314438
vt 0.489420 0.272503
vt 0.253793 0.254015
vt 0.235198 0.244242
vt 0.254885 0.251558
vt 0.236048 0.241549
vt 0.256082 0.248857
vt 0.236753 0.238368
vt 0.238656 0.233326
vt 0.258218 0.244041
vt 0.717971 0.708018
vt 0.721123 0.712602
vt 0.718899 0.713534
vt 0.840614 0.047865
vt 0.840614 0.003788
vt 0.775828 0.003788
vt 0.775828 0.047865
vt 0.775828 0.092571
vt 0.840614 0.092571
vt 0.775828 0.136648
vt 0.840614 0.136648
vt 0.775828 0.180725
vt 0.840614 0.180724
vt 0.775828 0.224802
vt 0.840613 0.224802
vt 0.775827 0.268564
vt 0.840613 0.268564
vt 0.701451 0.224802
vt 0.701451 0.268564
vt 0.706246 0.268564
vt 0.706246 0.224802
vt 0.706247 0.180725
vt 0.701452 0.180725
vt 0.706247 0.136648
vt 0.701452 0.136648
vt 0.701452 0.092571
vt 0.706247 0.092571
vt 0.701452 0.047865
vt 0.706247 0.047865
vt 0.706247 0.003788
vt 0.701452 0.003788
vt 0.771032 0.268564
vt 0.771032 0.224802
vt 0.771033 0.180725
vt 0.771033 0.136648
vt 0.771033 0.092571
vt 0.771033 0.047865
vt 0.771033 0.003788
vt 0.995584 0.180724
vt 0.995584 0.136648
vt 0.930798 0.136648
vt 0.930798 0.180725
vt 0.995584 0.224802
vt 0.930798 0.224802
vt 0.930798 0.268564
vt 0.995583 0.268564
vt 0.995584 0.092571
vt 0.930799 0.092571
vt 0.930799 0.047865
vt 0.995584 0.047865
vt 0.995584 0.003788
vt 0.930799 0.003788
vt 0.926003 0.136648
vt 0.861217 0.180725
vt 0.861217 0.136648
vt 0.926003 0.180725
vt 0.926003 0.224802
vt 0.861217 0.224802
vt 0.861216 0.268564
vt 0.926002 0.268564
vt 0.861218 0.092571
vt 0.926003 0.092571
vt 0.861218 0.047865
vt 0.926003 0.047865
vt 0.926003 0.003788
vt 0.861217 0.003788
vt 0.771157 0.003788
vt 0.706371 0.047865
vt 0.706371 0.003788
vt 0.771157 0.047865
vt 0.706371 0.092571
vt 0.771157 0.092571
vt 0.706371 0.136648
vt 0.771157 0.136648
vt 0.706371 0.180725
vt 0.771157 0.180725
vt 0.706370 0.224802
vt 0.771156 0.224802
vt 0.706370 0.268564
vt 0.771156 0.268564
vt 0.961631 0.446171
vt 0.921604 0.464368
vt 0.921603 0.429665
vt 0.954116 0.464488
vt 0.997166 0.429654
vt 0.997166 0.438584
vt 0.997166 0.397068
vt 0.921603 0.397079
vt 0.997166 0.365093
vt 0.921603 0.365104
vt 0.921603 0.331565
vt 0.997166 0.331554
vt 0.997167 0.302972
vt 0.921603 0.302982
vt 0.921604 0.276789
vt 0.997167 0.276778
vt 0.736780 0.429501
vt 0.736781 0.438430
vt 0.736780 0.396915
vt 0.736780 0.364940
vt 0.736780 0.331401
vt 0.736781 0.302818
vt 0.736780 0.276625
vt 0.026606 0.128226
vt 0.034276 0.128226
vt 0.018936 0.128226
vt 0.011266 0.128226
vt 0.003596 0.128226
vt -0.060805 0.200114
vt -0.060805 0.170232
vt -0.032825 0.170232
vt -0.032825 0.200114
vt -0.057073 0.112463
vt -0.058525 0.161036
vt -0.008635 0.161036
vt -0.008635 0.112463
vt 0.856422 0.136648
vt 0.856422 0.180725
vt 0.856422 0.224802
vt 0.856421 0.268564
vt 0.856422 0.092571
vt 0.856423 0.047865
vt 0.856423 0.003788
vt 0.717647 0.573339
vt 0.597936 0.986464
vt 0.593844 0.974194
vt 0.596762 0.973320
vt 0.594827 0.938018
vt 0.560002 0.970191
vt 0.538516 0.944988
vt 0.533994 0.953795
vt 0.528452 0.959353
vt 0.510356 0.264116
vt 0.495802 0.270011
vt 0.413235 0.486312
vt 0.417126 0.451375
vt 0.417129 0.416248
vt 0.413240 0.381282
vt 0.405493 0.346965
vt 0.439325 0.990741
vt 0.474655 0.986542
vt 0.509330 0.986546
vt 0.443838 0.936793
vt 0.445025 0.938095
vt 0.470012 0.935022
vt 0.491110 0.934579
vt 0.523655 0.955982
vt 0.520970 0.956081
vt 0.528825 0.953520
vt 0.532808 0.948641
vt 0.537537 0.935328
vt 0.125087 0.457150
vt 0.122147 0.424202
vt 0.115221 0.390086
vt 0.104577 0.356978
vt 0.090614 0.325876
vt 0.254956 0.478004
vt 0.255362 0.454418
vt 0.250967 0.405422
vt 0.241169 0.357155
vt 0.226088 0.310269
vt 0.206740 0.266990
vt 0.203262 0.264178
vt 0.190788 0.270694
vt 0.183351 0.274639
vt 0.176490 0.277375
vt 0.102762 0.315890
vt 0.092630 0.320913
vt 0.391444 0.315639
vt 0.402561 0.347785
vt 0.410236 0.381787
vt 0.414090 0.416430
vt 0.414085 0.451207
vt 0.410232 0.485805
vt 0.402942 0.518071
vt 0.239133 0.265156
vt 0.234620 0.273508
vt 0.499385 0.515001
vt 0.500377 0.501292
vt 0.504515 0.456004
vt 0.458508 0.511715
vt 0.434429 0.509949
vt 0.775952 0.224802
vt 0.840737 0.268564
vt 0.775951 0.268564
vt 0.840737 0.224802
vt 0.840738 0.180724
vt 0.775952 0.180725
vt 0.775952 0.136648
vt 0.840738 0.136648
vt 0.775952 0.092571
vt 0.840738 0.092571
vt 0.775952 0.047865
vt 0.840738 0.047865
vt 0.840738 0.003788
vt 0.775952 0.003788
vt 0.701576 0.003788
vt 0.701576 0.047865
vt 0.701575 0.092571
vt 0.701575 0.136648
vt 0.701575 0.180725
vt 0.701575 0.224802
vt 0.701575 0.268564
s 1
usemtl portal_button_switch
f 3/1/1 2/2/2 1/3/3
f 6/1/1 5/4/2 4/2/2
f 9/5/4 8/6/4 7/7/5
f 12/8/4 11/5/6 10/7/5
f 15/9/4 14/8/4 13/7/5
f 18/10/4 17/9/7 16/7/5
f 21/11/4 20/10/4 19/7/5
f 24/12/8 23/11/7 22/7/5
f 27/13/8 26/12/8 25/7/5
f 30/14/8 29/13/9 28/7/5
f 33/15/8 32/14/8 31/7/5
f 36/16/8 35/15/8 34/7/5
f 39/17/4 38/18/10 37/7/5
f 42/18/10 41/19/10 40/7/5
f 45/19/10 44/20/10 43/7/5
f 48/20/10 47/21/10 46/7/5
f 51/21/10 50/22/10 49/7/5
f 54/22/10 53/23/10 52/7/5
f 57/23/10 56/24/11 55/7/5
f 60/24/12 59/25/12 58/7/5
f 63/25/12 62/26/12 61/7/5
f 66/26/12 65/27/12 64/7/5
f 69/27/12 68/28/13 67/7/5
f 72/28/12 71/29/12 70/7/5
f 75/29/11 74/30/14 73/7/5
f 78/30/14 77/31/14 76/7/5
f 81/31/14 80/32/14 79/7/5
f 84/32/14 83/33/14 82/7/5
f 87/33/14 86/34/15 85/7/5
f 90/34/14 89/35/14 88/7/5
f 93/35/14 92/36/16 91/7/5
f 96/36/17 95/37/17 94/7/5
f 99/37/16 98/38/16 97/7/5
f 102/38/16 101/39/16 100/7/5
f 105/39/16 104/40/18 103/7/5
f 108/40/16 107/41/16 106/7/5
f 111/41/16 110/42/16 109/7/5
f 114/42/16 113/43/16 112/7/5
f 117/43/16 116/44/17 115/7/5
f 120/44/16 119/45/16 118/7/5
f 123/45/17 122/46/17 121/7/5
f 126/46/17 125/47/8 124/7/5
f 129/5/19 128/48/20 127/6/20
f 132/5/19 131/49/19 130/48/20
f 135/5/21 134/50/22 133/49/21
f 138/5/19 137/8/22 136/50/22
f 141/9/23 140/50/22 139/8/22
f 144/9/23 143/51/23 142/50/22
f 147/10/24 146/51/23 145/9/23
f 150/10/24 149/52/24 148/51/23
f 153/10/25 152/53/26 151/52/25
f 156/10/25 155/11/26 154/53/26
f 159/12/27 158/53/28 157/11/28
f 162/12/27 161/54/27 160/53/28
f 165/13/29 164/54/27 163/12/27
f 168/13/29 167/55/29 166/54/27
f 171/13/29 170/56/30 169/55/29
f 174/13/29 173/14/30 172/56/30
f 177/15/31 176/56/30 175/14/30
f 180/15/31 179/57/31 178/56/30
f 183/15/31 182/58/32 181/57/31
f 186/15/31 185/16/33 184/58/32
f 189/59/5 188/2/5 187/4/5
f 192/59/5 191/60/5 190/2/5
f 195/59/5 194/2/5 193/4/5
f 198/59/5 197/60/5 196/2/5
f 201/59/5 200/2/5 199/4/5
f 204/59/5 203/60/5 202/2/5
f 207/4/5 206/60/5 205/2/5
f 210/4/5 209/59/5 208/60/5
f 213/3/34 212/4/35 211/2/35
f 216/3/34 215/1/34 214/4/35
f 219/61/36 218/60/37 217/59/37
f 222/61/36 221/62/38 220/60/37
f 225/63/39 224/60/35 223/64/39
f 228/63/39 227/2/35 226/60/35
f 231/63/40 230/60/41 229/64/40
f 234/63/42 233/2/41 232/60/41
f 237/65/43 236/59/37 235/4/37
f 240/65/43 239/66/43 238/59/37
f 243/65/44 242/59/2 241/4/2
f 246/65/44 245/66/44 244/59/2
f 249/62/45 248/59/41 247/61/45
f 252/62/45 251/60/41 250/59/41
f 255/61/46 254/60/47 253/59/2
f 258/61/48 257/62/48 256/60/2
f 261/1/49 260/2/41 259/3/50
f 264/1/49 263/4/41 262/2/41
f 267/62/51 266/59/35 265/61/51
f 270/62/52 269/60/35 268/59/35
f 273/64/43 272/2/37 271/60/37
f 276/64/43 275/63/43 274/2/37
f 279/63/53 278/60/2 277/64/44
f 282/63/44 281/2/2 280/60/2
f 285/1/54 284/2/37 283/3/55
f 288/1/55 287/4/37 286/2/37
f 291/65/39 290/59/35 289/4/35
f 294/65/56 293/66/39 292/59/35
f 297/65/40 296/59/41 295/4/41
f 300/65/40 299/66/40 298/59/41
f 303/67/5 302/68/5 301/69/5
f 306/67/5 305/70/5 304/68/5
f 309/70/5 308/71/5 307/68/5
f 312/70/5 311/72/5 310/71/5
f 315/72/5 314/73/5 313/71/5
f 318/72/5 317/74/5 316/73/5
f 321/74/5 320/75/5 319/73/5
f 324/74/5 323/76/5 322/75/5
f 327/76/5 326/77/5 325/75/5
f 330/76/5 329/78/5 328/77/5
f 333/78/5 332/79/5 331/77/5
f 336/78/5 335/80/5 334/79/5
f 339/80/5 338/81/5 337/79/5
f 342/80/5 341/82/5 340/81/5
f 345/82/5 344/83/5 343/81/5
f 348/82/5 347/84/5 346/83/5
f 351/84/5 350/85/5 349/83/5
f 354/84/5 353/86/5 352/85/5
f 357/86/5 356/87/5 355/85/5
f 360/86/5 359/88/5 358/87/5
f 363/89/5 362/90/5 361/91/5
f 366/89/5 365/92/5 364/90/5
f 369/92/5 368/93/5 367/90/5
f 372/92/5 371/94/5 370/93/5
f 375/94/5 374/95/5 373/93/5
f 378/94/5 377/96/5 376/95/5
f 381/96/5 380/97/5 379/95/5
f 384/96/5 383/98/5 382/97/5
f 387/98/5 386/99/5 385/97/5
f 390/98/5 389/100/5 388/99/5
f 393/100/5 392/101/5 391/99/5
f 396/100/5 395/102/5 394/101/5
f 399/102/5 398/103/5 397/101/5
f 402/102/5 401/104/5 400/103/5
f 405/104/5 404/105/5 403/103/5
f 408/104/5 407/106/5 406/105/5
f 411/106/5 410/107/5 409/105/5
f 414/106/5 413/108/5 412/107/5
f 417/108/5 416/109/5 415/107/5
f 420/108/5 419/110/5 418/109/5
f 423/48/5 422/111/5 421/112/5
f 426/48/5 425/49/5 424/111/5
f 429/49/5 428/113/5 427/111/5
f 432/49/5 431/50/5 430/113/5
f 435/50/5 434/114/5 433/113/5
f 438/50/5 437/51/5 436/114/5
f 441/51/5 440/115/5 439/114/5
f 444/51/5 443/52/5 442/115/5
f 447/52/5 446/116/5 445/115/5
f 450/52/5 449/53/5 448/116/5
f 453/53/5 452/117/5 451/116/5
f 456/53/5 455/54/5 454/117/5
f 459/54/5 458/118/5 457/117/5
f 462/54/5 461/55/5 460/118/5
f 465/55/5 464/119/5 463/118/5
f 468/55/5 467/56/5 466/119/5
f 471/56/5 470/120/5 469/119/5
f 474/56/5 473/57/5 472/120/5
f 477/57/5 476/121/5 475/120/5
f 480/57/5 479/58/5 478/121/5
f 483/122/5 482/123/5 481/124/5
f 486/122/5 485/125/5 484/123/5
f 489/125/5 488/126/5 487/123/5
f 492/125/5 491/127/5 490/126/5
f 495/127/5 494/128/5 493/126/5
f 498/127/5 497/129/5 496/128/5
f 501/129/5 500/130/5 499/128/5
f 504/129/5 503/131/5 502/130/5
f 507/131/5 506/132/5 505/130/5
f 510/131/5 509/133/5 508/132/5
f 513/133/5 512/134/5 511/132/5
f 516/133/5 515/135/5 514/134/5
f 519/135/5 518/136/5 517/134/5
f 522/135/5 521/137/5 520/136/5
f 525/137/5 524/138/5 523/136/5
f 528/137/5 527/139/5 526/138/5
f 531/139/5 530/140/5 529/138/5
f 534/139/5 533/141/5 532/140/5
f 537/141/5 536/142/5 535/140/5
f 540/141/5 539/143/5 538/142/5
f 543/144/57 542/145/57 541/146/57
f 546/144/57 545/147/57 544/145/57
f 549/144/57 548/148/57 547/147/57
f 552/144/57 551/149/57 550/148/57
f 555/144/57 554/150/57 553/149/57
f 558/144/57 557/151/57 556/150/57
f 561/144/57 560/152/57 559/151/57
f 564/144/57 563/153/57 562/152/57
f 567/144/57 566/154/57 565/153/57
f 570/144/57 569/155/57 568/154/57
f 573/144/57 572/156/57 571/155/57
f 576/144/57 575/157/57 574/156/57
f 579/144/57 578/158/57 577/157/57
f 582/144/57 581/159/57 580/158/57
f 585/144/57 584/160/57 583/159/57
f 588/144/57 587/161/57 586/160/57
f 591/144/57 590/162/57 589/161/57
f 594/144/57 593/163/57 592/162/57
f 597/144/57 596/164/57 595/163/57
f 600/144/57 599/165/57 598/164/57
f 603/144/57 602/166/57 601/167/57
f 606/144/57 605/168/57 604/166/57
f 609/144/57 608/169/57 607/168/57
f 612/144/57 611/170/57 610/169/57
f 615/144/57 614/171/57 613/170/57
f 618/144/57 617/172/57 616/171/57
f 621/144/57 620/173/57 619/172/57
f 624/144/57 623/174/57 622/173/57
f 627/144/57 626/175/57 625/174/57
f 630/144/57 629/176/57 628/175/57
f 633/144/57 632/177/57 631/176/57
f 636/144/57 635/178/57 634/177/57
f 639/144/57 638/179/57 637/178/57
f 642/144/57 641/180/57 640/179/57
f 645/144/57 644/181/57 643/180/57
f 648/144/57 647/182/57 646/181/57
f 651/144/57 650/183/57 649/182/57
f 654/144/57 653/146/57 652/183/57
f 657/184/58 656/185/59 655/186/58
f 660/184/58 659/187/59 658/185/59
f 663/188/37 662/185/60 661/187/60
f 666/188/37 665/189/37 664/185/60
f 669/190/61 668/189/37 667/188/37
f 672/190/61 671/191/61 670/189/37
f 675/190/61 674/192/62 673/191/61
f 678/190/61 677/193/62 676/192/62
f 681/194/63 680/192/62 679/193/62
f 684/194/63 683/195/63 682/192/62
f 687/196/64 686/195/63 685/194/63
f 690/196/64 689/197/64 688/195/63
f 693/196/64 692/198/65 691/197/64
f 696/196/64 695/199/65 694/198/65
f 699/199/65 698/200/66 697/198/65
f 702/199/65 701/201/66 700/200/66
f 705/201/67 704/202/68 703/200/67
f 708/201/67 707/203/68 706/202/68
f 711/204/69 710/202/68 709/203/68
f 714/204/69 713/205/69 712/202/68
f 717/206/70 716/205/69 715/204/69
f 720/206/70 719/207/70 718/205/69
f 723/208/35 722/207/70 721/206/70
f 726/208/35 725/209/35 724/207/71
f 729/210/72 728/211/41 727/212/41
f 732/210/72 731/212/41 730/213/72
f 735/213/72 734/214/73 733/210/72
f 738/213/72 737/215/73 736/214/73
f 741/216/74 740/214/73 739/215/73
f 744/216/74 743/217/74 742/214/73
f 747/218/75 746/217/74 745/216/74
f 750/218/75 749/219/75 748/217/74
f 753/218/75 752/220/76 751/219/75
f 756/218/75 755/221/76 754/220/76
f 759/222/77 758/220/76 757/221/76
f 762/222/77 761/223/77 760/220/76
f 765/224/78 764/223/79 763/222/79
f 768/224/78 767/225/78 766/223/79
f 771/224/78 770/226/80 769/225/78
f 774/224/78 773/227/80 772/226/80
f 777/228/81 776/226/80 775/227/80
f 780/228/81 779/229/81 778/226/80
f 783/230/2 782/229/82 781/228/82
f 786/230/2 785/231/2 784/229/82
f 789/232/83 788/231/2 787/230/2
f 792/232/83 791/230/2 790/233/83
f 795/233/84 794/234/85 793/232/84
f 798/233/84 797/235/85 796/234/85
f 801/236/86 800/234/85 799/235/85
f 804/236/86 803/237/86 802/234/85
f 807/236/86 806/238/87 805/237/86
f 810/236/86 809/239/87 808/238/87
f 813/239/87 812/240/88 811/238/87
f 816/239/87 815/241/88 814/240/88
f 819/241/88 818/242/89 817/240/88
f 822/241/88 821/243/89 820/242/89
f 825/244/90 824/242/91 823/243/91
f 828/244/90 827/245/90 826/242/91
f 831/244/90 830/186/58 829/245/90
f 834/244/90 833/184/58 832/186/58
f 837/38/92 836/141/92 835/139/93
f 840/38/92 839/143/94 838/141/92
f 843/38/92 842/37/94 841/143/94
f 846/37/94 845/67/94 844/143/94
f 849/36/95 848/67/94 847/37/94
f 852/36/95 851/70/96 850/67/94
f 855/35/97 854/70/96 853/36/96
f 858/35/97 857/72/97 856/70/98
f 861/34/99 860/72/100 859/35/100
f 864/34/101 863/74/101 862/72/100
f 867/33/102 866/74/101 865/34/101
f 870/33/102 869/76/102 868/74/101
f 873/32/103 872/76/102 871/33/102
f 876/32/104 875/78/104 874/76/102
f 879/31/105 878/78/106 877/32/104
f 882/31/105 881/80/105 880/78/106
f 885/30/107 884/80/105 883/31/105
f 888/30/107 887/82/108 886/80/109
f 891/29/110 890/82/111 889/30/111
f 894/29/110 893/84/110 892/82/111
f 897/28/112 896/84/110 895/29/110
f 900/28/112 899/86/112 898/84/110
f 903/28/113 902/88/114 901/86/113
f 906/28/115 905/27/114 904/88/114
f 909/27/114 908/89/114 907/88/114
f 912/26/116 911/89/114 910/27/114
f 915/26/116 914/92/116 913/89/114
f 918/26/117 917/94/118 916/92/119
f 921/26/120 920/25/121 919/94/118
f 924/25/118 923/96/122 922/94/118
f 927/25/121 926/24/122 925/96/122
f 930/24/122 929/98/123 928/96/124
f 933/24/124 932/23/125 931/98/125
f 936/23/123 935/100/126 934/98/123
f 939/23/123 938/22/127 937/100/128
f 942/22/126 941/102/129 940/100/126
f 945/22/130 944/21/129 943/102/129
f 948/20/131 947/102/129 946/21/129
f 951/20/131 950/104/131 949/102/129
f 954/19/132 953/104/131 952/20/131
f 957/19/132 956/106/132 955/104/131
f 960/18/133 959/106/132 958/19/132
f 963/18/133 962/108/133 961/106/132
f 966/18/133 965/110/134 964/108/133
f 969/18/133 968/17/135 967/110/134
f 972/17/135 971/246/135 970/110/136
f 975/111/137 974/247/40 973/112/40
f 978/111/137 977/248/137 976/247/42
f 981/111/137 980/249/138 979/248/137
f 984/111/137 983/113/138 982/249/138
f 987/113/139 986/250/140 985/249/139
f 990/113/139 989/114/140 988/250/140
f 993/114/140 992/251/141 991/250/140
f 996/114/140 995/115/141 994/251/141
f 999/115/141 998/252/142 997/251/141
f 1002/115/141 1001/116/142 1000/252/143
f 1005/116/142 1004/253/144 1003/252/142
f 1008/116/143 1007/117/144 1006/253/144
f 1011/117/145 1010/254/146 1009/253/145
f 1014/117/145 1013/118/146 1012/254/146
f 1017/118/147 1016/255/148 1015/254/147
f 1020/118/146 1019/119/148 1018/255/148
f 1023/119/149 1022/256/150 1021/255/149
f 1026/119/151 1025/120/150 1024/256/150
f 1029/120/150 1028/257/39 1027/256/150
f 1032/120/150 1031/121/39 1030/257/39
f 1035/47/33 1034/122/33 1033/258/32
f 1038/46/152 1037/122/153 1036/47/153
f 1041/46/152 1040/125/152 1039/122/153
f 1044/46/154 1043/127/155 1042/125/154
f 1047/46/154 1046/45/155 1045/127/155
f 1050/44/156 1049/127/155 1048/45/155
f 1053/44/156 1052/129/156 1051/127/155
f 1056/43/157 1055/129/156 1054/44/156
f 1059/43/157 1058/131/157 1057/129/156
f 1062/42/158 1061/131/159 1060/43/159
f 1065/42/158 1064/133/158 1063/131/159
f 1068/41/160 1067/133/158 1066/42/158
f 1071/41/160 1070/135/160 1069/133/158
f 1074/41/160 1073/137/161 1072/135/160
f 1077/41/160 1076/40/161 1075/137/161
f 1080/39/93 1079/137/161 1078/40/161
f 1083/39/93 1082/139/93 1081/137/161
f 1086/38/92 1085/139/93 1084/39/93
f 1089/81/162 1088/234/163 1087/237/162
f 1092/81/164 1091/83/163 1090/234/163
f 1095/83/165 1094/232/166 1093/234/165
f 1098/83/167 1097/85/166 1096/232/166
f 1101/85/166 1100/231/44 1099/232/166
f 1104/85/166 1103/87/44 1102/231/44
f 1107/231/44 1106/87/44 1105/91/44
f 1110/90/168 1109/231/44 1108/91/44
f 1113/90/168 1112/229/168 1111/231/44
f 1116/90/169 1115/226/170 1114/229/169
f 1119/90/169 1118/93/170 1117/226/170
f 1122/93/171 1121/225/172 1120/226/171
f 1125/93/171 1124/95/172 1123/225/172
f 1128/95/172 1127/223/173 1126/225/172
f 1131/95/172 1130/97/173 1129/223/173
f 1134/97/173 1133/220/174 1132/223/173
f 1137/97/173 1136/99/175 1135/220/174
f 1140/99/175 1139/219/176 1138/220/175
f 1143/99/174 1142/101/176 1141/219/176
f 1146/101/177 1145/217/178 1144/219/177
f 1149/101/177 1148/103/178 1147/217/178
f 1152/103/179 1151/214/180 1150/217/179
f 1155/103/178 1154/105/180 1153/214/180
f 1158/105/181 1157/210/182 1156/214/181
f 1161/105/181 1160/107/182 1159/210/182
f 1164/107/182 1163/211/40 1162/210/182
f 1167/107/182 1166/109/40 1165/211/40
f 1170/211/40 1169/109/40 1168/259/40
f 1173/260/183 1172/257/35 1171/261/35
f 1176/260/183 1175/256/183 1174/257/35
f 1179/262/184 1178/256/183 1177/260/183
f 1182/262/184 1181/255/184 1180/256/183
f 1185/262/184 1184/254/185 1183/255/184
f 1188/262/184 1187/263/185 1186/254/185
f 1191/263/185 1190/253/186 1189/254/185
f 1194/263/185 1193/264/186 1192/253/186
f 1197/265/187 1196/253/186 1195/264/186
f 1200/265/187 1199/252/187 1198/253/186
f 1203/266/188 1202/252/187 1201/265/187
f 1206/266/188 1205/251/188 1204/252/187
f 1209/266/189 1208/250/190 1207/251/189
f 1212/266/189 1211/267/190 1210/250/190
f 1215/267/190 1214/249/191 1213/250/190
f 1218/267/190 1217/268/191 1216/249/191
f 1221/268/191 1220/248/192 1219/249/191
f 1224/268/191 1223/269/192 1222/248/192
f 1227/270/41 1226/248/193 1225/269/193
f 1230/270/41 1229/247/41 1228/248/193
f 1233/138/194 1232/140/195 1231/191/195
f 1236/191/196 1235/140/196 1234/142/43
f 1239/191/196 1238/142/43 1237/189/43
f 1242/69/43 1241/189/43 1240/142/43
f 1245/185/197 1244/189/43 1243/69/43
f 1248/185/197 1247/69/43 1246/68/197
f 1251/68/197 1250/186/198 1249/185/197
f 1254/68/197 1253/71/198 1252/186/198
f 1257/71/199 1256/245/200 1255/186/199
f 1260/71/199 1259/73/200 1258/245/200
f 1263/73/200 1262/242/201 1261/245/200
f 1266/73/200 1265/75/201 1264/242/201
f 1269/75/201 1268/240/202 1267/242/201
f 1272/75/201 1271/77/203 1270/240/202
f 1275/77/202 1274/238/204 1273/240/202
f 1278/77/202 1277/79/204 1276/238/204
f 1281/79/205 1280/237/162 1279/238/205
f 1284/79/205 1283/81/162 1282/237/162
f 1287/209/39 1286/271/39 1285/124/39
f 1290/123/206 1289/209/39 1288/124/39
f 1293/123/207 1292/207/207 1291/209/39
f 1296/123/207 1295/205/208 1294/207/207
f 1299/123/207 1298/126/208 1297/205/208
f 1302/126/209 1301/202/210 1300/205/209
f 1305/126/209 1304/128/210 1303/202/210
f 1308/128/210 1307/200/211 1306/202/210
f 1311/128/210 1310/130/211 1309/200/211
f 1314/130/211 1313/198/212 1312/200/211
f 1317/130/211 1316/132/213 1315/198/213
f 1320/132/212 1319/197/214 1318/198/212
f 1323/132/212 1322/134/215 1321/197/215
f 1326/134/214 1325/195/216 1324/197/214
f 1329/134/214 1328/136/216 1327/195/216
f 1332/136/217 1331/192/218 1330/195/217
f 1335/136/217 1334/138/218 1333/192/218
f 1338/138/219 1337/191/195 1336/192/219
usemtl portal_button_blue
f 1341/272/220 1340/273/220 1339/274/220
f 1344/275/221 1343/276/222 1342/277/221
f 1347/275/221 1346/278/223 1345/276/223
f 1350/278/223 1349/279/5 1348/276/223
f 1353/278/224 1352/280/5 1351/279/5
f 1356/281/225 1355/282/183 1354/283/35
f 1359/281/226 1358/283/35 1357/284/35
f 1362/285/227 1361/286/228 1360/287/227
f 1365/288/229 1364/285/230 1363/287/230
f 1368/288/229 1367/289/229 1366/285/230
f 1371/290/183 1370/289/229 1369/288/229
f 1374/290/183 1373/288/229 1372/282/183
f 1377/281/231 1376/290/183 1375/282/183
f 1380/281/231 1379/291/231 1378/290/183
f 1383/281/232 1382/284/41 1381/283/41
f 1386/281/233 1385/283/41 1384/282/192
f 1389/281/234 1388/282/193 1387/290/193
f 1392/288/235 1391/290/192 1390/282/192
f 1395/288/235 1394/289/235 1393/290/192
f 1398/288/235 1397/285/236 1396/289/235
f 1401/288/235 1400/287/236 1399/285/236
f 1404/287/237 1403/292/238 1402/285/237
f 1407/287/237 1406/286/238 1405/292/238
f 1410/286/238 1409/293/189 1408/292/238
f 1413/286/238 1412/294/189 1411/293/189
f 1416/294/188 1415/295/187 1414/293/188
f 1419/294/188 1418/296/187 1417/295/187
f 1422/293/186 1421/295/187 1420/296/187
f 1425/293/186 1424/296/187 1423/294/186
f 1428/292/228 1427/293/186 1426/294/186
f 1431/292/228 1430/294/186 1429/286/228
f 1434/285/227 1433/292/228 1432/286/228
f 1437/281/234 1436/290/193 1435/291/234
f 1440/297/5 1439/298/5 1438/299/5
f 1443/297/5 1442/300/5 1441/298/5
f 1446/300/5 1445/301/5 1444/298/5
f 1449/300/5 1448/302/5 1447/301/5
f 1452/302/5 1451/303/5 1450/301/5
f 1455/302/5 1454/304/5 1453/303/5
f 1458/304/5 1457/305/5 1456/303/5
f 1461/304/5 1460/306/5 1459/305/5
f 1464/306/5 1463/307/5 1462/305/5
f 1467/306/5 1466/308/5 1465/307/5
f 1470/308/5 1469/309/5 1468/307/5
f 1473/308/5 1472/310/5 1471/309/5
f 1476/307/5 1475/309/5 1474/310/5
f 1479/307/5 1478/310/5 1477/308/5
f 1482/307/5 1481/308/5 1480/306/5
f 1485/307/5 1484/306/5 1483/305/5
f 1488/305/5 1487/306/5 1486/304/5
f 1491/305/5 1490/304/5 1489/303/5
f 1494/303/5 1493/304/5 1492/302/5
f 1497/303/5 1496/302/5 1495/301/5
f 1500/301/5 1499/302/5 1498/300/5
f 1503/301/5 1502/300/5 1501/298/5
f 1506/297/5 1505/298/5 1504/300/5
f 1509/297/5 1508/299/5 1507/298/5
f 1512/278/239 1511/275/239 1510/311/81
f 1515/278/240 1514/312/2 1513/280/2
f 1518/278/241 1517/313/82 1516/312/2
f 1521/278/239 1520/311/81 1519/313/81
f 1524/311/81 1523/314/242 1522/313/81
f 1527/311/81 1526/315/242 1525/314/242
f 1530/316/243 1529/314/242 1528/315/242
f 1533/316/243 1532/317/243 1531/314/242
f 1536/316/244 1535/318/245 1534/317/244
f 1539/316/244 1538/319/245 1537/318/245
f 1542/320/79 1541/318/245 1540/319/245
f 1545/320/79 1544/321/79 1543/318/245
f 1548/322/76 1547/321/77 1546/320/77
f 1551/322/76 1550/323/76 1549/321/77
f 1554/320/75 1553/323/76 1552/322/76
f 1557/320/75 1556/321/75 1555/323/76
f 1560/319/246 1559/321/75 1558/320/75
f 1563/319/246 1562/318/246 1561/321/75
f 1566/316/247 1565/318/246 1564/319/246
f 1569/316/247 1568/317/247 1567/318/246
f 1572/315/248 1571/317/249 1570/316/249
f 1575/315/248 1574/314/248 1573/317/249
f 1578/313/72 1577/314/248 1576/315/248
f 1581/313/72 1580/315/248 1579/311/72
f 1584/278/250 1583/313/72 1582/311/72
f 1587/278/250 1586/311/72 1585/275/250
f 1590/278/251 1589/312/41 1588/313/72
f 1593/278/252 1592/280/41 1591/312/41
f 1596/324/253 1595/300/83 1594/297/253
f 1599/302/254 1598/325/255 1597/304/255
f 1602/302/254 1601/326/254 1600/325/255
f 1605/300/83 1604/326/254 1603/302/254
f 1608/300/83 1607/327/83 1606/326/254
f 1611/324/253 1610/327/83 1609/300/83
f 1614/324/256 1613/328/2 1612/327/83
f 1617/324/257 1616/329/2 1615/328/2
f 1620/324/258 1619/297/258 1618/300/60
f 1623/324/258 1622/300/59 1621/327/59
f 1626/302/259 1625/327/59 1624/300/59
f 1629/302/259 1628/326/259 1627/327/59
f 1632/304/260 1631/326/259 1630/302/259
f 1635/304/260 1634/325/260 1633/326/259
f 1638/306/261 1637/325/262 1636/304/262
f 1641/306/261 1640/330/261 1639/325/262
f 1644/306/261 1643/331/91 1642/330/261
f 1647/306/261 1646/308/91 1645/331/91
f 1650/308/89 1649/332/88 1648/331/89
f 1653/308/89 1652/310/88 1651/332/88
f 1656/308/87 1655/332/88 1654/310/88
f 1659/308/87 1658/331/87 1657/332/88
f 1662/306/263 1661/331/87 1660/308/87
f 1665/306/263 1664/330/263 1663/331/87
f 1668/304/264 1667/330/263 1666/306/263
f 1671/304/264 1670/325/264 1669/330/263
f 1674/324/265 1673/328/37 1672/329/37
f 1677/324/266 1676/327/60 1675/328/37
f 1680/333/267 1679/297/268 1678/334/268
f 1683/333/269 1682/324/270 1681/297/268
f 1686/335/5 1685/324/269 1684/333/269
f 1689/335/5 1688/329/5 1687/324/269
f 1692/336/5 1691/337/5 1690/337/5
f 1695/337/5 1694/338/5 1693/336/5
f 1698/337/5 1697/339/5 1696/338/5
f 1701/338/5 1700/339/5 1699/340/5
f 1704/338/5 1703/340/5 1702/341/5
f 1707/341/5 1706/340/5 1705/340/5
f 1710/341/5 1709/340/5 1708/341/5
f 1713/340/5 1712/338/5 1711/341/5
f 1716/340/5 1715/339/5 1714/338/5
f 1719/338/5 1718/339/5 1717/337/5
f 1722/338/5 1721/337/5 1720/336/5
f 1725/337/5 1724/336/5 1723/336/5
f 1728/341/5 1727/340/5 1726/341/5
f 1731/340/5 1730/338/5 1729/341/5
f 1734/340/5 1733/339/5 1732/338/5
f 1737/338/5 1736/339/5 1735/337/5
f 1740/338/5 1739/337/5 1738/336/5
f 1743/337/5 1742/336/5 1741/336/5
f 1746/337/5 1745/337/5 1744/336/5
f 1749/337/5 1748/338/5 1747/336/5
f 1752/337/5 1751/339/5 1750/338/5
f 1755/338/5 1754/339/5 1753/340/5
f 1758/338/5 1757/340/5 1756/341/5
f 1761/341/5 1760/341/5 1759/340/5
f 1764/341/5 1763/340/5 1762/340/5
f 1767/340/5 1766/338/5 1765/341/5
f 1770/340/5 1769/339/5 1768/338/5
f 1773/338/5 1772/339/5 1771/337/5
f 1776/338/5 1775/337/5 1774/336/5
f 1779/336/5 1778/336/5 1777/337/5
f 1782/337/5 1781/337/5 1780/336/5
f 1785/337/5 1784/338/5 1783/336/5
f 1788/337/5 1787/339/5 1786/338/5
f 1791/338/5 1790/339/5 1789/340/5
f 1794/338/5 1793/340/5 1792/341/5
f 1797/341/5 1796/341/5 1795/340/5
f 1800/341/5 1799/340/5 1798/340/5
f 1803/340/5 1802/338/5 1801/341/5
f 1806/340/5 1805/339/5 1804/338/5
f 1809/338/5 1808/339/5 1807/337/5
f 1812/338/5 1811/337/5 1810/336/5
f 1815/337/5 1814/336/5 1813/336/5
f 1818/337/5 1817/337/5 1816/336/5
f 1821/337/5 1820/338/5 1819/336/5
f 1824/337/5 1823/339/5 1822/338/5
f 1827/338/5 1826/339/5 1825/340/5
f 1830/338/5 1829/340/5 1828/341/5
f 1833/341/5 1832/340/5 1831/340/5
f 1836/342/5 1835/343/5 1834/343/5
f 1839/342/5 1838/344/5 1837/343/5
f 1842/342/5 1841/345/5 1840/344/5
f 1845/342/5 1844/345/5 1843/345/5
f 1848/342/5 1847/344/5 1846/345/5
f 1851/342/5 1850/343/5 1849/344/5
f 1854/342/5 1853/343/5 1852/343/5
f 1857/342/5 1856/344/5 1855/343/5
f 1860/342/5 1859/345/5 1858/344/5
f 1863/342/5 1862/345/5 1861/345/5
f 1866/342/5 1865/344/5 1864/345/5
f 1869/342/5 1868/343/5 1867/344/5
f 1872/342/5 1871/343/5 1870/343/5
f 1875/342/5 1874/344/5 1873/343/5
f 1878/342/5 1877/345/5 1876/344/5
f 1881/342/5 1880/345/5 1879/345/5
f 1884/342/5 1883/344/5 1882/345/5
f 1887/342/5 1886/343/5 1885/344/5
f 1890/342/5 1889/343/5 1888/343/5
f 1893/342/5 1892/344/5 1891/343/5
f 1896/342/5 1895/345/5 1894/344/5
f 1899/342/5 1898/345/5 1897/345/5
f 1902/342/5 1901/344/5 1900/345/5
f 1905/342/5 1904/343/5 1903/344/5
f 1908/346/271 1907/337/89 1906/337/271
f 1911/347/264 1910/346/87 1909/337/87
f 1914/347/264 1913/337/87 1912/339/264
f 1917/340/84 1916/347/255 1915/339/255
f 1920/340/84 1919/348/84 1918/347/255
f 1923/340/83 1922/348/81 1921/348/83
f 1926/340/83 1925/340/81 1924/348/81
f 1929/347/243 1928/348/81 1927/340/81
f 1932/347/243 1931/340/81 1930/339/243
f 1935/337/79 1934/347/244 1933/339/244
f 1938/337/79 1937/346/79 1936/347/244
f 1941/337/272 1940/346/77 1939/337/273
f 1944/340/183 1943/340/71 1942/348/71
f 1947/347/274 1946/348/70 1945/340/70
f 1950/347/274 1949/340/70 1948/339/274
f 1953/337/67 1952/347/275 1951/339/275
f 1956/337/67 1955/346/67 1954/347/275
f 1959/337/276 1958/346/66 1957/337/277
f 1962/337/276 1961/346/276 1960/346/66
f 1965/339/278 1964/346/64 1963/337/64
f 1968/339/278 1967/347/278 1966/346/64
f 1971/348/61 1970/347/279 1969/339/279
f 1974/348/61 1973/339/279 1972/340/61
f 1977/340/61 1976/348/60 1975/348/61
f 1980/340/61 1979/340/60 1978/348/60
f 1983/339/260 1982/348/59 1981/340/59
f 1986/339/260 1985/347/260 1984/348/59
f 1989/337/91 1988/347/262 1987/339/262
f 1992/337/91 1991/346/91 1990/347/262
f 1995/346/271 1994/346/89 1993/337/89
f 1998/337/272 1997/346/272 1996/346/77
f 2001/339/247 2000/346/75 1999/337/75
f 2004/339/247 2003/347/247 2002/346/75
f 2007/348/72 2006/347/249 2005/339/249
f 2010/348/72 2009/339/249 2008/340/72
f 2013/340/72 2012/348/193 2011/348/72
f 2016/340/72 2015/340/193 2014/348/193
f 2019/339/236 2018/348/192 2017/340/192
f 2022/339/236 2021/347/236 2020/348/192
f 2025/337/189 2024/347/237 2023/339/237
f 2028/337/189 2027/346/189 2026/347/237
f 2031/337/188 2030/346/280 2029/346/188
f 2034/337/188 2033/337/280 2032/346/280
f 2037/347/227 2036/346/186 2035/337/186
f 2040/347/227 2039/337/186 2038/339/227
f 2043/340/183 2042/347/230 2041/339/230
f 2046/340/183 2045/348/183 2044/347/230
f 2049/340/183 2048/348/71 2047/348/183
f 2052/349/65 2051/350/65 2050/351/65
f 2055/352/65 2054/351/65 2053/353/65
f 2058/354/65 2057/351/65 2056/352/65
f 2061/355/65 2060/351/65 2059/354/65
f 2064/355/65 2063/349/65 2062/351/65
f 2067/355/65 2066/354/65 2065/356/65
f 2070/357/65 2069/358/65 2068/359/65
f 2073/359/65 2072/360/65 2071/357/65
f 2076/355/281 2075/361/281 2074/362/281
f 2079/355/281 2078/356/281 2077/361/281
f 2082/363/5 2081/364/5 2080/365/5
f 2085/363/5 2084/366/5 2083/364/5
f 2088/367/76 2087/368/76 2086/369/76
f 2091/370/76 2090/368/76 2089/367/76
f 2094/371/88 2093/350/88 2092/372/88
f 2097/371/88 2096/351/88 2095/350/88
f 2100/357/281 2099/370/281 2098/367/281
f 2103/357/281 2102/360/281 2101/370/281
f 2106/373/5 2105/357/5 2104/374/5
f 2109/373/5 2108/358/5 2107/357/5
f 2112/357/76 2111/358/76 2110/359/76
f 2115/359/76 2114/360/76 2113/357/76
f 2118/355/282 2117/361/282 2116/362/282
f 2121/355/282 2120/356/282 2119/361/282
f 2124/363/5 2123/364/5 2122/365/5
f 2127/363/5 2126/366/5 2125/364/5
f 2130/367/65 2129/368/65 2128/369/65
f 2133/370/65 2132/368/65 2131/367/65
f 2136/371/187 2135/350/187 2134/372/187
f 2139/371/187 2138/351/187 2137/350/187
f 2142/352/76 2141/351/76 2140/353/76
f 2145/354/76 2144/351/76 2143/352/76
f 2148/355/76 2147/351/76 2146/354/76
f 2151/355/76 2150/349/76 2149/351/76
f 2154/349/76 2153/350/76 2152/351/76
f 2157/355/76 2156/354/76 2155/356/76
f 2160/375/76 2159/376/76 2158/377/76
f 2163/363/76 2162/377/76 2161/378/76
f 2166/375/76 2165/377/76 2164/363/76
f 2169/375/76 2168/363/76 2167/379/76
f 2172/380/76 2171/379/76 2170/363/76
f 2175/363/76 2174/378/76 2173/366/76
f 2178/357/282 2177/370/282 2176/367/282
f 2181/357/282 2180/360/282 2179/370/282
f 2184/352/187 2183/381/187 2182/382/187
f 2187/352/187 2186/353/187 2185/381/187
f 2190/373/5 2189/357/5 2188/374/5
f 2193/373/5 2192/358/5 2191/357/5
f 2196/383/61 2195/384/61 2194/385/61
f 2199/383/61 2198/386/61 2197/384/61
f 2202/387/76 2201/388/76 2200/389/76
f 2205/387/76 2204/390/76 2203/388/76
f 2208/391/185 2207/392/185 2206/393/185
f 2211/391/185 2210/394/185 2209/392/185
f 2214/395/86 2213/389/86 2212/396/86
f 2217/395/86 2216/386/86 2215/389/86
f 2220/394/72 2219/397/72 2218/387/72
f 2223/394/72 2222/398/72 2221/397/72
f 2226/387/5 2225/389/5 2224/386/5
f 2229/387/5 2228/386/5 2227/383/5
f 2232/392/5 2231/387/5 2230/383/5
f 2235/392/5 2234/394/5 2233/387/5
f 2238/399/65 2237/383/65 2236/400/65
f 2241/399/65 2240/392/65 2239/383/65
f 2244/401/69 2243/402/69 2242/403/69
f 2247/401/69 2246/404/69 2245/402/69
f 2250/405/75 2249/406/75 2248/407/75
f 2253/405/75 2252/408/75 2251/406/75
f 2256/409/89 2255/410/89 2254/411/89
f 2259/409/89 2258/412/89 2257/410/89
f 2262/413/188 2261/408/188 2260/403/188
f 2265/413/188 2264/414/188 2263/408/188
f 2268/411/80 2267/415/80 2266/416/80
f 2271/411/80 2270/405/80 2269/415/80
f 2274/417/64 2273/401/64 2272/410/64
f 2277/417/64 2276/418/64 2275/401/64
f 2280/419/263 2279/420/283 2278/421/284
f 2283/419/285 2282/421/286 2281/422/263
f 2286/423/246 2285/419/287 2284/422/288
f 2289/423/289 2288/424/290 2287/419/288
f 2292/425/228 2291/424/291 2290/423/292
f 2295/425/293 2294/423/291 2293/426/228
f 2298/427/294 2297/425/295 2296/426/296
f 2301/427/297 2300/428/294 2299/425/296
f 2304/375/65 2303/376/65 2302/377/65
f 2307/363/65 2306/377/65 2305/378/65
f 2310/375/65 2309/377/65 2308/363/65
f 2313/375/65 2312/363/65 2311/379/65
f 2316/380/65 2315/379/65 2314/363/65
f 2319/363/65 2318/378/65 2317/366/65
f 2322/429/63 2321/430/63 2320/431/63
f 2325/429/63 2324/432/63 2323/430/63
f 2328/433/74 2327/434/74 2326/435/74
f 2331/433/74 2330/436/74 2329/434/74
f 2334/434/86 2333/429/86 2332/435/86
f 2337/434/86 2336/432/86 2335/429/86
f 2340/433/185 2339/430/185 2338/436/185
f 2343/433/185 2342/431/185 2341/430/185
f 2346/437/5 2345/438/5 2344/439/5
f 2349/437/5 2348/440/5 2347/438/5
f 2352/441/298 2351/437/298 2350/442/298
f 2355/441/298 2354/440/298 2353/437/298
f 2358/443/299 2357/439/299 2356/438/299
f 2361/443/299 2360/444/299 2359/439/299
f 2364/437/29 2363/445/29 2362/446/29
f 2367/437/29 2366/439/29 2365/445/29
f 2370/447/111 2369/440/111 2368/448/111
f 2373/447/111 2372/438/111 2371/440/111
f 2376/419/300 2375/420/245 2374/421/301
f 2379/419/302 2378/421/245 2377/422/300
f 2382/423/303 2381/419/304 2380/422/238
f 2385/423/305 2384/424/303 2383/419/238
f 2388/425/306 2387/424/307 2386/423/308
f 2391/425/309 2390/423/307 2389/426/306
f 2394/427/310 2393/425/311 2392/426/261
f 2397/427/312 2396/428/310 2395/425/261
f 2400/401/5 2399/411/5 2398/410/5
f 2403/401/5 2402/405/5 2401/411/5
f 2406/405/5 2405/401/5 2404/403/5
f 2409/405/5 2408/403/5 2407/408/5
f 2412/449/70 2411/450/274 2410/451/274
f 2415/449/70 2414/452/70 2413/450/274
f 2418/449/71 2417/453/183 2416/452/71
f 2421/449/71 2420/454/183 2419/453/183
f 2424/454/183 2423/455/229 2422/453/183
f 2427/454/183 2426/456/229 2425/455/229
f 2430/457/87 2429/458/263 2428/459/263
f 2433/457/87 2432/460/87 2431/458/263
f 2436/457/87 2435/461/89 2434/460/87
f 2439/457/87 2438/462/89 2437/461/89
f 2442/462/91 2441/463/262 2440/461/91
f 2445/462/91 2444/464/262 2443/463/262
f 2448/449/59 2447/463/260 2446/464/260
f 2451/449/59 2450/452/59 2449/463/260
f 2454/449/60 2453/463/61 2452/452/60
f 2457/449/60 2456/464/61 2455/463/61
f 2460/451/279 2459/463/61 2458/464/61
f 2463/451/279 2462/450/279 2461/463/61
f 2466/464/64 2465/450/278 2464/451/278
f 2469/464/64 2468/463/64 2467/450/278
f 2472/451/66 2471/463/64 2470/464/64
f 2475/451/66 2474/450/66 2473/463/64
f 2478/451/275 2477/450/67 2476/451/67
f 2481/451/275 2480/450/275 2479/450/67
f 2484/429/79 2483/430/79 2482/431/79
f 2487/429/77 2486/432/77 2485/430/77
f 2490/433/67 2489/434/67 2488/435/67
f 2493/433/67 2492/436/67 2491/434/67
f 2496/434/188 2495/429/188 2494/435/188
f 2499/434/189 2498/432/189 2497/429/189
f 2502/433/91 2501/430/91 2500/436/91
f 2505/433/91 2504/431/91 2503/430/91
f 2508/437/5 2507/438/5 2506/439/5
f 2511/437/5 2510/440/5 2509/438/5
f 2514/441/313 2513/437/313 2512/442/313
f 2517/441/313 2516/440/313 2515/437/313
f 2520/443/314 2519/439/314 2518/438/314
f 2523/443/314 2522/444/314 2521/439/314
f 2526/437/315 2525/445/315 2524/446/315
f 2529/437/316 2528/439/316 2527/445/316
f 2532/447/317 2531/440/317 2530/448/317
f 2535/447/317 2534/438/317 2533/440/317
f 2538/465/79 2537/466/79 2536/467/244
f 2541/465/75 2540/466/77 2539/465/318
f 2544/465/75 2543/466/75 2542/466/77
f 2547/468/247 2546/466/75 2545/465/75
f 2550/468/247 2549/467/247 2548/466/75
f 2553/469/72 2552/467/249 2551/468/249
f 2556/469/72 2555/468/249 2554/470/72
f 2559/470/193 2558/469/72 2557/470/72
f 2562/470/193 2561/469/193 2560/469/72
f 2565/468/236 2564/469/192 2563/470/192
f 2568/468/236 2567/467/236 2566/469/192
f 2571/465/189 2570/467/237 2569/468/237
f 2574/465/189 2573/466/189 2572/467/237
f 2577/465/188 2576/466/319 2575/466/188
f 2580/465/188 2579/465/186 2578/466/186
f 2583/467/227 2582/466/186 2581/465/186
f 2586/467/227 2585/465/186 2584/468/227
f 2589/469/183 2588/467/230 2587/468/230
f 2592/469/183 2591/468/230 2590/470/183
f 2595/470/71 2594/469/183 2593/470/183
f 2598/470/71 2597/469/71 2596/469/183
f 2601/468/274 2600/469/70 2599/470/70
f 2604/468/274 2603/467/274 2602/469/70
f 2607/465/67 2606/467/275 2605/468/275
f 2610/465/67 2609/466/67 2608/467/275
f 2613/465/66 2612/466/64 2611/466/66
f 2616/465/66 2615/465/64 2614/466/64
f 2619/468/278 2618/466/64 2617/465/64
f 2622/468/278 2621/467/278 2620/466/64
f 2625/469/61 2624/467/279 2623/468/279
f 2628/469/61 2627/468/279 2626/470/61
f 2631/470/60 2630/469/61 2629/470/61
f 2634/470/60 2633/469/60 2632/469/61
f 2637/468/260 2636/469/59 2635/470/59
f 2640/468/260 2639/467/260 2638/469/59
f 2643/465/91 2642/467/262 2641/468/262
f 2646/465/91 2645/466/91 2644/467/262
f 2649/465/89 2648/466/320 2647/466/89
f 2652/465/89 2651/465/87 2650/466/87
f 2655/467/264 2654/466/87 2653/465/87
f 2658/467/264 2657/465/87 2656/468/264
f 2661/469/84 2660/467/255 2659/468/255
f 2664/469/84 2663/468/255 2662/470/84
f 2667/470/81 2666/469/83 2665/470/83
f 2670/470/81 2669/469/81 2668/469/83
f 2673/468/243 2672/469/81 2671/470/81
f 2676/468/243 2675/467/243 2674/469/81
f 2679/465/79 2678/467/244 2677/468/244
f 2682/471/5 2681/449/5 2680/451/5
f 2685/471/5 2684/472/5 2683/449/5
f 2688/472/5 2687/454/5 2686/449/5
f 2691/472/5 2690/473/5 2689/454/5
f 2694/473/5 2693/456/5 2692/454/5
f 2697/473/5 2696/474/5 2695/456/5
f 2700/475/5 2699/457/5 2698/459/5
f 2703/475/5 2702/476/5 2701/457/5
f 2706/477/5 2705/457/5 2704/476/5
f 2709/477/5 2708/462/5 2707/457/5
f 2712/478/5 2711/462/5 2710/477/5
f 2715/478/5 2714/464/5 2713/462/5
f 2718/472/5 2717/464/5 2716/478/5
f 2721/472/5 2720/449/5 2719/464/5
f 2724/472/5 2723/464/5 2722/449/5
f 2727/472/5 2726/478/5 2725/464/5
f 2730/471/5 2729/464/5 2728/478/5
f 2733/471/5 2732/451/5 2731/464/5
f 2736/471/5 2735/464/5 2734/451/5
f 2739/471/5 2738/478/5 2737/464/5
f 2742/471/5 2741/464/5 2740/478/5
f 2745/471/5 2744/451/5 2743/464/5
f 2748/471/5 2747/451/5 2746/451/5
f 2751/471/5 2750/471/5 2749/451/5
f 2754/459/228 2753/460/186 2752/458/228
f 2757/459/228 2756/457/186 2755/460/186
f 2760/457/186 2759/461/188 2758/460/186
f 2763/457/186 2762/462/188 2761/461/188
f 2766/451/237 2765/461/189 2764/462/189
f 2769/451/237 2768/450/237 2767/461/189
f 2772/449/192 2771/450/236 2770/451/236
f 2775/449/192 2774/452/192 2773/450/236
f 2778/449/193 2777/463/72 2776/452/193
f 2781/449/193 2780/464/72 2779/463/72
f 2784/451/249 2783/463/72 2782/464/72
f 2787/451/249 2786/450/249 2785/463/72
f 2790/464/75 2789/450/247 2788/451/247
f 2793/464/75 2792/463/75 2791/450/247
f 2796/451/77 2795/463/75 2794/464/75
f 2799/451/77 2798/450/77 2797/463/75
f 2802/464/244 2801/450/79 2800/451/79
f 2805/464/244 2804/463/244 2803/450/79
f 2808/449/81 2807/463/243 2806/464/243
f 2811/449/81 2810/452/81 2809/463/243
f 2814/449/81 2813/463/83 2812/452/81
f 2817/449/81 2816/464/83 2815/463/83
f 2820/451/254 2819/463/84 2818/464/84
f 2823/451/254 2822/450/254 2821/463/84
f 2826/472/5 2825/464/5 2824/478/5
f 2829/472/5 2828/449/5 2827/464/5
f 2832/472/5 2831/464/5 2830/449/5
f 2835/472/5 2834/478/5 2833/464/5
f 2838/478/5 2837/451/5 2836/464/5
f 2841/478/5 2840/471/5 2839/451/5
f 2844/476/5 2843/459/5 2842/475/5
f 2847/476/5 2846/457/5 2845/459/5
f 2850/477/5 2849/457/5 2848/476/5
f 2853/477/5 2852/462/5 2851/457/5
f 2856/471/5 2855/462/5 2854/477/5
f 2859/471/5 2858/451/5 2857/462/5
f 2862/471/5 2861/449/5 2860/451/5
f 2865/471/5 2864/472/5 2863/449/5
f 2868/472/5 2867/464/5 2866/449/5
f 2871/472/5 2870/478/5 2869/464/5
f 2874/471/5 2873/464/5 2872/478/5
f 2877/471/5 2876/451/5 2875/464/5
f 2880/471/5 2879/464/5 2878/451/5
f 2883/471/5 2882/478/5 2881/464/5
f 2886/471/5 2885/464/5 2884/478/5
f 2889/471/5 2888/451/5 2887/464/5
f 2892/471/5 2891/464/5 2890/451/5
f 2895/471/5 2894/478/5 2893/464/5
f 2898/352/235 2897/353/235 2896/351/235
f 2901/354/235 2900/352/235 2899/351/235
f 2904/351/235 2903/356/235 2902/354/235
f 2907/351/235 2906/350/235 2905/356/235
f 2910/364/5 2909/363/5 2908/365/5
f 2913/364/5 2912/366/5 2911/363/5
f 2916/371/242 2915/350/242 2914/351/242
f 2919/371/242 2918/372/242 2917/350/242
f 2922/350/321 2921/361/321 2920/356/321
f 2925/350/321 2924/479/321 2923/361/321
f 2928/363/5 2927/364/5 2926/365/5
f 2931/363/5 2930/366/5 2929/364/5
f 2934/371/254 2933/350/254 2932/372/254
f 2937/371/254 2936/351/254 2935/350/254
f 2940/361/322 2939/350/322 2938/356/322
f 2943/361/322 2942/479/322 2941/350/322
f 2946/480/323 2945/481/324 2944/482/324
f 2949/480/323 2948/482/324 2947/483/323
f 2952/484/325 2951/480/326 2950/483/326
f 2955/484/327 2954/485/327 2953/480/326
f 2958/486/37 2957/485/135 2956/484/135
f 2961/486/37 2960/487/37 2959/485/135
f 2964/488/328 2963/487/37 2962/486/37
f 2967/488/328 2966/489/328 2965/487/37
f 2970/490/329 2969/491/330 2968/492/329
f 2973/490/329 2972/493/330 2971/491/330
f 2976/491/331 2975/493/331 2974/494/328
f 2979/491/331 2978/494/328 2977/495/328
f 2982/363/259 2981/376/259 2980/380/259
f 2985/363/259 2984/377/259 2983/376/259
f 2988/363/259 2987/378/259 2986/377/259
f 2991/363/259 2990/366/259 2989/378/259
f 2994/496/5 2993/497/5 2992/498/5
f 2997/496/5 2996/499/5 2995/497/5
f 3000/500/57 2999/501/332 2998/502/57
f 3003/500/57 3002/503/332 3001/501/332
f 3006/503/332 3005/504/33 3004/501/332
f 3009/503/332 3008/505/33 3007/504/153
f 3012/506/5 3011/504/33 3010/505/33
f 3015/506/5 3014/507/5 3013/504/153
f 3018/508/333 3017/507/5 3016/506/5
f 3021/508/114 3020/509/114 3019/507/5
f 3024/508/333 3023/510/334 3022/509/114
f 3027/508/114 3026/511/334 3025/510/334
f 3030/512/57 3029/510/334 3028/511/334
f 3033/512/57 3032/513/57 3031/510/334
f 3036/351/335 3035/356/335 3034/350/335
f 3039/351/335 3038/354/335 3037/356/335
f 3042/354/335 3041/351/335 3040/352/335
f 3045/352/335 3044/351/335 3043/353/335
f 3048/514/5 3047/515/336 3046/516/5
f 3051/514/5 3050/517/336 3049/515/336
f 3054/518/337 3053/515/338 3052/517/338
f 3057/518/339 3056/517/338 3055/519/337
f 3060/519/340 3059/520/2 3058/518/340
f 3063/519/340 3062/521/2 3061/520/2
f 3066/522/57 3065/523/334 3064/524/57
f 3069/522/57 3068/525/334 3067/523/334
f 3072/525/341 3071/526/114 3070/523/341
f 3075/525/341 3074/527/114 3073/526/333
f 3078/528/5 3077/526/114 3076/527/114
f 3081/528/5 3080/529/5 3079/526/333
f 3084/530/153 3083/529/5 3082/528/5
f 3087/530/33 3086/531/33 3085/529/5
f 3090/532/332 3089/531/153 3088/530/153
f 3093/532/332 3092/533/332 3091/531/33
f 3096/532/332 3095/534/57 3094/533/332
f 3099/532/342 3098/535/57 3097/534/57
f 3102/536/278 3101/537/278 3100/538/278
f 3105/536/278 3104/539/278 3103/537/278
f 3108/540/37 3107/536/37 3106/538/37
f 3111/540/37 3110/541/37 3109/536/37
f 3114/542/41 3113/543/41 3112/544/41
f 3117/542/41 3116/545/41 3115/543/41
f 3120/546/343 3119/545/343 3118/542/343
f 3123/546/343 3122/547/343 3121/545/343
f 3126/548/247 3125/543/247 3124/549/247
f 3129/548/247 3128/544/247 3127/543/247
f 3132/550/41 3131/551/41 3130/552/41
f 3135/550/41 3134/552/41 3133/553/41
f 3138/550/41 3137/553/41 3136/554/41
f 3141/550/41 3140/554/41 3139/555/41
f 3144/550/41 3143/555/41 3142/556/41
f 3147/555/41 3146/549/41 3145/556/41
f 3150/555/41 3149/548/41 3148/549/41
f 3153/536/237 3152/537/237 3151/539/237
f 3156/536/237 3155/538/237 3154/537/237
f 3159/540/41 3158/536/41 3157/541/41
f 3162/540/41 3161/538/41 3160/536/41
f 3165/543/37 3164/542/37 3163/544/37
f 3168/543/37 3167/545/37 3166/542/37
f 3171/553/344 3170/554/345 3169/557/345
f 3174/553/344 3173/557/345 3172/558/344
f 3177/552/346 3176/553/344 3175/558/344
f 3180/552/346 3179/558/344 3178/559/346
f 3183/560/347 3182/552/348 3181/559/348
f 3186/560/347 3185/551/347 3184/552/348
f 3189/561/349 3188/551/350 3187/560/350
f 3192/561/349 3191/550/349 3190/551/351
f 3195/562/352 3194/550/353 3193/561/353
f 3198/562/352 3197/556/352 3196/550/353
f 3201/363/248 3200/378/248 3199/366/248
f 3204/363/248 3203/377/248 3202/378/248
f 3207/363/248 3206/376/248 3205/377/248
f 3210/363/248 3209/380/248 3208/376/248
f 3213/545/354 3212/546/355 3211/542/355
f 3216/545/355 3215/547/355 3214/546/355
f 3219/548/262 3218/543/262 3217/544/262
f 3222/548/262 3221/549/262 3220/543/262
f 3225/563/41 3224/564/41 3223/565/41
f 3228/563/41 3227/566/41 3226/564/41
f 3231/567/41 3230/568/41 3229/569/41
f 3234/567/41 3233/570/41 3232/568/41
f 3237/571/41 3236/568/41 3235/570/41
f 3240/571/41 3239/572/41 3238/568/41
f 3243/573/2 3242/574/2 3241/575/2
f 3246/576/2 3245/575/2 3244/577/2
f 3249/578/2 3248/579/2 3247/574/2
f 3252/580/2 3251/577/2 3250/581/2
f 3255/582/2 3254/583/2 3253/579/2
f 3258/584/2 3257/581/2 3256/585/2
f 3261/586/2 3260/587/2 3259/583/2
f 3264/588/2 3263/585/2 3262/589/2
f 3267/590/2 3266/495/2 3265/587/2
f 3270/591/2 3269/589/2 3268/592/2
f 3273/593/2 3272/491/2 3271/495/2
f 3276/594/2 3275/492/2 3274/491/2
f 3279/595/35 3278/596/35 3277/597/35
f 3282/598/35 3281/595/35 3280/599/35
f 3285/596/35 3284/600/35 3283/601/35
f 3288/602/35 3287/598/35 3286/603/35
f 3291/600/35 3290/604/35 3289/605/35
f 3294/606/35 3293/602/35 3292/607/35
f 3297/604/35 3296/608/35 3295/609/35
f 3300/610/35 3299/606/35 3298/611/35
f 3303/608/35 3302/494/35 3301/612/35
f 3306/613/35 3305/610/35 3304/614/35
f 3309/494/35 3308/493/35 3307/615/35
f 3312/493/35 3311/490/35 3310/616/35
f 3315/589/356 3314/613/357 3313/592/357
f 3318/589/356 3317/610/356 3316/613/357
f 3321/606/358 3320/610/356 3319/589/356
f 3324/606/358 3323/589/356 3322/585/358
f 3327/581/41 3326/606/358 3325/585/358
f 3330/581/41 3329/602/41 3328/606/358
f 3333/577/94 3332/602/41 3331/581/41
f 3336/577/94 3335/598/94 3334/602/41
f 3339/575/359 3338/598/94 3337/577/94
f 3342/575/359 3341/595/359 3340/598/94
f 3345/574/360 3344/595/361 3343/575/361
f 3348/574/360 3347/596/362 3346/595/361
f 3351/617/37 3350/506/37 3349/505/37
f 3354/618/37 3353/505/37 3352/503/37
f 3357/619/37 3356/508/37 3355/506/37
f 3360/620/37 3359/503/37 3358/500/37
f 3363/621/37 3362/511/37 3361/508/37
f 3366/622/37 3365/512/37 3364/511/37
f 3369/623/41 3368/624/41 3367/625/41
f 3372/623/41 3371/626/41 3370/624/41
f 3375/623/41 3374/627/41 3373/626/41
f 3378/623/41 3377/628/41 3376/627/41
f 3381/623/41 3380/629/41 3379/628/41
f 3384/623/41 3383/630/41 3382/629/41
f 3387/623/41 3386/631/41 3385/630/41
f 3390/632/41 3389/633/41 3388/634/41
f 3393/632/41 3392/635/41 3391/633/41
f 3396/636/41 3395/637/41 3394/638/41
f 3399/636/41 3398/639/41 3397/637/41
f 3402/640/10 3401/641/363 3400/642/364
f 3405/640/10 3404/643/365 3403/641/366
f 3408/563/7 3407/640/10 3406/644/7
f 3411/563/4 3410/645/367 3409/640/10
f 3414/640/10 3413/645/368 3412/643/369
f 3417/643/370 3416/645/367 3415/646/371
f 3420/643/369 3419/646/372 3418/647/373
f 3423/647/373 3422/648/374 3421/643/370
f 3426/647/375 3425/649/376 3424/648/377
f 3429/570/378 3428/567/379 3427/643/370
f 3432/570/380 3431/643/381 3430/648/374
f 3435/571/382 3434/570/378 3433/648/374
f 3438/571/382 3437/648/374 3436/650/383
f 3441/649/376 3440/650/384 3439/648/374
f 3444/649/376 3443/651/385 3442/650/384
f 3447/649/376 3446/652/279 3445/651/385
f 3450/649/386 3449/653/37 3448/652/279
f 3453/649/376 3452/647/375 3451/653/37
f 3456/654/37 3455/653/37 3454/647/375
f 3459/654/37 3458/647/375 3457/646/372
f 3462/655/37 3461/654/37 3460/646/371
f 3465/655/37 3464/646/372 3463/656/372
f 3468/645/367 3467/656/371 3466/646/371
f 3471/645/367 3470/657/387 3469/656/388
f 3474/563/4 3473/657/389 3472/645/390
f 3477/563/4 3476/565/4 3475/657/389
f 3480/658/391 3479/659/385 3478/652/278
f 3483/658/392 3482/660/384 3481/659/385
f 3486/637/393 3485/660/383 3484/658/394
f 3489/637/395 3488/639/396 3487/660/383
f 3492/661/37 3491/518/37 3490/520/37
f 3495/661/37 3494/515/37 3493/518/37
f 3498/661/37 3497/516/37 3496/515/37
f 3501/661/37 3500/662/37 3499/516/37
f 3504/661/37 3503/663/37 3502/662/37
f 3507/661/37 3506/664/37 3505/663/37
f 3510/661/37 3509/665/37 3508/664/37
f 3513/564/37 3512/563/37 3511/565/37
f 3516/564/37 3515/566/37 3514/563/37
f 3519/633/37 3518/632/37 3517/634/37
f 3522/633/37 3521/635/37 3520/632/37
f 3525/636/37 3524/637/37 3523/639/37
f 3528/636/37 3527/638/37 3526/637/37
f 3531/640/397 3530/641/398 3529/643/399
f 3534/640/397 3533/642/400 3532/641/398
f 3537/650/401 3536/651/402 3535/649/403
f 3540/650/401 3539/649/403 3538/648/404
f 3543/647/405 3542/648/404 3541/649/403
f 3546/647/406 3545/643/407 3544/648/404
f 3549/646/408 3548/643/399 3547/647/409
f 3552/646/408 3551/645/410 3550/643/399
f 3555/640/397 3554/643/399 3553/645/410
f 3558/563/17 3557/640/397 3556/645/410
f 3561/563/16 3560/644/16 3559/640/14
f 3564/571/411 3563/650/412 3562/648/404
f 3567/571/411 3566/648/404 3565/570/413
f 3570/570/414 3569/648/404 3568/643/407
f 3573/570/413 3572/643/399 3571/567/415
f 3576/637/416 3575/660/412 3574/639/417
f 3579/637/418 3578/658/419 3577/660/412
f 3582/658/420 3581/659/402 3580/660/401
f 3585/658/421 3584/652/237 3583/659/402
f 3588/649/403 3587/659/402 3586/652/236
f 3591/649/403 3590/652/236 3589/653/41
f 3594/649/403 3593/653/41 3592/647/405
f 3597/647/405 3596/653/41 3595/654/41
f 3600/647/405 3599/654/41 3598/646/422
f 3603/646/408 3602/654/41 3601/655/41
f 3606/646/422 3605/655/41 3604/656/422
f 3609/645/410 3608/646/423 3607/656/423
f 3612/645/410 3611/656/423 3610/657/424
f 3615/563/17 3614/645/425 3613/657/424
f 3618/563/17 3617/657/424 3616/565/17
f 3621/666/426 3620/667/426 3619/668/426
f 3624/666/426 3623/669/426 3622/667/426
f 3627/670/427 3626/671/427 3625/672/427
f 3630/670/427 3629/673/427 3628/671/427
f 3633/674/37 3632/675/37 3631/676/37
f 3636/674/37 3635/677/37 3634/675/37
f 3639/675/37 3638/677/37 3637/678/37
f 3642/675/37 3641/678/37 3640/679/37
f 3645/680/37 3644/679/37 3643/678/37
f 3648/680/37 3647/678/37 3646/681/37
f 3651/682/37 3650/680/37 3649/681/37
f 3654/682/37 3653/683/37 3652/680/37
f 3657/683/37 3656/682/37 3655/684/37
f 3660/683/37 3659/684/37 3658/685/37
f 3663/686/37 3662/685/37 3661/684/37
f 3666/686/37 3665/687/37 3664/685/37
f 3669/686/37 3668/688/37 3667/687/37
f 3672/689/428 3671/690/428 3670/691/428
f 3675/692/428 3674/689/428 3673/691/428
f 3678/692/429 3677/693/430 3676/689/429
f 3681/694/431 3680/692/431 3679/695/431
f 3684/692/429 3683/694/429 3682/696/430
f 3687/692/429 3686/696/430 3685/693/430
f 3690/697/432 3689/693/433 3688/696/433
f 3693/697/432 3692/698/432 3691/693/433
f 3696/697/434 3695/699/435 3694/698/434
f 3699/697/434 3698/700/435 3697/699/435
f 3702/700/435 3701/669/2 3700/699/436
f 3705/700/435 3704/667/2 3703/669/2
f 3708/668/437 3707/701/437 3706/666/437
f 3711/668/437 3710/702/437 3709/701/437
f 3714/671/438 3713/684/438 3712/682/439
f 3717/684/438 3716/671/438 3715/703/440
f 3720/684/438 3719/703/440 3718/686/440
f 3723/704/441 3722/686/440 3721/703/440
f 3726/704/441 3725/688/442 3724/686/440
f 3729/705/443 3728/688/441 3727/704/441
f 3732/705/443 3731/687/443 3730/688/441
f 3735/687/443 3734/705/443 3733/706/444
f 3738/687/443 3737/706/444 3736/707/444
f 3741/708/444 3740/709/443 3739/710/444
f 3744/708/444 3743/711/443 3742/709/443
f 3747/711/443 3746/712/441 3745/709/443
f 3750/711/443 3749/713/441 3748/712/441
f 3753/713/441 3752/714/440 3751/712/441
f 3756/713/441 3755/715/440 3754/714/440
f 3759/716/438 3758/714/440 3757/715/440
f 3762/716/438 3761/715/440 3760/672/438
f 3765/671/445 3764/716/445 3763/672/445
f 3768/671/438 3767/717/439 3766/716/438
f 3771/671/438 3770/682/439 3769/717/439
f 3774/682/446 3773/718/447 3772/717/446
f 3777/682/446 3776/681/447 3775/718/447
f 3780/718/448 3779/681/448 3778/678/449
f 3783/718/448 3782/678/449 3781/719/449
f 3786/719/450 3785/678/450 3784/677/451
f 3789/719/450 3788/677/452 3787/720/452
f 3792/677/453 3791/721/52 3790/720/452
f 3795/677/452 3794/674/52 3793/721/52
f 3798/722/454 3797/661/455 3796/723/455
f 3801/722/454 3800/665/454 3799/661/455
f 3804/724/346 3803/665/344 3802/722/456
f 3807/724/346 3806/664/346 3805/665/456
f 3810/724/348 3809/663/347 3808/664/348
f 3813/724/348 3812/725/347 3811/663/347
f 3816/726/457 3815/663/351 3814/725/351
f 3819/726/457 3818/662/457 3817/663/351
f 3822/516/458 3821/662/459 3820/726/459
f 3825/516/458 3824/726/457 3823/727/458
f 3828/728/460 3827/729/461 3826/730/460
f 3831/728/460 3830/731/461 3829/729/461
f 3834/731/462 3833/732/52 3832/729/462
f 3837/731/462 3836/733/51 3835/732/51
f 3840/734/457 3839/732/463 3838/733/463
f 3843/734/457 3842/735/457 3841/732/463
f 3846/736/464 3845/735/457 3844/734/457
f 3849/736/464 3848/737/464 3847/735/457
f 3852/738/465 3851/737/466 3850/736/466
f 3855/738/465 3854/739/465 3853/737/466
f 3858/739/465 3857/740/465 3856/740/465
f 3861/739/465 3860/739/465 3859/740/465
f 3864/728/460 3863/730/460 3862/729/461
f 3867/728/460 3866/729/461 3865/731/461
f 3870/729/462 3869/733/52 3868/731/462
f 3873/729/462 3872/732/52 3871/733/51
f 3876/733/463 3875/732/463 3874/735/457
f 3879/733/463 3878/735/457 3877/734/457
f 3882/735/457 3881/736/464 3880/734/457
f 3885/735/457 3884/737/464 3883/736/464
f 3888/737/466 3887/738/465 3886/736/466
f 3891/737/466 3890/739/465 3889/738/465
f 3894/741/41 3893/528/41 3892/527/41
f 3897/742/41 3896/530/41 3895/528/41
f 3900/743/41 3899/527/41 3898/525/41
f 3903/744/41 3902/532/41 3901/530/41
f 3906/745/41 3905/525/41 3904/522/41
f 3909/746/41 3908/535/41 3907/532/41
f 3912/623/37 3911/630/37 3910/631/37
f 3915/623/37 3914/629/37 3913/630/37
f 3918/623/37 3917/628/37 3916/629/37
f 3921/623/37 3920/627/37 3919/628/37
f 3924/623/37 3923/626/37 3922/627/37
f 3927/623/37 3926/624/37 3925/626/37
f 3930/623/37 3929/625/37 3928/624/37
f 3933/740/52 3932/747/51 3931/747/51
f 3936/740/52 3935/740/52 3934/747/52
f 3939/739/3 3938/748/1 3937/739/3
f 3942/739/3 3941/748/1 3940/748/3
f 3945/749/37 3944/750/37 3943/751/37
f 3948/749/37 3947/752/37 3946/750/37
f 3951/749/37 3950/753/37 3949/752/37
f 3954/749/37 3953/751/37 3952/753/37
f 3957/363/5 3956/364/5 3955/365/5
f 3960/363/5 3959/366/5 3958/364/5
f 3963/371/248 3962/350/248 3961/372/248
f 3966/371/248 3965/351/248 3964/350/248
f 3969/361/467 3968/350/467 3967/356/467
f 3972/361/467 3971/479/467 3970/350/467
f 3975/480/440 3974/481/468 3973/482/468
f 3978/480/440 3977/482/468 3976/483/440
f 3981/484/469 3980/480/470 3979/483/470
f 3984/484/471 3983/485/471 3982/480/470
f 3987/486/2 3986/485/33 3985/484/33
f 3990/486/2 3989/487/472 3988/485/33
f 3993/488/473 3992/487/2 3991/486/2
f 3996/488/473 3995/489/473 3994/487/2
f 3999/490/474 3998/491/475 3997/492/474
f 4002/490/474 4001/493/475 4000/491/475
f 4005/491/476 4004/493/476 4003/494/332
f 4008/491/476 4007/494/332 4006/495/332
f 4011/661/41 4010/664/41 4009/665/41
f 4014/661/41 4013/663/41 4012/664/41
f 4017/661/41 4016/662/41 4015/663/41
f 4020/661/41 4019/516/41 4018/662/41
f 4023/661/41 4022/515/41 4021/516/41
f 4026/661/41 4025/518/41 4024/515/41
f 4029/661/41 4028/520/41 4027/518/41
f 4032/496/5 4031/497/5 4030/498/5
f 4035/496/5 4034/499/5 4033/497/5
f 4038/500/57 4037/501/358 4036/502/57
f 4041/500/57 4040/503/358 4039/501/358
f 4044/503/358 4043/504/94 4042/501/358
f 4047/503/358 4046/505/94 4045/504/477
f 4050/506/5 4049/504/94 4048/505/94
f 4053/506/5 4052/507/5 4051/504/477
f 4056/508/20 4055/507/5 4054/506/5
f 4059/508/135 4058/509/135 4057/507/5
f 4062/508/20 4061/510/328 4060/509/135
f 4065/508/135 4064/511/328 4063/510/328
f 4068/512/57 4067/510/328 4066/511/328
f 4071/512/57 4070/513/57 4069/510/328
f 4074/515/336 4073/514/5 4072/516/5
f 4077/515/336 4076/517/336 4075/514/5
f 4080/517/338 4079/515/338 4078/518/337
f 4083/517/338 4082/518/478 4081/519/478
f 4086/520/2 4085/519/337 4084/518/337
f 4089/520/2 4088/521/2 4087/519/337
f 4092/726/457 4091/516/458 4090/727/458
f 4095/726/459 4094/662/459 4093/516/458
f 4098/726/457 4097/663/351 4096/662/457
f 4101/726/457 4100/725/351 4099/663/351
f 4104/724/348 4103/663/347 4102/725/347
f 4107/724/348 4106/664/348 4105/663/347
f 4110/724/346 4109/665/456 4108/664/346
f 4113/724/479 4112/722/456 4111/665/456
f 4116/722/454 4115/661/455 4114/665/454
f 4119/722/454 4118/723/455 4117/661/455
f 4122/514/5 4121/515/424 4120/516/5
f 4125/514/5 4124/517/424 4123/515/424
f 4128/518/408 4127/515/424 4126/517/424
f 4131/518/408 4130/517/424 4129/519/408
f 4134/519/408 4133/520/41 4132/518/408
f 4137/519/422 4136/521/41 4135/520/41
f 4140/522/57 4139/523/328 4138/524/57
f 4143/522/57 4142/525/328 4141/523/328
f 4146/525/328 4145/526/135 4144/523/328
f 4149/525/328 4148/527/135 4147/526/20
f 4152/528/5 4151/526/135 4150/527/135
f 4155/528/5 4154/529/5 4153/526/20
f 4158/530/477 4157/529/5 4156/528/5
f 4161/530/94 4160/531/94 4159/529/5
f 4164/532/358 4163/531/94 4162/530/94
f 4167/532/358 4166/533/358 4165/531/94
f 4170/532/358 4169/534/57 4168/533/358
f 4173/532/480 4172/535/57 4171/534/57
f 4176/536/264 4175/537/264 4174/538/264
f 4179/536/264 4178/539/264 4177/537/264
f 4182/540/2 4181/536/2 4180/538/2
f 4185/540/2 4184/541/2 4183/536/2
f 4188/542/35 4187/543/35 4186/544/35
f 4191/542/35 4190/545/35 4189/543/35
f 4194/546/481 4193/545/481 4192/542/481
f 4197/546/481 4196/547/481 4195/545/481
f 4200/548/227 4199/543/227 4198/549/227
f 4203/548/227 4202/544/227 4201/543/227
f 4206/550/35 4205/551/35 4204/552/35
f 4209/550/35 4208/552/35 4207/553/35
f 4212/550/35 4211/553/35 4210/554/35
f 4215/550/35 4214/554/35 4213/555/35
f 4218/550/35 4217/555/35 4216/556/35
f 4221/555/35 4220/549/35 4219/556/35
f 4224/555/35 4223/548/35 4222/549/35
f 4227/536/275 4226/537/275 4225/539/275
f 4230/536/275 4229/538/275 4228/537/275
f 4233/540/35 4232/536/35 4231/541/35
f 4236/540/35 4235/538/35 4234/536/35
f 4239/543/2 4238/542/2 4237/544/2
f 4242/543/2 4241/545/2 4240/542/2
f 4245/553/482 4244/554/483 4243/557/483
f 4248/553/482 4247/557/483 4246/558/484
f 4251/552/485 4250/553/486 4249/558/486
f 4254/552/485 4253/558/482 4252/559/485
f 4257/560/221 4256/552/487 4255/559/487
f 4260/560/221 4259/551/488 4258/552/487
f 4263/561/224 4262/551/221 4261/560/221
f 4266/561/224 4265/550/224 4264/551/489
f 4269/562/490 4268/550/223 4267/561/223
f 4272/562/490 4271/556/490 4270/550/223
f 4275/754/37 4274/755/37 4273/756/37
f 4278/754/37 4277/757/37 4276/755/37
f 4281/754/37 4280/758/37 4279/757/37
f 4284/754/37 4283/759/37 4282/758/37
f 4287/754/37 4286/760/37 4285/759/37
f 4290/539/37 4289/759/37 4288/760/37
f 4293/539/37 4292/760/37 4291/537/37
f 4296/545/491 4295/546/491 4294/542/491
f 4299/545/491 4298/547/491 4297/546/491
f 4302/548/244 4301/543/244 4300/544/244
f 4305/548/244 4304/549/244 4303/543/244
f 4308/563/35 4307/564/35 4306/565/35
f 4311/563/35 4310/566/35 4309/564/35
f 4314/567/35 4313/568/35 4312/569/35
f 4317/567/35 4316/570/35 4315/568/35
f 4320/571/35 4319/568/35 4318/570/35
f 4323/571/35 4322/572/35 4321/568/35
f 4326/557/345 4325/554/345 4324/553/344
f 4329/557/345 4328/553/344 4327/558/344
f 4332/558/344 4331/553/344 4330/552/346
f 4335/558/344 4334/552/346 4333/559/346
f 4338/552/348 4337/560/492 4336/559/348
f 4341/552/348 4340/551/347 4339/560/347
f 4344/561/493 4343/560/350 4342/551/350
f 4347/561/349 4346/551/351 4345/550/349
f 4350/562/352 4349/561/353 4348/550/353
f 4353/562/352 4352/550/353 4351/556/352
f 4356/632/35 4355/633/35 4354/634/35
f 4359/632/35 4358/635/35 4357/633/35
f 4362/636/35 4361/637/35 4360/638/35
f 4365/636/35 4364/639/35 4363/637/35
f 4368/640/465 4367/641/494 4366/642/495
f 4371/640/496 4370/643/497 4369/641/498
f 4374/563/16 4373/640/8 4372/644/16
f 4377/563/17 4376/645/499 4375/640/465
f 4380/640/465 4379/645/500 4378/643/497
f 4383/643/497 4382/645/499 4381/646/337
f 4386/643/497 4385/646/478 4384/647/501
f 4389/647/501 4388/648/502 4387/643/503
f 4392/647/504 4391/649/505 4390/648/506
f 4395/570/507 4394/567/508 4393/643/503
f 4398/570/509 4397/643/503 4396/648/502
f 4401/571/510 4400/570/507 4399/648/502
f 4404/571/510 4403/648/502 4402/650/511
f 4407/649/505 4406/650/511 4405/648/502
f 4410/649/505 4409/651/512 4408/650/513
f 4413/649/505 4412/652/255 4411/651/512
f 4416/649/514 4415/653/2 4414/652/255
f 4419/649/505 4418/647/515 4417/653/2
f 4422/654/2 4421/653/2 4420/647/515
f 4425/654/2 4424/647/515 4423/646/340
f 4428/655/2 4427/654/2 4426/646/337
f 4431/655/2 4430/646/340 4429/656/340
f 4434/645/499 4433/656/478 4432/646/478
f 4437/645/499 4436/657/338 4435/656/478
f 4440/563/17 4439/657/336 4438/645/516
f 4443/563/16 4442/565/16 4441/657/336
f 4446/658/517 4445/659/512 4444/652/264
f 4449/658/518 4448/660/513 4447/659/512
f 4452/637/519 4451/660/511 4450/658/520
f 4455/637/521 4454/639/522 4453/660/511
f 4458/549/5 4457/562/5 4456/556/5
f 4461/549/5 4460/761/5 4459/562/5
f 4464/543/5 4463/761/5 4462/549/5
f 4467/543/5 4466/762/5 4465/761/5
f 4470/763/5 4469/762/5 4468/543/5
f 4473/763/5 4472/543/5 4471/545/5
f 4476/564/2 4475/563/2 4474/565/2
f 4479/564/2 4478/566/2 4477/563/2
f 4482/633/2 4481/632/2 4480/634/2
f 4485/633/2 4484/635/2 4483/632/2
f 4488/636/2 4487/637/2 4486/639/2
f 4491/636/2 4490/638/2 4489/637/2
f 4494/640/10 4493/641/523 4492/643/524
f 4497/640/10 4496/642/525 4495/641/526
f 4500/650/527 4499/651/528 4498/649/529
f 4503/650/530 4502/649/529 4501/648/531
f 4506/647/532 4505/648/531 4504/649/529
f 4509/647/533 4508/643/534 4507/648/531
f 4512/646/452 4511/643/535 4510/647/533
f 4515/646/452 4514/645/536 4513/643/524
f 4518/640/10 4517/643/524 4516/645/536
f 4521/563/11 4520/640/10 4519/645/536
f 4524/563/12 4523/644/12 4522/640/10
f 4527/571/537 4526/650/527 4525/648/531
f 4530/571/537 4529/648/531 4528/570/538
f 4533/570/539 4532/648/531 4531/643/535
f 4536/570/538 4535/643/524 4534/567/540
f 4539/637/541 4538/660/527 4537/639/542
f 4542/637/543 4541/658/544 4540/660/527
f 4545/658/545 4544/659/528 4543/660/530
f 4548/658/546 4547/652/275 4546/659/528
f 4551/649/529 4550/659/528 4549/652/274
f 4554/649/529 4553/652/274 4552/653/35
f 4557/649/529 4556/653/35 4555/647/547
f 4560/647/547 4559/653/35 4558/654/35
f 4563/647/547 4562/654/35 4561/646/453
f 4566/646/452 4565/654/35 4564/655/35
f 4569/646/453 4568/655/35 4567/656/453
f 4572/645/536 4571/646/548 4570/656/548
f 4575/645/536 4574/656/548 4573/657/549
f 4578/563/11 4577/645/550 4576/657/551
f 4581/563/11 4580/657/551 4579/565/11
f 4584/666/552 4583/667/552 4582/668/552
f 4587/666/552 4586/669/552 4585/667/552
f 4590/670/94 4589/671/94 4588/672/94
f 4593/670/94 4592/673/94 4591/671/94
f 4596/674/2 4595/675/2 4594/676/2
f 4599/674/2 4598/677/2 4597/675/2
f 4602/675/2 4601/677/2 4600/678/2
f 4605/675/2 4604/678/2 4603/679/2
f 4608/680/2 4607/679/2 4606/678/2
f 4611/680/2 4610/678/2 4609/681/2
f 4614/682/2 4613/680/2 4612/681/2
f 4617/682/2 4616/683/2 4615/680/2
f 4620/683/2 4619/682/2 4618/684/2
f 4623/683/2 4622/684/2 4621/685/2
f 4626/686/2 4625/685/2 4624/684/2
f 4629/686/2 4628/687/2 4627/685/2
f 4632/686/2 4631/688/2 4630/687/2
f 4635/689/553 4634/690/553 4633/691/553
f 4638/692/553 4637/689/553 4636/691/553
f 4641/692/554 4640/693/555 4639/689/554
f 4644/694/556 4643/692/556 4642/695/556
f 4647/692/554 4646/694/554 4645/696/555
f 4650/692/554 4649/696/555 4648/693/555
f 4653/697/557 4652/693/558 4651/696/558
f 4656/697/557 4655/698/557 4654/693/558
f 4659/697/559 4658/699/560 4657/698/559
f 4662/697/559 4661/700/560 4660/699/560
f 4665/700/560 4664/669/41 4663/699/561
f 4668/700/560 4667/667/41 4666/669/41
f 4671/668/562 4670/701/562 4669/666/562
f 4674/668/562 4673/702/562 4672/701/562
f 4677/671/563 4676/684/563 4675/682/564
f 4680/684/563 4679/671/563 4678/703/361
f 4683/684/563 4682/703/361 4681/686/361
f 4686/704/268 4685/686/565 4684/703/565
f 4689/704/268 4688/688/268 4687/686/565
f 4692/705/566 4691/688/268 4690/704/268
f 4695/705/566 4694/687/566 4693/688/268
f 4698/687/566 4697/705/566 4696/706/567
f 4701/687/566 4700/706/567 4699/707/567
f 4704/708/567 4703/709/566 4702/710/567
f 4707/708/567 4706/711/566 4705/709/566
f 4710/711/566 4709/712/268 4708/709/566
f 4713/711/566 4712/713/268 4711/712/268
f 4716/713/268 4715/714/359 4714/712/268
f 4719/713/268 4718/715/359 4717/714/359
f 4722/716/563 4721/714/361 4720/715/361
f 4725/716/563 4724/715/361 4723/672/563
f 4728/671/568 4727/716/568 4726/672/568
f 4731/671/569 4730/717/564 4729/716/569
f 4734/671/563 4733/682/570 4732/717/570
f 4737/682/570 4736/718/571 4735/717/570
f 4740/682/570 4739/681/571 4738/718/571
f 4743/718/572 4742/681/572 4741/678/573
f 4746/718/572 4745/678/573 4744/719/573
f 4749/719/574 4748/678/574 4747/677/388
f 4752/719/575 4751/677/388 4750/720/388
f 4755/677/371 4754/721/38 4753/720/371
f 4758/677/371 4757/674/38 4756/721/38
f 4761/539/41 4760/537/41 4759/760/41
f 4764/539/41 4763/760/41 4762/759/41
f 4767/754/41 4766/759/41 4765/760/41
f 4770/754/41 4769/758/41 4768/759/41
f 4773/754/41 4772/757/41 4771/758/41
f 4776/754/41 4775/755/41 4774/757/41
f 4779/754/41 4778/756/41 4777/755/41
f 4782/728/576 4781/729/577 4780/730/576
f 4785/728/578 4784/731/577 4783/729/577
f 4788/731/579 4787/732/36 4786/729/579
f 4791/731/579 4790/733/36 4789/732/36
f 4794/734/580 4793/732/581 4792/733/582
f 4797/734/580 4796/735/583 4795/732/582
f 4800/736/584 4799/735/580 4798/734/580
f 4803/736/584 4802/737/584 4801/735/580
f 4806/738/17 4805/737/585 4804/736/585
f 4809/738/17 4808/739/17 4807/737/585
f 4812/739/17 4811/740/17 4810/740/17
f 4815/739/17 4814/739/17 4813/740/17
f 4818/728/578 4817/730/578 4816/729/577
f 4821/728/578 4820/729/577 4819/731/577
f 4824/729/579 4823/733/38 4822/731/579
f 4827/729/586 4826/732/36 4825/733/36
f 4830/733/581 4829/732/582 4828/735/580
f 4833/733/581 4832/735/580 4831/734/580
f 4836/735/580 4835/736/584 4834/734/580
f 4839/735/580 4838/737/584 4837/736/584
f 4842/737/585 4841/738/17 4840/736/585
f 4845/737/585 4844/739/17 4843/738/17
f 4848/543/5 4847/763/5 4846/545/5
f 4851/543/5 4850/762/5 4849/763/5
f 4854/543/5 4853/761/5 4852/762/5
f 4857/543/5 4856/549/5 4855/761/5
f 4860/549/5 4859/562/5 4858/761/5
f 4863/549/5 4862/556/5 4861/562/5
f 4866/747/38 4865/740/36 4864/747/38
f 4869/747/36 4868/740/38 4867/740/36
f 4872/739/49 4871/748/50 4870/739/49
f 4875/739/50 4874/748/50 4873/748/50
f 4878/749/2 4877/750/2 4876/751/2
f 4881/749/2 4880/752/2 4879/750/2
f 4884/749/2 4883/753/2 4882/752/2
f 4887/749/2 4886/751/2 4885/753/2
f 4890/364/5 4889/363/5 4888/365/5
f 4893/364/5 4892/366/5 4891/363/5
f 4896/371/587 4895/350/587 4894/351/587
f 4899/371/587 4898/372/587 4897/350/587
f 4902/350/588 4901/361/588 4900/356/588
f 4905/350/588 4904/479/588 4903/361/588
f 4908/363/5 4907/364/5 4906/365/5
f 4911/363/5 4910/366/5 4909/364/5
f 4914/371/229 4913/350/229 4912/372/229
f 4917/371/229 4916/351/229 4915/350/229
f 4920/361/589 4919/350/589 4918/356/589
f 4923/361/589 4922/479/589 4921/350/589
f 4926/480/361 4925/481/360 4924/482/360
f 4929/480/361 4928/482/360 4927/483/361
f 4932/484/94 4931/480/359 4930/483/359
f 4935/484/94 4934/485/94 4933/480/359
f 4938/486/41 4937/485/94 4936/484/94
f 4941/486/41 4940/487/41 4939/485/94
f 4944/488/358 4943/487/41 4942/486/41
f 4947/488/358 4946/489/358 4945/487/41
f 4950/490/357 4949/491/356 4948/492/357
f 4953/490/357 4952/493/356 4951/491/356
f 4956/491/356 4955/493/590 4954/494/358
f 4959/491/356 4958/494/358 4957/495/358
f 4962/555/37 4961/549/37 4960/548/37
f 4965/555/37 4964/556/37 4963/549/37
f 4968/550/37 4967/556/37 4966/555/37
f 4971/550/37 4970/555/37 4969/554/37
f 4974/550/37 4973/554/37 4972/553/37
f 4977/550/37 4976/553/37 4975/552/37
f 4980/550/37 4979/552/37 4978/551/37
f 4983/764/2 4982/765/2 4981/766/2
f 4986/764/2 4985/767/2 4984/765/2
f 4989/767/2 4988/764/2 4987/768/2
f 4992/767/2 4991/768/2 4990/769/2
f 4995/768/2 4994/770/2 4993/769/2
f 4998/768/2 4997/771/2 4996/770/2
f 5001/496/5 5000/497/5 4999/498/5
f 5004/496/5 5003/499/5 5002/497/5
f 5007/500/57 5006/501/334 5005/502/57
f 5010/500/57 5009/503/334 5008/501/334
f 5013/503/334 5012/504/114 5011/501/334
f 5016/503/334 5015/505/333 5014/504/333
f 5019/506/5 5018/504/114 5017/505/114
f 5022/506/5 5021/507/5 5020/504/333
f 5025/508/153 5024/507/5 5023/506/5
f 5028/508/33 5027/509/33 5026/507/5
f 5031/508/153 5030/510/332 5029/509/33
f 5034/508/33 5033/511/332 5032/510/332
f 5037/512/57 5036/510/332 5035/511/332
f 5040/512/57 5039/513/57 5038/510/332
f 5043/772/76 5042/642/2 5041/773/2
f 5046/772/591 5045/640/76 5044/642/2
f 5049/774/187 5048/640/76 5047/772/76
f 5052/774/187 5051/644/187 5050/640/76
f 5055/563/35 5054/644/187 5053/774/592
f 5058/563/35 5057/774/187 5056/775/35
f 5061/514/5 5060/515/551 5059/516/5
f 5064/514/5 5063/517/551 5062/515/551
f 5067/518/452 5066/515/549 5065/517/549
f 5070/518/548 5069/517/549 5068/519/452
f 5073/519/452 5072/520/35 5071/518/452
f 5076/519/453 5075/521/35 5074/520/35
f 5079/522/57 5078/523/332 5077/524/57
f 5082/522/57 5081/525/332 5080/523/332
f 5085/525/593 5084/526/33 5083/523/593
f 5088/525/593 5087/527/33 5086/526/153
f 5091/528/5 5090/526/33 5089/527/33
f 5094/528/5 5093/529/5 5092/526/153
f 5097/530/333 5096/529/5 5095/528/5
f 5100/530/114 5099/531/114 5098/529/5
f 5103/532/334 5102/531/114 5101/530/114
f 5106/532/334 5105/533/334 5104/531/114
f 5109/532/334 5108/534/57 5107/533/334
f 5112/532/594 5111/535/57 5110/534/57
f 5115/749/41 5114/750/41 5113/751/41
f 5118/749/41 5117/752/41 5116/750/41
f 5121/749/41 5120/753/41 5119/752/41
f 5124/749/41 5123/751/41 5122/753/41
f 5127/776/5 5126/777/5 5125/778/5
f 5130/776/5 5129/779/5 5128/777/5
f 5133/776/5 5132/778/5 5131/779/5
f 5136/780/595 5135/781/595 5134/782/595
f 5139/780/595 5138/783/595 5137/781/595
f 5142/783/69 5141/782/69 5140/781/69
f 5145/783/69 5144/780/69 5143/782/69
f 5148/784/63 5147/781/63 5146/785/63
f 5151/784/63 5150/783/63 5149/781/63
f 5154/783/74 5153/785/74 5152/781/74
f 5157/783/74 5156/784/74 5155/785/74
f 5160/786/185 5159/780/185 5158/782/185
f 5163/786/185 5162/787/185 5161/780/185
f 5166/776/5 5165/777/5 5164/778/5
f 5169/776/5 5168/779/5 5167/777/5
f 5172/776/5 5171/778/5 5170/779/5
f 5175/780/61 5174/781/61 5173/782/61
f 5178/780/61 5177/783/61 5176/781/61
f 5181/781/84 5180/780/84 5179/782/84
f 5184/781/84 5183/783/84 5182/780/84
f 5187/784/77 5186/781/77 5185/785/77
f 5190/784/79 5189/783/79 5188/781/79
f 5193/783/67 5192/785/67 5191/781/67
f 5196/783/67 5195/784/67 5194/785/67
f 5199/786/91 5198/780/91 5197/782/91
f 5202/786/91 5201/787/91 5200/780/91
f 5205/364/5 5204/363/5 5203/365/5
f 5208/364/5 5207/366/5 5206/363/5
f 5211/371/259 5210/350/259 5209/351/259
f 5214/371/259 5213/372/259 5212/350/259
f 5217/350/596 5216/361/596 5215/356/596
f 5220/350/596 5219/479/596 5218/361/596
f 5223/363/5 5222/364/5 5221/365/5
f 5226/363/5 5225/366/5 5224/364/5
f 5229/371/335 5228/350/335 5227/372/335
f 5232/371/335 5231/351/335 5230/350/335
f 5235/361/597 5234/350/597 5233/356/597
f 5238/361/597 5237/479/597 5236/350/597
f 5241/480/458 5240/481/598 5239/482/598
f 5244/480/458 5243/482/598 5242/483/458
f 5247/484/114 5246/480/599 5245/483/599
f 5250/484/114 5249/485/114 5248/480/599
f 5253/486/35 5252/485/114 5251/484/114
f 5256/486/35 5255/487/600 5254/485/114
f 5259/488/601 5258/487/35 5257/486/35
f 5262/488/601 5261/489/601 5260/487/35
f 5265/490/602 5264/491/603 5263/492/602
f 5268/490/602 5267/493/603 5266/491/603
f 5271/491/604 5270/493/604 5269/494/334
f 5274/491/604 5273/494/334 5272/495/334
f 5277/768/2 5276/770/2 5275/771/2
f 5280/768/2 5279/769/2 5278/770/2
f 5283/768/2 5282/767/2 5281/769/2
f 5286/768/2 5285/764/2 5284/767/2
f 5289/764/2 5288/765/2 5287/767/2
f 5292/764/2 5291/766/2 5290/765/2
f 5295/496/5 5294/497/5 5293/498/5
f 5298/496/5 5297/499/5 5296/497/5
f 5301/500/57 5300/501/328 5299/502/57
f 5304/500/57 5303/503/328 5302/501/328
f 5307/503/328 5306/504/135 5305/501/328
f 5310/503/328 5309/505/135 5308/504/20
f 5313/506/5 5312/504/135 5311/505/135
f 5316/506/5 5315/507/5 5314/504/20
f 5319/508/477 5318/507/5 5317/506/5
f 5322/508/94 5321/509/94 5320/507/5
f 5325/508/477 5324/510/358 5323/509/477
f 5328/508/94 5327/511/358 5326/510/358
f 5331/512/57 5330/510/358 5329/511/358
f 5334/512/57 5333/513/57 5332/510/358
f 5337/563/35 5336/775/35 5335/774/65
f 5340/563/35 5339/774/605 5338/644/65
f 5343/774/65 5342/640/88 5341/644/65
f 5346/774/65 5345/772/88 5344/640/88
f 5349/772/606 5348/642/2 5347/640/88
f 5352/772/88 5351/773/2 5350/642/2
f 5355/514/5 5354/515/387 5353/516/5
f 5358/514/5 5357/517/387 5356/515/387
f 5361/518/371 5360/515/387 5359/517/387
f 5364/518/372 5363/517/387 5362/519/371
f 5367/519/372 5366/520/37 5365/518/372
f 5370/519/372 5369/521/37 5368/520/37
f 5373/522/57 5372/523/358 5371/524/57
f 5376/522/57 5375/525/358 5374/523/358
f 5379/525/358 5378/526/94 5377/523/358
f 5382/525/358 5381/527/477 5380/526/477
f 5385/528/5 5384/526/94 5383/527/94
f 5388/528/5 5387/529/5 5386/526/477
f 5391/530/20 5390/529/5 5389/528/5
f 5394/530/135 5393/531/135 5392/529/5
f 5397/532/328 5396/531/20 5395/530/20
f 5400/532/328 5399/533/328 5398/531/135
f 5403/532/328 5402/534/57 5401/533/328
f 5406/532/607 5405/535/57 5404/534/57
f 5409/671/570 5408/684/570 5407/682/563
f 5412/684/564 5411/671/564 5410/703/608
f 5415/684/564 5414/703/608 5413/686/608
f 5418/704/221 5417/686/608 5416/703/608
f 5421/704/221 5420/688/221 5419/686/608
f 5424/705/609 5423/688/221 5422/704/221
f 5427/705/609 5426/687/609 5425/688/221
f 5430/687/609 5429/705/609 5428/706/610
f 5433/687/609 5432/706/610 5431/707/610
f 5436/708/610 5435/709/609 5434/710/610
f 5439/708/610 5438/711/609 5437/709/609
f 5442/711/609 5441/712/221 5440/709/609
f 5445/711/609 5444/713/221 5443/712/221
f 5448/713/221 5447/714/608 5446/712/221
f 5451/713/221 5450/715/608 5449/714/608
f 5454/716/564 5453/714/608 5452/715/608
f 5457/716/564 5456/715/608 5455/672/564
f 5460/671/564 5459/716/564 5458/672/564
f 5463/671/564 5462/717/611 5461/716/564
f 5466/671/564 5465/682/563 5464/717/563
f 5469/682/563 5468/718/612 5467/717/563
f 5472/682/563 5471/681/612 5470/718/612
f 5475/718/613 5474/681/613 5473/678/614
f 5478/718/613 5477/678/614 5476/719/614
f 5481/719/615 5480/678/615 5479/677/616
f 5484/719/617 5483/677/423 5482/720/423
f 5487/677/422 5486/721/618 5485/720/408
f 5490/677/408 5489/674/618 5488/721/618
f 5493/568/37 5492/567/37 5491/569/37
f 5496/568/37 5495/570/37 5494/567/37
f 5499/568/37 5498/571/37 5497/570/37
f 5502/568/37 5501/572/37 5500/571/37
f 5505/728/619 5504/729/620 5503/730/619
f 5508/728/619 5507/731/620 5506/729/620
f 5511/731/621 5510/732/45 5509/729/621
f 5514/731/621 5513/733/45 5512/732/45
f 5517/734/40 5516/732/622 5515/733/623
f 5520/734/40 5519/735/40 5518/732/623
f 5523/736/624 5522/735/625 5521/734/625
f 5526/736/624 5525/737/624 5524/735/625
f 5529/738/4 5528/737/626 5527/736/626
f 5532/738/4 5531/739/4 5530/737/626
f 5535/739/4 5534/740/4 5533/740/4
f 5538/739/4 5537/739/4 5536/740/4
f 5541/728/619 5540/730/627 5539/729/620
f 5544/728/619 5543/729/620 5542/731/620
f 5547/729/621 5546/733/618 5545/731/621
f 5550/729/628 5549/732/45 5548/733/45
f 5553/733/622 5552/732/623 5551/735/40
f 5556/733/622 5555/735/40 5554/734/40
f 5559/735/625 5558/736/624 5557/734/625
f 5562/735/625 5561/737/624 5560/736/624
f 5565/737/626 5564/738/4 5563/736/626
f 5568/737/626 5567/739/4 5566/738/4
f 5571/788/37 5570/789/37 5569/790/37
f 5574/788/37 5573/791/37 5572/789/37
f 5577/788/37 5576/792/37 5575/791/37
f 5580/788/37 5579/793/37 5578/792/37
f 5583/788/37 5582/794/37 5581/793/37
f 5586/747/618 5585/740/45 5584/747/618
f 5589/747/45 5588/740/618 5587/740/45
f 5592/739/55 5591/748/54 5590/739/55
f 5595/739/54 5594/748/54 5593/748/54
f 5598/749/35 5597/750/35 5596/751/35
f 5601/749/35 5600/752/35 5599/750/35
f 5604/749/35 5603/753/35 5602/752/35
f 5607/749/35 5606/751/35 5605/753/35
f 5610/795/90 5609/796/90 5608/797/90
f 5613/795/90 5612/798/90 5611/796/90
f 5616/799/190 5615/800/190 5614/801/190
f 5619/799/190 5618/802/190 5617/800/190
f 5622/803/629 5621/804/629 5620/805/629
f 5625/803/629 5624/806/629 5623/804/629
f 5628/797/630 5627/807/630 5626/795/630
f 5631/797/630 5630/808/630 5629/807/630
f 5634/809/631 5633/800/631 5632/810/631
f 5637/809/631 5636/801/631 5635/800/631
f 5640/811/631 5639/812/631 5638/813/631
f 5643/811/631 5642/814/631 5641/812/631
f 5646/815/631 5645/816/631 5644/817/631
f 5649/815/632 5648/818/632 5647/816/632
f 5652/819/190 5651/820/190 5650/821/190
f 5655/819/190 5654/822/190 5653/820/190
f 5658/823/90 5657/824/90 5656/825/90
f 5661/823/90 5660/826/90 5659/824/90
f 5664/827/90 5663/828/90 5662/829/90
f 5667/827/90 5666/830/90 5665/828/90
f 5670/831/190 5669/832/190 5668/833/190
f 5673/831/190 5672/834/190 5671/832/190
f 5676/835/629 5675/816/629 5674/836/629
f 5679/835/629 5678/817/629 5677/816/629
f 5682/817/629 5681/837/629 5680/838/629
f 5685/817/629 5684/814/629 5683/837/629
f 5688/835/629 5687/814/629 5686/817/629
f 5691/835/629 5690/839/629 5689/814/629
f 5694/814/629 5693/839/629 5692/840/629
f 5697/814/629 5696/840/629 5695/812/629
f 5700/841/630 5699/842/630 5698/824/630
f 5703/841/633 5702/824/633 5701/843/633
f 5706/843/630 5705/844/630 5704/841/630
f 5709/843/630 5708/845/630 5707/844/630
f 5712/845/633 5711/846/633 5710/844/633
f 5715/845/630 5714/820/630 5713/846/630
f 5718/832/634 5717/820/634 5716/845/635
f 5721/832/635 5720/821/635 5719/820/635
f 5724/843/635 5723/824/635 5722/826/635
f 5727/843/634 5726/826/635 5725/829/635
f 5730/829/635 5729/845/635 5728/843/635
f 5733/829/635 5732/832/635 5731/845/635
f 5736/828/635 5735/832/635 5734/829/635
f 5739/828/635 5738/833/635 5737/832/635
f 5742/847/41 5741/848/41 5740/849/41
f 5745/847/41 5744/850/41 5743/848/41
f 5748/847/41 5747/851/41 5746/850/41
f 5751/847/41 5750/852/41 5749/851/41
f 5754/847/41 5753/853/41 5752/852/41
f 5757/854/631 5756/828/631 5755/855/631
f 5760/854/631 5759/833/631 5758/828/631
f 5763/856/636 5762/857/636 5761/858/636
f 5766/856/636 5765/858/636 5764/859/636
f 5769/860/636 5768/856/636 5767/859/636
f 5772/860/636 5771/861/636 5770/856/636
f 5775/860/637 5774/862/638 5773/861/637
f 5778/860/637 5777/863/638 5776/862/638
f 5781/862/638 5780/863/638 5779/864/639
f 5784/862/638 5783/864/639 5782/865/639
f 5787/865/639 5786/864/639 5785/866/639
f 5790/865/639 5789/866/639 5788/867/639
f 5793/868/640 5792/849/641 5791/869/641
f 5796/868/640 5795/847/642 5794/849/641
f 5799/870/643 5798/847/644 5797/868/644
f 5802/870/645 5801/853/645 5800/847/644
f 5805/870/646 5804/852/468 5803/853/646
f 5808/870/647 5807/871/5 5806/852/5
f 5811/871/5 5810/851/648 5809/852/5
f 5814/871/5 5813/872/648 5812/851/648
f 5817/873/649 5816/851/650 5815/872/650
f 5820/873/649 5819/850/649 5818/851/650
f 5823/873/651 5822/848/35 5821/850/651
f 5826/873/651 5825/874/35 5824/848/35
f 5829/856/652 5828/857/652 5827/858/652
f 5832/856/652 5831/858/652 5830/859/652
f 5835/860/652 5834/856/652 5833/859/652
f 5838/860/652 5837/861/652 5836/856/652
f 5841/860/653 5840/862/654 5839/861/653
f 5844/860/653 5843/863/654 5842/862/654
f 5847/862/654 5846/863/654 5845/864/655
f 5850/862/654 5849/864/655 5848/865/655
f 5853/865/655 5852/864/655 5851/866/655
f 5856/865/655 5855/866/655 5854/867/655
f 5859/875/41 5858/876/41 5857/877/41
f 5862/875/41 5861/878/41 5860/876/41
f 5865/875/41 5864/879/41 5863/878/41
f 5868/795/190 5867/796/190 5866/797/190
f 5871/795/190 5870/798/190 5869/796/190
f 5874/799/90 5873/800/90 5872/801/90
f 5877/799/90 5876/802/90 5875/800/90
f 5880/803/656 5879/804/656 5878/805/656
f 5883/803/656 5882/806/656 5881/804/656
f 5886/797/657 5885/807/657 5884/795/657
f 5889/797/657 5888/808/657 5887/807/657
f 5892/809/658 5891/800/658 5890/810/658
f 5895/809/658 5894/801/658 5893/800/658
f 5898/811/658 5897/812/658 5896/813/658
f 5901/811/658 5900/814/658 5899/812/658
f 5904/815/658 5903/816/658 5902/817/658
f 5907/815/659 5906/818/659 5905/816/659
f 5910/819/90 5909/820/90 5908/821/90
f 5913/819/90 5912/822/90 5911/820/90
f 5916/823/190 5915/824/190 5914/825/190
f 5919/823/190 5918/826/190 5917/824/190
f 5922/827/190 5921/828/190 5920/829/190
f 5925/827/190 5924/830/190 5923/828/190
f 5928/831/90 5927/832/90 5926/833/90
f 5931/831/90 5930/834/90 5929/832/90
f 5934/835/656 5933/816/656 5932/836/656
f 5937/835/656 5936/817/656 5935/816/656
f 5940/817/656 5939/837/656 5938/838/656
f 5943/817/656 5942/814/656 5941/837/656
f 5946/835/656 5945/814/656 5944/817/656
f 5949/835/656 5948/839/656 5947/814/656
f 5952/814/656 5951/839/656 5950/840/656
f 5955/814/656 5954/840/656 5953/812/656
f 5958/841/657 5957/842/657 5956/824/657
f 5961/841/660 5960/824/660 5959/843/660
f 5964/843/657 5963/844/657 5962/841/657
f 5967/843/657 5966/845/657 5965/844/657
f 5970/845/660 5969/846/660 5968/844/660
f 5973/845/657 5972/820/657 5971/846/657
f 5976/832/661 5975/820/661 5974/845/661
f 5979/832/662 5978/821/662 5977/820/662
f 5982/843/662 5981/824/662 5980/826/662
f 5985/843/661 5984/826/662 5983/829/662
f 5988/829/662 5987/845/662 5986/843/662
f 5991/829/662 5990/832/662 5989/845/662
f 5994/828/662 5993/832/662 5992/829/662
f 5997/828/662 5996/833/662 5995/832/661
f 6000/880/37 5999/881/37 5998/882/37
f 6003/880/37 6002/883/37 6001/881/37
f 6006/880/37 6005/884/37 6004/883/37
f 6009/885/37 6008/883/37 6007/884/37
f 6012/886/431 6011/685/431 6010/887/431
f 6015/886/429 6014/683/430 6013/685/429
f 6018/886/429 6017/888/430 6016/683/430
f 6021/680/432 6020/683/433 6019/888/433
f 6024/680/432 6023/888/433 6022/889/432
f 6027/890/435 6026/680/434 6025/889/434
f 6030/890/435 6029/679/663 6028/680/434
f 6033/890/435 6032/891/663 6031/679/663
f 6036/892/664 6035/679/663 6034/891/663
f 6039/892/665 6038/675/665 6037/679/663
f 6042/893/2 6041/675/666 6040/892/664
f 6045/893/2 6044/676/2 6043/675/664
f 6048/893/2 6047/894/2 6046/676/2
f 6051/854/658 6050/828/658 6049/855/658
f 6054/854/658 6053/833/658 6052/828/658
f 6057/895/667 6056/896/619 6055/897/667
f 6060/895/667 6059/898/619 6058/896/619
f 6063/899/356 6062/896/560 6061/898/560
f 6066/899/356 6065/898/560 6064/900/356
f 6069/900/356 6068/901/566 6067/899/356
f 6072/900/356 6071/902/566 6070/901/566
f 6075/903/668 6074/901/566 6073/902/566
f 6078/903/669 6077/902/566 6076/904/670
f 6081/905/41 6080/906/41 6079/907/41
f 6084/905/41 6083/908/41 6082/906/41
f 6087/909/41 6086/907/41 6085/903/41
f 6090/909/41 6089/910/41 6088/907/41
f 6093/909/41 6092/911/41 6091/910/41
f 6096/912/2 6095/702/2 6094/913/2
f 6099/912/2 6098/701/2 6097/702/2
f 6102/912/2 6101/914/2 6100/701/2
f 6105/915/671 6104/916/671 6103/917/671
f 6108/917/671 6107/918/672 6106/915/671
f 6111/903/672 6110/907/672 6109/901/672
f 6114/907/672 6113/899/672 6112/901/672
f 6117/907/673 6116/918/672 6115/899/672
f 6120/918/672 6119/896/672 6118/899/672
f 6123/919/674 6122/896/672 6121/918/672
f 6126/917/671 6125/919/671 6124/918/672
f 6129/919/671 6128/897/672 6127/896/672
f 6132/915/5 6131/920/5 6130/921/5
f 6135/915/5 6134/918/5 6133/920/5
f 6138/907/5 6137/920/5 6136/918/5
f 6141/907/5 6140/906/5 6139/920/5
f 6144/922/37 6143/923/37 6142/924/37
f 6147/922/37 6146/925/37 6145/923/37
f 6150/922/37 6149/926/37 6148/925/37
f 6153/927/57 6152/928/57 6151/929/57
f 6156/927/57 6155/930/57 6154/928/57
f 6159/931/57 6158/928/57 6157/930/57
f 6162/931/57 6161/932/57 6160/928/57
f 6165/933/37 6164/915/37 6163/921/37
f 6168/933/37 6167/934/37 6166/915/37
f 6171/934/37 6170/916/37 6169/915/37
f 6174/934/37 6173/935/37 6172/916/37
f 6177/936/37 6176/937/37 6175/938/37
f 6180/936/37 6179/939/37 6178/937/37
f 6183/940/37 6182/941/37 6181/942/37
f 6186/940/37 6185/938/37 6184/941/37
f 6189/940/37 6188/943/37 6187/938/37
f 6192/944/41 6191/945/41 6190/946/41
f 6195/947/41 6194/946/41 6193/945/41
f 6198/947/41 6197/948/41 6196/946/41
f 6201/947/41 6200/949/41 6199/948/41
f 6204/936/253 6203/950/83 6202/951/253
f 6207/936/253 6206/952/83 6205/950/83
f 6210/952/84 6209/953/675 6208/950/84
f 6213/952/84 6212/954/343 6211/953/343
f 6216/955/676 6215/956/676 6214/957/676
f 6219/927/676 6218/956/676 6217/955/676
f 6222/927/677 6221/930/677 6220/956/677
f 6225/956/677 6224/930/677 6223/958/677
f 6228/958/677 6227/930/677 6226/959/677
f 6231/930/676 6230/960/676 6229/959/676
f 6234/930/676 6233/961/678 6232/960/676
f 6237/931/679 6236/961/680 6235/930/676
f 6240/931/681 6239/962/681 6238/961/682
f 6243/963/678 6242/962/681 6241/931/681
f 6246/964/683 6245/965/684 6244/966/683
f 6249/964/683 6248/967/685 6247/965/685
f 6252/967/685 6251/968/686 6250/965/685
f 6255/967/687 6254/969/686 6253/968/686
f 6258/970/688 6257/968/689 6256/969/689
f 6261/970/688 6260/969/686 6259/971/688
f 6264/931/57 6263/928/57 6262/932/57
f 6267/931/57 6266/930/57 6265/928/57
f 6270/929/57 6269/928/57 6268/930/57
f 6273/929/57 6272/930/57 6271/927/57
f 6276/972/237 6275/973/238 6274/974/237
f 6279/972/237 6278/975/238 6277/973/238
f 6282/976/690 6281/977/188 6280/978/690
f 6285/976/691 6284/979/188 6283/977/188
f 6288/979/189 6287/975/238 6286/977/189
f 6291/979/189 6290/980/238 6289/975/238
f 6294/981/260 6293/982/692 6292/983/260
f 6297/981/260 6296/984/692 6295/982/692
f 6300/984/693 6299/985/694 6298/982/693
f 6303/984/693 6302/986/694 6301/985/694
f 6306/986/695 6305/987/65 6304/985/695
f 6309/986/695 6308/988/65 6307/987/65
f 6312/988/65 6311/989/587 6310/987/65
f 6315/988/65 6314/990/587 6313/989/587
f 6318/990/587 6317/991/229 6316/989/587
f 6321/990/587 6320/992/229 6319/991/229
f 6324/992/696 6323/993/697 6322/991/696
f 6327/992/696 6326/994/697 6325/993/697
f 6330/994/698 6329/995/190 6328/993/698
f 6333/994/699 6332/996/190 6331/995/190
f 6336/996/700 6335/997/236 6334/995/700
f 6339/996/700 6338/972/236 6337/997/236
f 6342/998/701 6341/999/701 6340/1000/89
f 6345/998/701 6344/1000/89 6343/1001/89
f 6348/1002/261 6347/1001/91 6346/1000/91
f 6351/1002/261 6350/1000/91 6349/1003/261
f 6354/1003/261 6353/1004/262 6352/1002/261
f 6357/1003/261 6356/981/262 6355/1004/262
f 6360/1005/2 6359/1006/2 6358/1007/2
f 6363/1005/2 6362/1008/664 6361/1006/2
f 6366/1005/2 6365/1009/664 6364/1008/664
f 6369/1010/663 6368/1008/664 6367/1009/665
f 6372/1010/663 6371/1009/664 6370/1011/663
f 6375/1012/435 6374/1010/663 6373/1011/663
f 6378/1012/435 6377/1013/434 6376/1010/663
f 6381/1012/435 6380/1014/434 6379/1013/434
f 6384/1014/432 6383/1015/433 6382/1013/432
f 6387/1014/432 6386/1016/433 6385/1015/433
f 6390/1017/429 6389/1015/430 6388/1016/430
f 6393/1017/428 6392/1018/428 6391/1015/430
f 6396/1017/428 6395/1019/428 6394/1018/428
f 6399/976/76 6398/999/76 6397/998/76
f 6402/976/76 6401/978/76 6400/999/76
f 6405/1020/2 6404/1021/2 6403/1022/2
f 6408/1020/2 6407/1023/2 6406/1021/2
f 6411/1024/2 6410/1021/2 6409/1023/2
f 6414/1024/2 6413/1025/2 6412/1021/2
f 6417/1024/2 6416/1026/2 6415/1025/2
f 6420/1024/2 6419/1027/2 6418/1026/2
f 6423/1028/2 6422/1029/2 6421/1030/2
f 6426/1028/2 6425/1031/2 6424/1029/2
f 6429/1026/2 6428/1031/2 6427/1028/2
f 6432/1026/2 6431/1032/2 6430/1031/2
f 6435/1033/57 6434/1034/57 6433/1035/57
f 6438/1033/57 6437/1036/57 6436/1034/57
f 6441/1037/57 6440/1038/57 6439/1036/57
f 6444/1039/57 6443/1040/57 6442/1034/57
f 6447/1039/57 6446/1034/57 6445/1041/57
f 6450/1042/57 6449/1039/57 6448/1041/57
f 6453/1042/57 6452/1041/57 6451/1043/57
f 6456/1044/57 6455/1042/57 6454/1043/57
f 6459/1044/57 6458/1045/57 6457/1042/57
f 6462/714/41 6461/709/41 6460/712/41
f 6465/714/41 6464/1018/41 6463/709/41
f 6468/714/41 6467/716/41 6466/1018/41
f 6471/716/41 6470/1015/41 6469/1018/41
f 6474/716/41 6473/717/41 6472/1015/41
f 6477/1013/41 6476/1015/41 6475/717/41
f 6480/1013/41 6479/717/41 6478/718/41
f 6483/719/41 6482/1013/41 6481/718/41
f 6486/719/41 6485/1010/41 6484/1013/41
f 6489/719/41 6488/1008/41 6487/1010/41
f 6492/719/41 6491/720/41 6490/1008/41
f 6495/1008/41 6494/720/41 6493/721/41
f 6498/1008/41 6497/721/41 6496/1006/41
f 6501/1046/41 6500/1047/41 6499/1048/41
f 6504/1046/41 6503/1049/41 6502/1047/41
f 6507/1046/41 6506/740/41 6505/1049/41
f 6510/1046/41 6509/747/41 6508/740/41
f 6513/1046/41 6512/1050/41 6511/747/41
f 6516/1051/702 6515/1041/703 6514/1052/703
f 6519/1051/702 6518/1043/702 6517/1041/703
f 6522/1041/703 6521/1053/704 6520/1052/703
f 6525/1041/703 6524/1034/704 6523/1053/704
f 6528/1054/702 6527/1043/702 6526/1051/702
f 6531/1054/702 6530/1044/702 6529/1043/702
f 6534/1054/702 6533/1055/705 6532/1044/702
f 6537/1054/702 6536/1056/702 6535/1055/706
f 6540/1056/702 6539/1057/706 6538/1055/706
f 6543/1056/702 6542/1058/702 6541/1057/705
f 6546/1059/703 6545/1057/706 6544/1058/702
f 6549/1059/703 6548/1060/707 6547/1057/706
f 6552/1061/708 6551/1059/703 6550/1062/704
f 6555/1061/708 6554/1060/709 6553/1059/703
f 6558/1063/710 6557/1053/704 6556/1034/704
f 6561/1063/710 6560/1034/704 6559/1036/710
f 6564/1064/710 6563/1063/710 6562/1036/710
f 6567/1065/710 6566/1064/710 6565/1036/710
f 6570/1065/710 6569/1036/710 6568/1066/710
f 6573/1066/710 6572/1036/710 6571/1038/711
f 6576/1066/710 6575/1038/711 6574/1067/711
f 6579/1068/712 6578/1066/713 6577/1067/711
f 6582/1068/712 6581/1061/714 6580/1066/710
f 6585/1068/712 6584/1069/715 6583/1061/714
f 6588/1070/716 6587/1061/714 6586/1069/715
f 6591/1070/716 6590/1060/709 6589/1061/708
f 6594/1071/717 6593/1060/707 6592/1070/716
f 6597/1071/717 6596/1057/706 6595/1060/709
f 6600/1071/718 6599/1055/706 6598/1057/706
f 6603/1071/719 6602/1072/720 6601/1055/706
f 6606/1073/721 6605/1072/722 6604/1071/723
f 6609/1065/710 6608/1066/710 6607/1074/710
f 6612/1075/710 6611/1074/710 6610/1066/710
f 6615/1075/710 6614/1066/710 6613/1076/710
f 6618/1066/710 6617/1077/710 6616/1076/710
f 6621/1061/708 6620/1077/710 6619/1066/710
f 6624/1061/708 6623/1062/704 6622/1077/710
f 6627/1068/712 6626/1067/711 6625/1078/724
f 6630/1079/725 6629/1068/712 6628/1078/724
f 6633/1079/725 6632/1069/715 6631/1068/712
f 6636/1079/725 6635/1080/726 6634/1069/715
f 6639/1080/727 6638/1070/728 6637/1069/715
f 6642/1080/727 6641/1081/729 6640/1070/730
f 6645/1081/731 6644/1071/717 6643/1070/730
f 6648/1081/731 6647/1082/732 6646/1071/723
f 6651/1073/721 6650/1071/723 6649/1082/732
f 6654/1083/701 6653/1073/721 6652/1082/732
f 6657/1083/701 6656/1082/732 6655/1084/733
f 6660/1085/734 6659/1084/91 6658/1082/735
f 6663/1085/261 6662/1082/732 6661/1081/731
f 6666/1086/736 6665/1085/261 6664/1081/729
f 6669/1086/262 6668/1081/729 6667/1080/727
f 6672/1079/725 6671/1086/262 6670/1080/726
f 6675/1079/725 6674/1087/737 6673/1086/260
f 6678/1088/738 6677/1087/259 6676/1079/739
f 6681/1088/692 6680/1079/725 6679/1089/740
f 6684/1079/739 6683/1078/741 6682/1089/740
f 6687/1090/5 6686/1091/5 6685/1092/5
f 6690/1090/5 6689/1093/5 6688/1091/5
f 6693/1094/5 6692/1091/5 6691/1093/5
f 6696/1094/5 6695/1095/5 6694/1091/5
f 6699/1096/5 6698/1095/5 6697/1094/5
f 6702/1096/5 6701/1097/5 6700/1095/5
f 6705/1030/5 6704/1097/5 6703/1096/5
f 6708/1030/5 6707/1096/5 6706/1098/5
f 6711/1028/5 6710/1030/5 6709/1098/5
f 6714/737/37 6713/732/37 6712/735/37
f 6717/737/37 6716/729/37 6715/732/37
f 6720/737/37 6719/730/37 6718/729/37
f 6723/737/37 6722/748/37 6721/730/37
f 6726/737/37 6725/739/37 6724/748/37
f 6729/1099/227 6728/1100/228 6727/1101/228
f 6732/1099/227 6731/1102/227 6730/1100/228
f 6735/1103/186 6734/1101/228 6733/1104/228
f 6738/1103/186 6737/1105/186 6736/1101/228
f 6741/1106/699 6740/1105/186 6739/1103/186
f 6744/1106/697 6743/1107/697 6742/1105/186
f 6747/1108/185 6746/1109/230 6745/1099/230
f 6750/1108/185 6749/1110/185 6748/1109/230
f 6753/1111/742 6752/1110/185 6751/1108/185
f 6756/1111/742 6755/1112/743 6754/1110/185
f 6759/1113/744 6758/1112/745 6757/1111/691
f 6762/1113/235 6761/1114/235 6760/1112/691
f 6765/1115/248 6764/1114/235 6763/1113/235
f 6768/1115/248 6767/1116/248 6766/1114/235
f 6771/1117/76 6770/1116/248 6769/1115/248
f 6774/1117/76 6773/1118/76 6772/1116/248
f 6777/1119/355 6776/1118/76 6775/1117/76
f 6780/1119/355 6779/1120/355 6778/1118/76
f 6783/1121/83 6782/1120/746 6781/1119/746
f 6786/1121/83 6785/1122/83 6784/1120/746
f 6789/1123/255 6788/1122/84 6787/1121/84
f 6792/1123/255 6791/1124/255 6790/1122/84
f 6795/1125/263 6794/1126/264 6793/1123/264
f 6798/1125/263 6797/1127/263 6796/1126/264
f 6801/1127/263 6800/1125/263 6799/1128/87
f 6804/1127/263 6803/1128/87 6802/1129/87
f 6807/1128/87 6806/1130/747 6805/1129/87
f 6810/1128/87 6809/1131/747 6808/1130/747
f 6813/1131/65 6812/1106/65 6811/1130/65
f 6816/1131/65 6815/1107/65 6814/1106/65
f 6819/1033/57 6818/1034/57 6817/1036/57
f 6822/1033/57 6821/1035/57 6820/1034/57
f 6825/1037/57 6824/1036/57 6823/1038/57
f 6828/1044/57 6827/1042/57 6826/1045/57
f 6831/1044/57 6830/1043/57 6829/1042/57
f 6834/1041/57 6833/1042/57 6832/1043/57
f 6837/1041/57 6836/1039/57 6835/1042/57
f 6840/1034/57 6839/1039/57 6838/1041/57
f 6843/1034/57 6842/1040/57 6841/1039/57
f 6846/1132/747 6845/1133/87 6844/1134/747
f 6849/1132/747 6848/1135/87 6847/1133/87
f 6852/1136/263 6851/1133/87 6850/1135/87
f 6855/1136/263 6854/1135/87 6853/1137/263
f 6858/1136/263 6857/1137/263 6856/1138/264
f 6861/1136/263 6860/1138/264 6859/1139/264
f 6864/1140/85 6863/1139/264 6862/1138/264
f 6867/1140/85 6866/1138/255 6865/1141/85
f 6870/1142/57 6869/1143/57 6868/1144/57
f 6873/1142/57 6872/1145/57 6871/1143/57
f 6876/1145/57 6875/1146/57 6874/1143/57
f 6879/1145/57 6878/1147/57 6877/1146/57
f 6882/1148/57 6881/1146/57 6880/1147/57
f 6885/1148/57 6884/1149/57 6883/1146/57
f 6888/1150/57 6887/1149/57 6886/1148/57
f 6891/1150/57 6890/1151/57 6889/1149/57
f 6894/1152/57 6893/1151/57 6892/1150/57
f 6897/1152/57 6896/1150/57 6895/1153/57
f 6900/1154/37 6899/1155/37 6898/1156/37
f 6903/1154/37 6902/1157/37 6901/1155/37
f 6906/1157/37 6905/1158/37 6904/1155/37
f 6909/1157/37 6908/1140/37 6907/1158/37
f 6912/1159/37 6911/1160/37 6910/1153/37
f 6915/1159/37 6914/1161/37 6913/1160/37
f 6918/1162/37 6917/1161/37 6916/1159/37
f 6921/1162/37 6920/1159/37 6919/1163/37
f 6924/1162/37 6923/1163/37 6922/1154/37
f 6927/1162/37 6926/1154/37 6925/1164/37
f 6930/1165/76 6929/1166/76 6928/1134/76
f 6933/1165/76 6932/1134/76 6931/1167/76
f 6936/1165/76 6935/1167/76 6934/1168/76
f 6939/1165/76 6938/1168/76 6937/1169/76
f 6942/1170/76 6941/1169/76 6940/1168/76
f 6945/1170/76 6944/1168/76 6943/1171/76
f 6948/1172/76 6947/1170/76 6946/1171/76
f 6951/1172/76 6950/1173/76 6949/1170/76
f 6954/1172/76 6953/1174/76 6952/1173/76
f 6957/1172/76 6956/1142/76 6955/1174/76
f 6960/1051/748 6959/1052/749 6958/1041/749
f 6963/1051/748 6962/1041/749 6961/1043/748
f 6966/1053/750 6965/1041/749 6964/1052/749
f 6969/1053/750 6968/1034/750 6967/1041/749
f 6972/1054/748 6971/1055/751 6970/1056/748
f 6975/1054/748 6974/1044/748 6973/1055/752
f 6978/1054/748 6977/1043/748 6976/1044/748
f 6981/1054/748 6980/1051/748 6979/1043/748
f 6984/1071/753 6983/1082/754 6982/1081/755
f 6987/1082/754 6986/1085/263 6985/1081/755
f 6990/1082/754 6989/1084/756 6988/1085/263
f 6993/1083/757 6992/1084/87 6991/1082/758
f 6996/1083/757 6995/1082/754 6994/1073/759
f 6999/1071/753 6998/1073/760 6997/1082/754
f 7002/1071/753 7001/1072/761 7000/1073/760
f 7005/1055/751 7004/1072/762 7003/1071/753
f 7008/1055/751 7007/1071/763 7006/1057/751
f 7011/1056/748 7010/1055/751 7009/1057/751
f 7014/1056/748 7013/1057/752 7012/1058/748
f 7017/1081/764 7016/1085/765 7015/1086/264
f 7020/1060/766 7019/1071/767 7018/1070/768
f 7023/1060/766 7022/1057/751 7021/1071/767
f 7026/1059/749 7025/1057/751 7024/1060/769
f 7029/1059/749 7028/1058/748 7027/1057/751
f 7032/1063/770 7031/1034/750 7030/1053/750
f 7035/1063/770 7034/1036/770 7033/1034/750
f 7038/1064/770 7037/1036/770 7036/1063/770
f 7041/1065/770 7040/1036/770 7039/1064/770
f 7044/1066/770 7043/1036/770 7042/1065/770
f 7047/1066/770 7046/1038/680 7045/1036/770
f 7050/1066/770 7049/1067/681 7048/1038/680
f 7053/1067/679 7052/1066/771 7051/1068/772
f 7056/1067/679 7055/1068/772 7054/1078/773
f 7059/1078/773 7058/1068/772 7057/1079/774
f 7062/1078/775 7061/1079/776 7060/1089/777
f 7065/1079/774 7064/1088/778 7063/1089/777
f 7068/1079/776 7067/1087/779 7066/1088/780
f 7071/1079/774 7070/1086/781 7069/1087/254
f 7074/1079/774 7073/1080/782 7072/1086/255
f 7077/1081/783 7076/1086/264 7075/1080/782
f 7080/1070/784 7079/1081/764 7078/1080/785
f 7083/1071/753 7082/1081/755 7081/1070/768
f 7086/1059/749 7085/1061/786 7084/1062/750
f 7089/1059/749 7088/1060/766 7087/1061/786
f 7092/1061/787 7091/1060/766 7090/1070/768
f 7095/1061/787 7094/1070/768 7093/1069/788
f 7098/1070/789 7097/1080/785 7096/1069/788
f 7101/1079/774 7100/1069/788 7099/1080/782
f 7104/1079/774 7103/1068/772 7102/1069/788
f 7107/1068/772 7106/1061/787 7105/1069/788
f 7110/1068/772 7109/1066/770 7108/1061/787
f 7113/1077/770 7112/1061/786 7111/1066/770
f 7116/1066/770 7115/1076/770 7114/1077/770
f 7119/1075/770 7118/1076/770 7117/1066/770
f 7122/1075/770 7121/1066/770 7120/1074/770
f 7125/1066/770 7124/1065/770 7123/1074/770
f 7128/1077/770 7127/1062/750 7126/1061/786
f 7131/1046/37 7130/747/37 7129/1050/37
f 7134/1046/37 7133/740/37 7132/747/37
f 7137/1046/37 7136/1049/37 7135/740/37
f 7140/1046/37 7139/1047/37 7138/1049/37
f 7143/1046/37 7142/1048/37 7141/1047/37
f 7146/1175/790 7145/1176/791 7144/1177/792
f 7149/1175/790 7148/1178/793 7147/1176/791
f 7152/1178/794 7151/1175/795 7150/1179/796
f 7155/1178/794 7154/1179/796 7153/1180/419
f 7158/1175/790 7157/1154/797 7156/1163/112
f 7161/1175/798 7160/1177/799 7159/1154/800
f 7164/1157/801 7163/1154/797 7162/1177/799
f 7167/1157/801 7166/1177/799 7165/1181/802
f 7170/1107/639 7169/1168/803 7168/1167/639
f 7173/1107/639 7172/1131/639 7171/1168/804
f 7176/1131/639 7175/1182/805 7174/1168/803
f 7179/1131/639 7178/1128/639 7177/1182/805
f 7182/1125/638 7181/1182/806 7180/1128/639
f 7185/1125/638 7184/1183/807 7183/1182/806
f 7188/1125/638 7187/1176/791 7186/1183/808
f 7191/1184/809 7190/1183/807 7189/1176/810
f 7194/1184/811 7193/1176/810 7192/1178/793
f 7197/1185/812 7196/1184/813 7195/1178/814
f 7200/1185/812 7199/1178/793 7198/1180/421
f 7203/1148/227 7202/1185/812 7201/1180/420
f 7206/1150/229 7205/1148/230 7204/1180/420
f 7209/1150/229 7208/1180/420 7207/1179/815
f 7212/1153/816 7211/1150/229 7210/1179/815
f 7215/1153/817 7214/1179/796 7213/1159/818
f 7218/1163/112 7217/1159/819 7216/1179/796
f 7221/1163/112 7220/1179/796 7219/1175/795
f 7224/1171/820 7223/1168/804 7222/1182/821
f 7227/1171/822 7226/1182/821 7225/1186/823
f 7230/1186/823 7229/1182/824 7228/1183/807
f 7233/1186/825 7232/1183/807 7231/1184/811
f 7236/1187/826 7235/1186/105 7234/1184/813
f 7239/1187/826 7238/1184/813 7237/1185/812
f 7242/1147/228 7241/1187/826 7240/1185/812
f 7245/1148/227 7244/1147/228 7243/1185/827
f 7248/1147/228 7247/1145/186 7246/1187/826
f 7251/1172/828 7250/1145/186 7249/1142/697
f 7254/1172/828 7253/1187/826 7252/1145/186
f 7257/1171/820 7256/1187/829 7255/1172/828
f 7260/1171/820 7259/1186/105 7258/1187/829
f 7263/1125/638 7262/1123/637 7261/1176/791
f 7266/1121/636 7265/1176/791 7264/1123/636
f 7269/1121/636 7268/1177/799 7267/1176/791
f 7272/1119/636 7271/1177/799 7270/1121/636
f 7275/1117/636 7274/1177/799 7273/1119/636
f 7278/1115/636 7277/1177/799 7276/1117/636
f 7281/1115/636 7280/1181/830 7279/1177/799
f 7284/1115/637 7283/1113/637 7282/1181/802
f 7287/1181/830 7286/1113/636 7285/1111/636
f 7290/1181/830 7289/1111/636 7288/1108/636
f 7293/1108/636 7292/1188/636 7291/1181/830
f 7296/1108/636 7295/1099/636 7294/1188/636
f 7299/1099/637 7298/1189/638 7297/1188/637
f 7302/1099/637 7301/1101/638 7300/1189/638
f 7305/1105/639 7304/1189/638 7303/1101/638
f 7308/1105/639 7307/1190/639 7306/1189/638
f 7311/1107/639 7310/1190/639 7309/1105/639
f 7314/1107/639 7313/1167/639 7312/1190/639
f 7317/936/35 7316/937/35 7315/938/35
f 7320/936/35 7319/939/35 7318/937/35
f 7323/940/35 7322/941/35 7321/942/35
f 7326/940/35 7325/938/35 7324/941/35
f 7329/940/35 7328/943/35 7327/938/35
f 7332/737/41 7331/748/41 7330/739/41
f 7335/737/41 7334/730/41 7333/748/41
f 7338/737/41 7337/729/41 7336/730/41
f 7341/737/41 7340/732/41 7339/729/41
f 7344/737/41 7343/735/41 7342/732/41
f 7347/936/831 7346/950/61 7345/951/831
f 7350/936/831 7349/952/61 7348/950/61
f 7353/952/61 7352/953/832 7351/950/61
f 7356/952/61 7355/954/833 7354/953/833
f 7359/955/834 7358/956/834 7357/957/834
f 7362/927/834 7361/956/834 7360/955/834
f 7365/927/835 7364/930/835 7363/956/835
f 7368/956/835 7367/930/835 7366/958/835
f 7371/958/835 7370/930/835 7369/959/835
f 7374/930/834 7373/960/834 7372/959/834
f 7377/930/834 7376/961/836 7375/960/834
f 7380/931/837 7379/961/837 7378/930/834
f 7383/931/837 7382/962/837 7381/961/837
f 7386/963/836 7385/962/836 7384/931/836
f 7389/964/838 7388/965/839 7387/966/838
f 7392/964/840 7391/967/841 7390/965/841
f 7395/967/841 7394/968/842 7393/965/841
f 7398/967/843 7397/969/842 7396/968/842
f 7401/970/844 7400/968/845 7399/969/845
f 7404/970/846 7403/969/842 7402/971/846
f 7407/931/57 7406/928/57 7405/932/57
f 7410/931/57 7409/930/57 7408/928/57
f 7413/929/57 7412/928/57 7411/930/57
f 7416/929/57 7415/930/57 7414/927/57
f 7419/895/847 7418/896/848 7417/897/847
f 7422/895/847 7421/898/848 7420/896/848
f 7425/899/475 7424/896/435 7423/898/435
f 7428/899/475 7427/898/435 7426/900/475
f 7431/900/475 7430/901/443 7429/899/475
f 7434/900/475 7433/902/443 7432/901/443
f 7437/903/849 7436/901/443 7435/902/443
f 7440/903/850 7439/902/443 7438/904/851
f 7443/905/2 7442/906/2 7441/907/2
f 7446/905/2 7445/908/2 7444/906/2
f 7449/909/2 7448/907/2 7447/903/2
f 7452/909/2 7451/910/2 7450/907/2
f 7455/909/2 7454/911/2 7453/910/2
f 7458/1191/35 7457/1192/35 7456/1193/35
f 7461/1194/35 7460/1191/35 7459/1195/35
f 7464/1192/35 7463/1196/35 7462/1197/35
f 7467/1196/35 7466/1198/35 7465/1199/35
f 7470/1200/41 7469/1194/474 7468/1201/57
f 7473/1200/852 7472/1191/41 7471/1194/57
f 7476/1202/5 7475/1191/853 7474/1200/41
f 7479/1202/598 7478/1192/5 7477/1191/41
f 7482/1202/5 7481/1196/854 7480/1192/5
f 7485/1202/5 7484/1203/37 7483/1196/37
f 7488/1204/57 7487/1196/855 7486/1203/37
f 7491/1204/602 7490/1198/57 7489/1196/37
f 7494/1205/41 7493/1206/41 7492/1207/41
f 7497/1208/41 7496/1205/41 7495/1209/41
f 7500/1206/41 7499/1210/41 7498/1211/41
f 7503/1210/41 7502/1212/41 7501/1213/41
f 7506/351/254 7505/356/254 7504/350/254
f 7509/351/254 7508/354/254 7507/356/254
f 7512/354/254 7511/351/254 7510/352/254
f 7515/352/254 7514/351/254 7513/353/254
f 7518/915/856 7517/916/856 7516/917/856
f 7521/917/856 7520/918/857 7519/915/856
f 7524/903/857 7523/907/857 7522/901/857
f 7527/907/857 7526/899/857 7525/901/857
f 7530/907/858 7529/918/857 7528/899/857
f 7533/918/857 7532/896/857 7531/899/857
f 7536/919/856 7535/896/857 7534/918/857
f 7539/917/856 7538/919/856 7537/918/857
f 7542/919/859 7541/897/857 7540/896/857
f 7545/915/5 7544/920/5 7543/921/5
f 7548/915/5 7547/918/5 7546/920/5
f 7551/907/5 7550/920/5 7549/918/5
f 7554/907/5 7553/906/5 7552/920/5
f 7557/363/229 7556/378/229 7555/366/229
f 7560/363/229 7559/377/229 7558/378/229
f 7563/363/229 7562/376/229 7561/377/229
f 7566/363/229 7565/380/229 7564/376/229
f 7569/933/35 7568/915/35 7567/921/35
f 7572/933/35 7571/934/35 7570/915/35
f 7575/934/35 7574/916/35 7573/915/35
f 7578/934/35 7577/935/35 7576/916/35
f 7581/1214/5 7580/1215/5 7579/1216/5
f 7584/1214/5 7583/1217/5 7582/1215/5
f 7587/1218/5 7586/1215/5 7585/1217/5
f 7590/1218/5 7589/1219/5 7588/1215/5
f 7593/1220/5 7592/1219/5 7591/1218/5
f 7596/1218/62 7595/1221/279 7594/1222/62
f 7599/1218/62 7598/1217/279 7597/1221/279
f 7602/1223/63 7601/1221/278 7600/1217/278
f 7605/1223/63 7604/1224/63 7603/1221/278
f 7608/573/41 7607/574/41 7606/575/41
f 7611/576/41 7610/575/41 7609/577/41
f 7614/578/41 7613/579/41 7612/574/41
f 7617/580/41 7616/577/41 7615/581/41
f 7620/582/41 7619/583/41 7618/579/41
f 7623/584/41 7622/581/41 7621/585/41
f 7626/586/41 7625/587/41 7624/583/41
f 7629/588/41 7628/585/41 7627/589/41
f 7632/590/41 7631/495/41 7630/587/41
f 7635/591/41 7634/589/41 7633/592/41
f 7638/593/41 7637/491/41 7636/495/41
f 7641/594/41 7640/492/41 7639/491/41
f 7644/595/37 7643/596/37 7642/597/37
f 7647/598/37 7646/595/37 7645/599/37
f 7650/596/37 7649/600/37 7648/601/37
f 7653/602/37 7652/598/37 7651/603/37
f 7656/600/37 7655/604/37 7654/605/37
f 7659/606/37 7658/602/37 7657/607/37
f 7662/604/37 7661/608/37 7660/609/37
f 7665/610/37 7664/606/37 7663/611/37
f 7668/608/37 7667/494/37 7666/612/37
f 7671/613/37 7670/610/37 7669/614/37
f 7674/494/37 7673/493/37 7672/615/37
f 7677/493/37 7676/490/37 7675/616/37
f 7680/589/603 7679/613/602 7678/592/602
f 7683/589/603 7682/610/603 7681/613/602
f 7686/606/334 7685/610/604 7684/589/604
f 7689/606/334 7688/589/604 7687/585/334
f 7692/581/35 7691/606/601 7690/585/601
f 7695/581/35 7694/602/35 7693/606/601
f 7698/577/114 7697/602/35 7696/581/860
f 7701/577/114 7700/598/114 7699/602/35
f 7704/575/599 7703/598/114 7702/577/114
f 7707/575/599 7706/595/599 7705/598/114
f 7710/574/598 7709/595/458 7708/575/458
f 7713/574/598 7712/596/598 7711/595/458
f 7716/617/2 7715/506/2 7714/505/2
f 7719/618/2 7718/505/2 7717/503/2
f 7722/619/2 7721/508/2 7720/506/2
f 7725/620/2 7724/503/2 7723/500/2
f 7728/621/2 7727/511/2 7726/508/2
f 7731/622/2 7730/512/2 7729/511/2
f 7734/623/35 7733/624/35 7732/625/35
f 7737/623/35 7736/626/35 7735/624/35
f 7740/623/35 7739/627/35 7738/626/35
f 7743/623/35 7742/628/35 7741/627/35
f 7746/623/35 7745/629/35 7744/628/35
f 7749/623/35 7748/630/35 7747/629/35
f 7752/623/35 7751/631/35 7750/630/35
f 7755/1225/57 7754/1226/57 7753/1227/57
f 7758/1225/57 7757/1227/57 7756/1228/57
f 7761/1229/57 7760/1227/57 7759/1230/57
f 7764/1229/57 7763/1231/57 7762/1227/57
f 7767/1232/57 7766/1230/57 7765/1233/57
f 7770/661/2 7769/518/2 7768/520/2
f 7773/661/2 7772/515/2 7771/518/2
f 7776/661/2 7775/516/2 7774/515/2
f 7779/661/2 7778/662/2 7777/516/2
f 7782/661/2 7781/663/2 7780/662/2
f 7785/661/2 7784/664/2 7783/663/2
f 7788/661/2 7787/665/2 7786/664/2
f 7791/1234/57 7790/1235/57 7789/1236/57
f 7794/1234/57 7793/1237/57 7792/1235/57
f 7797/1235/57 7796/1237/57 7795/1238/57
f 7800/1235/57 7799/1238/57 7798/1239/57
f 7803/1240/57 7802/1239/57 7801/1238/57
f 7806/1240/57 7805/1241/57 7804/1239/57
f 7809/722/482 7808/661/861 7807/723/861
f 7812/722/862 7811/665/862 7810/661/861
f 7815/724/485 7814/665/482 7813/722/482
f 7818/724/485 7817/664/485 7816/665/482
f 7821/724/487 7820/663/221 7819/664/487
f 7824/724/863 7823/725/221 7822/663/221
f 7827/726/580 7826/663/864 7825/725/865
f 7830/726/580 7829/662/580 7828/663/221
f 7833/516/323 7832/662/866 7831/726/866
f 7836/516/323 7835/726/580 7834/727/323
f 7839/1242/35 7838/1243/35 7837/1244/35
f 7842/1242/35 7841/1220/35 7840/1243/35
f 7845/1220/35 7844/1245/35 7843/1243/35
f 7848/1220/35 7847/1218/35 7846/1245/35
f 7851/1246/35 7850/1247/35 7849/1236/35
f 7854/1246/35 7853/1248/35 7852/1247/35
f 7857/1249/35 7856/1248/35 7855/1246/35
f 7860/1249/35 7859/1246/35 7858/1250/35
f 7863/1242/35 7862/1249/35 7861/1250/35
f 7866/1242/35 7865/1251/35 7864/1249/35
f 7869/741/35 7868/528/35 7867/527/35
f 7872/742/35 7871/530/35 7870/528/35
f 7875/743/35 7874/527/35 7873/525/35
f 7878/744/35 7877/532/35 7876/530/35
f 7881/745/35 7880/525/35 7879/522/35
f 7884/746/35 7883/535/35 7882/532/35
f 7887/623/2 7886/630/2 7885/631/2
f 7890/623/2 7889/629/2 7888/630/2
f 7893/623/2 7892/628/2 7891/629/2
f 7896/623/2 7895/627/2 7894/628/2
f 7899/623/2 7898/626/2 7897/627/2
f 7902/623/2 7901/624/2 7900/626/2
f 7905/623/2 7904/625/2 7903/624/2
f 7908/1252/867 7907/1242/868 7906/1250/92
f 7911/1252/867 7910/1253/869 7909/1242/869
f 7914/1220/870 7913/1242/869 7912/1253/869
f 7917/1220/870 7916/1253/868 7915/1219/870
f 7920/1215/871 7919/1219/870 7918/1253/868
f 7923/1215/871 7922/1253/868 7921/1254/872
f 7926/1216/873 7925/1215/873 7924/1254/872
f 7929/1216/873 7928/1254/872 7927/1255/874
f 7932/1254/874 7931/1256/299 7930/1255/874
f 7935/1254/874 7934/1257/875 7933/1256/161
f 7938/1257/875 7937/1258/876 7936/1256/877
f 7941/1257/875 7940/1259/878 7939/1258/876
f 7944/1258/876 7943/1259/879 7942/1239/247
f 7947/1260/880 7946/1239/249 7945/1259/879
f 7950/1260/880 7949/1235/248 7948/1239/249
f 7953/1235/248 7952/1260/880 7951/1246/881
f 7956/1235/248 7955/1246/881 7954/1236/882
f 7959/1260/883 7958/1259/878 7957/1257/884
f 7962/1254/872 7961/1253/869 7960/1252/867
f 7965/1254/872 7964/1252/867 7963/1257/875
f 7968/1260/883 7967/1257/875 7966/1252/885
f 7971/1250/92 7970/1260/883 7969/1252/885
f 7974/1250/886 7973/1246/887 7972/1260/883
f 7977/1258/876 7976/1239/247 7975/1241/74
f 7980/661/35 7979/664/35 7978/665/35
f 7983/661/35 7982/663/35 7981/664/35
f 7986/661/35 7985/662/35 7984/663/35
f 7989/661/35 7988/516/35 7987/662/35
f 7992/661/35 7991/515/35 7990/516/35
f 7995/661/35 7994/518/35 7993/515/35
f 7998/661/35 7997/520/35 7996/518/35
f 8001/1261/888 8000/1262/889 7999/1263/889
f 8004/1261/890 8003/1264/891 8002/1262/889
f 8007/1265/892 8006/1266/893 8005/1262/889
f 8010/1265/892 8009/1262/889 8008/1264/891
f 8013/1267/894 8012/1265/892 8011/1264/895
f 8016/1267/894 8015/1264/895 8014/1268/896
f 8019/1268/897 8018/1264/895 8017/1269/898
f 8022/1268/899 8021/1269/900 8020/1270/901
f 8025/1226/902 8024/1263/889 8023/1262/889
f 8028/1226/902 8027/1262/889 8026/1227/902
f 8031/1266/903 8030/1227/902 8029/1262/889
f 8034/1266/903 8033/1230/837 8032/1227/902
f 8037/1266/904 8036/1233/837 8035/1230/837
f 8040/1266/904 8039/1271/904 8038/1233/837
f 8043/1265/892 8042/1271/905 8041/1266/905
f 8046/1265/892 8045/1272/906 8044/1271/905
f 8049/1267/894 8048/1272/907 8047/1265/892
f 8052/1267/908 8051/1273/909 8050/1272/910
f 8055/1267/894 8054/1274/695 8053/1273/909
f 8058/1267/908 8057/1275/911 8056/1274/912
f 8061/1267/894 8060/1276/913 8059/1275/335
f 8064/1267/894 8063/1268/896 8062/1276/278
f 8067/1277/63 8066/1276/278 8065/1268/896
f 8070/1277/63 8069/1268/899 8068/1270/901
f 8073/1258/263 8072/1241/263 8071/1278/263
f 8076/1258/263 8075/1278/263 8074/1279/263
f 8079/1258/263 8078/1279/263 8077/1280/263
f 8082/1258/263 8081/1280/263 8080/1256/263
f 8085/1280/263 8084/1255/263 8083/1256/263
f 8088/1280/263 8087/1281/263 8086/1255/263
f 8091/1255/263 8090/1281/263 8089/1282/263
f 8094/1255/263 8093/1282/263 8092/1216/263
f 8097/1282/263 8096/1214/263 8095/1216/263
f 8100/1282/263 8099/1283/263 8098/1214/263
f 8103/1284/661 8102/1285/661 8101/1286/661
f 8106/1285/661 8105/1284/661 8104/1287/661
f 8109/1287/661 8108/1284/661 8107/1288/661
f 8112/1289/914 8111/1286/661 8110/1290/661
f 8115/1289/914 8114/1284/915 8113/1286/661
f 8118/1291/916 8117/1292/917 8116/1293/918
f 8121/1294/919 8120/1291/916 8119/1293/918
f 8124/1294/919 8123/1293/918 8122/1295/159
f 8127/1294/920 8126/1295/159 8125/1296/158
f 8130/1284/915 8129/1296/158 8128/1295/921
f 8133/1284/922 8132/1297/923 8131/1296/158
f 8136/1297/923 8135/1284/915 8134/1289/914
f 8139/1297/923 8138/1289/914 8137/1298/924
f 8142/1297/923 8141/1298/925 8140/1299/926
f 8145/1297/923 8144/1299/926 8143/1300/927
f 8148/1301/928 8147/1300/927 8146/1299/928
f 8151/1301/928 8150/1302/927 8149/1300/927
f 8154/1302/929 8153/1303/930 8152/1300/929
f 8157/1302/931 8156/1304/932 8155/1303/930
f 8160/1304/933 8159/1305/934 8158/1303/160
f 8163/1304/935 8162/1306/936 8161/1305/934
f 8166/1307/937 8165/1305/934 8164/1306/938
f 8169/1307/939 8168/1308/75 8167/1305/934
f 8172/1294/920 8171/1296/158 8170/1309/940
f 8175/1305/941 8174/1309/940 8173/1296/942
f 8178/1305/941 8177/1296/158 8176/1303/160
f 8181/1296/158 8180/1300/929 8179/1303/943
f 8184/1296/158 8183/1297/923 8182/1300/929
f 8187/1291/944 8186/1310/945 8185/1292/946
f 8190/1311/947 8189/1292/948 8188/1310/949
f 8193/1311/947 8192/1312/950 8191/1292/948
f 8196/1308/75 8195/1309/940 8194/1305/934
f 8199/1308/75 8198/1313/76 8197/1309/940
f 8202/1309/940 8201/1313/76 8200/1314/77
f 8205/1309/940 8204/1314/77 8203/1294/919
f 8208/1294/919 8207/1314/79 8206/1315/245
f 8211/1294/919 8210/1315/245 8209/1291/951
f 8214/1291/951 8213/1315/245 8212/1316/244
f 8217/1291/951 8216/1316/244 8215/1310/952
f 8220/1310/952 8219/1316/243 8218/1317/242
f 8223/1310/952 8222/1317/242 8221/1311/953
f 8226/1318/746 8225/1311/953 8224/1317/242
f 8229/1318/746 8228/1319/954 8227/1311/953
f 8232/1320/955 8231/1311/947 8230/1319/954
f 8235/1320/955 8234/1312/950 8233/1311/947
f 8238/1312/956 8237/1320/957 8236/1321/958
f 8241/1312/956 8240/1321/959 8239/1322/960
f 8244/1323/961 8243/1322/962 8242/1321/958
f 8247/1323/961 8246/1324/961 8245/1322/962
f 8250/1324/961 8249/1325/963 8248/1322/964
f 8253/1324/961 8252/1326/965 8251/1325/965
f 8256/1327/966 8255/1284/922 8254/1295/967
f 8259/1327/966 8258/1295/967 8257/1293/968
f 8262/1327/966 8261/1293/968 8260/1292/946
f 8265/1327/966 8264/1292/946 8263/1328/969
f 8268/1312/970 8267/1328/971 8266/1292/946
f 8271/1312/970 8270/1322/960 8269/1328/971
f 8274/1329/963 8273/1328/972 8272/1322/973
f 8277/1329/963 8276/1330/963 8275/1328/972
f 8280/1330/965 8279/1327/966 8278/1328/971
f 8283/1330/965 8282/1331/661 8281/1327/966
f 8286/1288/661 8285/1327/966 8284/1331/661
f 8289/1288/661 8288/1284/915 8287/1327/966
f 8292/1329/963 8291/1322/963 8290/1332/963
f 8295/1325/963 8294/1332/963 8293/1322/963
f 8298/1325/963 8297/1333/963 8296/1332/963
f 8301/1289/661 8300/1290/661 8299/1334/661
f 8304/1334/661 8303/1335/661 8302/1289/661
f 8307/1334/661 8306/1336/661 8305/1335/661
f 8310/1336/661 8309/1337/965 8308/1335/661
f 8313/1336/661 8312/1338/965 8311/1337/965
f 8316/1339/963 8315/1337/963 8314/1338/963
f 8319/1339/963 8318/1324/963 8317/1337/963
f 8322/1324/963 8321/1339/963 8320/1326/963
f 8325/1340/974 8324/1341/974 8323/1342/974
f 8328/1340/974 8327/1343/974 8326/1341/974
f 8331/1340/974 8330/1344/974 8329/1343/974
f 8334/1342/974 8333/1345/974 8332/1346/975
f 8337/1342/974 8336/1346/975 8335/1340/976
f 8340/1346/977 8339/1347/978 8338/1340/979
f 8343/1346/980 8342/1348/981 8341/1347/982
f 8346/1349/983 8345/1348/984 8344/1346/985
f 8349/1349/983 8348/1350/986 8347/1348/984
f 8352/272/987 8351/1350/986 8350/1349/983
f 8355/272/987 8354/1351/988 8353/1350/986
f 8358/1350/989 8357/1352/990 8356/1348/984
f 8361/1348/981 8360/1352/991 8359/1353/992
f 8364/1348/981 8363/1353/992 8362/1347/993
f 8367/1346/985 8366/1354/656 8365/1349/983
f 8370/1346/985 8369/1345/974 8368/1354/656
f 8373/1355/656 8372/1349/983 8371/1354/656
f 8376/1355/656 8375/272/994 8374/1349/983
f 8379/1356/995 8378/274/656 8377/1357/656
f 8382/1356/995 8381/272/996 8380/274/656
f 8385/1356/995 8384/1358/997 8383/272/996
f 8388/1351/988 8387/272/987 8386/1358/998
f 8391/1351/988 8390/1358/999 8389/1359/1000
f 8394/1360/1001 8393/1351/1002 8392/1359/1003
f 8397/1360/1001 8396/1350/986 8395/1351/1004
f 8400/1360/1001 8399/1361/1005 8398/1350/989
f 8403/1350/989 8402/1361/1006 8401/1352/990
f 8406/1361/1006 8405/1362/307 8404/1352/990
f 8409/1362/307 8408/1353/992 8407/1352/991
f 8412/1362/1007 8411/1363/67 8410/1353/992
f 8415/1353/992 8414/1363/1008 8413/1364/1009
f 8418/1353/992 8417/1364/1010 8416/1365/1011
f 8421/1365/1011 8420/1347/982 8419/1353/992
f 8424/1365/1011 8423/1366/1012 8422/1347/1013
f 8427/1347/982 8426/1366/1012 8425/1367/1014
f 8430/1347/978 8429/1367/1014 8428/1340/976
f 8433/1367/1014 8432/1368/1015 8431/1340/1015
f 8436/1368/1016 8435/1344/974 8434/1340/976
f 8439/1368/1017 8438/1369/1018 8437/1344/1018
f 8442/1356/995 8441/1370/995 8440/1358/1019
f 8445/1367/1014 8444/1371/1020 8443/1368/976
f 8448/1361/1005 8447/1372/1021 8446/1362/307
f 8451/1360/1001 8450/1372/275 8449/1361/1005
f 8454/1360/1001 8453/1373/1022 8452/1372/274
f 8457/1374/1023 8456/1373/587 8455/1360/1024
f 8460/1374/1025 8459/1360/1001 8458/1375/1026
f 8463/1360/1024 8462/1359/1000 8461/1375/1026
f 8466/1376/974 8465/1371/974 8464/1377/974
f 8469/1376/974 8468/1368/974 8467/1371/974
f 8472/1368/974 8471/1376/974 8470/1369/974
f 8475/1378/974 8474/1379/656 8473/1380/656
f 8478/1378/1018 8477/1371/1018 8476/1379/656
f 8481/1356/1027 8480/1357/1027 8479/1381/1027
f 8484/1381/1027 8483/1379/656 8482/1356/1027
f 8487/1381/1027 8486/1380/656 8485/1379/656
f 8490/1371/57 8489/1382/57 8488/1379/57
f 8493/1371/57 8492/1383/57 8491/1382/57
f 8496/1384/57 8495/1370/57 8494/1356/57
f 8499/1379/57 8498/1384/57 8497/1356/57
f 8502/1379/57 8501/1385/57 8500/1384/57
f 8505/1386/57 8504/1371/57 8503/1387/57
f 8508/1386/57 8507/1388/57 8506/1371/57
f 8511/1371/57 8510/1388/57 8509/1389/57
f 8514/1371/57 8513/1389/57 8512/1368/57
f 8517/1389/57 8516/1371/57 8515/1368/57
f 8520/1389/57 8519/1388/57 8518/1371/57
f 8523/1390/57 8522/1391/57 8521/1387/57
f 8526/1390/57 8525/1384/57 8524/1391/57
f 8529/1392/1028 8528/1302/1028 8527/1301/1028
f 8532/1392/1028 8531/1393/1028 8530/1302/1028
f 8535/1394/90 8534/1288/90 8533/1395/90
f 8538/1394/90 8537/1287/90 8536/1288/90
f 8541/1285/1029 8540/1287/657 8539/1396/657
f 8544/1285/1029 8543/1396/657 8542/1397/1029
f 8547/1397/1030 8546/1286/221 8545/1285/1030
f 8550/1397/1030 8549/1398/221 8548/1286/221
f 8553/1286/221 8552/1398/221 8551/1399/1031
f 8556/1286/221 8555/1399/1032 8554/1290/1033
f 8559/1290/1034 8558/1399/1034 8557/1400/1035
f 8562/1290/1034 8561/1400/1036 8560/1334/1035
f 8565/1334/1037 8564/1400/1037 8563/1401/659
f 8568/1334/1035 8567/1401/658 8566/1336/658
f 8571/1336/658 8570/1401/658 8569/1402/658
f 8574/1336/659 8573/1402/659 8572/1338/659
f 8577/1338/658 8576/1402/658 8575/1403/1038
f 8580/1338/659 8579/1403/1038 8578/1339/1038
f 8583/1403/1039 8582/1326/1040 8581/1339/1039
f 8586/1403/1039 8585/1404/1040 8584/1326/1040
f 8589/1404/1040 8588/1325/1041 8587/1326/1042
f 8592/1404/1043 8591/1405/1044 8590/1325/1044
f 8595/1325/1045 8594/1405/1045 8593/1406/1046
f 8598/1325/1045 8597/1406/1047 8596/1333/1047
f 8601/1333/1048 8600/1406/1048 8599/1407/660
f 8604/1333/1048 8603/1407/660 8602/1332/660
f 8607/895/1049 8606/896/578 8605/897/1049
f 8610/895/1049 8609/898/578 8608/896/578
f 8613/899/330 8612/896/1050 8611/898/1050
f 8616/899/330 8615/898/1050 8614/900/330
f 8619/900/330 8618/901/609 8617/899/330
f 8622/900/330 8621/902/609 8620/901/609
f 8625/903/1051 8624/901/609 8623/902/609
f 8628/903/554 8627/902/609 8626/904/554
f 8631/905/37 8630/906/37 8629/907/37
f 8634/905/37 8633/908/37 8632/906/37
f 8637/909/37 8636/907/37 8635/903/37
f 8640/909/37 8639/910/37 8638/907/37
f 8643/909/37 8642/911/37 8641/910/37
f 8646/515/424 8645/514/5 8644/516/5
f 8649/515/424 8648/517/424 8647/514/5
f 8652/517/424 8651/515/424 8650/518/422
f 8655/517/424 8654/518/408 8653/519/408
f 8658/520/41 8657/519/422 8656/518/422
f 8661/520/41 8660/521/41 8659/519/422
f 8664/726/580 8663/516/323 8662/727/323
f 8667/726/580 8666/662/580 8665/516/323
f 8670/726/580 8669/663/1052 8668/662/580
f 8673/726/580 8672/725/864 8671/663/864
f 8676/724/487 8675/663/1053 8674/725/1053
f 8679/724/487 8678/664/487 8677/663/221
f 8682/724/485 8681/665/482 8680/664/485
f 8685/724/485 8684/722/484 8683/665/484
f 8688/722/862 8687/661/861 8686/665/862
f 8691/722/482 8690/723/861 8689/661/861
f 8694/915/961 8693/916/961 8692/917/961
f 8697/917/961 8696/918/1054 8695/915/961
f 8700/903/1054 8699/907/1054 8698/901/1054
f 8703/907/1054 8702/899/1054 8701/901/1054
f 8706/907/1055 8705/918/1054 8704/899/1054
f 8709/918/1054 8708/896/1054 8707/899/1054
f 8712/919/1056 8711/896/1054 8710/918/1054
f 8715/917/961 8714/919/961 8713/918/1054
f 8718/919/961 8717/897/1054 8716/896/1054
f 8721/915/5 8720/920/5 8719/921/5
f 8724/915/5 8723/918/5 8722/920/5
f 8727/907/5 8726/920/5 8725/918/5
f 8730/907/5 8729/906/5 8728/920/5
f 8733/754/2 8732/755/2 8731/756/2
f 8736/754/2 8735/757/2 8734/755/2
f 8739/754/2 8738/758/2 8737/757/2
f 8742/754/2 8741/759/2 8740/758/2
f 8745/754/2 8744/760/2 8743/759/2
f 8748/539/2 8747/759/2 8746/760/2
f 8751/539/2 8750/760/2 8749/537/2
f 8754/927/57 8753/928/57 8752/929/57
f 8757/927/57 8756/930/57 8755/928/57
f 8760/931/57 8759/928/57 8758/930/57
f 8763/931/57 8762/932/57 8761/928/57
f 8766/933/41 8765/915/41 8764/921/41
f 8769/933/41 8768/934/41 8767/915/41
f 8772/934/41 8771/916/41 8770/915/41
f 8775/934/41 8774/935/41 8773/916/41
f 8778/936/41 8777/937/41 8776/938/41
f 8781/936/41 8780/939/41 8779/937/41
f 8784/940/41 8783/941/41 8782/942/41
f 8787/940/41 8786/938/41 8785/941/41
f 8790/940/41 8789/943/41 8788/938/41
f 8793/557/483 8792/554/483 8791/553/482
f 8796/557/483 8795/553/482 8794/558/482
f 8799/558/482 8798/553/482 8797/552/485
f 8802/558/482 8801/552/485 8800/559/485
f 8805/552/487 8804/560/221 8803/559/487
f 8808/552/487 8807/551/221 8806/560/221
f 8811/561/224 8810/560/221 8809/551/221
f 8814/561/224 8813/551/864 8812/550/224
f 8817/562/490 8816/561/223 8815/550/223
f 8820/562/490 8819/550/223 8818/556/490
f 8823/936/231 8822/950/183 8821/951/231
f 8826/936/231 8825/952/183 8824/950/183
f 8829/952/183 8828/953/1057 8827/950/183
f 8832/952/183 8831/954/1057 8830/953/1057
f 8835/955/1058 8834/956/1058 8833/957/1058
f 8838/927/1058 8837/956/1058 8836/955/1058
f 8841/927/1059 8840/930/1059 8839/956/1059
f 8844/956/1059 8843/930/1059 8842/958/1059
f 8847/958/1059 8846/930/1059 8845/959/1059
f 8850/930/1058 8849/960/1058 8848/959/1058
f 8853/930/1058 8852/961/1060 8851/960/1058
f 8856/931/1061 8855/961/1062 8854/930/1058
f 8859/931/1063 8858/962/1063 8857/961/1064
f 8862/963/1060 8861/962/1063 8860/931/1063
f 8865/964/1065 8864/965/1066 8863/966/1065
f 8868/964/1065 8867/967/1067 8866/965/1067
f 8871/967/1067 8870/968/1068 8869/965/1067
f 8874/967/1069 8873/969/1068 8872/968/1068
f 8877/970/1070 8876/968/1071 8875/969/1071
f 8880/970/1070 8879/969/1068 8878/971/1070
f 8883/931/57 8882/928/57 8881/932/57
f 8886/931/57 8885/930/57 8884/928/57
f 8889/929/57 8888/928/57 8887/930/57
f 8892/929/57 8891/930/57 8890/927/57
f 8895/972/262 8894/973/261 8893/974/262
f 8898/972/262 8897/975/261 8896/973/261
f 8901/976/701 8900/977/89 8899/978/701
f 8904/976/701 8903/979/89 8902/977/89
f 8907/979/91 8906/975/261 8905/977/91
f 8910/979/91 8909/980/261 8908/975/261
f 8913/981/236 8912/982/491 8911/983/236
f 8916/981/236 8915/984/491 8914/982/491
f 8919/984/1072 8918/985/1073 8917/982/1072
f 8922/984/1072 8921/986/1073 8920/985/1073
f 8925/986/481 8924/987/76 8923/985/481
f 8928/986/481 8927/988/76 8926/987/76
f 8931/988/76 8930/989/242 8929/987/76
f 8934/988/76 8933/990/242 8932/989/242
f 8937/990/242 8936/991/254 8935/989/242
f 8940/990/242 8939/992/254 8938/991/254
f 8943/992/1074 8942/993/1075 8941/991/1074
f 8946/992/1074 8945/994/1075 8944/993/1075
f 8949/994/757 8948/995/90 8947/993/757
f 8952/994/757 8951/996/90 8950/995/90
f 8955/996/1076 8954/997/260 8953/995/1076
f 8958/996/1076 8957/972/260 8956/997/260
f 8961/998/691 8960/999/691 8959/1000/188
f 8964/998/691 8963/1000/188 8962/1001/188
f 8967/1002/238 8966/1001/189 8965/1000/189
f 8970/1002/238 8969/1000/189 8968/1003/238
f 8973/1003/238 8972/1004/237 8971/1002/238
f 8976/1003/238 8975/981/237 8974/1004/237
f 8979/549/5 8978/562/5 8977/556/5
f 8982/549/5 8981/761/5 8980/562/5
f 8985/543/5 8984/761/5 8983/549/5
f 8988/543/5 8987/762/5 8986/761/5
f 8991/763/5 8990/762/5 8989/543/5
f 8994/763/5 8993/543/5 8992/545/5
f 8997/976/65 8996/999/65 8995/998/65
f 9000/976/65 8999/978/65 8998/999/65
f 9003/1020/35 9002/1021/35 9001/1022/35
f 9006/1020/35 9005/1023/35 9004/1021/35
f 9009/1024/35 9008/1021/35 9007/1023/35
f 9012/1024/35 9011/1025/35 9010/1021/35
f 9015/1024/35 9014/1026/35 9013/1025/35
f 9018/1024/35 9017/1027/35 9016/1026/35
f 9021/1028/35 9020/1029/35 9019/1030/35
f 9024/1028/35 9023/1031/35 9022/1029/35
f 9027/1026/35 9026/1031/35 9025/1028/35
f 9030/1026/35 9029/1032/35 9028/1031/35
f 9033/1033/57 9032/1034/57 9031/1035/57
f 9036/1033/57 9035/1036/57 9034/1034/57
f 9039/1037/57 9038/1038/57 9037/1036/57
f 9042/1039/57 9041/1040/57 9040/1034/57
f 9045/1039/57 9044/1034/57 9043/1041/57
f 9048/1042/57 9047/1039/57 9046/1041/57
f 9051/1042/57 9050/1041/57 9049/1043/57
f 9054/1044/57 9053/1042/57 9052/1043/57
f 9057/1044/57 9056/1045/57 9055/1042/57
f 9060/539/35 9059/537/35 9058/760/35
f 9063/539/35 9062/760/35 9061/759/35
f 9066/754/35 9065/759/35 9064/760/35
f 9069/754/35 9068/758/35 9067/759/35
f 9072/754/35 9071/757/35 9070/758/35
f 9075/754/35 9074/755/35 9073/757/35
f 9078/754/35 9077/756/35 9076/755/35
f 9081/1051/1077 9080/1041/1078 9079/1052/1078
f 9084/1051/1077 9083/1043/1077 9082/1041/1078
f 9087/1041/1078 9086/1053/1079 9085/1052/1078
f 9090/1041/1078 9089/1034/1079 9088/1053/1079
f 9093/1054/1077 9092/1043/1077 9091/1051/1077
f 9096/1054/1077 9095/1044/1077 9094/1043/1077
f 9099/1054/1077 9098/1055/1080 9097/1044/1077
f 9102/1054/1077 9101/1056/1077 9100/1055/1081
f 9105/1056/1077 9104/1057/1081 9103/1055/1081
f 9108/1056/1077 9107/1058/1077 9106/1057/1080
f 9111/1059/1078 9110/1057/1081 9109/1058/1077
f 9114/1085/1082 9113/1084/189 9112/1082/1083
f 9117/1083/1084 9116/1082/1085 9115/1084/1086
f 9120/1083/1087 9119/1073/1088 9118/1082/1085
f 9123/1073/1088 9122/1071/1089 9121/1082/1085
f 9126/1073/1088 9125/1072/1090 9124/1071/1089
f 9129/1071/1091 9128/1072/1092 9127/1055/1081
f 9132/1071/1093 9131/1055/1081 9130/1057/1081
f 9135/1071/1094 9134/1057/1081 9133/1060/1095
f 9138/1059/1078 9137/1060/1096 9136/1057/1081
f 9141/1071/1094 9140/1060/1096 9139/1070/1097
f 9144/1081/1098 9143/1082/1085 9142/1071/1089
f 9147/1081/1098 9146/1071/1094 9145/1070/1099
f 9150/1080/1100 9149/1081/1101 9148/1070/1099
f 9153/1080/1100 9152/1070/1102 9151/1069/1103
f 9156/1070/1097 9155/1061/1104 9154/1069/1103
f 9159/1070/1097 9158/1060/1095 9157/1061/1105
f 9162/1061/1105 9161/1060/1095 9160/1059/1078
f 9165/1061/1105 9164/1059/1078 9163/1062/1079
f 9168/1061/1105 9167/1062/1079 9166/1077/1106
f 9171/1063/1106 9170/1053/1079 9169/1034/1079
f 9174/1063/1106 9173/1034/1079 9172/1036/1106
f 9177/1064/1106 9176/1063/1106 9175/1036/1106
f 9180/1065/1106 9179/1064/1106 9178/1036/1106
f 9183/1065/1106 9182/1036/1106 9181/1066/1106
f 9186/1065/1106 9185/1066/1106 9184/1074/1106
f 9189/1075/1106 9188/1074/1106 9187/1066/1106
f 9192/1075/1106 9191/1066/1106 9190/1076/1106
f 9195/1066/1106 9194/1077/1106 9193/1076/1106
f 9198/1061/1105 9197/1077/1106 9196/1066/1106
f 9201/1068/1107 9200/1061/1104 9199/1066/1106
f 9204/1068/1107 9203/1069/1103 9202/1061/1104
f 9207/1079/1108 9206/1069/1103 9205/1068/1107
f 9210/1079/1108 9209/1080/1109 9208/1069/1103
f 9213/1079/1108 9212/1086/237 9211/1080/1109
f 9216/1086/237 9215/1081/1101 9214/1080/1100
f 9219/1086/1110 9218/1085/238 9217/1081/1101
f 9222/1085/238 9221/1082/1085 9220/1081/1098
f 9225/1079/1108 9224/1087/1111 9223/1086/236
f 9228/1088/1072 9227/1087/235 9226/1079/1112
f 9231/1088/1113 9230/1079/1108 9229/1089/1114
f 9234/1079/1112 9233/1078/1115 9232/1089/1114
f 9237/1079/1108 9236/1068/1107 9235/1078/1116
f 9240/1068/1107 9239/1067/1117 9238/1078/1116
f 9243/1068/1107 9242/1066/1118 9241/1067/1117
f 9246/1066/1106 9245/1038/1117 9244/1067/1117
f 9249/1066/1106 9248/1036/1106 9247/1038/1117
f 9252/543/5 9251/763/5 9250/545/5
f 9255/543/5 9254/762/5 9253/763/5
f 9258/543/5 9257/761/5 9256/762/5
f 9261/543/5 9260/549/5 9259/761/5
f 9264/549/5 9263/562/5 9262/761/5
f 9267/549/5 9266/556/5 9265/562/5
f 9270/1090/5 9269/1091/5 9268/1092/5
f 9273/1090/5 9272/1093/5 9271/1091/5
f 9276/1094/5 9275/1091/5 9274/1093/5
f 9279/1094/5 9278/1095/5 9277/1091/5
f 9282/1096/5 9281/1095/5 9280/1094/5
f 9285/1096/5 9284/1097/5 9283/1095/5
f 9288/1030/5 9287/1097/5 9286/1096/5
f 9291/1030/5 9290/1096/5 9289/1098/5
f 9294/1028/5 9293/1030/5 9292/1098/5
f 9297/555/2 9296/549/2 9295/548/2
f 9300/555/2 9299/556/2 9298/549/2
f 9303/550/2 9302/556/2 9301/555/2
f 9306/550/2 9305/555/2 9304/554/2
f 9309/550/2 9308/554/2 9307/553/2
f 9312/550/2 9311/553/2 9310/552/2
f 9315/550/2 9314/552/2 9313/551/2
f 9318/764/41 9317/765/41 9316/766/41
f 9321/764/41 9320/767/41 9319/765/41
f 9324/767/41 9323/764/41 9322/768/41
f 9327/767/41 9326/768/41 9325/769/41
f 9330/768/41 9329/770/41 9328/769/41
f 9333/768/41 9332/771/41 9331/770/41
f 9336/1408/1119 9335/1409/701 9334/1410/89
f 9339/1408/1119 9338/1410/89 9337/1411/1120
f 9342/1412/1121 9341/1408/1119 9340/1411/1122
f 9345/1412/1121 9344/1411/1122 9343/1413/25
f 9348/1414/1123 9347/1412/1124 9346/1413/1125
f 9351/1414/1123 9350/1415/1126 9349/1412/1121
f 9354/1411/1120 9353/1410/91 9352/1416/261
f 9357/978/1127 9356/1093/1127 9355/1090/1127
f 9360/978/1127 9359/1090/1127 9358/1415/1126
f 9363/978/1127 9362/1415/1128 9361/999/1127
f 9366/1414/1129 9365/999/1127 9364/1415/1130
f 9369/1414/1129 9368/1000/1127 9367/999/1127
f 9372/1414/1131 9371/1003/1132 9370/1000/1127
f 9375/1414/1131 9374/1417/1133 9373/1003/1132
f 9378/1417/1133 9377/1414/1134 9376/1413/1135
f 9381/1417/1133 9380/1413/1135 9379/1418/1136
f 9384/1411/1120 9383/1418/1137 9382/1413/25
f 9387/1411/1120 9386/1419/1138 9385/1418/1137
f 9390/1411/1120 9389/1416/261 9388/1419/1138
f 9393/1419/1139 9392/1416/261 9391/1420/262
f 9396/1419/1140 9395/1420/262 9394/1421/517
f 9399/1421/518 9398/1420/260 9397/1422/259
f 9402/1421/518 9401/1422/259 9400/1423/1141
f 9405/1022/692 9404/1423/1141 9403/1422/259
f 9408/1022/692 9407/1021/1142 9406/1423/1141
f 9411/1424/1143 9410/1417/1144 9409/1418/1145
f 9414/1424/1143 9413/1418/1145 9412/1425/1146
f 9417/1419/1138 9416/1425/1147 9415/1418/1137
f 9420/1419/1138 9419/1421/517 9418/1425/1148
f 9423/1425/1148 9422/1421/520 9421/1423/1149
f 9426/1425/1148 9425/1423/1149 9424/1426/1150
f 9429/1426/1150 9428/1424/1151 9427/1425/1146
f 9432/1426/1150 9431/1427/1152 9430/1424/1151
f 9435/1423/1149 9434/1021/1153 9433/1025/1154
f 9438/1423/1149 9437/1025/1154 9436/1426/1155
f 9441/1026/1156 9440/1426/1157 9439/1025/1158
f 9444/1026/1159 9443/1427/1160 9442/1426/1157
f 9447/1028/1161 9446/1427/1160 9445/1026/1156
f 9450/1028/1161 9449/1098/1162 9448/1427/1160
f 9453/1003/1132 9452/1417/1144 9451/1424/1151
f 9456/1003/1163 9455/1424/1143 9454/981/1164
f 9459/984/1165 9458/981/1165 9457/1424/1151
f 9462/984/1165 9461/1424/1151 9460/1427/1160
f 9465/986/1165 9464/984/1165 9463/1427/1160
f 9468/988/1165 9467/986/1165 9466/1427/1160
f 9471/990/1165 9470/988/1165 9469/1427/1160
f 9474/990/1165 9473/1427/1160 9472/1098/1166
f 9477/990/1164 9476/1098/1162 9475/992/1164
f 9480/1098/1166 9479/994/1164 9478/992/1164
f 9483/1098/1162 9482/996/1165 9481/994/1165
f 9486/1096/1165 9485/996/1165 9484/1098/1166
f 9489/1096/1165 9488/972/1165 9487/996/1165
f 9492/972/1164 9491/1096/1164 9490/1094/1132
f 9495/972/1164 9494/1094/1132 9493/975/1132
f 9498/1094/1132 9497/977/1127 9496/975/1132
f 9501/1094/1132 9500/1093/1127 9499/977/1127
f 9504/978/1127 9503/977/1127 9502/1093/1127
f 9507/772/187 9506/642/41 9505/773/41
f 9510/772/592 9509/640/187 9508/642/41
f 9513/774/65 9512/640/187 9511/772/187
f 9516/774/65 9515/644/65 9514/640/187
f 9519/563/37 9518/644/65 9517/774/605
f 9522/563/37 9521/774/65 9520/775/37
f 9525/1099/264 9524/1100/263 9523/1101/263
f 9528/1099/264 9527/1102/264 9526/1100/263
f 9531/1103/87 9530/1101/263 9529/1104/263
f 9534/1103/87 9533/1105/87 9532/1101/263
f 9537/1106/757 9536/1105/87 9535/1103/87
f 9540/1106/757 9539/1107/757 9538/1105/87
f 9543/1108/86 9542/1109/255 9541/1099/255
f 9546/1108/86 9545/1110/86 9544/1109/255
f 9549/1111/701 9548/1110/86 9547/1108/86
f 9552/1111/701 9551/1112/701 9550/1110/86
f 9555/1113/1167 9554/1112/1168 9553/1111/1168
f 9558/1113/259 9557/1114/259 9556/1112/1168
f 9561/1115/335 9560/1114/259 9559/1113/259
f 9564/1115/335 9563/1116/335 9562/1114/259
f 9567/1117/65 9566/1116/335 9565/1115/335
f 9570/1117/65 9569/1118/65 9568/1116/335
f 9573/1119/1023 9572/1118/65 9571/1117/65
f 9576/1119/1023 9575/1120/1023 9574/1118/65
f 9579/1121/183 9578/1120/1169 9577/1119/1169
f 9582/1121/183 9581/1122/183 9580/1120/1169
f 9585/1123/230 9584/1122/1170 9583/1121/1170
f 9588/1123/230 9587/1124/230 9586/1122/1170
f 9591/1125/228 9590/1126/227 9589/1123/227
f 9594/1125/228 9593/1127/228 9592/1126/227
f 9597/1127/228 9596/1125/228 9595/1128/186
f 9600/1127/228 9599/1128/186 9598/1129/186
f 9603/1128/186 9602/1130/699 9601/1129/186
f 9606/1128/186 9605/1131/698 9604/1130/698
f 9609/1131/76 9608/1106/76 9607/1130/76
f 9612/1131/76 9611/1107/76 9610/1106/76
f 9615/1033/57 9614/1034/57 9613/1036/57
f 9618/1033/57 9617/1035/57 9616/1034/57
f 9621/1037/57 9620/1036/57 9619/1038/57
f 9624/1044/57 9623/1042/57 9622/1045/57
f 9627/1044/57 9626/1043/57 9625/1042/57
f 9630/1041/57 9629/1042/57 9628/1043/57
f 9633/1041/57 9632/1039/57 9631/1042/57
f 9636/1034/57 9635/1039/57 9634/1041/57
f 9639/1034/57 9638/1040/57 9637/1039/57
f 9642/1132/697 9641/1133/186 9640/1134/697
f 9645/1132/697 9644/1135/186 9643/1133/186
f 9648/1136/228 9647/1133/186 9646/1135/186
f 9651/1136/228 9650/1135/186 9649/1137/228
f 9654/1136/228 9653/1137/228 9652/1138/227
f 9657/1136/228 9656/1138/227 9655/1139/227
f 9660/1140/184 9659/1139/227 9658/1138/227
f 9663/1140/184 9662/1138/230 9661/1141/184
f 9666/1142/57 9665/1143/57 9664/1144/57
f 9669/1142/57 9668/1145/57 9667/1143/57
f 9672/1145/57 9671/1146/57 9670/1143/57
f 9675/1145/57 9674/1147/57 9673/1146/57
f 9678/1148/57 9677/1146/57 9676/1147/57
f 9681/1148/57 9680/1149/57 9679/1146/57
f 9684/1150/57 9683/1149/57 9682/1148/57
f 9687/1150/57 9686/1151/57 9685/1149/57
f 9690/1152/57 9689/1151/57 9688/1150/57
f 9693/1152/57 9692/1150/57 9691/1153/57
f 9696/1154/41 9695/1155/41 9694/1156/41
f 9699/1154/41 9698/1157/41 9697/1155/41
f 9702/1157/41 9701/1158/41 9700/1155/41
f 9705/1157/41 9704/1140/41 9703/1158/41
f 9708/1159/41 9707/1160/41 9706/1153/41
f 9711/1159/41 9710/1161/41 9709/1160/41
f 9714/1162/41 9713/1161/41 9712/1159/41
f 9717/1162/41 9716/1159/41 9715/1163/41
f 9720/1162/41 9719/1163/41 9718/1154/41
f 9723/1162/41 9722/1154/41 9721/1164/41
f 9726/1165/65 9725/1166/65 9724/1134/65
f 9729/1165/65 9728/1134/65 9727/1167/65
f 9732/1165/65 9731/1167/65 9730/1168/65
f 9735/1165/65 9734/1168/65 9733/1169/65
f 9738/1170/65 9737/1169/65 9736/1168/65
f 9741/1170/65 9740/1168/65 9739/1171/65
f 9744/1172/65 9743/1170/65 9742/1171/65
f 9747/1172/65 9746/1173/65 9745/1170/65
f 9750/1172/65 9749/1174/65 9748/1173/65
f 9753/1172/65 9752/1142/65 9751/1174/65
f 9756/1051/1171 9755/1052/1172 9754/1041/1172
f 9759/1051/1171 9758/1041/1172 9757/1043/1171
f 9762/1053/1173 9761/1041/1172 9760/1052/1172
f 9765/1053/1173 9764/1034/1173 9763/1041/1172
f 9768/1054/1171 9767/1055/1174 9766/1056/1171
f 9771/1054/1171 9770/1044/1171 9769/1055/1175
f 9774/1054/1171 9773/1043/1171 9772/1044/1171
f 9777/1054/1171 9776/1051/1171 9775/1043/1171
f 9780/1071/1176 9779/1082/1177 9778/1081/1178
f 9783/1082/1177 9782/1085/228 9781/1081/1178
f 9786/1082/1177 9785/1084/1179 9784/1085/228
f 9789/1083/1180 9788/1084/186 9787/1082/1181
f 9792/1083/1182 9791/1082/1177 9790/1073/1183
f 9795/1071/1176 9794/1073/1184 9793/1082/1177
f 9798/1071/1176 9797/1072/1185 9796/1073/1184
f 9801/1055/1174 9800/1072/1186 9799/1071/1176
f 9804/1055/1174 9803/1071/1187 9802/1057/1174
f 9807/1056/1171 9806/1055/1174 9805/1057/1174
f 9810/1056/1171 9809/1057/1175 9808/1058/1171
f 9813/1081/1188 9812/1085/1189 9811/1086/227
f 9816/1060/1190 9815/1071/1191 9814/1070/1192
f 9819/1060/1190 9818/1057/1174 9817/1071/1191
f 9822/1059/1172 9821/1057/1174 9820/1060/1193
f 9825/1059/1172 9824/1058/1171 9823/1057/1174
f 9828/1063/1194 9827/1034/1173 9826/1053/1173
f 9831/1063/1194 9830/1036/1194 9829/1034/1173
f 9834/1064/1194 9833/1036/1194 9832/1063/1194
f 9837/1065/1194 9836/1036/1194 9835/1064/1194
f 9840/1066/1194 9839/1036/1194 9838/1065/1194
f 9843/1066/1194 9842/1038/1062 9841/1036/1194
f 9846/1066/1194 9845/1067/1063 9844/1038/1062
f 9849/1067/1061 9848/1066/1195 9847/1068/1196
f 9852/1067/1061 9851/1068/1196 9850/1078/1197
f 9855/1078/1197 9854/1068/1196 9853/1079/1198
f 9858/1078/1199 9857/1079/1200 9856/1089/1201
f 9861/1079/1198 9860/1088/1202 9859/1089/1201
f 9864/1079/1200 9863/1087/1203 9862/1088/1204
f 9867/1079/1198 9866/1086/1205 9865/1087/229
f 9870/1079/1198 9869/1080/1206 9868/1086/230
f 9873/1081/1207 9872/1086/227 9871/1080/1206
f 9876/1070/1208 9875/1081/1188 9874/1080/1209
f 9879/1071/1176 9878/1081/1178 9877/1070/1192
f 9882/1059/1172 9881/1061/1210 9880/1062/1173
f 9885/1059/1172 9884/1060/1190 9883/1061/1210
f 9888/1061/1211 9887/1060/1190 9886/1070/1192
f 9891/1061/1211 9890/1070/1192 9889/1069/1212
f 9894/1070/1213 9893/1080/1209 9892/1069/1212
f 9897/1079/1198 9896/1069/1212 9895/1080/1206
f 9900/1079/1198 9899/1068/1196 9898/1069/1212
f 9903/1068/1196 9902/1061/1211 9901/1069/1212
f 9906/1068/1196 9905/1066/1194 9904/1061/1211
f 9909/1077/1194 9908/1061/1210 9907/1066/1194
f 9912/1066/1194 9911/1076/1194 9910/1077/1194
f 9915/1075/1194 9914/1076/1194 9913/1066/1194
f 9918/1075/1194 9917/1066/1194 9916/1074/1194
f 9921/1066/1194 9920/1065/1194 9919/1074/1194
f 9924/1077/1194 9923/1062/1173 9922/1061/1210
f 9927/768/41 9926/770/41 9925/771/41
f 9930/768/41 9929/769/41 9928/770/41
f 9933/768/41 9932/767/41 9931/769/41
f 9936/768/41 9935/764/41 9934/767/41
f 9939/764/41 9938/765/41 9937/767/41
f 9942/764/41 9941/766/41 9940/765/41
f 9945/895/1214 9944/896/460 9943/897/1214
f 9948/895/1214 9947/898/460 9946/896/460
f 9951/899/603 9950/896/1215 9949/898/1215
f 9954/899/603 9953/898/1215 9952/900/603
f 9957/900/603 9956/901/1216 9955/899/603
f 9960/900/603 9959/902/1216 9958/901/1216
f 9963/903/1217 9962/901/1216 9961/902/1216
f 9966/903/428 9965/902/1216 9964/904/429
f 9969/905/35 9968/906/35 9967/907/35
f 9972/905/35 9971/908/35 9970/906/35
f 9975/909/35 9974/907/35 9973/903/35
f 9978/909/35 9977/910/35 9976/907/35
f 9981/909/35 9980/911/35 9979/910/35
f 9984/563/37 9983/775/37 9982/774/88
f 9987/563/37 9986/774/606 9985/644/88
f 9990/774/88 9989/640/76 9988/644/88
f 9993/774/88 9992/772/76 9991/640/76
f 9996/772/76 9995/642/41 9994/640/76
f 9999/772/76 9998/773/41 9997/642/41
f 10002/915/1161 10001/916/1161 10000/917/1161
f 10005/917/1161 10004/918/1218 10003/915/1161
f 10008/903/1218 10007/907/1218 10006/901/1218
f 10011/907/1218 10010/899/1218 10009/901/1218
f 10014/907/1219 10013/918/1218 10012/899/1218
f 10017/918/1218 10016/896/1218 10015/899/1218
f 10020/919/1161 10019/896/1218 10018/918/1218
f 10023/917/1161 10022/919/1161 10021/918/1218
f 10026/919/1220 10025/897/1218 10024/896/1218
f 10029/915/5 10028/920/5 10027/921/5
f 10032/915/5 10031/918/5 10030/920/5
f 10035/907/5 10034/920/5 10033/918/5
f 10038/907/5 10037/906/5 10036/920/5
f 10041/568/2 10040/567/2 10039/569/2
f 10044/568/2 10043/570/2 10042/567/2
f 10047/568/2 10046/571/2 10045/570/2
f 10050/568/2 10049/572/2 10048/571/2
f 10053/933/2 10052/915/2 10051/921/2
f 10056/933/2 10055/934/2 10054/915/2
f 10059/934/2 10058/916/2 10057/915/2
f 10062/934/2 10061/935/2 10060/916/2
f 10065/1428/5 10064/1429/5 10063/1430/5
f 10068/1428/5 10067/1431/5 10066/1429/5
f 10071/1432/5 10070/1429/5 10069/1431/5
f 10074/1432/5 10073/1433/5 10072/1429/5
f 10077/1434/5 10076/1433/5 10075/1432/5
f 10080/1432/73 10079/1435/249 10078/1436/73
f 10083/1432/73 10082/1431/249 10081/1435/249
f 10086/1437/74 10085/1435/247 10084/1431/247
f 10089/1437/74 10088/1438/74 10087/1435/247
f 10092/788/2 10091/789/2 10090/790/2
f 10095/788/2 10094/791/2 10093/789/2
f 10098/788/2 10097/792/2 10096/791/2
f 10101/788/2 10100/793/2 10099/792/2
f 10104/788/2 10103/794/2 10102/793/2
f 10107/1225/57 10106/1226/57 10105/1227/57
f 10110/1225/57 10109/1227/57 10108/1228/57
f 10113/1229/57 10112/1227/57 10111/1230/57
f 10116/1229/57 10115/1231/57 10114/1227/57
f 10119/1232/57 10118/1230/57 10117/1233/57
f 10122/847/35 10121/848/35 10120/849/35
f 10125/847/35 10124/850/35 10123/848/35
f 10128/847/35 10127/851/35 10126/850/35
f 10131/847/35 10130/852/35 10129/851/35
f 10134/847/35 10133/853/35 10132/852/35
f 10137/1439/57 10136/1440/57 10135/1441/57
f 10140/1439/57 10139/1442/57 10138/1440/57
f 10143/1440/57 10142/1442/57 10141/1443/57
f 10146/1440/57 10145/1443/57 10144/1444/57
f 10149/1445/57 10148/1444/57 10147/1443/57
f 10152/1445/57 10151/1446/57 10150/1444/57
f 10155/868/1221 10154/849/1222 10153/869/1222
f 10158/868/1221 10157/847/1221 10156/849/1222
f 10161/870/1223 10160/847/1224 10159/868/1224
f 10164/870/1225 10163/853/1225 10162/847/1224
f 10167/870/1226 10166/852/360 10165/853/1226
f 10170/870/1226 10169/871/5 10168/852/5
f 10173/871/5 10172/851/1227 10171/852/5
f 10176/871/5 10175/872/1227 10174/851/1227
f 10179/873/1228 10178/851/490 10177/872/490
f 10182/873/1228 10181/850/1228 10180/851/1229
f 10185/873/1230 10184/848/37 10183/850/1230
f 10188/873/1230 10187/874/37 10186/848/37
f 10191/1447/2 10190/1448/2 10189/1449/2
f 10194/1447/2 10193/1434/2 10192/1448/2
f 10197/1434/2 10196/1450/2 10195/1448/2
f 10200/1434/2 10199/1432/2 10198/1450/2
f 10203/1451/2 10202/1452/2 10201/1441/2
f 10206/1451/2 10205/1453/2 10204/1452/2
f 10209/1454/2 10208/1453/2 10207/1451/2
f 10212/1454/2 10211/1451/2 10210/1455/2
f 10215/1447/2 10214/1454/2 10213/1455/2
f 10218/1447/2 10217/1456/2 10216/1454/2
f 10221/875/35 10220/876/35 10219/877/35
f 10224/875/35 10223/878/35 10222/876/35
f 10227/875/35 10226/879/35 10225/878/35
f 10230/1457/1231 10229/1447/1232 10228/1455/133
f 10233/1457/1231 10232/1458/1233 10231/1447/1233
f 10236/1434/1234 10235/1447/1233 10234/1458/1233
f 10239/1434/1234 10238/1458/1232 10237/1433/1234
f 10242/1429/1235 10241/1433/1234 10240/1458/1232
f 10245/1429/1235 10244/1458/1232 10243/1459/1236
f 10248/1430/1237 10247/1429/1237 10246/1459/1236
f 10251/1430/1237 10250/1459/1236 10249/1460/1238
f 10254/1459/1238 10253/1461/298 10252/1460/1238
f 10257/1459/1238 10256/1462/1239 10255/1461/131
f 10260/1462/1239 10259/1463/1240 10258/1461/1241
f 10263/1462/1239 10262/1464/546 10261/1463/1240
f 10266/1463/1240 10265/1464/545 10264/1444/278
f 10269/1465/1242 10268/1444/279 10267/1464/545
f 10272/1465/1242 10271/1440/335 10270/1444/279
f 10275/1440/335 10274/1465/1242 10273/1451/1243
f 10278/1440/335 10277/1451/1243 10276/1441/695
f 10281/1465/1244 10280/1464/546 10279/1462/1245
f 10284/1459/1236 10283/1458/1233 10282/1457/1231
f 10287/1459/1236 10286/1457/1231 10285/1462/1239
f 10290/1465/1244 10289/1462/1239 10288/1457/1246
f 10293/1455/133 10292/1465/1244 10291/1457/1246
f 10296/1455/1247 10295/1451/1248 10294/1465/1244
f 10299/1463/1240 10298/1444/278 10297/1446/63
f 10302/880/2 10301/881/2 10300/882/2
f 10305/880/2 10304/883/2 10303/881/2
f 10308/880/2 10307/884/2 10306/883/2
f 10311/885/2 10310/883/2 10309/884/2
f 10314/886/556 10313/685/556 10312/887/556
f 10317/886/554 10316/683/555 10315/685/554
f 10320/886/554 10319/888/555 10318/683/555
f 10323/680/557 10322/683/558 10321/888/558
f 10326/680/557 10325/888/558 10324/889/557
f 10329/890/560 10328/680/559 10327/889/559
f 10332/890/560 10331/679/1249 10330/680/559
f 10335/890/560 10334/891/1249 10333/679/1249
f 10338/892/552 10337/679/1249 10336/891/1249
f 10341/892/552 10340/675/552 10339/679/1249
f 10344/893/41 10343/675/1250 10342/892/1250
f 10347/893/41 10346/676/41 10345/675/552
f 10350/893/41 10349/894/41 10348/676/41
f 10353/1261/1251 10352/1262/1252 10351/1263/1252
f 10356/1261/1253 10355/1264/1254 10354/1262/1252
f 10359/1265/1255 10358/1266/1256 10357/1262/1252
f 10362/1265/1255 10361/1262/1252 10360/1264/1254
f 10365/1267/1257 10364/1265/1255 10363/1264/1258
f 10368/1267/1257 10367/1264/1258 10366/1268/1259
f 10371/1268/1260 10370/1264/1258 10369/1269/1261
f 10374/1268/1262 10373/1269/1263 10372/1270/1264
f 10377/1226/1265 10376/1263/1252 10375/1262/1252
f 10380/1226/1265 10379/1262/1252 10378/1227/1265
f 10383/1266/1266 10382/1227/1265 10381/1262/1252
f 10386/1266/1266 10385/1230/1267 10384/1227/1265
f 10389/1266/1268 10388/1233/1267 10387/1230/1267
f 10392/1266/1268 10391/1271/1268 10390/1233/1267
f 10395/1265/1255 10394/1271/1269 10393/1266/1269
f 10398/1265/1255 10397/1272/1270 10396/1271/1269
f 10401/1267/1257 10400/1272/1271 10399/1265/1255
f 10404/1267/1272 10403/1273/1273 10402/1272/1274
f 10407/1267/1257 10406/1274/1073 10405/1273/1273
f 10410/1267/1272 10409/1275/1275 10408/1274/1073
f 10413/1267/1257 10412/1276/1276 10411/1275/248
f 10416/1267/1257 10415/1268/1259 10414/1276/247
f 10419/1277/74 10418/1276/247 10417/1268/1259
f 10422/1277/74 10421/1268/1262 10420/1270/1264
f 10425/1463/228 10424/1446/228 10423/1466/228
f 10428/1463/228 10427/1466/228 10426/1467/228
f 10431/1463/228 10430/1467/228 10429/1468/228
f 10434/1463/228 10433/1468/228 10432/1461/228
f 10437/1468/228 10436/1460/228 10435/1461/228
f 10440/1468/228 10439/1469/228 10438/1460/228
f 10443/1460/228 10442/1469/228 10441/1470/228
f 10446/1460/228 10445/1470/228 10444/1430/228
f 10449/1470/228 10448/1428/228 10447/1430/228
f 10452/1470/228 10451/1471/228 10450/1428/228
f 10455/1284/634 10454/1285/634 10453/1286/634
f 10458/1285/634 10457/1284/634 10456/1287/634
f 10461/1287/634 10460/1284/634 10459/1288/634
f 10464/1312/1277 10463/1320/1278 10462/1321/1279
f 10467/1312/1277 10466/1321/1280 10465/1322/1281
f 10470/1312/1282 10469/1322/1281 10468/1328/1283
f 10473/1329/1284 10472/1328/1285 10471/1322/1286
f 10476/1329/1284 10475/1330/1284 10474/1328/1285
f 10479/1330/1287 10478/1327/535 10477/1328/1283
f 10482/1330/1287 10481/1331/634 10480/1327/535
f 10485/1288/634 10484/1327/535 10483/1331/634
f 10488/1288/634 10487/1284/1288 10486/1327/535
f 10491/1327/535 10490/1284/1289 10489/1295/1290
f 10494/1284/1288 10493/1296/130 10492/1295/1291
f 10497/1294/1292 10496/1295/123 10495/1296/130
f 10500/1294/1292 10499/1296/130 10498/1309/1293
f 10503/1309/1293 10502/1314/66 10501/1294/1294
f 10506/1309/1293 10505/1313/65 10504/1314/66
f 10509/1308/64 10508/1313/65 10507/1309/1293
f 10512/1308/64 10511/1309/1293 10510/1305/1295
f 10515/1307/1296 10514/1308/64 10513/1305/1295
f 10518/1294/1294 10517/1314/67 10516/1315/307
f 10521/1305/1297 10520/1309/1293 10519/1296/127
f 10524/1305/1297 10523/1296/130 10522/1303/129
f 10527/1296/130 10526/1300/370 10525/1303/1298
f 10530/1296/130 10529/1297/1299 10528/1300/370
f 10533/1284/1289 10532/1297/1299 10531/1296/130
f 10536/1307/1296 10535/1305/1295 10534/1306/1300
f 10539/1304/1301 10538/1306/1302 10537/1305/1295
f 10542/1304/1303 10541/1305/1295 10540/1303/129
f 10545/1302/369 10544/1304/1304 10543/1303/1305
f 10548/1302/370 10547/1303/1305 10546/1300/370
f 10551/1301/1306 10550/1302/381 10549/1300/381
f 10554/1301/1306 10553/1300/381 10552/1299/1306
f 10557/1297/1299 10556/1299/1307 10555/1300/381
f 10560/1297/1299 10559/1298/1308 10558/1299/1307
f 10563/1297/1299 10562/1289/1309 10561/1298/1310
f 10566/1297/1299 10565/1284/1288 10564/1289/1309
f 10569/1289/1309 10568/1284/1288 10567/1286/634
f 10572/1289/1309 10571/1286/634 10570/1290/634
f 10575/1289/634 10574/1290/634 10573/1334/634
f 10578/1334/634 10577/1335/634 10576/1289/634
f 10581/1334/634 10580/1336/634 10579/1335/634
f 10584/1336/634 10583/1337/1287 10582/1335/634
f 10587/1336/634 10586/1338/1287 10585/1337/1287
f 10590/1339/1284 10589/1337/1284 10588/1338/1284
f 10593/1339/1284 10592/1324/1284 10591/1337/1284
f 10596/1324/1284 10595/1339/1284 10594/1326/1284
f 10599/1323/671 10598/1322/1311 10597/1321/1279
f 10602/1323/671 10601/1324/671 10600/1322/1311
f 10605/1324/671 10604/1325/1284 10603/1322/1312
f 10608/1324/671 10607/1326/1287 10606/1325/1287
f 10611/1329/1284 10610/1322/1284 10609/1332/1284
f 10614/1325/1284 10613/1332/1284 10612/1322/1284
f 10617/1325/1284 10616/1333/1284 10615/1332/1284
f 10620/912/41 10619/702/41 10618/913/41
f 10623/912/41 10622/701/41 10621/702/41
f 10626/912/41 10625/914/41 10624/701/41
f 10629/1340/1313 10628/1341/1313 10627/1342/1313
f 10632/1340/1313 10631/1343/1313 10630/1341/1313
f 10635/1340/1313 10634/1344/1313 10633/1343/1313
f 10638/1342/1313 10637/1345/1313 10636/1346/1314
f 10641/1342/1313 10640/1346/1314 10639/1340/1315
f 10644/1346/1316 10643/1347/1317 10642/1340/1318
f 10647/1346/1319 10646/1348/1320 10645/1347/1321
f 10650/1349/1322 10649/1348/1323 10648/1346/1324
f 10653/1349/1322 10652/1350/1325 10651/1348/1323
f 10656/272/1326 10655/1350/1325 10654/1349/1322
f 10659/272/1326 10658/1351/1327 10657/1350/1325
f 10662/1350/1328 10661/1352/1329 10660/1348/1323
f 10665/1348/1320 10664/1352/1330 10663/1353/1331
f 10668/1348/1320 10667/1353/1331 10666/1347/1332
f 10671/1346/1324 10670/1354/629 10669/1349/1322
f 10674/1346/1324 10673/1345/1313 10672/1354/629
f 10677/1355/629 10676/1349/1322 10675/1354/629
f 10680/1355/629 10679/272/1333 10678/1349/1322
f 10683/1356/1334 10682/274/629 10681/1357/629
f 10686/1356/1335 10685/272/1336 10684/274/629
f 10689/1356/1334 10688/1358/1337 10687/272/1336
f 10692/1351/1327 10691/272/1326 10690/1358/1338
f 10695/1351/1327 10694/1358/1339 10693/1359/1340
f 10698/1360/1341 10697/1351/1342 10696/1359/1343
f 10701/1360/1341 10700/1350/1325 10699/1351/1344
f 10704/1360/1341 10703/1361/1345 10702/1350/1328
f 10707/1350/1328 10706/1361/1346 10705/1352/1329
f 10710/1361/1346 10709/1362/245 10708/1352/1329
f 10713/1362/245 10712/1353/1331 10711/1352/1330
f 10716/1362/1347 10715/1363/79 10714/1353/1331
f 10719/1353/1331 10718/1363/1348 10717/1364/1349
f 10722/1353/1331 10721/1364/1350 10720/1365/1351
f 10725/1365/1351 10724/1347/1321 10723/1353/1331
f 10728/1365/1351 10727/1366/1352 10726/1347/1353
f 10731/1347/1321 10730/1366/1352 10729/1367/1354
f 10734/1347/1317 10733/1367/1354 10732/1340/1315
f 10737/1367/1354 10736/1368/1355 10735/1340/1355
f 10740/1368/1356 10739/1344/1313 10738/1340/1315
f 10743/1368/1357 10742/1369/1358 10741/1344/1358
f 10746/1356/1334 10745/1370/1359 10744/1358/1360
f 10749/1367/1354 10748/1371/1361 10747/1368/1315
f 10752/1361/1345 10751/1372/1362 10750/1362/245
f 10755/1360/1341 10754/1372/244 10753/1361/1345
f 10758/1360/1341 10757/1373/1363 10756/1372/243
f 10761/1374/1364 10760/1373/242 10759/1360/1365
f 10764/1374/1366 10763/1360/1341 10762/1375/1367
f 10767/1360/1365 10766/1359/1340 10765/1375/1367
f 10770/1376/1313 10769/1371/1313 10768/1377/1313
f 10773/1376/1313 10772/1368/1313 10771/1371/1313
f 10776/1368/1313 10775/1376/1313 10774/1369/1313
f 10779/1378/1313 10778/1379/629 10777/1380/629
f 10782/1378/1358 10781/1371/1358 10780/1379/629
f 10785/1381/220 10784/1380/629 10783/1379/629
f 10788/1381/220 10787/1379/629 10786/1356/220
f 10791/1356/220 10790/1357/220 10789/1381/220
f 10794/922/2 10793/923/2 10792/924/2
f 10797/922/2 10796/925/2 10795/923/2
f 10800/922/2 10799/926/2 10798/925/2
f 10803/1472/57 10802/1308/57 10801/1307/57
f 10806/1472/57 10805/1473/57 10804/1308/57
f 10809/1313/57 10808/1308/57 10807/1473/57
f 10812/1313/57 10811/1473/57 10810/1474/57
f 10815/1313/57 10814/1475/57 10813/1476/57
f 10818/1313/57 10817/1476/57 10816/1314/57
f 10821/1476/57 10820/1315/57 10819/1314/57
f 10824/1476/57 10823/1477/57 10822/1315/57
f 10827/1477/57 10826/1316/57 10825/1315/57
f 10830/1477/57 10829/1478/57 10828/1316/57
f 10833/1478/57 10832/1317/57 10831/1316/57
f 10836/1478/57 10835/1479/57 10834/1317/57
f 10839/1480/57 10838/1317/57 10837/1479/57
f 10842/1480/57 10841/1318/57 10840/1317/57
f 10845/944/35 10844/945/35 10843/946/35
f 10848/947/35 10847/946/35 10846/945/35
f 10851/947/35 10850/948/35 10849/946/35
f 10854/947/35 10853/949/35 10852/948/35
f 10857/1481/41 10856/1319/41 10855/1318/41
f 10860/1481/41 10859/1482/41 10858/1319/41
f 10863/1483/41 10862/1319/41 10861/1482/41
f 10866/1483/41 10865/1320/41 10864/1319/41
f 10869/1483/41 10868/1321/1368 10867/1320/41
f 10872/1483/41 10871/1484/1368 10870/1321/1368
f 10875/1323/1369 10874/1485/552 10873/1486/552
f 10878/1323/1369 10877/1487/1369 10876/1485/552
f 10881/1321/1368 10880/1487/1370 10879/1323/1369
f 10884/1321/1368 10883/1488/1368 10882/1487/1371
f 10887/1005/41 10886/1006/41 10885/1007/41
f 10890/1005/41 10889/1008/552 10888/1006/41
f 10893/1005/41 10892/1009/1250 10891/1008/1250
f 10896/1010/1249 10895/1008/552 10894/1009/552
f 10899/1010/1249 10898/1009/552 10897/1011/1249
f 10902/1012/560 10901/1010/1249 10900/1011/1249
f 10905/1012/560 10904/1013/559 10903/1010/1249
f 10908/1012/560 10907/1014/559 10906/1013/559
f 10911/1014/557 10910/1015/558 10909/1013/557
f 10914/1014/557 10913/1016/558 10912/1015/558
f 10917/1017/554 10916/1015/555 10915/1016/555
f 10920/1017/553 10919/1018/553 10918/1015/555
f 10923/1017/553 10922/1019/553 10921/1018/553
f 10926/1301/1372 10925/1489/1372 10924/1392/1372
f 10929/1301/1372 10928/1490/1372 10927/1489/1372
f 10932/1393/1373 10931/1304/1373 10930/1302/1373
f 10935/1393/1374 10934/1491/1375 10933/1304/1375
f 10938/1390/1376 10937/1387/1376 10936/1492/1377
f 10941/1390/1378 10940/1492/1377 10939/1493/1379
f 10944/1493/1380 10943/1492/1377 10942/1494/1381
f 10947/1493/1382 10946/1494/1383 10945/1495/1384
f 10950/1495/1385 10949/1494/1386 10948/1496/1387
f 10953/1495/1384 10952/1496/1387 10951/1497/1388
f 10956/1498/937 10955/1497/1389 10954/1496/1387
f 10959/1498/937 10958/1496/1387 10957/1499/1390
f 10962/1496/1391 10961/1364/1392 10960/1499/75
f 10965/1496/1387 10964/1365/1393 10963/1364/1394
f 10968/1494/1381 10967/1365/1395 10966/1496/1387
f 10971/1494/1381 10970/1366/1396 10969/1365/1395
f 10974/1367/1397 10973/1366/1398 10972/1494/1381
f 10977/1367/1399 10976/1494/1381 10975/1492/1377
f 10980/1387/1378 10979/1367/1399 10978/1492/1377
f 10983/1387/1378 10982/1371/1400 10981/1367/1399
f 10986/714/35 10985/709/35 10984/712/35
f 10989/714/35 10988/1018/35 10987/709/35
f 10992/714/35 10991/716/35 10990/1018/35
f 10995/716/35 10994/1015/35 10993/1018/35
f 10998/716/35 10997/717/35 10996/1015/35
f 11001/1013/35 11000/1015/35 10999/717/35
f 11004/1013/35 11003/717/35 11002/718/35
f 11007/719/35 11006/1013/35 11005/718/35
f 11010/719/35 11009/1010/35 11008/1013/35
f 11013/719/35 11012/1008/35 11011/1010/35
f 11016/719/35 11015/720/35 11014/1008/35
f 11019/1008/35 11018/720/35 11017/721/35
f 11022/1008/35 11021/721/35 11020/1006/35
f 11025/1046/35 11024/1047/35 11023/1048/35
f 11028/1046/35 11027/1049/35 11026/1047/35
f 11031/1046/35 11030/740/35 11029/1049/35
f 11034/1046/35 11033/747/35 11032/740/35
f 11037/1046/35 11036/1050/35 11035/747/35
f 11040/1390/57 11039/1391/57 11038/1387/57
f 11043/1390/57 11042/1384/57 11041/1391/57
f 11046/1386/57 11045/1371/57 11044/1387/57
f 11049/1386/57 11048/1388/57 11047/1371/57
f 11052/1371/57 11051/1388/57 11050/1389/57
f 11055/1371/57 11054/1389/57 11053/1368/57
f 11058/1389/57 11057/1371/57 11056/1368/57
f 11061/1389/57 11060/1388/57 11059/1371/57
f 11064/1371/57 11063/1382/57 11062/1379/57
f 11067/1371/57 11066/1383/57 11065/1382/57
f 11070/1384/57 11069/1370/57 11068/1356/57
f 11073/1379/57 11072/1384/57 11071/1356/57
f 11076/1379/57 11075/1385/57 11074/1384/57
f 11079/1392/1401 11078/1302/1401 11077/1301/1401
f 11082/1392/1401 11081/1393/1401 11080/1302/1401
f 11085/1394/190 11084/1288/190 11083/1395/190
f 11088/1394/190 11087/1287/190 11086/1288/190
f 11091/1285/1402 11090/1287/630 11089/1396/630
f 11094/1285/1402 11093/1396/630 11092/1397/1402
f 11097/1397/1403 11096/1286/268 11095/1285/1403
f 11100/1397/1403 11099/1398/268 11098/1286/268
f 11103/1286/268 11102/1398/268 11101/1399/1404
f 11106/1286/268 11105/1399/1405 11104/1290/1406
f 11109/1290/1407 11108/1399/1407 11107/1400/1408
f 11112/1290/1407 11111/1400/1409 11110/1334/1408
f 11115/1334/1410 11114/1400/1410 11113/1401/632
f 11118/1334/1408 11117/1401/631 11116/1336/631
f 11121/1336/631 11120/1401/631 11119/1402/631
f 11124/1336/632 11123/1402/632 11122/1338/632
f 11127/1338/631 11126/1402/631 11125/1403/1411
f 11130/1338/632 11129/1403/1411 11128/1339/1411
f 11133/1403/1412 11132/1326/1413 11131/1339/1412
f 11136/1403/1412 11135/1404/1413 11134/1326/1413
f 11139/1404/1413 11138/1325/1414 11137/1326/1415
f 11142/1404/1416 11141/1405/1417 11140/1325/1417
f 11145/1325/1418 11144/1405/1418 11143/1406/1419
f 11148/1325/1418 11147/1406/1420 11146/1333/1420
f 11151/1333/1421 11150/1406/1421 11149/1407/633
f 11154/1333/1421 11153/1407/633 11152/1332/633
f 11157/936/2 11156/937/2 11155/938/2
f 11160/936/2 11159/939/2 11158/937/2
f 11163/940/2 11162/941/2 11161/942/2
f 11166/940/2 11165/938/2 11164/941/2
f 11169/940/2 11168/943/2 11167/938/2
f 11172/737/2 11171/732/2 11170/735/2
f 11175/737/2 11174/729/2 11173/732/2
f 11178/737/2 11177/730/2 11176/729/2
f 11181/737/2 11180/748/2 11179/730/2
f 11184/737/2 11183/739/2 11182/748/2
f 11187/936/250 11186/950/72 11185/951/250
f 11190/936/250 11189/952/72 11188/950/72
f 11193/952/72 11192/953/1073 11191/950/72
f 11196/952/72 11195/954/1073 11194/953/1073
f 11199/1500/1422 11198/361/1422 11197/1501/1422
f 11202/1500/1422 11201/356/1422 11200/361/1422
f 11205/479/5 11204/1500/5 11203/1502/5
f 11208/479/5 11207/350/5 11206/1500/5
f 11211/1503/64 11210/1504/65 11209/1505/65
f 11214/1503/64 11213/1505/65 11212/1506/64
f 11217/1507/294 11216/1503/64 11215/1506/64
f 11220/1507/294 11219/1508/294 11218/1503/64
f 11223/1509/278 11222/1508/294 11221/1507/294
f 11226/1509/278 11225/1510/278 11224/1508/294
f 11229/1511/335 11228/1510/279 11227/1509/279
f 11232/1511/335 11231/1512/335 11230/1510/279
f 11235/1513/61 11234/1512/335 11233/1511/335
f 11238/1513/61 11237/1514/61 11236/1512/335
f 11241/1515/37 11240/1514/61 11239/1513/61
f 11244/1515/37 11243/1516/37 11242/1514/61
f 11247/1517/5 11246/1518/5 11245/1519/5
f 11250/1517/5 11249/1519/5 11248/1520/5
f 11253/1521/5 11252/1517/5 11251/1520/5
f 11256/1521/5 11255/1522/5 11254/1517/5
f 11259/1523/5 11258/1522/5 11257/1521/5
f 11262/1523/5 11261/1524/5 11260/1522/5
f 11265/1525/5 11264/1524/5 11263/1523/5
f 11268/1525/5 11267/1523/5 11266/1526/5
f 11271/1527/5 11270/1525/5 11269/1526/5
f 11274/1527/5 11273/1526/5 11272/1528/5
f 11277/1529/5 11276/1527/5 11275/1528/5
f 11280/1529/5 11279/1530/5 11278/1527/5
f 11283/1520/72 11282/1519/41 11281/1531/41
f 11286/1520/72 11285/1531/41 11284/1532/72
f 11289/1533/248 11288/1520/72 11287/1532/72
f 11292/1533/248 11291/1521/248 11290/1520/72
f 11295/1534/249 11294/1521/248 11293/1533/248
f 11298/1534/249 11297/1523/249 11296/1521/248
f 11301/1526/246 11300/1523/247 11299/1534/247
f 11304/1526/246 11303/1534/247 11302/1535/246
f 11307/1528/75 11306/1526/246 11305/1535/246
f 11310/1528/75 11309/1535/246 11308/1536/75
f 11313/1537/76 11312/1528/75 11311/1536/75
f 11316/1537/76 11315/1529/76 11314/1528/75
f 11319/1538/254 11318/1539/255 11317/1540/255
f 11322/1538/254 11321/1540/255 11320/1541/254
f 11325/1542/83 11324/1538/254 11323/1541/254
f 11328/1542/83 11327/1541/254 11326/1543/83
f 11331/1544/2 11330/1542/83 11329/1543/83
f 11334/1544/2 11333/1545/2 11332/1542/83
f 11337/1543/59 11336/1545/37 11335/1544/37
f 11340/1543/59 11339/1542/59 11338/1545/37
f 11343/1543/59 11342/1538/259 11341/1542/59
f 11346/1543/59 11345/1541/259 11344/1538/259
f 11349/1541/259 11348/1539/260 11347/1538/259
f 11352/1541/259 11351/1540/260 11350/1539/260
f 11355/1540/262 11354/1546/261 11353/1539/262
f 11358/1540/262 11357/1547/261 11356/1546/261
f 11361/1548/91 11360/1546/261 11359/1547/261
f 11364/1548/91 11363/1549/91 11362/1546/261
f 11367/1548/89 11366/1550/88 11365/1549/89
f 11370/1548/89 11369/1551/88 11368/1550/88
f 11373/1549/87 11372/1550/88 11371/1551/88
f 11376/1549/87 11375/1551/88 11374/1548/87
f 11379/1546/263 11378/1549/87 11377/1548/87
f 11382/1546/263 11381/1548/87 11380/1547/263
f 11385/1539/264 11384/1546/263 11383/1547/263
f 11388/1539/264 11387/1547/263 11386/1540/264
f 11391/1046/2 11390/747/2 11389/1050/2
f 11394/1046/2 11393/740/2 11392/747/2
f 11397/1046/2 11396/1049/2 11395/740/2
f 11400/1046/2 11399/1047/2 11398/1049/2
f 11403/1046/2 11402/1048/2 11401/1047/2
f 11406/1552/236 11405/1553/235 11404/1554/236
f 11409/1552/236 11408/1555/235 11407/1553/235
f 11412/1556/192 11411/1553/235 11410/1555/235
f 11415/1556/192 11414/1557/192 11413/1553/235
f 11418/1556/193 11417/1558/41 11416/1557/193
f 11421/1556/193 11420/1559/41 11419/1558/41
f 11424/1557/183 11423/1558/35 11422/1559/35
f 11427/1557/183 11426/1559/35 11425/1556/183
f 11430/1555/229 11429/1557/183 11428/1556/183
f 11433/1555/229 11432/1553/229 11431/1557/183
f 11436/1552/230 11435/1553/229 11434/1555/229
f 11439/1552/230 11438/1554/230 11437/1553/229
f 11442/1560/228 11441/1554/227 11440/1552/227
f 11445/1560/228 11444/1552/227 11443/1561/228
f 11448/1562/186 11447/1560/228 11446/1561/228
f 11451/1562/186 11450/1561/228 11449/1563/186
f 11454/1564/187 11453/1562/186 11452/1563/186
f 11457/1564/187 11456/1565/187 11455/1562/186
f 11460/1564/187 11459/1562/188 11458/1565/187
f 11463/1564/187 11462/1563/188 11461/1562/188
f 11466/1563/189 11465/1560/238 11464/1562/189
f 11469/1563/189 11468/1561/238 11467/1560/238
f 11472/1561/238 11471/1554/237 11470/1560/238
f 11475/1561/238 11474/1552/237 11473/1554/237
f 11478/1523/5 11477/1522/5 11476/1524/5
f 11481/1523/5 11480/1521/5 11479/1522/5
f 11484/1521/5 11483/1517/5 11482/1522/5
f 11487/1521/5 11486/1520/5 11485/1517/5
f 11490/1520/5 11489/1518/5 11488/1517/5
f 11493/1520/5 11492/1519/5 11491/1518/5
f 11496/1517/5 11495/1518/5 11494/1519/5
f 11499/1517/5 11498/1519/5 11497/1520/5
f 11502/1521/5 11501/1517/5 11500/1520/5
f 11505/1521/5 11504/1522/5 11503/1517/5
f 11508/1523/5 11507/1522/5 11506/1521/5
f 11511/1523/5 11510/1524/5 11509/1522/5
f 11514/1525/5 11513/1524/5 11512/1523/5
f 11517/1525/5 11516/1523/5 11515/1526/5
f 11520/1527/5 11519/1525/5 11518/1526/5
f 11523/1527/5 11522/1526/5 11521/1528/5
f 11526/1529/5 11525/1527/5 11524/1528/5
f 11529/1529/5 11528/1530/5 11527/1527/5
f 11532/1528/5 11531/1530/5 11530/1529/5
f 11535/1528/5 11534/1527/5 11533/1530/5
f 11538/1528/5 11537/1525/5 11536/1527/5
f 11541/1528/5 11540/1526/5 11539/1525/5
f 11544/1526/5 11543/1524/5 11542/1525/5
f 11547/1526/5 11546/1523/5 11545/1524/5
f 11550/1534/274 11549/1521/587 11548/1523/274
f 11553/1534/274 11552/1533/587 11551/1521/587
f 11556/1533/587 11555/1520/70 11554/1521/587
f 11559/1533/587 11558/1532/70 11557/1520/70
f 11562/1532/70 11561/1519/35 11560/1520/70
f 11565/1532/70 11564/1531/35 11563/1519/35
f 11568/1520/61 11567/1519/37 11566/1531/37
f 11571/1520/61 11570/1531/37 11569/1532/61
f 11574/1533/335 11573/1520/61 11572/1532/61
f 11577/1533/335 11576/1521/335 11575/1520/61
f 11580/1534/279 11579/1521/335 11578/1533/335
f 11583/1534/279 11582/1523/279 11581/1521/335
f 11586/1526/294 11585/1523/278 11584/1534/278
f 11589/1526/294 11588/1534/278 11587/1535/294
f 11592/1528/64 11591/1526/294 11590/1535/294
f 11595/1528/64 11594/1535/294 11593/1536/64
f 11598/1537/65 11597/1528/64 11596/1536/64
f 11601/1537/65 11600/1529/65 11599/1528/64
f 11604/1537/65 11603/1528/66 11602/1529/65
f 11607/1537/65 11606/1536/66 11605/1528/66
f 11610/1536/67 11609/1526/307 11608/1528/67
f 11613/1536/67 11612/1535/307 11611/1526/307
f 11616/1535/307 11615/1523/275 11614/1526/307
f 11619/1535/307 11618/1534/275 11617/1523/275
f 11622/1566/76 11621/1567/77 11620/1568/76
f 11625/1566/76 11624/1569/77 11623/1567/77
f 11628/1569/79 11627/1570/245 11626/1567/79
f 11631/1569/79 11630/1571/245 11629/1570/245
f 11634/1571/245 11633/1572/244 11632/1570/245
f 11637/1571/245 11636/1573/244 11635/1572/244
f 11640/1573/243 11639/1574/242 11638/1572/243
f 11643/1573/243 11642/1575/242 11641/1574/242
f 11646/1575/242 11645/1576/81 11644/1574/242
f 11649/1575/242 11648/1577/81 11647/1576/81
f 11652/1577/81 11651/1578/2 11650/1576/81
f 11655/1577/81 11654/1579/2 11653/1578/2
f 11658/1538/229 11657/1539/230 11656/1540/230
f 11661/1538/229 11660/1540/230 11659/1541/229
f 11664/1542/183 11663/1538/229 11662/1541/229
f 11667/1542/183 11666/1541/229 11665/1543/183
f 11670/1544/35 11669/1542/183 11668/1543/183
f 11673/1544/35 11672/1545/35 11671/1542/183
f 11676/1543/193 11675/1545/41 11674/1544/41
f 11679/1543/193 11678/1542/193 11677/1545/41
f 11682/1543/192 11681/1538/235 11680/1542/192
f 11685/1543/192 11684/1541/235 11683/1538/235
f 11688/1541/235 11687/1539/236 11686/1538/235
f 11691/1541/235 11690/1540/236 11689/1539/236
f 11694/1540/237 11693/1546/238 11692/1539/237
f 11697/1540/237 11696/1547/238 11695/1546/238
f 11700/1548/189 11699/1546/238 11698/1547/238
f 11703/1548/189 11702/1549/189 11701/1546/238
f 11706/1548/188 11705/1550/187 11704/1549/188
f 11709/1548/188 11708/1551/187 11707/1550/187
f 11712/1549/186 11711/1550/187 11710/1551/187
f 11715/1549/186 11714/1551/187 11713/1548/186
f 11718/1546/228 11717/1549/186 11716/1548/186
f 11721/1546/228 11720/1548/186 11719/1547/228
f 11724/1539/227 11723/1546/228 11722/1547/228
f 11727/1539/227 11726/1547/228 11725/1540/227
f 11730/737/35 11729/748/35 11728/739/35
f 11733/737/35 11732/730/35 11731/748/35
f 11736/737/35 11735/729/35 11734/730/35
f 11739/737/35 11738/732/35 11737/729/35
f 11742/737/35 11741/735/35 11740/732/35
f 11745/1552/260 11744/1553/259 11743/1554/260
f 11748/1552/260 11747/1555/259 11746/1553/259
f 11751/1556/59 11750/1553/259 11749/1555/259
f 11754/1556/59 11753/1557/59 11752/1553/259
f 11757/1556/59 11756/1558/37 11755/1557/59
f 11760/1556/59 11759/1559/37 11758/1558/37
f 11763/1557/83 11762/1558/2 11761/1559/2
f 11766/1557/83 11765/1559/2 11764/1556/83
f 11769/1555/254 11768/1557/83 11767/1556/83
f 11772/1555/254 11771/1553/254 11770/1557/83
f 11775/1552/255 11774/1553/254 11773/1555/254
f 11778/1552/255 11777/1554/255 11776/1553/254
f 11781/1560/263 11780/1554/264 11779/1552/264
f 11784/1560/263 11783/1552/264 11782/1561/263
f 11787/1562/87 11786/1560/263 11785/1561/263
f 11790/1562/87 11789/1561/263 11788/1563/87
f 11793/1564/88 11792/1562/87 11791/1563/87
f 11796/1564/88 11795/1565/88 11794/1562/87
f 11799/1564/88 11798/1562/89 11797/1565/88
f 11802/1564/88 11801/1563/89 11800/1562/89
f 11805/1563/91 11804/1560/261 11803/1562/91
f 11808/1563/91 11807/1561/261 11806/1560/261
f 11811/1561/261 11810/1554/262 11809/1560/261
f 11814/1561/261 11813/1552/262 11812/1554/262
f 11817/275/268 11816/276/1423 11815/277/268
f 11820/275/268 11819/278/269 11818/276/269
f 11823/278/269 11822/279/5 11821/276/269
f 11826/278/267 11825/280/5 11824/279/5
f 11829/297/347 11828/333/1424 11827/334/347
f 11832/297/347 11831/324/353 11830/333/353
f 11835/324/353 11834/335/5 11833/333/353
f 11838/324/349 11837/329/5 11836/335/5
f 11841/1580/241 11840/1581/2 11839/1582/81
f 11844/1580/1425 11843/1583/2 11842/1581/2
f 11847/1580/239 11846/1584/82 11845/1585/239
f 11850/1580/239 11849/1582/81 11848/1584/81
f 11853/1582/81 11852/1586/242 11851/1584/81
f 11856/1582/81 11855/1587/242 11854/1586/242
f 11859/1587/242 11858/1588/243 11857/1586/242
f 11862/1587/242 11861/1589/243 11860/1588/243
f 11865/1590/245 11864/1588/244 11863/1589/244
f 11868/1590/245 11867/1591/245 11866/1588/244
f 11871/1590/245 11870/1592/79 11869/1591/245
f 11874/1590/245 11873/1593/79 11872/1592/79
f 11877/1594/76 11876/1592/77 11875/1593/77
f 11880/1594/76 11879/1595/76 11878/1592/77
f 11883/1593/75 11882/1595/76 11881/1594/76
f 11886/1593/75 11885/1592/75 11884/1595/76
f 11889/1590/246 11888/1592/75 11887/1593/75
f 11892/1590/246 11891/1591/246 11890/1592/75
f 11895/1589/247 11894/1591/246 11893/1590/246
f 11898/1589/247 11897/1588/247 11896/1591/246
f 11901/1587/248 11900/1588/247 11899/1589/247
f 11904/1587/1426 11903/1586/1426 11902/1588/247
f 11907/1582/72 11906/1586/248 11905/1587/248
f 11910/1582/72 11909/1584/72 11908/1586/248
f 11913/1580/251 11912/1584/72 11911/1582/72
f 11916/1580/250 11915/1585/250 11914/1584/72
f 11919/1580/1427 11918/1582/1428 11917/1581/41
f 11922/1580/252 11921/1581/41 11920/1583/41
f 11925/1191/37 11924/1192/37 11923/1193/37
f 11928/1194/37 11927/1191/37 11926/1195/37
f 11931/1192/37 11930/1196/37 11929/1197/37
f 11934/1196/37 11933/1198/37 11932/1199/37
f 11937/1200/35 11936/1194/357 11935/1201/1429
f 11940/1200/600 11939/1191/35 11938/1194/57
f 11943/1202/5 11942/1191/860 11941/1200/1430
f 11946/1202/324 11945/1192/5 11944/1191/35
f 11949/1202/5 11948/1196/2 11947/1192/5
f 11952/1202/1431 11951/1203/2 11950/1196/2
f 11955/1204/57 11954/1196/472 11953/1203/2
f 11958/1204/329 11957/1198/57 11956/1196/2
f 11961/1205/35 11960/1206/35 11959/1207/35
f 11964/1208/35 11963/1205/35 11962/1209/35
f 11967/1206/35 11966/1210/35 11965/1211/35
f 11970/1210/35 11969/1212/35 11968/1213/35
f 11973/788/35 11972/793/35 11971/794/35
f 11976/788/35 11975/792/35 11974/793/35
f 11979/788/35 11978/791/35 11977/792/35
f 11982/788/35 11981/789/35 11980/791/35
f 11985/788/35 11984/790/35 11983/789/35
f 11988/275/5 11987/1596/5 11986/1597/5
f 11991/275/5 11990/311/5 11989/1596/5
f 11994/311/5 11993/1598/5 11992/1596/5
f 11997/311/5 11996/315/5 11995/1598/5
f 12000/315/5 11999/1599/5 11998/1598/5
f 12003/315/5 12002/316/5 12001/1599/5
f 12006/316/5 12005/1600/5 12004/1599/5
f 12009/316/5 12008/319/5 12007/1600/5
f 12012/319/5 12011/1601/5 12010/1600/5
f 12015/319/5 12014/320/5 12013/1601/5
f 12018/320/5 12017/1602/5 12016/1601/5
f 12021/320/5 12020/322/5 12019/1602/5
f 12024/1601/5 12023/1602/5 12022/322/5
f 12027/1601/5 12026/322/5 12025/320/5
f 12030/1601/5 12029/320/5 12028/319/5
f 12033/1601/5 12032/319/5 12031/1600/5
f 12036/1600/5 12035/319/5 12034/316/5
f 12039/1600/5 12038/316/5 12037/1599/5
f 12042/1599/5 12041/316/5 12040/315/5
f 12045/1599/5 12044/315/5 12043/1598/5
f 12048/1598/5 12047/315/5 12046/311/5
f 12051/1598/5 12050/311/5 12049/1596/5
f 12054/275/5 12053/1596/5 12052/311/5
f 12057/275/5 12056/1597/5 12055/1596/5
f 12060/847/2 12059/852/2 12058/853/2
f 12063/847/2 12062/851/2 12061/852/2
f 12066/847/2 12065/850/2 12064/851/2
f 12069/847/2 12068/848/2 12067/850/2
f 12072/847/2 12071/849/2 12070/848/2
f 12075/317/278 12074/319/294 12073/316/278
f 12078/315/335 12077/317/279 12076/316/279
f 12081/315/335 12080/314/335 12079/317/279
f 12084/313/61 12083/314/335 12082/315/335
f 12087/313/61 12086/315/335 12085/311/61
f 12090/278/831 12089/313/61 12088/311/61
f 12093/278/1432 12092/312/37 12091/313/61
f 12096/278/1433 12095/280/37 12094/312/37
f 12099/278/831 12098/311/61 12097/275/831
f 12102/278/1434 12101/312/35 12100/280/35
f 12105/278/1435 12104/313/71 12103/312/35
f 12108/278/1436 12107/311/70 12106/313/70
f 12111/311/70 12110/314/587 12109/313/70
f 12114/311/70 12113/315/587 12112/314/587
f 12117/316/274 12116/314/587 12115/315/587
f 12120/316/274 12119/317/274 12118/314/587
f 12123/316/275 12122/318/307 12121/317/275
f 12126/316/275 12125/319/307 12124/318/307
f 12129/320/67 12128/318/307 12127/319/307
f 12132/320/67 12131/321/67 12130/318/307
f 12135/322/65 12134/321/66 12133/320/66
f 12138/322/65 12137/323/65 12136/321/66
f 12141/320/64 12140/323/65 12139/322/65
f 12144/320/64 12143/321/64 12142/323/65
f 12147/318/294 12146/321/64 12145/320/64
f 12150/318/294 12149/320/64 12148/319/294
f 12153/317/278 12152/318/294 12151/319/294
f 12156/278/1436 12155/275/1436 12154/311/71
f 12159/873/1230 12158/848/37 12157/874/37
f 12162/873/1230 12161/850/1230 12160/848/37
f 12165/851/1229 12164/850/1228 12163/873/1228
f 12168/851/1229 12167/873/1228 12166/872/1229
f 12171/871/5 12170/851/1227 12169/872/1227
f 12174/871/5 12173/852/5 12172/851/1227
f 12177/870/1226 12176/852/5 12175/871/5
f 12180/870/1226 12179/853/1226 12178/852/360
f 12183/847/1224 12182/853/1225 12181/870/1225
f 12186/847/1224 12185/870/1225 12184/868/1224
f 12189/849/1222 12188/847/1221 12187/868/1221
f 12192/849/1222 12191/868/1221 12190/869/1222
f 12195/297/5 12194/298/5 12193/299/5
f 12198/297/5 12197/300/5 12196/298/5
f 12201/300/5 12200/301/5 12199/298/5
f 12204/300/5 12203/302/5 12202/301/5
f 12207/302/5 12206/303/5 12205/301/5
f 12210/302/5 12209/304/5 12208/303/5
f 12213/304/5 12212/305/5 12211/303/5
f 12216/304/5 12215/306/5 12214/305/5
f 12219/306/5 12218/307/5 12217/305/5
f 12222/306/5 12221/308/5 12220/307/5
f 12225/308/5 12224/309/5 12223/307/5
f 12228/308/5 12227/310/5 12226/309/5
f 12231/307/5 12230/309/5 12229/310/5
f 12234/307/5 12233/310/5 12232/308/5
f 12237/307/5 12236/308/5 12235/306/5
f 12240/307/5 12239/306/5 12238/305/5
f 12243/305/5 12242/306/5 12241/304/5
f 12246/305/5 12245/304/5 12244/303/5
f 12249/303/5 12248/304/5 12247/302/5
f 12252/303/5 12251/302/5 12250/301/5
f 12255/301/5 12254/302/5 12253/300/5
f 12258/301/5 12257/300/5 12256/298/5
f 12261/297/5 12260/298/5 12259/300/5
f 12264/297/5 12263/299/5 12262/298/5
f 12267/324/233 12266/327/192 12265/328/41
f 12270/324/232 12269/328/41 12268/329/41
f 12273/306/238 12272/325/237 12271/304/237
f 12276/304/236 12275/325/236 12274/326/235
f 12279/304/236 12278/326/235 12277/302/235
f 12282/302/235 12281/326/235 12280/327/192
f 12285/302/235 12284/327/192 12283/300/192
f 12288/324/234 12287/300/193 12286/327/193
f 12291/324/234 12290/297/234 12289/300/193
f 12294/324/226 12293/329/35 12292/328/35
f 12297/324/225 12296/328/35 12295/327/183
f 12300/324/231 12299/327/183 12298/300/183
f 12303/300/183 12302/327/183 12301/326/229
f 12306/300/183 12305/326/229 12304/302/229
f 12309/302/229 12308/326/229 12307/325/230
f 12312/302/229 12311/325/230 12310/304/230
f 12315/304/227 12314/325/227 12313/330/228
f 12318/304/227 12317/330/228 12316/306/228
f 12321/306/228 12320/330/228 12319/331/186
f 12324/306/228 12323/331/186 12322/308/186
f 12327/308/186 12326/331/186 12325/332/187
f 12330/308/186 12329/332/187 12328/310/187
f 12333/308/188 12332/310/187 12331/332/187
f 12336/308/188 12335/332/187 12334/331/188
f 12339/306/238 12338/308/189 12337/331/189
f 12342/306/238 12341/331/189 12340/330/238
f 12345/306/238 12344/330/238 12343/325/237
f 12348/324/231 12347/300/183 12346/297/231
f 12351/297/441 12350/333/1437 12349/334/441
f 12354/297/441 12353/324/1438 12352/333/1438
f 12357/324/1438 12356/335/5 12355/333/1438
f 12360/324/1439 12359/329/5 12358/335/5
f 12363/364/5 12362/363/5 12361/365/5
f 12366/364/5 12365/366/5 12364/363/5
f 12369/371/235 12368/350/235 12367/351/235
f 12372/371/235 12371/372/235 12370/350/235
f 12375/350/1440 12374/361/1440 12373/356/1440
f 12378/350/1440 12377/479/1440 12376/361/1440
f 12381/536/247 12380/537/247 12379/538/247
f 12384/536/247 12383/539/247 12382/537/247
f 12387/540/41 12386/536/41 12385/538/41
f 12390/540/41 12389/541/41 12388/536/41
f 12393/542/37 12392/543/37 12391/544/37
f 12396/542/37 12395/545/37 12394/543/37
f 12399/546/816 12398/545/1441 12397/542/816
f 12402/546/816 12401/547/816 12400/545/1441
f 12405/548/278 12404/543/278 12403/549/278
f 12408/548/278 12407/544/278 12406/543/278
f 12411/550/37 12410/551/37 12409/552/37
f 12414/550/37 12413/552/37 12412/553/37
f 12417/550/37 12416/553/37 12415/554/37
f 12420/550/37 12419/554/37 12418/555/37
f 12423/550/37 12422/555/37 12421/556/37
f 12426/555/37 12425/549/37 12424/556/37
f 12429/555/37 12428/548/37 12427/549/37
f 12432/536/262 12431/537/262 12430/539/262
f 12435/536/262 12434/538/262 12433/537/262
f 12438/540/37 12437/536/37 12436/541/37
f 12441/540/37 12440/538/37 12439/536/37
f 12444/543/41 12443/542/41 12442/544/41
f 12447/543/41 12446/545/41 12445/542/41
f 12450/553/1442 12449/554/1443 12448/557/1443
f 12453/553/663 12452/557/1443 12451/558/663
f 12456/552/426 12455/553/663 12454/558/663
f 12459/552/426 12458/558/663 12457/559/426
f 12462/560/441 12461/552/1444 12460/559/1445
f 12465/560/441 12464/551/441 12463/552/1444
f 12468/561/1439 12467/551/1446 12466/560/1446
f 12471/561/1439 12470/550/1439 12469/551/1447
f 12474/562/1448 12473/550/1438 12472/561/1438
f 12477/562/1448 12476/556/1448 12475/550/1438
f 12480/352/259 12479/353/259 12478/351/259
f 12483/354/259 12482/352/259 12481/351/259
f 12486/351/259 12485/356/259 12484/354/259
f 12489/351/259 12488/350/259 12487/356/259
f 12492/545/1169 12491/546/1169 12490/542/1169
f 12495/545/1023 12494/547/1023 12493/546/1023
f 12498/548/237 12497/543/237 12496/544/237
f 12501/548/237 12500/549/237 12499/543/237
f 12504/563/37 12503/564/37 12502/565/37
f 12507/563/37 12506/566/37 12505/564/37
f 12510/567/37 12509/568/37 12508/569/37
f 12513/567/37 12512/570/37 12511/568/37
f 12516/571/37 12515/568/37 12514/570/37
f 12519/571/37 12518/572/37 12517/568/37
f 12522/363/235 12521/376/235 12520/380/235
f 12525/363/235 12524/377/235 12523/376/235
f 12528/363/235 12527/378/235 12526/377/235
f 12531/363/235 12530/366/235 12529/378/235
f 12534/632/37 12533/633/37 12532/634/37
f 12537/632/37 12536/635/37 12535/633/37
f 12540/636/37 12539/637/37 12538/638/37
f 12543/636/37 12542/639/37 12541/637/37
f 12546/640/17 12545/641/1449 12544/642/1450
f 12549/640/1451 12548/643/1452 12547/641/1453
f 12552/563/16 12551/640/16 12550/644/16
f 12555/563/17 12554/645/1454 12553/640/17
f 12558/640/17 12557/645/1455 12556/643/931
f 12561/643/929 12560/645/1454 12559/646/408
f 12564/643/931 12563/646/422 12562/647/1456
f 12567/647/1456 12566/648/1457 12565/643/929
f 12570/647/1458 12569/649/1459 12568/648/1460
f 12573/570/1461 12572/567/1462 12571/643/929
f 12576/570/1463 12575/643/927 12574/648/1457
f 12579/571/1464 12578/570/1461 12577/648/1457
f 12582/571/1464 12581/648/1457 12580/650/1465
f 12585/649/1459 12584/650/1466 12583/648/1457
f 12588/649/1459 12587/651/1467 12586/650/1466
f 12591/649/1459 12590/652/249 12589/651/1467
f 12594/649/1468 12593/653/41 12592/652/249
f 12597/649/1459 12596/647/1458 12595/653/41
f 12600/654/41 12599/653/41 12598/647/1458
f 12603/654/41 12602/647/1458 12601/646/422
f 12606/655/41 12605/654/41 12604/646/422
f 12609/655/41 12608/646/408 12607/656/408
f 12612/645/1454 12611/656/616 12610/646/408
f 12615/645/1454 12614/657/1469 12613/656/616
f 12618/563/17 12617/657/424 12616/645/1470
f 12621/563/17 12620/565/17 12619/657/424
f 12624/658/945 12623/659/1467 12622/652/247
f 12627/658/952 12626/660/1466 12625/659/1467
f 12630/637/1471 12629/660/1465 12628/658/949
f 12633/637/1472 12632/639/1473 12631/660/1465
f 12636/351/248 12635/356/248 12634/350/248
f 12639/351/248 12638/354/248 12637/356/248
f 12642/354/248 12641/351/248 12640/352/248
f 12645/352/248 12644/351/248 12643/353/248
f 12648/564/41 12647/563/41 12646/565/41
f 12651/564/41 12650/566/41 12649/563/41
f 12654/633/41 12653/632/41 12652/634/41
f 12657/633/41 12656/635/41 12655/632/41
f 12660/636/41 12659/637/41 12658/639/41
f 12663/636/41 12662/638/41 12661/637/41
f 12666/640/465 12665/641/1474 12664/643/1144
f 12669/640/465 12668/642/1475 12667/641/1474
f 12672/650/1476 12671/651/1477 12670/649/1478
f 12675/650/1476 12674/649/1478 12673/648/1479
f 12678/647/1480 12677/648/1479 12676/649/1478
f 12681/647/1481 12680/643/1133 12679/648/1479
f 12684/646/388 12683/643/1144 12682/647/1482
f 12687/646/371 12686/645/1483 12685/643/1144
f 12690/640/465 12689/643/1144 12688/645/1483
f 12693/563/10 12692/640/465 12691/645/1483
f 12696/563/10 12695/644/10 12694/640/8
f 12699/571/1484 12698/650/1485 12697/648/1479
f 12702/571/1484 12701/648/1479 12700/570/1486
f 12705/570/1487 12704/648/1479 12703/643/1133
f 12708/570/1486 12707/643/1144 12706/567/1488
f 12711/637/1489 12710/660/1485 12709/639/1490
f 12714/637/1491 12713/658/1492 12712/660/1485
f 12717/658/1493 12716/659/1477 12715/660/1476
f 12720/658/1494 12719/652/262 12718/659/1477
f 12723/649/1478 12722/659/1477 12721/652/260
f 12726/649/1478 12725/652/260 12724/653/37
f 12729/649/1478 12728/653/37 12727/647/1480
f 12732/647/1480 12731/653/37 12730/654/37
f 12735/647/1480 12734/654/37 12733/646/372
f 12738/646/372 12737/654/37 12736/655/37
f 12741/646/371 12740/655/37 12739/656/371
f 12744/645/1483 12743/646/388 12742/656/1495
f 12747/645/1483 12746/656/388 12745/657/387
f 12750/563/10 12749/645/1496 12748/657/389
f 12753/563/10 12752/657/389 12751/565/10
f 12756/666/1497 12755/667/1497 12754/668/1497
f 12759/666/1497 12758/669/1497 12757/667/1497
f 12762/670/114 12761/671/114 12760/672/114
f 12765/670/114 12764/673/114 12763/671/114
f 12768/674/41 12767/675/41 12766/676/41
f 12771/674/41 12770/677/41 12769/675/41
f 12774/675/41 12773/677/41 12772/678/41
f 12777/675/41 12776/678/41 12775/679/41
f 12780/680/41 12779/679/41 12778/678/41
f 12783/680/41 12782/678/41 12781/681/41
f 12786/682/41 12785/680/41 12784/681/41
f 12789/682/41 12788/683/41 12787/680/41
f 12792/683/41 12791/682/41 12790/684/41
f 12795/683/41 12794/684/41 12793/685/41
f 12798/686/41 12797/685/41 12796/684/41
f 12801/686/41 12800/687/41 12799/685/41
f 12804/686/41 12803/688/41 12802/687/41
f 12807/689/850 12806/690/850 12805/691/850
f 12810/692/850 12809/689/850 12808/691/850
f 12813/692/851 12812/693/1498 12811/689/851
f 12816/694/1499 12815/692/1499 12814/695/1499
f 12819/692/851 12818/694/851 12817/696/1498
f 12822/692/851 12821/696/1498 12820/693/1498
f 12825/697/1500 12824/693/437 12823/696/437
f 12828/697/1500 12827/698/1500 12826/693/437
f 12831/697/1501 12830/699/1215 12829/698/1501
f 12834/697/1501 12833/700/1215 12832/699/1215
f 12837/700/1215 12836/669/35 12835/699/1215
f 12840/700/1215 12839/667/35 12838/669/35
f 12843/668/433 12842/701/433 12841/666/433
f 12846/668/433 12845/702/433 12844/701/433
f 12849/671/446 12848/684/446 12847/682/438
f 12852/684/439 12851/671/439 12850/703/458
f 12855/684/439 12854/703/458 12853/686/458
f 12858/704/347 12857/686/458 12856/703/458
f 12861/704/347 12860/688/1502 12859/686/458
f 12864/705/1216 12863/688/347 12862/704/347
f 12867/705/1216 12866/687/1216 12865/688/347
f 12870/687/1216 12869/705/1216 12868/706/1503
f 12873/687/1216 12872/706/1503 12871/707/1503
f 12876/708/1503 12875/709/1216 12874/710/1503
f 12879/708/1503 12878/711/1216 12877/709/1216
f 12882/711/1216 12881/712/347 12880/709/1216
f 12885/711/1216 12884/713/347 12883/712/347
f 12888/713/347 12887/714/458 12886/712/347
f 12891/713/347 12890/715/458 12889/714/458
f 12894/716/439 12893/714/458 12892/715/458
f 12897/716/439 12896/715/458 12895/672/439
f 12900/671/439 12899/716/439 12898/672/439
f 12903/671/439 12902/717/1504 12901/716/439
f 12906/671/439 12905/682/438 12904/717/438
f 12909/682/438 12908/718/1505 12907/717/438
f 12912/682/438 12911/681/1505 12910/718/1505
f 12915/718/1506 12914/681/1506 12913/678/1507
f 12918/718/1506 12917/678/1507 12916/719/1507
f 12921/719/1508 12920/678/1508 12919/677/478
f 12924/719/1508 12923/677/337 12922/720/337
f 12927/677/337 12926/721/1509 12925/720/337
f 12930/677/337 12929/674/1509 12928/721/1509
f 12933/363/335 12932/378/335 12931/366/335
f 12936/363/335 12935/377/335 12934/378/335
f 12939/363/335 12938/376/335 12937/377/335
f 12942/363/335 12941/380/335 12940/376/335
f 12945/728/848 12944/729/1510 12943/730/848
f 12948/728/848 12947/731/1510 12946/729/1510
f 12951/731/1511 12950/732/1509 12949/729/1511
f 12954/731/1511 12953/733/46 12952/732/46
f 12957/734/44 12956/732/48 12955/733/48
f 12960/734/44 12959/735/44 12958/732/48
f 12963/736/1512 12962/735/44 12961/734/44
f 12966/736/1512 12965/737/1512 12964/735/44
f 12969/738/11 12968/737/1513 12967/736/1513
f 12972/738/11 12971/739/11 12970/737/1513
f 12975/739/11 12974/740/11 12973/740/11
f 12978/739/11 12977/739/11 12976/740/11
f 12981/728/1514 12980/730/1514 12979/729/1510
f 12984/728/848 12983/729/1510 12982/731/1510
f 12987/729/1511 12986/733/1509 12985/731/1511
f 12990/729/1511 12989/732/1509 12988/733/46
f 12993/733/48 12992/732/48 12991/735/44
f 12996/733/48 12995/735/44 12994/734/44
f 12999/735/44 12998/736/1512 12997/734/44
f 13002/735/44 13001/737/1512 13000/736/1512
f 13005/737/1513 13004/738/11 13003/736/1513
f 13008/737/1513 13007/739/11 13006/738/11
f 13011/573/35 13010/574/35 13009/575/35
f 13014/576/35 13013/575/35 13012/577/35
f 13017/578/35 13016/579/35 13015/574/35
f 13020/580/35 13019/577/35 13018/581/35
f 13023/582/35 13022/583/35 13021/579/35
f 13026/584/35 13025/581/35 13024/585/35
f 13029/586/35 13028/587/35 13027/583/35
f 13032/588/35 13031/585/35 13030/589/35
f 13035/590/35 13034/495/35 13033/587/35
f 13038/591/35 13037/589/35 13036/592/35
f 13041/593/35 13040/491/35 13039/495/35
f 13044/594/35 13043/492/35 13042/491/35
f 13047/595/2 13046/596/2 13045/597/2
f 13050/598/2 13049/595/2 13048/599/2
f 13053/596/2 13052/600/2 13051/601/2
f 13056/602/2 13055/598/2 13054/603/2
f 13059/600/2 13058/604/2 13057/605/2
f 13062/606/2 13061/602/2 13060/607/2
f 13065/604/2 13064/608/2 13063/609/2
f 13068/610/2 13067/606/2 13066/611/2
f 13071/608/2 13070/494/2 13069/612/2
f 13074/613/2 13073/610/2 13072/614/2
f 13077/494/2 13076/493/2 13075/615/2
f 13080/493/2 13079/490/2 13078/616/2
f 13083/589/330 13082/613/329 13081/592/329
f 13086/589/330 13085/610/330 13084/613/329
f 13089/606/328 13088/610/331 13087/589/331
f 13092/606/328 13091/589/1515 13090/585/328
f 13095/581/37 13094/606/328 13093/585/328
f 13098/581/37 13097/602/37 13096/606/328
f 13101/577/135 13100/602/37 13099/581/37
f 13104/577/135 13103/598/135 13102/602/37
f 13107/575/326 13106/598/327 13105/577/327
f 13110/575/326 13109/595/326 13108/598/325
f 13113/574/324 13112/595/323 13111/575/323
f 13116/574/324 13115/596/1516 13114/595/323
f 13119/617/41 13118/506/41 13117/505/41
f 13122/618/41 13121/505/41 13120/503/41
f 13125/619/41 13124/508/41 13123/506/41
f 13128/620/41 13127/503/41 13126/500/41
f 13131/621/41 13130/511/41 13129/508/41
f 13134/622/41 13133/512/41 13132/511/41
f 13137/623/37 13136/624/37 13135/625/37
f 13140/623/37 13139/626/37 13138/624/37
f 13143/623/37 13142/627/37 13141/626/37
f 13146/623/37 13145/628/37 13144/627/37
f 13149/623/37 13148/629/37 13147/628/37
f 13152/623/37 13151/630/37 13150/629/37
f 13155/623/37 13154/631/37 13153/630/37
f 13158/740/1509 13157/747/46 13156/747/46
f 13161/740/1509 13160/740/1509 13159/747/1509
f 13164/739/34 13163/748/1517 13162/739/34
f 13167/739/34 13166/748/1517 13165/748/34
f 13170/536/227 13169/537/227 13168/538/227
f 13173/536/227 13172/539/227 13171/537/227
f 13176/540/35 13175/536/35 13174/538/35
f 13179/540/35 13178/541/35 13177/536/35
f 13182/542/2 13181/543/2 13180/544/2
f 13185/542/2 13184/545/2 13183/543/2
f 13188/546/695 13187/545/695 13186/542/695
f 13191/546/695 13190/547/695 13189/545/695
f 13194/548/264 13193/543/264 13192/549/264
f 13197/548/264 13196/544/264 13195/543/264
f 13200/550/2 13199/551/2 13198/552/2
f 13203/550/2 13202/552/2 13201/553/2
f 13206/550/2 13205/553/2 13204/554/2
f 13209/550/2 13208/554/2 13207/555/2
f 13212/550/2 13211/555/2 13210/556/2
f 13215/555/2 13214/549/2 13213/556/2
f 13218/555/2 13217/548/2 13216/549/2
f 13221/536/244 13220/537/244 13219/539/244
f 13224/536/244 13223/538/244 13222/537/244
f 13227/540/2 13226/536/2 13225/541/2
f 13230/540/2 13229/538/2 13228/536/2
f 13233/543/35 13232/542/35 13231/544/35
f 13236/543/35 13235/545/35 13234/542/35
f 13239/553/1518 13238/554/1519 13237/557/1519
f 13242/553/1249 13241/557/1519 13240/558/1249
f 13245/552/1520 13244/553/1249 13243/558/1249
f 13248/552/1520 13247/558/1249 13246/559/1520
f 13251/560/268 13250/552/1521 13249/559/1521
f 13254/560/268 13253/551/1522 13252/552/1521
f 13257/561/267 13256/551/268 13255/560/268
f 13260/561/267 13259/550/267 13258/551/1523
f 13263/562/1524 13262/550/269 13261/561/269
f 13266/562/1524 13265/556/1524 13264/550/269
f 13269/661/41 13268/518/41 13267/520/41
f 13272/661/41 13271/515/41 13270/518/41
f 13275/661/41 13274/516/41 13273/515/41
f 13278/661/41 13277/662/41 13276/516/41
f 13281/661/41 13280/663/41 13279/662/41
f 13284/661/41 13283/664/41 13282/663/41
f 13287/661/41 13286/665/41 13285/664/41
f 13290/545/692 13289/546/692 13288/542/692
f 13293/545/692 13292/547/692 13291/546/692
f 13296/548/275 13295/543/275 13294/544/275
f 13299/548/275 13298/549/275 13297/543/275
f 13302/563/2 13301/564/2 13300/565/2
f 13305/563/2 13304/566/2 13303/564/2
f 13308/567/2 13307/568/2 13306/569/2
f 13311/567/2 13310/570/2 13309/568/2
f 13314/571/2 13313/568/2 13312/570/2
f 13317/571/2 13316/572/2 13315/568/2
f 13320/722/663 13319/661/1525 13318/723/1525
f 13323/722/663 13322/665/663 13321/661/1525
f 13326/724/426 13325/665/663 13324/722/663
f 13329/724/426 13328/664/426 13327/665/663
f 13332/724/1444 13331/663/441 13330/664/1444
f 13335/724/1444 13334/725/441 13333/663/441
f 13338/726/1526 13337/663/1447 13336/725/1447
f 13341/726/1526 13340/662/1526 13339/663/1447
f 13344/516/440 13343/662/1527 13342/726/1527
f 13347/516/440 13346/726/1527 13345/727/440
f 13350/632/2 13349/633/2 13348/634/2
f 13353/632/2 13352/635/2 13351/633/2
f 13356/636/2 13355/637/2 13354/638/2
f 13359/636/2 13358/639/2 13357/637/2
f 13362/640/1528 13361/641/1529 13360/642/1530
f 13365/640/397 13364/643/808 13363/641/1531
f 13368/563/12 13367/640/14 13366/644/12
f 13371/563/11 13370/645/1532 13369/640/14
f 13374/640/14 13373/645/1533 13372/643/808
f 13377/643/808 13376/645/1532 13375/646/452
f 13380/643/808 13379/646/451 13378/647/1534
f 13383/647/1534 13382/648/1535 13381/643/807
f 13386/647/1536 13385/649/1537 13384/648/1538
f 13389/570/1539 13388/567/1540 13387/643/807
f 13392/570/1541 13391/643/807 13390/648/1535
f 13395/571/1542 13394/570/1539 13393/648/1535
f 13398/571/1542 13397/648/1535 13396/650/1543
f 13401/649/1537 13400/650/1543 13399/648/1535
f 13404/649/1537 13403/651/1544 13402/650/1545
f 13407/649/1537 13406/652/230 13405/651/1544
f 13410/649/1546 13409/653/35 13408/652/230
f 13413/649/1537 13412/647/1547 13411/653/35
f 13416/654/35 13415/653/35 13414/647/1547
f 13419/654/35 13418/647/1547 13417/646/453
f 13422/655/35 13421/654/35 13420/646/453
f 13425/655/35 13424/646/452 13423/656/452
f 13428/645/1532 13427/656/451 13426/646/548
f 13431/645/1532 13430/657/549 13429/656/451
f 13434/563/11 13433/657/551 13432/645/1548
f 13437/563/11 13436/565/11 13435/657/551
f 13440/658/1549 13439/659/1544 13438/652/227
f 13443/658/1550 13442/660/1545 13441/659/1544
f 13446/637/1551 13445/660/1543 13444/658/1552
f 13449/637/1553 13448/639/1554 13447/660/1543
f 13452/741/37 13451/528/37 13450/527/37
f 13455/742/37 13454/530/37 13453/528/37
f 13458/743/37 13457/527/37 13456/525/37
f 13461/744/37 13460/532/37 13459/530/37
f 13464/745/37 13463/525/37 13462/522/37
f 13467/746/37 13466/535/37 13465/532/37
f 13470/1191/2 13469/1192/2 13468/1193/2
f 13473/1194/2 13472/1191/2 13471/1195/2
f 13476/1192/2 13475/1196/2 13474/1197/2
f 13479/1196/2 13478/1198/2 13477/1199/2
f 13482/1200/37 13481/1194/602 13480/1201/57
f 13485/1200/855 13484/1191/37 13483/1194/57
f 13488/1202/5 13487/1191/1555 13486/1200/37
f 13491/1202/468 13490/1192/5 13489/1191/37
f 13494/1202/5 13493/1196/1556 13492/1192/5
f 13497/1202/5 13496/1203/41 13495/1196/41
f 13500/1204/57 13499/1196/852 13498/1203/41
f 13503/1204/474 13502/1198/57 13501/1196/41
f 13506/1205/37 13505/1206/37 13504/1207/37
f 13509/1208/37 13508/1205/37 13507/1209/37
f 13512/1206/37 13511/1210/37 13510/1211/37
f 13515/1210/37 13514/1212/37 13513/1213/37
f 13518/1603/35 13517/1208/57 13516/1604/57
f 13521/1603/35 13520/1205/35 13519/1208/474
f 13524/1605/5 13523/1205/35 13522/1603/35
f 13527/1605/5 13526/1206/5 13525/1205/35
f 13530/1606/2 13529/1206/5 13528/1605/5
f 13533/1606/2 13532/1210/2 13531/1206/5
f 13536/1607/57 13535/1210/2 13534/1606/2
f 13539/1607/57 13538/1212/57 13537/1210/2
f 13542/788/37 13541/793/37 13540/794/37
f 13545/788/37 13544/792/37 13543/793/37
f 13548/788/37 13547/791/37 13546/792/37
f 13551/788/37 13550/789/37 13549/791/37
f 13554/788/37 13553/790/37 13552/789/37
f 13557/564/35 13556/563/35 13555/565/35
f 13560/564/35 13559/566/35 13558/563/35
f 13563/633/35 13562/632/35 13561/634/35
f 13566/633/35 13565/635/35 13564/632/35
f 13569/636/35 13568/637/35 13567/639/35
f 13572/636/35 13571/638/35 13570/637/35
f 13575/640/17 13574/641/1557 13573/643/1558
f 13578/640/17 13577/642/1559 13576/641/1560
f 13581/650/1561 13580/651/1562 13579/649/1563
f 13584/650/1564 13583/649/1563 13582/648/1565
f 13587/647/1566 13586/648/1565 13585/649/1563
f 13590/647/1567 13589/643/1568 13588/648/1565
f 13593/646/478 13592/643/966 13591/647/1567
f 13596/646/337 13595/645/1569 13594/643/1558
f 13599/640/17 13598/643/1558 13597/645/1569
f 13602/563/465 13601/640/17 13600/645/1569
f 13605/563/8 13604/644/8 13603/640/16
f 13608/571/1570 13607/650/1561 13606/648/1565
f 13611/571/1570 13610/648/1565 13609/570/1571
f 13614/570/1572 13613/648/1565 13612/643/966
f 13617/570/1571 13616/643/1558 13615/567/1573
f 13620/637/1574 13619/660/1561 13618/639/1575
f 13623/637/1576 13622/658/1577 13621/660/1561
f 13626/658/879 13625/659/1562 13624/660/1564
f 13629/658/878 13628/652/244 13627/659/1562
f 13632/649/1563 13631/659/1562 13630/652/243
f 13635/649/1563 13634/652/243 13633/653/2
f 13638/649/1563 13637/653/2 13636/647/1578
f 13641/647/1578 13640/653/2 13639/654/2
f 13644/647/1578 13643/654/2 13642/646/340
f 13647/646/340 13646/654/2 13645/655/2
f 13650/646/337 13649/655/2 13648/656/337
f 13653/645/1569 13652/646/478 13651/656/339
f 13656/645/1569 13655/656/478 13654/657/338
f 13659/563/465 13658/645/1579 13657/657/336
f 13662/563/465 13661/657/336 13660/565/465
f 13665/666/1580 13664/667/1580 13663/668/1580
f 13668/666/1580 13667/669/1580 13666/667/1580
f 13671/670/1581 13670/671/1581 13669/672/1581
f 13674/670/1581 13673/673/1581 13672/671/1581
f 13677/674/35 13676/675/35 13675/676/35
f 13680/674/35 13679/677/35 13678/675/35
f 13683/675/35 13682/677/35 13681/678/35
f 13686/675/35 13685/678/35 13684/679/35
f 13689/680/35 13688/679/35 13687/678/35
f 13692/680/35 13691/678/35 13690/681/35
f 13695/682/35 13694/680/35 13693/681/35
f 13698/682/35 13697/683/35 13696/680/35
f 13701/683/35 13700/682/35 13699/684/35
f 13704/683/35 13703/684/35 13702/685/35
f 13707/686/35 13706/685/35 13705/684/35
f 13710/686/35 13709/687/35 13708/685/35
f 13713/686/35 13712/688/35 13711/687/35
f 13716/689/670 13715/690/670 13714/691/670
f 13719/692/670 13718/689/670 13717/691/670
f 13722/692/669 13721/693/1582 13720/689/669
f 13725/694/1583 13724/692/1583 13723/695/1583
f 13728/692/669 13727/694/669 13726/696/1582
f 13731/692/669 13730/696/1582 13729/693/1582
f 13734/697/1584 13733/693/562 13732/696/562
f 13737/697/1584 13736/698/1584 13735/693/562
f 13740/697/1585 13739/699/1050 13738/698/1585
f 13743/697/1585 13742/700/1050 13741/699/1050
f 13746/700/1050 13745/669/37 13744/699/1050
f 13749/700/1050 13748/667/37 13747/669/37
f 13752/668/558 13751/701/558 13750/666/558
f 13755/668/558 13754/702/558 13753/701/558
f 13758/1408/1586 13757/1409/743 13756/1410/188
f 13761/1408/1586 13760/1410/188 13759/1411/1587
f 13764/1412/1588 13763/1408/1586 13762/1411/1589
f 13767/1412/1588 13766/1411/1589 13765/1413/102
f 13770/1414/1590 13769/1412/1591 13768/1413/1592
f 13773/1414/1590 13772/1415/1593 13771/1412/1588
f 13776/1411/1587 13775/1410/189 13774/1416/238
f 13779/978/1594 13778/1093/1594 13777/1090/1594
f 13782/978/1594 13781/1090/1594 13780/1415/1593
f 13785/978/1594 13784/1415/1595 13783/999/1594
f 13788/1414/1596 13787/999/1594 13786/1415/1597
f 13791/1414/1596 13790/1000/1594 13789/999/1594
f 13794/1414/1598 13793/1003/1599 13792/1000/1594
f 13797/1414/1598 13796/1417/407 13795/1003/1599
f 13800/1417/407 13799/1414/1600 13798/1413/1601
f 13803/1417/407 13802/1413/1601 13801/1418/1602
f 13806/1411/1587 13805/1418/1603 13804/1413/102
f 13809/1411/1587 13808/1419/1604 13807/1418/1603
f 13812/1411/1587 13811/1416/238 13810/1419/1604
f 13815/1419/1605 13814/1416/238 13813/1420/237
f 13818/1419/1606 13817/1420/237 13816/1421/1549
f 13821/1421/1550 13820/1420/236 13819/1422/235
f 13824/1421/1550 13823/1422/235 13822/1423/1607
f 13827/1022/1608 13826/1423/1607 13825/1422/235
f 13830/1022/1608 13829/1021/1609 13828/1423/1607
f 13833/1424/1610 13832/1417/399 13831/1418/1611
f 13836/1424/1610 13835/1418/1611 13834/1425/1612
f 13839/1419/1604 13838/1425/1613 13837/1418/1603
f 13842/1419/1604 13841/1421/1549 13840/1425/1614
f 13845/1425/1614 13844/1421/1552 13843/1423/1615
f 13848/1425/1614 13847/1423/1615 13846/1426/1616
f 13851/1426/1616 13850/1424/1617 13849/1425/1612
f 13854/1426/1616 13853/1427/1618 13852/1424/1617
f 13857/1423/1615 13856/1021/1619 13855/1025/1620
f 13860/1423/1615 13859/1025/1620 13858/1426/1621
f 13863/1026/1622 13862/1426/1623 13861/1025/1624
f 13866/1026/1625 13865/1427/1626 13864/1426/1623
f 13869/1028/856 13868/1427/1626 13867/1026/1622
f 13872/1028/856 13871/1098/1627 13870/1427/1626
f 13875/1003/1599 13874/1417/399 13873/1424/1617
f 13878/1003/1628 13877/1424/1610 13876/981/1629
f 13881/984/1630 13880/981/1630 13879/1424/1617
f 13884/984/1630 13883/1424/1617 13882/1427/1626
f 13887/986/1630 13886/984/1630 13885/1427/1626
f 13890/988/1630 13889/986/1630 13888/1427/1626
f 13893/990/1630 13892/988/1630 13891/1427/1626
f 13896/990/1630 13895/1427/1626 13894/1098/1631
f 13899/990/1629 13898/1098/1627 13897/992/1629
f 13902/1098/1631 13901/994/1629 13900/992/1629
f 13905/1098/1627 13904/996/1630 13903/994/1630
f 13908/1096/1630 13907/996/1630 13906/1098/1631
f 13911/1096/1630 13910/972/1630 13909/996/1630
f 13914/972/1629 13913/1096/1629 13912/1094/1599
f 13917/972/1629 13916/1094/1599 13915/975/1599
f 13920/1094/1599 13919/977/1594 13918/975/1599
f 13923/1094/1599 13922/1093/1594 13921/977/1594
f 13926/978/1594 13925/977/1594 13924/1093/1594
f 13929/847/41 13928/852/41 13927/853/41
f 13932/847/41 13931/851/41 13930/852/41
f 13935/847/41 13934/850/41 13933/851/41
f 13938/847/41 13937/848/41 13936/850/41
f 13941/847/41 13940/849/41 13939/848/41
f 13944/1472/57 13943/1308/57 13942/1307/57
f 13947/1472/57 13946/1473/57 13945/1308/57
f 13950/1313/57 13949/1308/57 13948/1473/57
f 13953/1313/57 13952/1473/57 13951/1474/57
f 13956/1313/57 13955/1475/57 13954/1476/57
f 13959/1313/57 13958/1476/57 13957/1314/57
f 13962/1476/57 13961/1315/57 13960/1314/57
f 13965/1476/57 13964/1477/57 13963/1315/57
f 13968/1477/57 13967/1316/57 13966/1315/57
f 13971/1477/57 13970/1478/57 13969/1316/57
f 13974/1478/57 13973/1317/57 13972/1316/57
f 13977/1478/57 13976/1479/57 13975/1317/57
f 13980/1480/57 13979/1317/57 13978/1479/57
f 13983/1480/57 13982/1318/57 13981/1317/57
f 13986/873/1632 13985/848/2 13984/874/2
f 13989/873/1632 13988/850/1632 13987/848/2
f 13992/851/1633 13991/850/1634 13990/873/1634
f 13995/851/1633 13994/873/1634 13993/872/1633
f 13998/871/5 13997/851/1635 13996/872/1636
f 14001/871/5 14000/852/5 13999/851/1635
f 14004/870/1637 14003/852/5 14002/871/5
f 14007/870/1637 14006/853/1637 14005/852/598
f 14010/847/1638 14009/853/1639 14008/870/1639
f 14013/847/1638 14012/870/1640 14011/868/1638
f 14016/849/1641 14015/847/1642 14014/868/1642
f 14019/849/1641 14018/868/1642 14017/869/1641
f 14022/1481/37 14021/1319/37 14020/1318/37
f 14025/1481/37 14024/1482/37 14023/1319/37
f 14028/1483/37 14027/1319/37 14026/1482/37
f 14031/1483/37 14030/1320/37 14029/1319/37
f 14034/1483/37 14033/1321/1643 14032/1320/37
f 14037/1483/37 14036/1484/1643 14035/1321/1643
f 14040/1323/1644 14039/1485/1580 14038/1486/1580
f 14043/1323/1644 14042/1487/1644 14041/1485/1580
f 14046/1321/1643 14045/1487/1645 14044/1323/1644
f 14049/1321/1643 14048/1488/1643 14047/1487/1646
f 14052/1301/1647 14051/1489/1647 14050/1392/1647
f 14055/1301/1647 14054/1490/1647 14053/1489/1647
f 14058/1393/1648 14057/1304/1648 14056/1302/1648
f 14061/1393/1649 14060/1491/1650 14059/1304/1650
f 14064/1390/1651 14063/1387/1651 14062/1492/1652
f 14067/1390/1653 14066/1492/1652 14065/1493/1654
f 14070/1493/1655 14069/1492/1652 14068/1494/1656
f 14073/1493/1657 14072/1494/1658 14071/1495/1659
f 14076/1495/1660 14075/1494/1661 14074/1496/1662
f 14079/1495/1659 14078/1496/1662 14077/1497/1663
f 14082/1498/1296 14081/1497/1664 14080/1496/1662
f 14085/1498/1665 14084/1496/1662 14083/1499/1666
f 14088/1496/1667 14087/1364/1668 14086/1499/64
f 14091/1496/1662 14090/1365/1669 14089/1364/1670
f 14094/1494/1656 14093/1365/1671 14092/1496/1662
f 14097/1494/1656 14096/1366/1672 14095/1365/1671
f 14100/1367/1673 14099/1366/1674 14098/1494/1656
f 14103/1367/1675 14102/1494/1656 14101/1492/1652
f 14106/1387/1653 14105/1367/1675 14104/1492/1652
f 14109/1387/1653 14108/1371/1676 14107/1367/1675
f 14112/1608/238 14111/1609/238 14110/1610/74
f 14115/1608/238 14114/1610/74 14113/1611/1677
f 14118/1610/74 14117/1608/1678 14116/1611/74
f 14121/1610/1679 14120/1609/1678 14119/1608/1678
f 14124/955/1680 14123/956/1680 14122/957/1680
f 14127/927/1680 14126/956/1680 14125/955/1680
f 14130/927/1681 14129/930/1681 14128/956/1681
f 14133/956/1681 14132/930/1681 14131/958/1681
f 14136/958/1681 14135/930/1681 14134/959/1681
f 14139/930/1680 14138/960/1680 14137/959/1680
f 14142/930/1680 14141/961/1267 14140/960/1680
f 14145/931/1267 14144/961/1267 14143/930/1680
f 14148/931/1267 14147/962/1267 14146/961/1267
f 14151/963/1267 14150/962/1267 14149/931/1267
f 14154/964/1682 14153/965/1683 14152/966/1682
f 14157/964/1684 14156/967/1685 14155/965/1685
f 14160/967/1685 14159/968/1686 14158/965/1685
f 14163/967/1687 14162/969/1686 14161/968/1686
f 14166/970/1688 14165/968/1689 14164/969/1689
f 14169/970/1690 14168/969/1686 14167/971/1690
f 14172/931/57 14171/928/57 14170/932/57
f 14175/931/57 14174/930/57 14173/928/57
f 14178/929/57 14177/928/57 14176/930/57
f 14181/929/57 14180/930/57 14179/927/57
f 14184/363/5 14183/364/5 14182/365/5
f 14187/363/5 14186/366/5 14185/364/5
f 14190/371/65 14189/350/65 14188/372/65
f 14193/371/65 14192/351/65 14191/350/65
f 14196/1500/1691 14195/361/1691 14194/1501/1691
f 14199/1500/1691 14198/356/1691 14197/361/1691
f 14202/1502/5 14201/350/5 14200/1500/5
f 14205/1502/5 14204/479/5 14203/350/5
f 14208/363/5 14207/364/5 14206/365/5
f 14211/363/5 14210/366/5 14209/364/5
f 14214/351/76 14213/372/76 14212/371/76
f 14217/351/76 14216/350/76 14215/372/76
f 14220/363/242 14219/376/242 14218/380/242
f 14223/363/242 14222/377/242 14221/376/242
f 14226/363/242 14225/378/242 14224/377/242
f 14229/363/242 14228/366/242 14227/378/242
f 14232/737/37 14231/748/37 14230/739/37
f 14235/737/37 14234/730/37 14233/748/37
f 14238/737/37 14237/729/37 14236/730/37
f 14241/737/37 14240/732/37 14239/729/37
f 14244/737/37 14243/735/37 14242/732/37
f 14247/1107/655 14246/1167/655 14245/1190/655
f 14250/1107/655 14249/1168/1692 14248/1167/655
f 14253/1107/655 14252/1131/655 14251/1168/1693
f 14256/1131/655 14255/1182/1694 14254/1168/1692
f 14259/1131/655 14258/1128/655 14257/1182/1694
f 14262/1125/654 14261/1182/1695 14260/1128/655
f 14265/1125/654 14264/1183/503 14263/1182/1695
f 14268/1125/654 14267/1176/1696 14266/1183/497
f 14271/1184/1697 14270/1183/503 14269/1176/1698
f 14274/1184/1699 14273/1176/1698 14272/1178/1700
f 14277/1185/1701 14276/1184/1702 14275/1178/1703
f 14280/1185/1701 14279/1178/1700 14278/1180/1494
f 14283/1148/264 14282/1185/1701 14281/1180/1493
f 14286/1150/254 14285/1148/255 14284/1180/1493
f 14289/1150/254 14288/1180/1493 14287/1179/1704
f 14292/1153/343 14291/1150/254 14290/1179/1704
f 14295/1153/343 14294/1179/1705 14293/1159/1706
f 14298/1163/31 14297/1159/1707 14296/1179/1705
f 14301/1178/1708 14300/1179/1705 14299/1180/1492
f 14304/1171/1709 14303/1168/1693 14302/1182/1710
f 14307/1171/1711 14306/1182/1710 14305/1186/1712
f 14310/1186/1712 14309/1182/1713 14308/1183/503
f 14313/1186/1714 14312/1183/503 14311/1184/1699
f 14316/1187/1715 14315/1186/27 14314/1184/1702
f 14319/1187/1715 14318/1184/1702 14317/1185/1701
f 14322/1147/263 14321/1187/1715 14320/1185/1701
f 14325/1148/264 14324/1147/263 14323/1185/1716
f 14328/1147/263 14327/1145/87 14326/1187/1715
f 14331/1172/1717 14330/1145/87 14329/1142/747
f 14334/1172/1717 14333/1187/1715 14332/1145/87
f 14337/1171/1709 14336/1187/1718 14335/1172/1717
f 14340/1171/1709 14339/1186/27 14338/1187/1718
f 14343/1125/654 14342/1123/653 14341/1176/1696
f 14346/1121/652 14345/1176/1696 14344/1123/652
f 14349/1163/31 14348/1179/1705 14347/1175/1719
f 14352/1175/1720 14351/1154/1721 14350/1163/31
f 14355/1175/1722 14354/1177/1723 14353/1154/1724
f 14358/1157/1725 14357/1154/1721 14356/1177/1723
f 14361/1157/1725 14360/1177/1723 14359/1181/1726
f 14364/1178/1708 14363/1175/1719 14362/1179/1705
f 14367/1175/1720 14366/1178/1700 14365/1176/1696
f 14370/1175/1720 14369/1176/1696 14368/1177/1727
f 14373/1121/652 14372/1177/1723 14371/1176/1696
f 14376/1119/652 14375/1177/1723 14374/1121/652
f 14379/1117/652 14378/1177/1723 14377/1119/652
f 14382/1115/652 14381/1177/1723 14380/1117/652
f 14385/1115/652 14384/1181/1728 14383/1177/1723
f 14388/1115/653 14387/1113/653 14386/1181/1726
f 14391/1181/1728 14390/1113/652 14389/1111/652
f 14394/1181/1728 14393/1111/652 14392/1108/652
f 14397/1108/652 14396/1188/652 14395/1181/1728
f 14400/1108/652 14399/1099/652 14398/1188/652
f 14403/1099/653 14402/1189/654 14401/1188/653
f 14406/1099/653 14405/1101/654 14404/1189/654
f 14409/1105/655 14408/1189/654 14407/1101/654
f 14412/1105/655 14411/1190/655 14410/1189/654
f 14415/1107/655 14414/1190/655 14413/1105/655
f 14418/1612/5 14417/780/5 14416/787/5
f 14421/1612/5 14420/1613/5 14419/780/5
f 14424/1612/5 14423/1614/5 14422/1613/5
f 14427/1612/5 14426/1615/5 14425/1614/5
f 14430/1616/5 14429/1553/5 14428/1554/5
f 14433/1616/5 14432/1617/5 14431/1553/5
f 14436/1553/5 14435/1617/5 14434/1618/5
f 14439/1553/5 14438/1618/5 14437/1557/5
f 14442/1557/5 14441/1618/5 14440/1619/5
f 14445/1557/5 14444/1619/5 14443/1558/5
f 14448/1558/5 14447/1619/5 14446/1618/5
f 14451/1558/5 14450/1618/5 14449/1557/5
f 14454/1553/5 14453/1557/5 14452/1618/5
f 14457/1553/5 14456/1618/5 14455/1617/5
f 14460/1553/5 14459/1617/5 14458/1616/5
f 14463/1553/5 14462/1616/5 14461/1554/5
f 14466/1554/5 14465/1616/5 14464/1620/5
f 14469/1554/5 14468/1620/5 14467/1560/5
f 14472/1560/5 14471/1620/5 14470/1621/5
f 14475/1560/5 14474/1621/5 14473/1562/5
f 14478/1562/5 14477/1621/5 14476/1622/5
f 14481/1562/5 14480/1622/5 14479/1565/5
f 14484/1565/5 14483/1622/5 14482/1621/5
f 14487/1565/5 14486/1621/5 14485/1562/5
f 14490/1621/5 14489/1560/5 14488/1562/5
f 14493/1621/5 14492/1620/5 14491/1560/5
f 14496/1620/5 14495/1554/5 14494/1560/5
f 14499/1620/5 14498/1616/5 14497/1554/5
f 14502/1005/37 14501/1006/37 14500/1007/37
f 14505/1005/37 14504/1008/1580 14503/1006/37
f 14508/1005/37 14507/1009/1729 14506/1008/1729
f 14511/1010/1730 14510/1008/1580 14509/1009/1580
f 14514/1010/482 14513/1009/1580 14512/1011/482
f 14517/1012/1050 14516/1010/482 14515/1011/482
f 14520/1012/1050 14519/1013/1585 14518/1010/482
f 14523/1012/1050 14522/1014/1585 14521/1013/1585
f 14526/1014/1584 14525/1015/562 14524/1013/1584
f 14529/1014/1584 14528/1016/562 14527/1015/562
f 14532/1017/669 14531/1015/1582 14530/1016/1582
f 14535/1017/670 14534/1018/670 14533/1015/1582
f 14538/1017/670 14537/1019/670 14536/1018/670
f 14541/1608/37 14540/1609/37 14539/1610/1731
f 14544/1608/37 14543/1610/1731 14542/1611/1731
f 14547/1610/1731 14546/1608/227 14545/1611/1731
f 14550/1610/1731 14549/1609/227 14548/1608/227
f 14553/1603/41 14552/1208/329 14551/1604/329
f 14556/1603/41 14555/1205/41 14554/1208/329
f 14559/1605/324 14558/1205/41 14557/1603/41
f 14562/1605/324 14561/1206/324 14560/1205/41
f 14565/1606/1732 14564/1206/5 14563/1605/5
f 14568/1606/1732 14567/1210/1732 14566/1206/5
f 14571/1607/57 14570/1210/1733 14569/1606/1733
f 14574/1607/57 14573/1212/1734 14572/1210/1733
f 14577/1046/41 14576/747/41 14575/1050/41
f 14580/1046/41 14579/740/41 14578/747/41
f 14583/1046/41 14582/1049/41 14581/740/41
f 14586/1046/41 14585/1047/41 14584/1049/41
f 14589/1046/41 14588/1048/41 14587/1047/41
f 14592/1612/5 14591/780/5 14590/787/5
f 14595/1612/5 14594/1613/5 14593/780/5
f 14598/1612/5 14597/1614/5 14596/1613/5
f 14601/1612/5 14600/1615/5 14599/1614/5
f 14604/944/2 14603/945/2 14602/946/2
f 14607/947/2 14606/946/2 14605/945/2
f 14610/947/2 14609/948/2 14608/946/2
f 14613/947/2 14612/949/2 14611/948/2
f 14616/352/242 14615/353/242 14614/351/242
f 14619/354/242 14618/352/242 14617/351/242
f 14622/351/242 14621/356/242 14620/354/242
f 14625/351/242 14624/350/242 14623/356/242
f 14628/922/35 14627/923/35 14626/924/35
f 14631/922/35 14630/925/35 14629/923/35
f 14634/922/35 14633/926/35 14632/925/35
f 14637/363/587 14636/376/587 14635/380/587
f 14640/363/587 14639/377/587 14638/376/587
f 14643/363/587 14642/378/587 14641/377/587
f 14646/363/587 14645/366/587 14644/378/587
f 14649/912/37 14648/702/37 14647/913/37
f 14652/912/37 14651/701/37 14650/702/37
f 14655/912/37 14654/914/37 14653/701/37
f 14658/351/229 14657/356/229 14656/350/229
f 14661/351/229 14660/354/229 14659/356/229
f 14664/354/229 14663/351/229 14662/352/229
f 14667/352/229 14666/351/229 14665/353/229
f 14670/311/5 14669/1597/5 14668/275/5
f 14673/311/5 14672/1596/5 14671/1597/5
f 14676/311/5 14675/1598/5 14674/1596/5
f 14679/311/5 14678/315/5 14677/1598/5
f 14682/315/5 14681/1599/5 14680/1598/5
f 14685/315/5 14684/316/5 14683/1599/5
f 14688/316/5 14687/1600/5 14686/1599/5
f 14691/316/5 14690/319/5 14689/1600/5
f 14694/319/5 14693/1601/5 14692/1600/5
f 14697/319/5 14696/320/5 14695/1601/5
f 14700/320/5 14699/1602/5 14698/1601/5
f 14703/320/5 14702/322/5 14701/1602/5
f 14706/1601/5 14705/1602/5 14704/322/5
f 14709/1601/5 14708/322/5 14707/320/5
f 14712/1601/5 14711/320/5 14710/319/5
f 14715/1601/5 14714/319/5 14713/1600/5
f 14718/1600/5 14717/319/5 14716/316/5
f 14721/1600/5 14720/316/5 14719/1599/5
f 14724/1599/5 14723/316/5 14722/315/5
f 14727/1599/5 14726/315/5 14725/1598/5
f 14730/1598/5 14729/315/5 14728/311/5
f 14733/1598/5 14732/311/5 14731/1596/5
f 14736/275/5 14735/1596/5 14734/311/5
f 14739/275/5 14738/1597/5 14737/1596/5
f 14742/363/254 14741/378/254 14740/366/254
f 14745/363/254 14744/377/254 14743/378/254
f 14748/363/254 14747/376/254 14746/377/254
f 14751/363/254 14750/380/254 14749/376/254
f 14754/1580/1433 14753/1581/37 14752/1583/37
f 14757/1580/1432 14756/1582/61 14755/1581/37
f 14760/1580/831 14759/1584/61 14758/1582/61
f 14763/1584/61 14762/1587/335 14761/1582/61
f 14766/1584/61 14765/1586/335 14764/1587/335
f 14769/1587/335 14768/1586/335 14767/1588/279
f 14772/1587/335 14771/1588/279 14770/1589/279
f 14775/1589/278 14774/1588/278 14773/1591/294
f 14778/1589/278 14777/1591/294 14776/1590/294
f 14781/1590/294 14780/1591/294 14779/1592/64
f 14784/1590/294 14783/1592/64 14782/1593/64
f 14787/1593/64 14786/1592/64 14785/1595/65
f 14790/1593/64 14789/1595/65 14788/1594/65
f 14793/1593/66 14792/1594/65 14791/1595/65
f 14796/1593/66 14795/1595/65 14794/1592/66
f 14799/1590/307 14798/1593/67 14797/1592/67
f 14802/1590/307 14801/1592/67 14800/1591/307
f 14805/1590/307 14804/1591/307 14803/1588/275
f 14808/1580/831 14807/1585/831 14806/1584/61
f 14811/1590/307 14810/1588/275 14809/1589/275
f 14814/1587/587 14813/1589/274 14812/1588/274
f 14817/1587/587 14816/1588/274 14815/1586/587
f 14820/1582/70 14819/1587/587 14818/1586/587
f 14823/1582/70 14822/1586/587 14821/1584/70
f 14826/1580/1436 14825/1582/70 14824/1584/70
f 14829/1580/1435 14828/1581/35 14827/1582/71
f 14832/1580/1735 14831/1583/35 14830/1581/35
f 14835/1580/1436 14834/1584/70 14833/1585/1436
f 14838/573/37 14837/574/37 14836/575/37
f 14841/576/37 14840/575/37 14839/577/37
f 14844/578/37 14843/579/37 14842/574/37
f 14847/580/37 14846/577/37 14845/581/37
f 14850/582/37 14849/583/37 14848/579/37
f 14853/584/37 14852/581/37 14851/585/37
f 14856/586/37 14855/587/37 14854/583/37
f 14859/588/37 14858/585/37 14857/589/37
f 14862/590/37 14861/495/37 14860/587/37
f 14865/591/37 14864/589/37 14863/592/37
f 14868/593/37 14867/491/37 14866/495/37
f 14871/594/37 14870/492/37 14869/491/37
f 14874/595/41 14873/596/41 14872/597/41
f 14877/598/41 14876/595/41 14875/599/41
f 14880/596/41 14879/600/41 14878/601/41
f 14883/602/41 14882/598/41 14881/603/41
f 14886/600/41 14885/604/41 14884/605/41
f 14889/606/41 14888/602/41 14887/607/41
f 14892/604/41 14891/608/41 14890/609/41
f 14895/610/41 14894/606/41 14893/611/41
f 14898/608/41 14897/494/41 14896/612/41
f 14901/613/41 14900/610/41 14899/614/41
f 14904/494/41 14903/493/41 14902/615/41
f 14907/493/41 14906/490/41 14905/616/41
f 14910/589/475 14909/613/474 14908/592/474
f 14913/589/475 14912/610/475 14911/613/474
f 14916/606/332 14915/610/476 14914/589/476
f 14919/606/332 14918/589/476 14917/585/332
f 14922/581/2 14921/606/473 14920/585/473
f 14925/581/2 14924/602/2 14923/606/473
f 14928/577/33 14927/602/2 14926/581/1736
f 14931/577/33 14930/598/33 14929/602/2
f 14934/575/470 14933/598/471 14932/577/471
f 14937/575/470 14936/595/470 14935/598/469
f 14940/574/468 14939/595/440 14938/575/440
f 14943/574/468 14942/596/468 14941/595/440
f 14946/617/35 14945/506/35 14944/505/35
f 14949/618/35 14948/505/35 14947/503/35
f 14952/619/35 14951/508/35 14950/506/35
f 14955/620/35 14954/503/35 14953/500/35
f 14958/621/35 14957/511/35 14956/508/35
f 14961/622/35 14960/512/35 14959/511/35
f 14964/623/2 14963/624/2 14962/625/2
f 14967/623/2 14966/626/2 14965/624/2
f 14970/623/2 14969/627/2 14968/626/2
f 14973/623/2 14972/628/2 14971/627/2
f 14976/623/2 14975/629/2 14974/628/2
f 14979/623/2 14978/630/2 14977/629/2
f 14982/623/2 14981/631/2 14980/630/2
f 14985/363/88 14984/378/88 14983/366/88
f 14988/363/88 14987/377/88 14986/378/88
f 14991/376/88 14990/377/88 14989/363/88
f 14994/376/88 14993/363/88 14992/1623/88
f 14997/1623/88 14996/363/88 14995/380/88
f 15000/661/35 14999/518/35 14998/520/35
f 15003/661/35 15002/515/35 15001/518/35
f 15006/661/35 15005/516/35 15004/515/35
f 15009/661/35 15008/662/35 15007/516/35
f 15012/661/35 15011/663/35 15010/662/35
f 15015/661/35 15014/664/35 15013/663/35
f 15018/661/35 15017/665/35 15016/664/35
f 15021/1500/187 15020/350/187 15019/351/187
f 15024/351/187 15023/356/187 15022/1500/187
f 15027/351/187 15026/354/187 15025/356/187
f 15030/354/187 15029/351/187 15028/352/187
f 15033/352/187 15032/351/187 15031/353/187
f 15036/722/1249 15035/661/1737 15034/723/1737
f 15039/722/1249 15038/665/1249 15037/661/1737
f 15042/724/1520 15041/665/1249 15040/722/1249
f 15045/724/1520 15044/664/1520 15043/665/1249
f 15048/724/1521 15047/663/268 15046/664/1521
f 15051/724/1738 15050/725/268 15049/663/268
f 15054/726/1739 15053/663/1523 15052/725/1740
f 15057/726/1739 15056/662/1739 15055/663/268
f 15060/516/565 15059/662/1741 15058/726/1741
f 15063/516/565 15062/726/1741 15061/727/565
f 15066/1624/35 15065/954/35 15064/1625/35
f 15069/1624/35 15068/1625/35 15067/1626/35
f 15072/964/35 15071/1626/35 15070/1625/35
f 15075/964/35 15074/1627/35 15073/1626/35
f 15078/741/2 15077/528/2 15076/527/2
f 15081/742/2 15080/530/2 15079/528/2
f 15084/743/2 15083/527/2 15082/525/2
f 15087/744/2 15086/532/2 15085/530/2
f 15090/745/2 15089/525/2 15088/522/2
f 15093/746/2 15092/535/2 15091/532/2
f 15096/714/2 15095/709/2 15094/712/2
f 15099/714/2 15098/1018/2 15097/709/2
f 15102/714/2 15101/716/2 15100/1018/2
f 15105/716/2 15104/1015/2 15103/1018/2
f 15108/716/2 15107/717/2 15106/1015/2
f 15111/1013/2 15110/1015/2 15109/717/2
f 15114/1013/2 15113/717/2 15112/718/2
f 15117/719/2 15116/1013/2 15115/718/2
f 15120/719/2 15119/1010/2 15118/1013/2
f 15123/719/2 15122/1008/2 15121/1010/2
f 15126/719/2 15125/720/2 15124/1008/2
f 15129/1008/2 15128/720/2 15127/721/2
f 15132/1008/2 15131/721/2 15130/1006/2
f 15135/1046/2 15134/1047/2 15133/1048/2
f 15138/1046/2 15137/1049/2 15136/1047/2
f 15141/1046/2 15140/740/2 15139/1049/2
f 15144/1046/2 15143/747/2 15142/740/2
f 15147/1046/2 15146/1050/2 15145/747/2
f 15150/952/5 15149/1625/5 15148/954/5
f 15153/952/5 15152/1628/5 15151/1625/5
f 15156/938/5 15155/1628/5 15154/952/5
f 15159/938/5 15158/952/5 15157/936/5
f 15162/737/35 15161/732/35 15160/735/35
f 15165/737/35 15164/729/35 15163/732/35
f 15168/737/35 15167/730/35 15166/729/35
f 15171/737/35 15170/748/35 15169/730/35
f 15174/737/35 15173/739/35 15172/748/35
f 15177/1628/1742 15176/969/1234 15175/967/1234
f 15180/1629/1742 15179/969/1743 15178/1628/1742
f 15183/1628/1742 15182/1630/1742 15181/1629/1742
f 15186/1630/1742 15185/1628/1742 15184/938/1742
f 15189/1630/1742 15188/938/1742 15187/1631/1742
f 15192/943/1742 15191/1631/1742 15190/938/1742
f 15195/1629/1742 15194/971/1742 15193/969/1743
f 15198/1628/1742 15197/967/1234 15196/1625/1234
f 15201/1625/1234 15200/967/1234 15199/964/1234
f 15204/1306/228 15203/1632/228 15202/1307/228
f 15207/1306/228 15206/1633/228 15205/1632/228
f 15210/1306/228 15209/1491/228 15208/1633/228
f 15213/1306/228 15212/1304/228 15211/1491/228
f 15216/1046/35 15215/747/35 15214/1050/35
f 15219/1046/35 15218/740/35 15217/747/35
f 15222/1046/35 15221/1049/35 15220/740/35
f 15225/1046/35 15224/1047/35 15223/1049/35
f 15228/1046/35 15227/1048/35 15226/1047/35
f 15231/1323/5 15230/1486/5 15229/1324/5
f 15234/1486/5 15233/1337/5 15232/1324/5
f 15237/1486/5 15236/1634/5 15235/1337/5
f 15240/1337/5 15239/1634/5 15238/1635/5
f 15243/1337/5 15242/1635/5 15241/1335/5
f 15246/1335/5 15245/1635/5 15244/1636/5
f 15249/1335/5 15248/1636/5 15247/1289/5
f 15252/1298/5 15251/1289/5 15250/1636/5
f 15255/1298/5 15254/1636/5 15253/1637/5
f 15258/1298/5 15257/1637/5 15256/1638/5
f 15261/1298/5 15260/1638/5 15259/1299/5
f 15264/1490/5 15263/1299/5 15262/1638/5
f 15267/1490/5 15266/1301/5 15265/1299/5
f 15270/886/1583 15269/685/1583 15268/887/1583
f 15273/886/669 15272/683/1582 15271/685/669
f 15276/886/669 15275/888/1582 15274/683/1582
f 15279/680/1584 15278/683/562 15277/888/562
f 15282/680/1584 15281/888/562 15280/889/1584
f 15285/890/1050 15284/680/1585 15283/889/1585
f 15288/890/1050 15287/679/482 15286/680/1585
f 15291/890/1050 15290/891/482 15289/679/482
f 15294/892/1580 15293/679/482 15292/891/482
f 15297/892/1580 15296/675/1580 15295/679/482
f 15300/893/37 15299/675/1729 15298/892/1729
f 15303/893/37 15302/676/37 15301/675/1580
f 15306/893/37 15305/894/37 15304/676/37
f 15309/737/2 15308/748/2 15307/739/2
f 15312/737/2 15311/730/2 15310/748/2
f 15315/737/2 15314/729/2 15313/730/2
f 15318/737/2 15317/732/2 15316/729/2
f 15321/737/2 15320/735/2 15319/732/2
f 15324/880/35 15323/881/35 15322/882/35
f 15327/880/35 15326/883/35 15325/881/35
f 15330/880/35 15329/884/35 15328/883/35
f 15333/885/35 15332/883/35 15331/884/35
f 15336/875/2 15335/876/2 15334/877/2
f 15339/875/2 15338/878/2 15337/876/2
f 15342/875/2 15341/879/2 15340/878/2
f 15345/1191/41 15344/1192/41 15343/1193/41
f 15348/1194/41 15347/1191/41 15346/1195/41
f 15351/1192/41 15350/1196/41 15349/1197/41
f 15354/1196/41 15353/1198/41 15352/1199/41
f 15357/1200/2 15356/1194/329 15355/1201/1744
f 15360/1200/472 15359/1191/2 15358/1194/57
f 15363/1202/5 15362/1191/1736 15361/1200/1745
f 15366/1202/360 15365/1192/5 15364/1191/2
f 15369/1202/5 15368/1196/35 15367/1192/5
f 15372/1202/1746 15371/1203/35 15370/1196/35
f 15375/1204/57 15374/1196/600 15373/1203/35
f 15378/1204/357 15377/1198/57 15376/1196/35
f 15381/1205/2 15380/1206/2 15379/1207/2
f 15384/1208/2 15383/1205/2 15382/1209/2
f 15387/1206/2 15386/1210/2 15385/1211/2
f 15390/1210/2 15389/1212/2 15388/1213/2
f 15393/1603/37 15392/1208/357 15391/1604/357
f 15396/1603/37 15395/1205/37 15394/1208/357
f 15399/1605/360 15398/1205/37 15397/1603/37
f 15402/1605/360 15401/1206/360 15400/1205/37
f 15405/1606/1747 15404/1206/5 15403/1605/5
f 15408/1606/1747 15407/1210/1747 15406/1206/5
f 15411/1607/57 15410/1210/1748 15409/1606/1748
f 15414/1607/57 15413/1212/1749 15412/1210/1748
f 15417/788/2 15416/793/2 15415/794/2
f 15420/788/2 15419/792/2 15418/793/2
f 15423/788/2 15422/791/2 15421/792/2
f 15426/788/2 15425/789/2 15424/791/2
f 15429/788/2 15428/790/2 15427/789/2
f 15432/868/1750 15431/849/1751 15430/869/1751
f 15435/868/1750 15434/847/1750 15433/849/1751
f 15438/870/1752 15437/847/1753 15436/868/1753
f 15441/870/1754 15440/853/1754 15439/847/1753
f 15444/870/608 15443/852/324 15442/853/608
f 15447/870/608 15446/871/5 15445/852/5
f 15450/871/5 15449/851/1755 15448/852/5
f 15453/871/5 15452/872/1755 15451/851/1755
f 15456/873/1756 15455/851/1524 15454/872/1524
f 15459/873/1756 15458/850/1756 15457/851/1757
f 15462/873/1758 15461/848/41 15460/850/1758
f 15465/873/1758 15464/874/41 15463/848/41
f 15468/847/35 15467/852/35 15466/853/35
f 15471/847/35 15470/851/35 15469/852/35
f 15474/847/35 15473/850/35 15472/851/35
f 15477/847/35 15476/848/35 15475/850/35
f 15480/847/35 15479/849/35 15478/848/35
f 15483/847/2 15482/848/2 15481/849/2
f 15486/847/2 15485/850/2 15484/848/2
f 15489/847/2 15488/851/2 15487/850/2
f 15492/847/2 15491/852/2 15490/851/2
f 15495/847/2 15494/853/2 15493/852/2
f 15498/873/1758 15497/848/41 15496/874/41
f 15501/873/1758 15500/850/1758 15499/848/41
f 15504/851/1757 15503/850/1756 15502/873/1756
f 15507/851/1757 15506/873/1756 15505/872/1757
f 15510/871/5 15509/851/1755 15508/872/1755
f 15513/871/5 15512/852/5 15511/851/1755
f 15516/870/608 15515/852/5 15514/871/5
f 15519/870/608 15518/853/608 15517/852/324
f 15522/847/1753 15521/853/1754 15520/870/1754
f 15525/847/1753 15524/870/1754 15523/868/1753
f 15528/849/1751 15527/847/1750 15526/868/1750
f 15531/849/1751 15530/868/1750 15529/869/1751
f 15534/788/35 15533/789/35 15532/790/35
f 15537/788/35 15536/791/35 15535/789/35
f 15540/788/35 15539/792/35 15538/791/35
f 15543/788/35 15542/793/35 15541/792/35
f 15546/788/35 15545/794/35 15544/793/35
f 15549/858/1630 15548/857/1630 15547/856/1630
f 15552/858/1630 15551/856/1630 15550/859/1630
f 15555/856/1630 15554/860/1630 15553/859/1630
f 15558/856/1630 15557/861/1630 15556/860/1630
f 15561/862/1628 15560/860/1629 15559/861/1629
f 15564/862/1599 15563/863/1599 15562/860/1629
f 15567/862/1599 15566/864/1594 15565/863/1599
f 15570/862/1599 15569/865/1594 15568/864/1594
f 15573/865/1594 15572/866/1594 15571/864/1594
f 15576/865/1594 15575/867/1594 15574/866/1594
f 15579/568/35 15578/567/35 15577/569/35
f 15582/568/35 15581/570/35 15580/567/35
f 15585/568/35 15584/571/35 15583/570/35
f 15588/568/35 15587/572/35 15586/571/35
f 15591/858/1165 15590/857/1165 15589/856/1165
f 15594/858/1165 15593/856/1165 15592/859/1165
f 15597/856/1165 15596/860/1165 15595/859/1165
f 15600/856/1165 15599/861/1165 15598/860/1165
f 15603/862/1163 15602/860/1164 15601/861/1164
f 15606/862/1132 15605/863/1132 15604/860/1164
f 15609/862/1132 15608/864/1127 15607/863/1132
f 15612/862/1132 15611/865/1127 15610/864/1127
f 15615/865/1127 15614/866/1127 15613/864/1127
f 15618/865/1127 15617/867/1127 15616/866/1127
f 15621/563/41 15620/775/41 15619/774/187
f 15624/563/41 15623/774/592 15622/644/187
f 15627/774/187 15626/640/65 15625/644/187
f 15630/774/187 15629/772/65 15628/640/65
f 15633/772/65 15632/642/37 15631/640/65
f 15636/772/65 15635/773/37 15634/642/37
f 15639/920/81 15638/1639/746 15637/921/746
f 15642/920/81 15641/1640/81 15640/1639/1759
f 15645/906/239 15644/1640/81 15643/920/81
f 15648/906/239 15647/1641/239 15646/1640/81
f 15651/963/1334 15650/931/1334 15649/962/1334
f 15654/931/1334 15653/961/1359 15652/962/1334
f 15657/931/1334 15656/930/1760 15655/961/1760
f 15660/930/1760 15659/960/1760 15658/961/1760
f 15663/930/1760 15662/959/1760 15661/960/1760
f 15666/958/1760 15665/959/1760 15664/930/1760
f 15669/956/1760 15668/958/1760 15667/930/1760
f 15672/927/1760 15671/956/1760 15670/930/1760
f 15675/927/1760 15674/955/1760 15673/956/1760
f 15678/955/1760 15677/957/1760 15676/956/1760
f 15681/916/1761 15680/1642/1761 15679/1643/1762
f 15684/916/1763 15683/1643/1764 15682/917/1765
f 15687/1644/1766 15686/917/1762 15685/1643/1767
f 15690/1644/1766 15689/919/1766 15688/917/1762
f 15693/1645/1768 15692/919/1769 15691/1644/1769
f 15696/1645/1768 15695/897/1768 15694/919/1769
f 15699/1646/609 15698/943/553 15697/1647/554
f 15702/1646/609 15701/1631/609 15700/943/554
f 15705/1631/609 15704/1646/609 15703/1648/330
f 15708/1631/609 15707/1648/330 15706/1630/330
f 15711/1630/330 15710/1648/330 15709/1649/1050
f 15714/1630/330 15713/1649/1050 15712/1629/1050
f 15717/1650/1770 15716/1629/578 15715/1649/578
f 15720/1650/1770 15719/971/1770 15718/1629/578
f 15723/768/37 15722/770/37 15721/771/37
f 15726/768/37 15725/769/37 15724/770/37
f 15729/768/37 15728/767/37 15727/769/37
f 15732/768/37 15731/764/37 15730/767/37
f 15735/764/37 15734/765/37 15733/767/37
f 15738/764/37 15737/766/37 15736/765/37
f 15741/1629/1771 15740/971/1771 15739/969/801
f 15744/1628/1771 15743/969/801 15742/967/801
f 15747/1629/1771 15746/969/1772 15745/1628/1771
f 15750/1628/1771 15749/1630/1771 15748/1629/1771
f 15753/1630/1771 15752/1628/1771 15751/938/1771
f 15756/1630/1771 15755/938/1771 15754/1631/1771
f 15759/943/1771 15758/1631/1771 15757/938/1771
f 15762/1628/1771 15761/967/801 15760/1625/801
f 15765/1625/801 15764/967/801 15763/964/801
f 15768/952/5 15767/1625/5 15766/954/5
f 15771/952/5 15770/1628/5 15769/1625/5
f 15774/938/5 15773/1628/5 15772/952/5
f 15777/938/5 15776/952/5 15775/936/5
f 15780/772/88 15779/642/37 15778/773/37
f 15783/772/606 15782/640/88 15781/642/37
f 15786/774/76 15785/640/88 15784/772/88
f 15789/774/76 15788/644/76 15787/640/88
f 15792/563/41 15791/644/76 15790/774/591
f 15795/563/41 15794/774/76 15793/775/41
f 15798/1624/41 15797/954/41 15796/1625/41
f 15801/1624/41 15800/1625/41 15799/1626/41
f 15804/964/41 15803/1626/41 15802/1625/41
f 15807/964/41 15806/1627/41 15805/1626/41
f 15810/764/37 15809/765/37 15808/766/37
f 15813/764/37 15812/767/37 15811/765/37
f 15816/767/37 15815/764/37 15814/768/37
f 15819/767/37 15818/768/37 15817/769/37
f 15822/768/37 15821/770/37 15820/769/37
f 15825/768/37 15824/771/37 15823/770/37
f 15828/1030/58 15827/1651/58 15826/1652/260
f 15831/1030/58 15830/1652/262 15829/1097/262
f 15834/1652/262 15833/1095/261 15832/1097/262
f 15837/1652/262 15836/1653/261 15835/1095/261
f 15840/1095/261 15839/1653/261 15838/1654/91
f 15843/1095/261 15842/1654/91 15841/1091/91
f 15846/1655/701 15845/1091/89 15844/1654/89
f 15849/1655/701 15848/1092/701 15847/1091/89
f 15852/555/35 15851/549/35 15850/548/35
f 15855/555/35 15854/556/35 15853/549/35
f 15858/550/35 15857/556/35 15856/555/35
f 15861/550/35 15860/555/35 15859/554/35
f 15864/550/35 15863/554/35 15862/553/35
f 15867/550/35 15866/553/35 15865/552/35
f 15870/550/35 15869/552/35 15868/551/35
f 15873/543/5 15872/763/5 15871/545/5
f 15876/543/5 15875/762/5 15874/763/5
f 15879/543/5 15878/761/5 15877/762/5
f 15882/543/5 15881/549/5 15880/761/5
f 15885/549/5 15884/562/5 15883/761/5
f 15888/549/5 15887/556/5 15886/562/5
f 15891/1656/57 15890/1022/57 15889/1422/57
f 15894/1656/57 15893/1422/57 15892/1657/57
f 15897/1658/57 15896/1657/57 15895/1422/57
f 15900/1658/57 15899/1422/57 15898/1420/57
f 15903/1659/57 15902/1658/57 15901/1420/57
f 15906/1659/57 15905/1420/57 15904/1416/57
f 15909/1410/57 15908/1659/57 15907/1416/57
f 15912/1410/57 15911/1660/57 15910/1659/57
f 15915/1409/57 15914/1660/57 15913/1410/57
f 15918/1409/57 15917/1661/57 15916/1660/57
f 15921/539/2 15920/537/2 15919/760/2
f 15924/539/2 15923/760/2 15922/759/2
f 15927/754/2 15926/759/2 15925/760/2
f 15930/754/2 15929/758/2 15928/759/2
f 15933/754/2 15932/757/2 15931/758/2
f 15936/754/2 15935/755/2 15934/757/2
f 15939/754/2 15938/756/2 15937/755/2
f 15942/1408/65 15941/1662/65 15940/1409/65
f 15945/1408/65 15944/1663/65 15943/1662/65
f 15948/1664/65 15947/1663/65 15946/1408/65
f 15951/1664/65 15950/1408/65 15949/1412/65
f 15954/1415/65 15953/1664/65 15952/1412/65
f 15957/1415/65 15956/1665/65 15955/1664/65
f 15960/1415/65 15959/1666/65 15958/1665/65
f 15963/1415/65 15962/1090/65 15961/1666/65
f 15966/1666/65 15965/1090/65 15964/1092/65
f 15969/1666/65 15968/1092/65 15967/1667/65
f 15972/1133/5 15971/1167/5 15970/1134/5
f 15975/1133/5 15974/1190/5 15973/1167/5
f 15978/1133/5 15977/1189/5 15976/1190/5
f 15981/1133/5 15980/1136/5 15979/1189/5
f 15984/1136/5 15983/1188/5 15982/1189/5
f 15987/1136/5 15986/1139/5 15985/1188/5
f 15990/1140/5 15989/1188/5 15988/1139/5
f 15993/1140/5 15992/1181/5 15991/1188/5
f 15996/1157/5 15995/1181/5 15994/1140/5
f 15999/549/5 15998/562/5 15997/556/5
f 16002/549/5 16001/761/5 16000/562/5
f 16005/543/5 16004/761/5 16003/549/5
f 16008/543/5 16007/762/5 16006/761/5
f 16011/763/5 16010/762/5 16009/543/5
f 16014/763/5 16013/543/5 16012/545/5
f 16017/1646/1216 16016/943/428 16015/1647/429
f 16020/1646/1216 16019/1631/1216 16018/943/429
f 16023/1631/1216 16022/1646/1216 16021/1648/603
f 16026/1631/1216 16025/1648/603 16024/1630/603
f 16029/1630/603 16028/1648/603 16027/1649/1215
f 16032/1630/603 16031/1649/1215 16030/1629/1215
f 16035/1650/1773 16034/1629/460 16033/1649/460
f 16038/1650/1773 16037/971/1773 16036/1629/460
f 16041/557/1519 16040/554/1519 16039/553/1249
f 16044/557/1519 16043/553/1249 16042/558/1249
f 16047/558/1249 16046/553/1249 16045/552/1520
f 16050/558/1249 16049/552/1520 16048/559/1520
f 16053/552/1521 16052/560/268 16051/559/1521
f 16056/552/1521 16055/551/268 16054/560/268
f 16059/561/267 16058/560/268 16057/551/268
f 16062/561/267 16061/551/1523 16060/550/267
f 16065/562/1524 16064/561/269 16063/550/269
f 16068/562/1524 16067/550/269 16066/556/1524
f 16071/1629/1774 16070/971/1774 16069/969/1775
f 16074/1628/1774 16073/969/870 16072/967/870
f 16077/1629/1774 16076/969/1775 16075/1628/1774
f 16080/1628/1774 16079/1630/1774 16078/1629/1774
f 16083/1630/1774 16082/1628/1774 16081/938/1774
f 16086/1630/1774 16085/938/1774 16084/1631/1774
f 16089/943/1774 16088/1631/1774 16087/938/1774
f 16092/1628/1774 16091/967/870 16090/1625/870
f 16095/1625/870 16094/967/870 16093/964/870
f 16098/952/5 16097/1625/5 16096/954/5
f 16101/952/5 16100/1628/5 16099/1625/5
f 16104/938/5 16103/1628/5 16102/952/5
f 16107/938/5 16106/952/5 16105/936/5
f 16110/754/35 16109/755/35 16108/756/35
f 16113/754/35 16112/757/35 16111/755/35
f 16116/754/35 16115/758/35 16114/757/35
f 16119/754/35 16118/759/35 16117/758/35
f 16122/754/35 16121/760/35 16120/759/35
f 16125/539/35 16124/759/35 16123/760/35
f 16128/539/35 16127/760/35 16126/537/35
f 16131/1624/2 16130/954/2 16129/1625/2
f 16134/1624/2 16133/1625/2 16132/1626/2
f 16137/964/2 16136/1626/2 16135/1625/2
f 16140/964/2 16139/1627/2 16138/1626/2
f 16143/726/1741 16142/516/565 16141/727/565
f 16146/726/1741 16145/662/1741 16144/516/565
f 16149/726/1739 16148/663/1776 16147/662/1739
f 16152/726/1739 16151/725/1523 16150/663/1523
f 16155/724/1521 16154/663/1777 16153/725/1777
f 16158/724/1521 16157/664/1521 16156/663/268
f 16161/724/1520 16160/665/1249 16159/664/1520
f 16164/724/1520 16163/722/1249 16162/665/1249
f 16167/722/1249 16166/661/1737 16165/665/1249
f 16170/722/1249 16169/723/1737 16168/661/1737
f 16173/920/59 16172/1639/692 16171/921/692
f 16176/920/59 16175/1640/59 16174/1639/693
f 16179/906/258 16178/1640/59 16177/920/59
f 16182/906/258 16181/1641/258 16180/1640/59
f 16185/963/711 16184/931/711 16183/962/711
f 16188/931/711 16187/961/711 16186/962/711
f 16191/931/711 16190/930/1778 16189/961/711
f 16194/930/1778 16193/960/1778 16192/961/711
f 16197/930/1778 16196/959/1778 16195/960/1778
f 16200/958/1779 16199/959/1779 16198/930/1779
f 16203/956/1779 16202/958/1779 16201/930/1779
f 16206/927/1779 16205/956/1779 16204/930/1779
f 16209/927/1778 16208/955/1778 16207/956/1778
f 16212/955/1778 16211/957/1778 16210/956/1778
f 16215/916/1780 16214/1642/1780 16213/1643/1781
f 16218/916/1782 16217/1643/1783 16216/917/1784
f 16221/1644/1785 16220/917/1781 16219/1643/1786
f 16224/1644/1785 16223/919/1785 16222/917/1781
f 16227/1645/1787 16226/919/1788 16225/1644/1788
f 16230/1645/1789 16229/897/1789 16228/919/1785
f 16233/929/57 16232/927/57 16231/930/57
f 16236/929/57 16235/930/57 16234/928/57
f 16239/931/57 16238/928/57 16237/930/57
f 16242/931/57 16241/932/57 16240/928/57
f 16245/515/387 16244/514/5 16243/516/5
f 16248/515/387 16247/517/387 16246/514/5
f 16251/517/387 16250/515/387 16249/518/371
f 16254/517/387 16253/518/371 16252/519/372
f 16257/520/37 16256/519/371 16255/518/372
f 16260/520/37 16259/521/37 16258/519/371
f 16263/661/2 16262/664/2 16261/665/2
f 16266/661/2 16265/663/2 16264/664/2
f 16269/661/2 16268/662/2 16267/663/2
f 16272/661/2 16271/516/2 16270/662/2
f 16275/661/2 16274/515/2 16273/516/2
f 16278/661/2 16277/518/2 16276/515/2
f 16281/661/2 16280/520/2 16279/518/2
f 16284/272/1027 16283/273/1027 16282/274/1027
f 16287/623/35 16286/630/35 16285/631/35
f 16290/623/35 16289/629/35 16288/630/35
f 16293/623/35 16292/628/35 16291/629/35
f 16296/623/35 16295/627/35 16294/628/35
f 16299/623/35 16298/626/35 16297/627/35
f 16302/623/35 16301/624/35 16300/626/35
f 16305/623/35 16304/625/35 16303/624/35
f 16308/1638/1790 16307/1668/1791 16306/1490/1792
f 16311/1638/1793 16310/1669/1793 16309/1668/1794
f 16314/1638/1793 16313/1670/65 16312/1669/1793
f 16317/1638/1793 16316/1637/65 16315/1670/65
f 16320/1636/66 16319/1670/65 16318/1637/65
f 16323/1636/66 16322/1671/66 16321/1670/65
f 16326/1635/307 16325/1671/67 16324/1636/67
f 16329/1635/307 16328/1672/307 16327/1671/67
f 16332/1673/1795 16331/1672/307 16330/1635/307
f 16335/1673/1795 16334/1635/307 16333/1634/1795
f 16338/1634/1795 16337/1674/1796 16336/1673/1795
f 16341/1634/1797 16340/1486/1796 16339/1674/1796
f 16344/737/41 16343/732/41 16342/735/41
f 16347/737/41 16346/729/41 16345/732/41
f 16350/737/41 16349/730/41 16348/729/41
f 16353/737/41 16352/748/41 16351/730/41
f 16356/737/41 16355/739/41 16354/748/41
f 16359/1675/656 16358/272/656 16357/1355/656
f 16362/1675/656 16361/273/656 16360/272/656
f 16365/1675/656 16364/1676/656 16363/273/656
f 16368/1046/37 16367/1047/37 16366/1048/37
f 16371/1046/37 16370/1049/37 16369/1047/37
f 16374/1046/37 16373/740/37 16372/1049/37
f 16377/1046/37 16376/747/37 16375/740/37
f 16380/1046/37 16379/1050/37 16378/747/37
f 16383/1329/660 16382/1677/660 16381/1678/660
f 16386/1329/657 16385/1678/657 16384/1330/657
f 16389/1678/657 16388/1331/657 16387/1330/657
f 16392/1678/657 16391/1679/657 16390/1331/657
f 16395/1679/660 16394/1288/660 16393/1331/660
f 16398/1679/657 16397/1395/657 16396/1288/657
f 16401/714/37 16400/709/37 16399/712/37
f 16404/714/37 16403/1018/37 16402/709/37
f 16407/714/37 16406/716/37 16405/1018/37
f 16410/716/37 16409/1015/37 16408/1018/37
f 16413/716/37 16412/717/37 16411/1015/37
f 16416/1013/37 16415/1015/37 16414/717/37
f 16419/1013/37 16418/717/37 16417/718/37
f 16422/719/37 16421/1013/37 16420/718/37
f 16425/719/37 16424/1010/37 16423/1013/37
f 16428/719/37 16427/1008/37 16426/1010/37
f 16431/719/37 16430/720/37 16429/1008/37
f 16434/1008/37 16433/720/37 16432/721/37
f 16437/1008/37 16436/721/37 16435/1006/37
f 16440/1005/35 16439/1006/35 16438/1007/35
f 16443/1005/35 16442/1008/1798 16441/1006/35
f 16446/1005/35 16445/1009/1798 16444/1008/1798
f 16449/1010/344 16448/1008/1798 16447/1009/1799
f 16452/1010/344 16451/1009/1798 16450/1011/344
f 16455/1012/1800 16454/1010/344 16453/1011/344
f 16458/1012/1215 16457/1013/1501 16456/1010/344
f 16461/1012/1215 16460/1014/1501 16459/1013/1501
f 16464/1014/1500 16463/1015/437 16462/1013/1500
f 16467/1014/1500 16466/1016/437 16465/1015/437
f 16470/1017/851 16469/1015/1498 16468/1016/1498
f 16473/1017/850 16472/1018/850 16471/1015/1498
f 16476/1017/850 16475/1019/850 16474/1018/850
f 16479/1680/190 16478/1332/190 16477/1681/190
f 16482/1680/190 16481/1329/190 16480/1332/190
f 16485/1680/190 16484/1677/190 16483/1329/190
f 16488/944/37 16487/945/37 16486/946/37
f 16491/947/37 16490/946/37 16489/945/37
f 16494/947/37 16493/948/37 16492/946/37
f 16497/947/37 16496/949/37 16495/948/37
f 16500/920/70 16499/1639/1023 16498/921/1023
f 16503/920/70 16502/1640/70 16501/1639/1801
f 16506/906/1436 16505/1640/70 16504/920/70
f 16509/906/1436 16508/1641/1436 16507/1640/70
f 16512/963/995 16511/931/995 16510/962/995
f 16515/931/995 16514/961/995 16513/962/995
f 16518/931/995 16517/930/1802 16516/961/995
f 16521/930/1802 16520/960/1802 16519/961/995
f 16524/930/1802 16523/959/1802 16522/960/1802
f 16527/958/1803 16526/959/1803 16525/930/1803
f 16530/956/1803 16529/958/1803 16528/930/1803
f 16533/927/1803 16532/956/1803 16531/930/1803
f 16536/927/1802 16535/955/1802 16534/956/1802
f 16539/955/1802 16538/957/1802 16537/956/1802
f 16542/916/1804 16541/1642/1804 16540/1643/1805
f 16545/916/1806 16544/1643/1807 16543/917/1808
f 16548/1644/1809 16547/917/1805 16546/1643/1810
f 16551/1644/1809 16550/919/1809 16549/917/1805
f 16554/1645/1811 16553/919/1812 16552/1644/1812
f 16557/1645/1811 16556/897/1811 16555/919/1812
f 16560/1646/566 16559/943/670 16558/1647/669
f 16563/1646/566 16562/1631/566 16561/943/669
f 16566/1631/566 16565/1646/566 16564/1648/356
f 16569/1631/566 16568/1648/356 16567/1630/356
f 16572/1630/356 16571/1648/356 16570/1649/560
f 16575/1630/356 16574/1649/560 16573/1629/560
f 16578/1650/1813 16577/1629/619 16576/1649/619
f 16581/1650/1813 16580/971/1813 16579/1629/619
f 16584/922/41 16583/923/41 16582/924/41
f 16587/922/41 16586/925/41 16585/923/41
f 16590/922/41 16589/926/41 16588/925/41
f 16593/1629/1814 16592/971/1814 16591/969/1725
f 16596/1628/1814 16595/969/1725 16594/967/1725
f 16599/1629/1814 16598/969/1815 16597/1628/1814
f 16602/1628/1814 16601/1630/1814 16600/1629/1814
f 16605/1630/1814 16604/1628/1814 16603/938/1814
f 16608/1630/1814 16607/938/1814 16606/1631/1814
f 16611/943/1814 16610/1631/1814 16609/938/1814
f 16614/1628/1814 16613/967/1725 16612/1625/1725
f 16617/1625/1725 16616/967/1725 16615/964/1725
f 16620/952/5 16619/1625/5 16618/954/5
f 16623/952/5 16622/1628/5 16621/1625/5
f 16626/938/5 16625/1628/5 16624/952/5
f 16629/938/5 16628/952/5 16627/936/5
f 16632/912/35 16631/702/35 16630/913/35
f 16635/912/35 16634/701/35 16633/702/35
f 16638/912/35 16637/914/35 16636/701/35
f 16641/1624/37 16640/954/37 16639/1625/37
f 16644/1624/37 16643/1625/37 16642/1626/37
f 16647/964/37 16646/1626/37 16645/1625/37
f 16650/964/37 16649/1627/37 16648/1626/37
f 16653/886/1499 16652/685/1499 16651/887/1499
f 16656/886/851 16655/683/1498 16654/685/851
f 16659/886/851 16658/888/1498 16657/683/1498
f 16662/680/1500 16661/683/437 16660/888/437
f 16665/680/1500 16664/888/437 16663/889/1500
f 16668/890/1215 16667/680/1501 16666/889/1501
f 16671/890/1215 16670/679/344 16669/680/1501
f 16674/890/1215 16673/891/344 16672/679/344
f 16677/892/1798 16676/679/344 16675/891/344
f 16680/892/1799 16679/675/1799 16678/679/344
f 16683/893/35 16682/675/1816 16681/892/1798
f 16686/893/35 16685/676/35 16684/675/1798
f 16689/893/35 16688/894/35 16687/676/35
f 16692/1030/191 16691/1651/191 16690/1652/236
f 16695/1030/191 16694/1652/237 16693/1097/237
f 16698/1652/237 16697/1095/238 16696/1097/237
f 16701/1652/237 16700/1653/238 16699/1095/238
f 16704/1095/238 16703/1653/238 16702/1654/189
f 16707/1095/238 16706/1654/189 16705/1091/189
f 16710/1655/743 16709/1091/188 16708/1654/188
f 16713/1655/743 16712/1092/743 16711/1091/188
f 16716/880/41 16715/881/41 16714/882/41
f 16719/880/41 16718/883/41 16717/881/41
f 16722/880/41 16721/884/41 16720/883/41
f 16725/885/41 16724/883/41 16723/884/41
f 16728/875/37 16727/876/37 16726/877/37
f 16731/875/37 16730/878/37 16729/876/37
f 16734/875/37 16733/879/37 16732/878/37
f 16737/1656/57 16736/1022/57 16735/1422/57
f 16740/1656/57 16739/1422/57 16738/1657/57
f 16743/1658/57 16742/1657/57 16741/1422/57
f 16746/1658/57 16745/1422/57 16744/1420/57
f 16749/1659/57 16748/1658/57 16747/1420/57
f 16752/1659/57 16751/1420/57 16750/1416/57
f 16755/1410/57 16754/1659/57 16753/1416/57
f 16758/1410/57 16757/1660/57 16756/1659/57
f 16761/1409/57 16760/1660/57 16759/1410/57
f 16764/1409/57 16763/1661/57 16762/1660/57
f 16767/868/1642 16766/849/1641 16765/869/1641
f 16770/868/1642 16769/847/1817 16768/849/1641
f 16773/870/1640 16772/847/1638 16771/868/1638
f 16776/870/1639 16775/853/1639 16774/847/1638
f 16779/870/1637 16778/852/598 16777/853/1637
f 16782/870/1818 16781/871/5 16780/852/5
f 16785/871/5 16784/851/1635 16783/852/5
f 16788/871/5 16787/872/1635 16786/851/1635
f 16791/873/1634 16790/851/1633 16789/872/1633
f 16794/873/1634 16793/850/1634 16792/851/1633
f 16797/873/1632 16796/848/2 16795/850/1632
f 16800/873/1632 16799/874/2 16798/848/2
f 16803/1408/76 16802/1662/76 16801/1409/76
f 16806/1408/76 16805/1663/76 16804/1662/76
f 16809/1664/76 16808/1663/76 16807/1408/76
f 16812/1664/76 16811/1408/76 16810/1412/76
f 16815/1415/76 16814/1664/76 16813/1412/76
f 16818/1415/76 16817/1665/76 16816/1664/76
f 16821/1415/76 16820/1666/76 16819/1665/76
f 16824/1415/76 16823/1090/76 16822/1666/76
f 16827/1666/76 16826/1090/76 16825/1092/76
f 16830/1666/76 16829/1092/76 16828/1667/76
f 16833/1133/5 16832/1167/5 16831/1134/5
f 16836/1133/5 16835/1190/5 16834/1167/5
f 16839/1133/5 16838/1189/5 16837/1190/5
f 16842/1133/5 16841/1136/5 16840/1189/5
f 16845/1136/5 16844/1188/5 16843/1189/5
f 16848/1136/5 16847/1139/5 16846/1188/5
f 16851/1140/5 16850/1188/5 16849/1139/5
f 16854/1140/5 16853/1181/5 16852/1188/5
f 16857/1157/5 16856/1181/5 16855/1140/5
f 16860/847/37 16859/848/37 16858/849/37
f 16863/847/37 16862/850/37 16861/848/37
f 16866/847/37 16865/851/37 16864/850/37
f 16869/847/37 16868/852/37 16867/851/37
f 16872/847/37 16871/853/37 16870/852/37
f 16875/920/192 16874/1639/1072 16873/921/1072
f 16878/920/192 16877/1640/192 16876/1639/1072
f 16881/906/234 16880/1640/193 16879/920/193
f 16884/906/234 16883/1641/234 16882/1640/193
f 16887/963/1117 16886/931/1117 16885/962/1117
f 16890/931/1117 16889/961/1117 16888/962/1117
f 16893/931/1117 16892/930/1819 16891/961/1117
f 16896/930/1819 16895/960/1819 16894/961/1117
f 16899/930/1819 16898/959/1819 16897/960/1819
f 16902/958/1820 16901/959/1820 16900/930/1820
f 16905/956/1820 16904/958/1820 16903/930/1820
f 16908/927/1820 16907/956/1820 16906/930/1820
f 16911/927/1819 16910/955/1819 16909/956/1819
f 16914/955/1819 16913/957/1819 16912/956/1819
f 16917/916/1821 16916/1642/1821 16915/1643/1822
f 16920/916/1823 16919/1643/1824 16918/917/1825
f 16923/1644/1826 16922/917/1822 16921/1643/1827
f 16926/1644/1826 16925/919/1826 16924/917/1822
f 16929/1645/1828 16928/919/1829 16927/1644/1829
f 16932/1645/1830 16931/897/1830 16930/919/1829
f 16935/929/57 16934/927/57 16933/930/57
f 16938/929/57 16937/930/57 16936/928/57
f 16941/931/57 16940/928/57 16939/930/57
f 16944/931/57 16943/932/57 16942/928/57
f 16947/788/41 16946/789/41 16945/790/41
f 16950/788/41 16949/791/41 16948/789/41
f 16953/788/41 16952/792/41 16951/791/41
f 16956/788/41 16955/793/41 16954/792/41
f 16959/788/41 16958/794/41 16957/793/41
f 16962/1323/5 16961/1486/5 16960/1324/5
f 16965/1486/5 16964/1337/5 16963/1324/5
f 16968/1486/5 16967/1634/5 16966/1337/5
f 16971/1337/5 16970/1634/5 16969/1635/5
f 16974/1337/5 16973/1635/5 16972/1335/5
f 16977/1335/5 16976/1635/5 16975/1636/5
f 16980/1335/5 16979/1636/5 16978/1289/5
f 16983/1298/5 16982/1289/5 16981/1636/5
f 16986/1298/5 16985/1636/5 16984/1637/5
f 16989/1298/5 16988/1637/5 16987/1638/5
f 16992/1298/5 16991/1638/5 16990/1299/5
f 16995/1490/5 16994/1299/5 16993/1638/5
f 16998/1490/5 16997/1301/5 16996/1299/5
f 17001/1306/263 17000/1632/263 16999/1307/263
f 17004/1306/263 17003/1633/263 17002/1632/263
f 17007/1306/263 17006/1491/263 17005/1633/263
f 17010/1306/263 17009/1304/263 17008/1491/263
f 17013/568/41 17012/567/41 17011/569/41
f 17016/568/41 17015/570/41 17014/567/41
f 17019/568/41 17018/571/41 17017/570/41
f 17022/568/41 17021/572/41 17020/571/41
f 17025/1312/1282 17024/1328/1283 17023/1292/1831
f 17028/1327/535 17027/1292/1831 17026/1328/1832
f 17031/1327/535 17030/1293/1833 17029/1292/1831
f 17034/1327/535 17033/1295/1290 17032/1293/1833
f 17037/1294/1294 17036/1293/1834 17035/1295/123
f 17040/1294/1294 17039/1291/1835 17038/1293/1834
f 17043/1294/1294 17042/1315/307 17041/1291/1836
f 17046/1291/1836 17045/1315/307 17044/1316/275
f 17049/1291/1836 17048/1316/275 17047/1310/391
f 17052/1310/392 17051/1316/274 17050/1317/587
f 17055/1310/392 17054/1317/587 17053/1311/1837
f 17058/1318/1023 17057/1311/1837 17056/1317/587
f 17061/1318/1023 17060/1319/1838 17059/1311/1837
f 17064/1320/1839 17063/1311/1840 17062/1319/1838
f 17067/1320/1839 17066/1312/1841 17065/1311/1840
f 17070/1311/1840 17069/1312/1841 17068/1292/1842
f 17073/1311/1840 17072/1292/1842 17071/1310/394
f 17076/1291/1843 17075/1310/391 17074/1292/1831
f 17079/1291/1835 17078/1292/1844 17077/1293/1834
f 17082/563/2 17081/775/2 17080/774/76
f 17085/563/2 17084/774/591 17083/644/76
f 17088/774/76 17087/640/187 17086/644/76
f 17091/774/76 17090/772/187 17089/640/187
f 17094/772/592 17093/642/35 17092/640/187
f 17097/772/187 17096/773/35 17095/642/35
f 17100/1638/1845 17099/1668/1846 17098/1490/1847
f 17103/1638/1848 17102/1669/1848 17101/1668/1849
f 17106/1638/1848 17105/1670/76 17104/1669/1848
f 17109/1638/1848 17108/1637/76 17107/1670/76
f 17112/1636/77 17111/1670/76 17110/1637/76
f 17115/1636/77 17114/1671/77 17113/1670/76
f 17118/1635/245 17117/1671/79 17116/1636/79
f 17121/1635/245 17120/1672/245 17119/1671/79
f 17124/1673/1850 17123/1672/245 17122/1635/245
f 17127/1673/1850 17126/1635/245 17125/1634/1850
f 17130/1634/1850 17129/1674/1851 17128/1673/1850
f 17133/1634/1852 17132/1486/1851 17131/1674/1851
f 17136/768/35 17135/770/35 17134/771/35
f 17139/768/35 17138/769/35 17137/770/35
f 17142/768/35 17141/767/35 17140/769/35
f 17145/768/35 17144/764/35 17143/767/35
f 17148/764/35 17147/765/35 17146/767/35
f 17151/764/35 17150/766/35 17149/765/35
f 17154/1675/629 17153/272/629 17152/1355/629
f 17157/1675/629 17156/273/629 17155/272/629
f 17160/1675/629 17159/1676/629 17158/273/629
f 17163/772/65 17162/642/35 17161/773/35
f 17166/772/605 17165/640/65 17164/642/35
f 17169/774/88 17168/640/65 17167/772/65
f 17172/774/88 17171/644/88 17170/640/65
f 17175/563/2 17174/644/88 17173/774/606
f 17178/563/2 17177/774/88 17176/775/2
f 17181/1329/633 17180/1677/633 17179/1678/633
f 17184/1329/630 17183/1678/630 17182/1330/630
f 17187/1678/630 17186/1331/630 17185/1330/630
f 17190/1678/630 17189/1679/630 17188/1331/630
f 17193/1679/633 17192/1288/633 17191/1331/633
f 17196/1679/630 17195/1395/630 17194/1288/630
f 17199/764/35 17198/765/35 17197/766/35
f 17202/764/35 17201/767/35 17200/765/35
f 17205/767/35 17204/764/35 17203/768/35
f 17208/767/35 17207/768/35 17206/769/35
f 17211/768/35 17210/770/35 17209/769/35
f 17214/768/35 17213/771/35 17212/770/35
f 17217/1680/90 17216/1332/90 17215/1681/90
f 17220/1680/90 17219/1329/90 17218/1332/90
f 17223/1680/90 17222/1677/90 17221/1329/90
f 17226/555/41 17225/549/41 17224/548/41
f 17229/555/41 17228/556/41 17227/549/41
f 17232/550/41 17231/556/41 17230/555/41
f 17235/550/41 17234/555/41 17233/554/41
f 17238/550/41 17237/554/41 17236/553/41
f 17241/550/41 17240/553/41 17239/552/41
f 17244/550/41 17243/552/41 17242/551/41
f 17247/543/5 17246/763/5 17245/545/5
f 17250/543/5 17249/762/5 17248/763/5
f 17253/543/5 17252/761/5 17251/762/5
f 17256/543/5 17255/549/5 17254/761/5
f 17259/549/5 17258/562/5 17257/761/5
f 17262/549/5 17261/556/5 17260/562/5
f 17265/1646/443 17264/943/850 17263/1647/851
f 17268/1646/443 17267/1631/443 17266/943/851
f 17271/1631/443 17270/1646/443 17269/1648/475
f 17274/1631/443 17273/1648/475 17272/1630/475
f 17277/1630/475 17276/1648/475 17275/1649/435
f 17280/1630/475 17279/1649/435 17278/1629/435
f 17283/1650/1853 17282/1629/848 17281/1649/848
f 17286/1650/1853 17285/971/1853 17284/1629/848
f 17289/539/37 17288/537/37 17287/760/37
f 17292/539/37 17291/760/37 17290/759/37
f 17295/754/37 17294/759/37 17293/760/37
f 17298/754/37 17297/758/37 17296/759/37
f 17301/754/37 17300/757/37 17299/758/37
f 17304/754/37 17303/755/37 17302/757/37
f 17307/754/37 17306/756/37 17305/755/37
f 17310/1500/88 17309/350/88 17308/351/88
f 17313/351/88 17312/356/88 17311/1500/88
f 17316/351/88 17315/354/88 17314/356/88
f 17319/354/88 17318/351/88 17317/352/88
f 17322/352/88 17321/351/88 17320/353/88
f 17325/549/5 17324/562/5 17323/556/5
f 17328/549/5 17327/761/5 17326/562/5
f 17331/543/5 17330/761/5 17329/549/5
f 17334/543/5 17333/762/5 17332/761/5
f 17337/763/5 17336/762/5 17335/543/5
f 17340/763/5 17339/543/5 17338/545/5
f 17343/363/187 17342/378/187 17341/366/187
f 17346/363/187 17345/377/187 17344/378/187
f 17349/376/187 17348/377/187 17347/363/187
f 17352/376/187 17351/363/187 17350/1623/187
f 17355/1623/187 17354/363/187 17353/380/187
f 17358/557/1443 17357/554/1443 17356/553/663
f 17361/557/1443 17360/553/663 17359/558/663
f 17364/558/663 17363/553/663 17362/552/426
f 17367/558/663 17366/552/426 17365/559/426
f 17370/552/1444 17369/560/1854 17368/559/1444
f 17373/552/1444 17372/551/441 17371/560/441
f 17376/561/1855 17375/560/1446 17374/551/1446
f 17379/561/1439 17378/551/1447 17377/550/1439
f 17382/562/1448 17381/561/1438 17380/550/1438
f 17385/562/1448 17384/550/1438 17383/556/1448
f 17388/1553/5 17387/1616/5 17386/1554/5
f 17391/1553/5 17390/1617/5 17389/1616/5
f 17394/1553/5 17393/1618/5 17392/1617/5
f 17397/1553/5 17396/1557/5 17395/1618/5
f 17400/1558/5 17399/1618/5 17398/1557/5
f 17403/1558/5 17402/1619/5 17401/1618/5
f 17406/1557/5 17405/1619/5 17404/1558/5
f 17409/1557/5 17408/1618/5 17407/1619/5
f 17412/1553/5 17411/1618/5 17410/1557/5
f 17415/1553/5 17414/1617/5 17413/1618/5
f 17418/1616/5 17417/1617/5 17416/1553/5
f 17421/1616/5 17420/1553/5 17419/1554/5
f 17424/1620/5 17423/1616/5 17422/1554/5
f 17427/1620/5 17426/1554/5 17425/1560/5
f 17430/1621/5 17429/1620/5 17428/1560/5
f 17433/1621/5 17432/1560/5 17431/1562/5
f 17436/1565/5 17435/1621/5 17434/1562/5
f 17439/1565/5 17438/1622/5 17437/1621/5
f 17442/1562/5 17441/1622/5 17440/1565/5
f 17445/1562/5 17444/1621/5 17443/1622/5
f 17448/1560/5 17447/1621/5 17446/1562/5
f 17451/1560/5 17450/1620/5 17449/1621/5
f 17454/1554/5 17453/1620/5 17452/1560/5
f 17457/1554/5 17456/1616/5 17455/1620/5
f 17460/1511/248 17459/1510/249 17458/1509/249
f 17463/1511/248 17462/1512/248 17461/1510/249
f 17466/1513/72 17465/1512/248 17464/1511/248
f 17469/1513/72 17468/1514/72 17467/1512/248
f 17472/1515/41 17471/1514/72 17470/1513/72
f 17475/1515/41 17474/1516/41 17473/1514/72
f 17478/1513/81 17477/1516/2 17476/1515/2
f 17481/1513/81 17480/1514/81 17479/1516/2
f 17484/1513/81 17483/1512/242 17482/1514/81
f 17487/1513/81 17486/1511/242 17485/1512/242
f 17490/1509/243 17489/1512/242 17488/1511/242
f 17493/1509/243 17492/1510/243 17491/1512/242
f 17496/1507/245 17495/1510/244 17494/1509/244
f 17499/1507/245 17498/1508/245 17497/1510/244
f 17502/1506/79 17501/1508/245 17500/1507/245
f 17505/1506/79 17504/1503/79 17503/1508/245
f 17508/1506/77 17507/1504/76 17506/1503/77
f 17511/1506/77 17510/1505/76 17509/1504/76
f 17514/1503/75 17513/1504/76 17512/1505/76
f 17517/1503/75 17516/1505/76 17515/1506/75
f 17520/1507/246 17519/1503/75 17518/1506/75
f 17523/1507/246 17522/1508/246 17521/1503/75
f 17526/1509/247 17525/1508/246 17524/1507/246
f 17529/1509/247 17528/1510/247 17527/1508/246
f 17532/754/41 17531/755/41 17530/756/41
f 17535/754/41 17534/757/41 17533/755/41
f 17538/754/41 17537/758/41 17536/757/41
f 17541/754/41 17540/759/41 17539/758/41
f 17544/754/41 17543/760/41 17542/759/41
f 17547/539/41 17546/759/41 17545/760/41
f 17550/539/41 17549/760/41 17548/537/41
f 17553/1682/70 17552/1683/35 17551/1684/35
f 17556/1682/70 17555/1685/70 17554/1683/35
f 17559/1682/70 17558/1686/587 17557/1685/70
f 17562/1682/70 17561/1687/587 17560/1686/587
f 17565/1688/274 17564/1686/587 17563/1687/587
f 17568/1688/274 17567/1689/274 17566/1686/587
f 17571/1690/307 17570/1689/275 17569/1688/275
f 17574/1690/307 17573/1691/307 17572/1689/275
f 17577/1692/67 17576/1691/307 17575/1690/307
f 17580/1692/67 17579/1693/67 17578/1691/307
f 17583/1692/66 17582/1694/65 17581/1693/66
f 17586/1692/66 17585/1695/65 17584/1694/65
f 17589/726/1527 17588/516/440 17587/727/440
f 17592/726/1527 17591/662/1527 17590/516/440
f 17595/726/1526 17594/663/1447 17593/662/1526
f 17598/726/1856 17597/725/1447 17596/663/1447
f 17601/724/1444 17600/663/441 17599/725/441
f 17604/724/1444 17603/664/1444 17602/663/441
f 17607/724/426 17606/665/663 17605/664/426
f 17610/724/426 17609/722/663 17608/665/663
f 17613/722/663 17612/661/1525 17611/665/663
f 17616/722/663 17615/723/1525 17614/661/1525
f 17619/1567/5 17618/1696/5 17617/1568/5
f 17622/1567/5 17621/1697/5 17620/1696/5
f 17625/1567/5 17624/1698/5 17623/1697/5
f 17628/1567/5 17627/1570/5 17626/1698/5
f 17631/1570/5 17630/1699/5 17629/1698/5
f 17634/1570/5 17633/1572/5 17632/1699/5
f 17637/1572/5 17636/1700/5 17635/1699/5
f 17640/1572/5 17639/1574/5 17638/1700/5
f 17643/1574/5 17642/1701/5 17641/1700/5
f 17646/1574/5 17645/1576/5 17644/1701/5
f 17649/1576/5 17648/1702/5 17647/1701/5
f 17652/1576/5 17651/1578/5 17650/1702/5
f 17655/515/551 17654/514/5 17653/516/5
f 17658/515/551 17657/517/551 17656/514/5
f 17661/517/549 17660/515/549 17659/518/453
f 17664/517/549 17663/518/451 17662/519/548
f 17667/520/35 17666/519/453 17665/518/453
f 17670/520/35 17669/521/35 17668/519/453
f 17673/661/37 17672/664/37 17671/665/37
f 17676/661/37 17675/663/37 17674/664/37
f 17679/661/37 17678/662/37 17677/663/37
f 17682/661/37 17681/516/37 17680/662/37
f 17685/661/37 17684/515/37 17683/516/37
f 17688/661/37 17687/518/37 17686/515/37
f 17691/661/37 17690/520/37 17689/518/37
f 17694/333/224 17693/297/221 17692/334/221
f 17697/333/223 17696/324/1857 17695/297/221
f 17700/335/5 17699/324/223 17698/333/223
f 17703/335/5 17702/329/5 17701/324/223
f 17706/276/1438 17705/275/441 17704/277/441
f 17709/276/1438 17708/278/1858 17707/275/441
f 17712/279/5 17711/278/1439 17710/276/1439
f 17715/279/5 17714/280/5 17713/278/1439
f 17718/281/253 17717/291/253 17716/290/83
f 17721/281/257 17720/283/2 17719/284/2
f 17724/281/256 17723/282/83 17722/283/2
f 17727/281/253 17726/290/83 17725/282/83
f 17730/290/83 17729/288/254 17728/282/83
f 17733/290/83 17732/289/254 17731/288/254
f 17736/288/254 17735/289/254 17734/285/255
f 17739/288/254 17738/285/255 17737/287/255
f 17742/285/264 17741/286/263 17740/287/264
f 17745/285/264 17744/292/263 17743/286/263
f 17748/292/263 17747/294/87 17746/286/263
f 17751/292/263 17750/293/87 17749/294/87
f 17754/293/87 17753/296/88 17752/294/87
f 17757/293/87 17756/295/88 17755/296/88
f 17760/294/89 17759/296/88 17758/295/88
f 17763/294/89 17762/295/88 17761/293/89
f 17766/286/261 17765/294/91 17764/293/91
f 17769/286/261 17768/293/91 17767/292/261
f 17772/287/262 17771/286/261 17770/292/261
f 17775/287/262 17774/292/261 17773/285/262
f 17778/288/259 17777/287/260 17776/285/260
f 17781/288/259 17780/285/260 17779/289/259
f 17784/288/259 17783/289/259 17782/290/59
f 17787/288/259 17786/290/59 17785/282/59
f 17790/281/258 17789/282/59 17788/290/59
f 17793/281/266 17792/283/37 17791/282/60
f 17796/281/265 17795/284/37 17794/283/37
f 17799/281/258 17798/290/59 17797/291/258
f 17802/623/41 17801/630/41 17800/631/41
f 17805/623/41 17804/629/41 17803/630/41
f 17808/623/41 17807/628/41 17806/629/41
f 17811/623/41 17810/627/41 17809/628/41
f 17814/623/41 17813/626/41 17812/627/41
f 17817/623/41 17816/624/41 17815/626/41
f 17820/623/41 17819/625/41 17818/624/41
f 17823/276/353 17822/275/347 17821/277/347
f 17826/276/353 17825/278/1859 17824/275/347
f 17829/279/5 17828/278/353 17827/276/353
f 17832/279/5 17831/280/5 17830/278/349
f 17835/1603/2 17834/1208/57 17833/1604/57
f 17838/1603/2 17837/1205/2 17836/1208/602
f 17841/1605/5 17840/1205/2 17839/1603/2
f 17844/1605/5 17843/1206/5 17842/1205/2
f 17847/1606/35 17846/1206/5 17845/1605/5
f 17850/1606/35 17849/1210/35 17848/1206/5
f 17853/1607/57 17852/1210/35 17851/1606/35
f 17856/1607/57 17855/1212/57 17854/1210/35
f 17859/788/41 17858/793/41 17857/794/41
f 17862/788/41 17861/792/41 17860/793/41
f 17865/788/41 17864/791/41 17863/792/41
f 17868/788/41 17867/789/41 17866/791/41
f 17871/788/41 17870/790/41 17869/789/41
f 17874/352/587 17873/353/587 17872/351/587
f 17877/354/587 17876/352/587 17875/351/587
f 17880/351/587 17879/356/587 17878/354/587
f 17883/351/587 17882/350/587 17881/356/587
f 17886/847/37 17885/852/37 17884/853/37
f 17889/847/37 17888/851/37 17887/852/37
f 17892/847/37 17891/850/37 17890/851/37
f 17895/847/37 17894/848/37 17893/850/37
f 17898/847/37 17897/849/37 17896/848/37
f 17901/873/651 17900/848/35 17899/874/35
f 17904/873/651 17903/850/651 17902/848/35
f 17907/851/650 17906/850/649 17905/873/649
f 17910/851/650 17909/873/649 17908/872/650
f 17913/871/5 17912/851/648 17911/872/1860
f 17916/871/5 17915/852/5 17914/851/648
f 17919/870/646 17918/852/5 17917/871/5
f 17922/870/646 17921/853/646 17920/852/468
f 17925/847/644 17924/853/645 17923/870/645
f 17928/847/644 17927/870/643 17926/868/644
f 17931/849/641 17930/847/640 17929/868/640
f 17934/849/641 17933/868/640 17932/869/641
