# Blender 5.1.0
# www.blender.org
mtllib cube.mtl
o defaultMaterial.002
v -0.838429 -0.867340 0.838429
v -0.838429 -0.867340 -0.838429
v 0.838429 -0.867340 -0.838429
v 0.838429 -0.867340 0.838429
v -0.838429 0.867340 0.838429
v 0.838429 0.867340 0.838429
v 0.838429 0.867340 -0.838429
v -0.838429 0.867340 -0.838429
v -0.838429 -0.838429 0.867340
v 0.838429 -0.838429 0.867340
v 0.838429 0.838429 0.867340
v -0.838429 0.838429 0.867340
v 0.867340 -0.838429 0.838429
v 0.867340 -0.838429 -0.838429
v 0.867340 0.838429 -0.838429
v 0.867340 0.838429 0.838429
v 0.838429 -0.838429 -0.867340
v -0.838429 -0.838429 -0.867340
v -0.838429 0.838429 -0.867340
v 0.838429 0.838429 -0.867340
v -0.867340 -0.838429 -0.838429
v -0.867340 -0.838429 0.838429
v -0.867340 0.838429 0.838429
v -0.867340 0.838429 -0.838429
v -0.860112 -0.838429 0.860112
v -0.854691 -0.854691 0.860112
v -0.838429 -0.860112 0.860112
v 0.860112 -0.860112 0.838429
v 0.854691 -0.860112 0.854692
v 0.838429 -0.860112 0.860112
v -0.860112 -0.838429 -0.860112
v -0.860112 -0.854691 -0.854691
v -0.860112 -0.860112 -0.838429
v 0.838429 -0.860112 -0.860112
v 0.854691 -0.860112 -0.854691
v 0.860112 -0.860112 -0.838429
v -0.838429 0.860112 0.860112
v -0.854691 0.854691 0.860112
v -0.860112 0.838429 0.860112
v 0.860112 0.860112 0.838429
v 0.860112 0.854691 0.854692
v 0.860112 0.838429 0.860112
v -0.860112 0.860112 -0.838429
v -0.860112 0.854691 -0.854691
v -0.860112 0.838429 -0.860112
v 0.838429 0.860112 -0.860112
v 0.854691 0.854691 -0.860112
v 0.860112 0.838429 -0.860112
v -0.860112 -0.860112 0.838429
v -0.860112 -0.860112 -0.838429
v -0.838429 -0.860112 -0.860112
v 0.838429 0.860112 0.860112
v 0.860112 0.860112 0.838429
v 0.860112 0.860112 -0.838429
v -0.838429 0.860112 -0.860112
v -0.860112 0.860112 -0.838429
v -0.860112 0.860112 0.838429
v 0.860112 -0.838429 0.860112
v 0.860112 -0.838429 -0.860112
v 0.860112 0.838429 -0.860112
v -0.860112 -0.838429 -0.860112
v -0.860112 0.838429 -0.860112
v -0.860112 -0.860112 0.838429
v 0.860112 -0.860112 0.838429
v -0.838429 -0.860112 -0.860112
v -0.860112 -0.854691 -0.854691
v -0.860112 -0.854691 -0.854691
v 0.838429 -0.860112 -0.860112
v 0.860112 -0.838429 -0.860112
v 0.854691 -0.860112 -0.854691
v 0.854691 -0.860112 -0.854691
v 0.860112 -0.860112 -0.838429
v -0.860112 0.860112 0.838429
v -0.860112 0.854691 -0.854691
v 0.854691 0.854691 -0.860112
v 0.860112 0.860112 -0.838429
v -0.844555 0.000005 0.903857
v -0.673508 0.000005 0.909990
v -0.668606 0.088175 0.909990
v -0.844555 0.220057 0.903857
v -0.844555 -0.220048 0.903857
v -0.687208 -0.220048 0.909990
v -0.646089 -0.172935 0.909990
v -0.668606 -0.088166 0.909990
v -0.628067 0.000005 0.810768
v -0.623165 0.088175 0.810768
v -0.600649 0.172944 0.810768
v -0.646089 0.172944 0.909990
v -0.641768 0.220057 0.810768
v -0.687208 0.220057 0.909990
v -0.623165 -0.088166 0.810768
v -0.795827 -0.220048 0.795821
v -0.641768 -0.220048 0.810768
v -0.600649 -0.172935 0.810768
v -0.641768 -0.220048 0.810768
v -0.641768 0.220057 0.810768
v -0.795827 0.220057 0.795821
v -0.904345 0.220057 0.844067
v -0.909992 0.220057 0.687202
v -0.909992 0.172944 0.646083
v -0.904345 0.000005 0.844067
v -0.909992 0.000005 0.673501
v -0.909992 -0.088166 0.668599
v -0.909992 0.088175 0.668599
v -0.810775 0.088175 0.623159
v -0.810775 0.000005 0.628061
v -0.810775 0.172944 0.600642
v -0.810775 0.220057 0.641761
v -0.810775 -0.088166 0.623159
v -0.909992 -0.172935 0.646083
v -0.810775 -0.172935 0.600642
v -0.810775 -0.220048 0.641761
v -0.909992 -0.220048 0.687202
v -0.810775 -0.220048 0.641761
v -0.795827 -0.220048 0.795821
v -0.904345 -0.220048 0.844067
v -0.795827 0.220057 0.795821
v -0.810775 0.220057 0.641761
v -0.889398 0.220057 0.888909
v -0.889398 0.000005 0.888909
v -0.889398 -0.220048 0.888909
v 0.903856 0.000005 0.844555
v 0.909990 0.000005 0.673508
v 0.909990 0.088175 0.668606
v 0.903856 0.220057 0.844555
v 0.903856 -0.220048 0.844555
v 0.909990 -0.220048 0.687208
v 0.909990 -0.172935 0.646089
v 0.909990 -0.088166 0.668606
v 0.810768 0.000005 0.628067
v 0.810768 0.088175 0.623165
v 0.810768 0.172944 0.600649
v 0.909990 0.172944 0.646089
v 0.810768 0.220057 0.641768
v 0.909990 0.220057 0.687208
v 0.810768 -0.088166 0.623165
v 0.795820 -0.220048 0.795827
v 0.810768 -0.220048 0.641768
v 0.810768 -0.172935 0.600649
v 0.810768 -0.220048 0.641768
v 0.810768 0.220057 0.641768
v 0.795820 0.220057 0.795827
v 0.844067 0.220057 0.904345
v 0.687201 0.220057 0.909992
v 0.646083 0.172944 0.909992
v 0.844067 0.000005 0.904345
v 0.673501 0.000005 0.909992
v 0.668599 -0.088166 0.909992
v 0.668599 0.088175 0.909992
v 0.623158 0.088175 0.810775
v 0.628060 0.000005 0.810775
v 0.600642 0.172944 0.810775
v 0.641761 0.220057 0.810775
v 0.623158 -0.088166 0.810775
v 0.646083 -0.172935 0.909992
v 0.600642 -0.172935 0.810775
v 0.641761 -0.220048 0.810775
v 0.687201 -0.220048 0.909992
v 0.641761 -0.220048 0.810775
v 0.795820 -0.220048 0.795827
v 0.844067 -0.220048 0.904345
v 0.795820 0.220057 0.795827
v 0.641761 0.220057 0.810775
v 0.888909 0.220057 0.889398
v 0.888909 0.000005 0.889398
v 0.888909 -0.220048 0.889398
v 0.844555 0.000005 -0.903856
v 0.673508 0.000005 -0.909990
v 0.668606 0.088175 -0.909990
v 0.844555 0.220057 -0.903856
v 0.844555 -0.220048 -0.903856
v 0.687208 -0.220048 -0.909990
v 0.646089 -0.172935 -0.909990
v 0.668606 -0.088166 -0.909990
v 0.628067 0.000005 -0.810768
v 0.623165 0.088175 -0.810768
v 0.600649 0.172944 -0.810768
v 0.646089 0.172944 -0.909990
v 0.641768 0.220057 -0.810768
v 0.687208 0.220057 -0.909990
v 0.623165 -0.088166 -0.810768
v 0.795827 -0.220048 -0.795821
v 0.641768 -0.220048 -0.810768
v 0.600649 -0.172935 -0.810768
v 0.641768 -0.220048 -0.810768
v 0.641768 0.220057 -0.810768
v 0.795827 0.220057 -0.795821
v 0.904345 0.220057 -0.844067
v 0.909992 0.220057 -0.687201
v 0.909992 0.172944 -0.646083
v 0.904345 0.000005 -0.844067
v 0.909992 0.000005 -0.673501
v 0.909992 -0.088166 -0.668599
v 0.909992 0.088175 -0.668599
v 0.810775 0.088175 -0.623158
v 0.810775 0.000005 -0.628061
v 0.810775 0.172944 -0.600642
v 0.810775 0.220057 -0.641761
v 0.810775 -0.088166 -0.623158
v 0.909992 -0.172935 -0.646083
v 0.810775 -0.172935 -0.600642
v 0.810775 -0.220048 -0.641761
v 0.909992 -0.220048 -0.687201
v 0.810775 -0.220048 -0.641761
v 0.795827 -0.220048 -0.795821
v 0.904345 -0.220048 -0.844067
v 0.795827 0.220057 -0.795821
v 0.810775 0.220057 -0.641761
v 0.889398 0.220057 -0.888909
v 0.889398 0.000005 -0.888909
v 0.889398 -0.220048 -0.888909
v -0.903856 0.000005 -0.844555
v -0.909990 0.000005 -0.673508
v -0.909990 0.088175 -0.668606
v -0.903856 0.220057 -0.844555
v -0.903856 -0.220048 -0.844555
v -0.909990 -0.220048 -0.687208
v -0.909990 -0.172935 -0.646089
v -0.909990 -0.088166 -0.668606
v -0.810768 0.000005 -0.628067
v -0.810768 0.088175 -0.623165
v -0.810768 0.172944 -0.600649
v -0.909990 0.172944 -0.646089
v -0.810768 0.220057 -0.641768
v -0.909990 0.220057 -0.687208
v -0.810768 -0.088166 -0.623165
v -0.795821 -0.220048 -0.795827
v -0.810768 -0.220048 -0.641768
v -0.810768 -0.172935 -0.600649
v -0.810768 -0.220048 -0.641768
v -0.810768 0.220057 -0.641768
v -0.795821 0.220057 -0.795827
v -0.844067 0.220057 -0.904345
v -0.687201 0.220057 -0.909992
v -0.646083 0.172944 -0.909992
v -0.844067 0.000005 -0.904345
v -0.673501 0.000005 -0.909992
v -0.668599 -0.088166 -0.909992
v -0.668599 0.088175 -0.909992
v -0.623158 0.088175 -0.810775
v -0.628060 0.000005 -0.810775
v -0.600642 0.172944 -0.810775
v -0.641761 0.220057 -0.810775
v -0.623158 -0.088166 -0.810775
v -0.646083 -0.172935 -0.909992
v -0.600642 -0.172935 -0.810775
v -0.641761 -0.220048 -0.810775
v -0.687201 -0.220048 -0.909992
v -0.641761 -0.220048 -0.810775
v -0.795821 -0.220048 -0.795827
v -0.844067 -0.220048 -0.904345
v -0.795821 0.220057 -0.795827
v -0.641761 0.220057 -0.810775
v -0.888909 0.220057 -0.889398
v -0.888909 0.000005 -0.889398
v -0.888909 -0.220048 -0.889398
v -0.844555 -0.903856 0.000005
v -0.673508 -0.909990 0.000005
v -0.668606 -0.909990 0.088175
v -0.844555 -0.903856 0.220057
v -0.844555 -0.903856 -0.220048
v -0.687208 -0.909990 -0.220048
v -0.646089 -0.909990 -0.172935
v -0.668606 -0.909990 -0.088166
v -0.628067 -0.810768 0.000005
v -0.623165 -0.810768 0.088175
v -0.600649 -0.810768 0.172944
v -0.646089 -0.909990 0.172944
v -0.641768 -0.810768 0.220057
v -0.687208 -0.909990 0.220057
v -0.623165 -0.810768 -0.088166
v -0.795827 -0.795821 -0.220048
v -0.641768 -0.810768 -0.220048
v -0.600649 -0.810768 -0.172935
v -0.641768 -0.810768 -0.220048
v -0.641768 -0.810768 0.220057
v -0.795827 -0.795821 0.220057
v -0.904345 -0.844067 0.220057
v -0.909992 -0.687201 0.220057
v -0.909992 -0.646083 0.172944
v -0.904345 -0.844067 0.000005
v -0.909992 -0.673501 0.000005
v -0.909992 -0.668599 -0.088166
v -0.909992 -0.668599 0.088175
v -0.810775 -0.623158 0.088175
v -0.810775 -0.628060 0.000005
v -0.810775 -0.600642 0.172944
v -0.810775 -0.641761 0.220057
v -0.810775 -0.623158 -0.088166
v -0.909992 -0.646083 -0.172935
v -0.810775 -0.600642 -0.172935
v -0.810775 -0.641761 -0.220048
v -0.909992 -0.687201 -0.220048
v -0.810775 -0.641761 -0.220048
v -0.795827 -0.795821 -0.220048
v -0.904345 -0.844067 -0.220048
v -0.795827 -0.795821 0.220057
v -0.810775 -0.641761 0.220057
v -0.889398 -0.888909 0.220057
v -0.889398 -0.888909 0.000005
v -0.889398 -0.888909 -0.220048
v 0.903856 -0.844555 0.000005
v 0.909990 -0.673508 0.000005
v 0.909990 -0.668605 0.088175
v 0.903856 -0.844555 0.220057
v 0.903856 -0.844555 -0.220048
v 0.909990 -0.687208 -0.220048
v 0.909990 -0.646089 -0.172935
v 0.909990 -0.668605 -0.088166
v 0.810768 -0.628067 0.000005
v 0.810768 -0.623165 0.088175
v 0.810768 -0.600649 0.172944
v 0.909990 -0.646089 0.172944
v 0.810768 -0.641767 0.220057
v 0.909990 -0.687208 0.220057
v 0.810768 -0.623165 -0.088166
v 0.795820 -0.795827 -0.220048
v 0.810768 -0.641767 -0.220048
v 0.810768 -0.600649 -0.172935
v 0.810768 -0.641767 -0.220048
v 0.810768 -0.641767 0.220057
v 0.795820 -0.795827 0.220057
v 0.844067 -0.904345 0.220057
v 0.687201 -0.909991 0.220057
v 0.646083 -0.909991 0.172944
v 0.844067 -0.904345 0.000005
v 0.673501 -0.909991 0.000005
v 0.668599 -0.909991 -0.088166
v 0.668599 -0.909991 0.088175
v 0.623158 -0.810774 0.088175
v 0.628060 -0.810774 0.000005
v 0.600642 -0.810774 0.172944
v 0.641761 -0.810775 0.220057
v 0.623158 -0.810774 -0.088166
v 0.646083 -0.909991 -0.172935
v 0.600642 -0.810774 -0.172935
v 0.641761 -0.810775 -0.220048
v 0.687201 -0.909991 -0.220048
v 0.641761 -0.810775 -0.220048
v 0.795820 -0.795827 -0.220048
v 0.844067 -0.904345 -0.220048
v 0.795820 -0.795827 0.220057
v 0.641761 -0.810775 0.220057
v 0.888909 -0.889397 0.220057
v 0.888909 -0.889397 0.000005
v 0.888909 -0.889397 -0.220048
v 0.844555 0.903857 0.000005
v 0.673508 0.909990 0.000005
v 0.668606 0.909990 0.088175
v 0.844555 0.903857 0.220057
v 0.844555 0.903857 -0.220048
v 0.687208 0.909990 -0.220048
v 0.646089 0.909990 -0.172935
v 0.668606 0.909990 -0.088166
v 0.628067 0.810768 0.000005
v 0.623165 0.810768 0.088175
v 0.600649 0.810768 0.172944
v 0.646089 0.909990 0.172944
v 0.641768 0.810768 0.220057
v 0.687208 0.909990 0.220057
v 0.623165 0.810768 -0.088166
v 0.795827 0.795821 -0.220048
v 0.641768 0.810768 -0.220048
v 0.600649 0.810768 -0.172935
v 0.641768 0.810768 -0.220048
v 0.641768 0.810768 0.220057
v 0.795827 0.795821 0.220057
v 0.904345 0.844067 0.220057
v 0.909992 0.687202 0.220057
v 0.909992 0.646083 0.172944
v 0.904345 0.844067 0.000005
v 0.909992 0.673501 0.000005
v 0.909992 0.668599 -0.088166
v 0.909992 0.668599 0.088175
v 0.810775 0.623159 0.088175
v 0.810775 0.628061 0.000005
v 0.810775 0.600642 0.172944
v 0.810775 0.641761 0.220057
v 0.810775 0.623159 -0.088166
v 0.909992 0.646083 -0.172935
v 0.810775 0.600642 -0.172935
v 0.810775 0.641761 -0.220048
v 0.909992 0.687202 -0.220048
v 0.810775 0.641761 -0.220048
v 0.795827 0.795821 -0.220048
v 0.904345 0.844067 -0.220048
v 0.795827 0.795821 0.220057
v 0.810775 0.641761 0.220057
v 0.889398 0.888909 0.220057
v 0.889398 0.888909 0.000005
v 0.889398 0.888909 -0.220048
v -0.903856 0.844556 0.000005
v -0.909990 0.673508 0.000005
v -0.909990 0.668606 0.088175
v -0.903856 0.844556 0.220057
v -0.903856 0.844556 -0.220048
v -0.909990 0.687208 -0.220048
v -0.909990 0.646090 -0.172935
v -0.909990 0.668606 -0.088166
v -0.810768 0.628068 0.000005
v -0.810768 0.623165 0.088175
v -0.810768 0.600649 0.172944
v -0.909990 0.646090 0.172944
v -0.810768 0.641768 0.220057
v -0.909990 0.687208 0.220057
v -0.810768 0.623165 -0.088166
v -0.795821 0.795828 -0.220048
v -0.810768 0.641768 -0.220048
v -0.810768 0.600649 -0.172935
v -0.810768 0.641768 -0.220048
v -0.810768 0.641768 0.220057
v -0.795821 0.795828 0.220057
v -0.844067 0.904345 0.220057
v -0.687201 0.909992 0.220057
v -0.646083 0.909992 0.172944
v -0.844067 0.904345 0.000005
v -0.673501 0.909992 0.000005
v -0.668599 0.909992 -0.088166
v -0.668599 0.909992 0.088175
v -0.623158 0.810775 0.088175
v -0.628060 0.810775 0.000005
v -0.600642 0.810775 0.172944
v -0.641761 0.810775 0.220057
v -0.623158 0.810775 -0.088166
v -0.646083 0.909992 -0.172935
v -0.600642 0.810775 -0.172935
v -0.641761 0.810775 -0.220048
v -0.687201 0.909992 -0.220048
v -0.641761 0.810775 -0.220048
v -0.795821 0.795828 -0.220048
v -0.844067 0.904345 -0.220048
v -0.795821 0.795828 0.220057
v -0.641761 0.810775 0.220057
v -0.888909 0.889398 0.220057
v -0.888909 0.889398 0.000005
v -0.888909 0.889398 -0.220048
v -0.000005 -0.903856 -0.844555
v -0.000005 -0.909990 -0.673507
v -0.088175 -0.909990 -0.668605
v -0.220057 -0.903856 -0.844555
v 0.220048 -0.903856 -0.844555
v 0.220048 -0.909990 -0.687208
v 0.172935 -0.909990 -0.646089
v 0.088166 -0.909990 -0.668605
v -0.000005 -0.810768 -0.628067
v -0.088175 -0.810768 -0.623165
v -0.172944 -0.810768 -0.600648
v -0.172944 -0.909990 -0.646089
v -0.220057 -0.810768 -0.641767
v -0.220057 -0.909990 -0.687208
v 0.088166 -0.810768 -0.623165
v 0.220048 -0.795821 -0.795827
v 0.220048 -0.810768 -0.641767
v 0.172935 -0.810768 -0.600648
v 0.220048 -0.810768 -0.641767
v -0.220057 -0.810768 -0.641767
v -0.220057 -0.795821 -0.795827
v -0.220057 -0.844067 -0.904345
v -0.220057 -0.687201 -0.909991
v -0.172944 -0.646083 -0.909991
v -0.000005 -0.844067 -0.904345
v -0.000005 -0.673501 -0.909991
v 0.088166 -0.668599 -0.909991
v -0.088175 -0.668599 -0.909991
v -0.088175 -0.623158 -0.810774
v -0.000005 -0.628060 -0.810774
v -0.172944 -0.600642 -0.810774
v -0.220057 -0.641761 -0.810775
v 0.088166 -0.623158 -0.810774
v 0.172935 -0.646083 -0.909991
v 0.172935 -0.600642 -0.810774
v 0.220048 -0.641761 -0.810774
v 0.220048 -0.687201 -0.909991
v 0.220048 -0.641761 -0.810774
v 0.220048 -0.795821 -0.795827
v 0.220048 -0.844067 -0.904345
v -0.220057 -0.795821 -0.795827
v -0.220057 -0.641761 -0.810775
v -0.220057 -0.888909 -0.889397
v -0.000005 -0.888909 -0.889397
v 0.220048 -0.888909 -0.889397
v -0.000005 -0.844555 0.903856
v -0.000005 -0.673508 0.909990
v -0.088175 -0.668605 0.909990
v -0.220057 -0.844555 0.903856
v 0.220048 -0.844555 0.903856
v 0.220048 -0.687208 0.909990
v 0.172935 -0.646089 0.909990
v 0.088166 -0.668605 0.909990
v -0.000005 -0.628067 0.810768
v -0.088175 -0.623165 0.810768
v -0.172944 -0.600649 0.810768
v -0.172944 -0.646089 0.909990
v -0.220057 -0.641767 0.810768
v -0.220057 -0.687208 0.909990
v 0.088166 -0.623165 0.810768
v 0.220048 -0.795827 0.795821
v 0.220048 -0.641767 0.810768
v 0.172935 -0.600649 0.810768
v 0.220048 -0.641767 0.810768
v -0.220057 -0.641767 0.810768
v -0.220057 -0.795827 0.795821
v -0.220057 -0.904345 0.844067
v -0.220057 -0.909991 0.687202
v -0.172944 -0.909991 0.646083
v -0.000005 -0.904345 0.844067
v -0.000005 -0.909991 0.673501
v 0.088166 -0.909991 0.668599
v -0.088175 -0.909991 0.668599
v -0.088175 -0.810774 0.623159
v -0.000005 -0.810774 0.628061
v -0.172944 -0.810774 0.600642
v -0.220057 -0.810775 0.641761
v 0.088166 -0.810774 0.623159
v 0.172935 -0.909991 0.646083
v 0.172935 -0.810774 0.600642
v 0.220048 -0.810775 0.641761
v 0.220048 -0.909991 0.687202
v 0.220048 -0.810775 0.641761
v 0.220048 -0.795827 0.795821
v 0.220048 -0.904345 0.844067
v -0.220057 -0.795827 0.795821
v -0.220057 -0.810775 0.641761
v -0.220057 -0.889397 0.888909
v -0.000005 -0.889397 0.888909
v 0.220048 -0.889397 0.888909
v -0.000005 0.903857 0.844556
v -0.000005 0.909990 0.673508
v -0.088175 0.909990 0.668606
v -0.220057 0.903857 0.844556
v 0.220048 0.903857 0.844556
v 0.220048 0.909990 0.687208
v 0.172935 0.909990 0.646090
v 0.088166 0.909990 0.668606
v -0.000005 0.810768 0.628068
v -0.088175 0.810768 0.623165
v -0.172944 0.810768 0.600649
v -0.172944 0.909990 0.646090
v -0.220057 0.810768 0.641768
v -0.220057 0.909990 0.687208
v 0.088166 0.810768 0.623165
v 0.220048 0.795821 0.795828
v 0.220048 0.810768 0.641768
v 0.172935 0.810768 0.600649
v 0.220048 0.810768 0.641768
v -0.220057 0.810768 0.641768
v -0.220057 0.795821 0.795828
v -0.220057 0.844067 0.904345
v -0.220057 0.687202 0.909992
v -0.172944 0.646083 0.909992
v -0.000005 0.844067 0.904345
v -0.000005 0.673501 0.909992
v 0.088166 0.668599 0.909992
v -0.088175 0.668599 0.909992
v -0.088175 0.623159 0.810775
v -0.000005 0.628061 0.810775
v -0.172944 0.600642 0.810775
v -0.220057 0.641761 0.810775
v 0.088166 0.623159 0.810775
v 0.172935 0.646083 0.909992
v 0.172935 0.600642 0.810775
v 0.220048 0.641761 0.810775
v 0.220048 0.687202 0.909992
v 0.220048 0.641761 0.810775
v 0.220048 0.795821 0.795828
v 0.220048 0.844067 0.904345
v -0.220057 0.795821 0.795828
v -0.220057 0.641761 0.810775
v -0.220057 0.888909 0.889398
v -0.000005 0.888909 0.889398
v 0.220048 0.888909 0.889398
v -0.000005 0.844556 -0.903856
v -0.000005 0.673508 -0.909990
v -0.088175 0.668606 -0.909990
v -0.220057 0.844556 -0.903856
v 0.220048 0.844556 -0.903856
v 0.220048 0.687208 -0.909990
v 0.172935 0.646090 -0.909990
v 0.088166 0.668606 -0.909990
v -0.000005 0.628068 -0.810767
v -0.088175 0.623165 -0.810767
v -0.172944 0.600649 -0.810767
v -0.172944 0.646090 -0.909990
v -0.220057 0.641768 -0.810767
v -0.220057 0.687208 -0.909990
v 0.088166 0.623165 -0.810767
v 0.220048 0.795828 -0.795820
v 0.220048 0.641768 -0.810767
v 0.172935 0.600649 -0.810767
v 0.220048 0.641768 -0.810767
v -0.220057 0.641768 -0.810767
v -0.220057 0.795828 -0.795820
v -0.220057 0.904345 -0.844066
v -0.220057 0.909992 -0.687201
v -0.172944 0.909992 -0.646082
v -0.000005 0.904345 -0.844066
v -0.000005 0.909992 -0.673501
v 0.088166 0.909992 -0.668599
v -0.088175 0.909992 -0.668599
v -0.088175 0.810775 -0.623158
v -0.000005 0.810775 -0.628060
v -0.172944 0.810775 -0.600642
v -0.220057 0.810775 -0.641760
v 0.088166 0.810775 -0.623158
v 0.172935 0.909992 -0.646082
v 0.172935 0.810775 -0.600642
v 0.220048 0.810775 -0.641760
v 0.220048 0.909992 -0.687201
v 0.220048 0.810775 -0.641760
v 0.220048 0.795828 -0.795820
v 0.220048 0.904345 -0.844066
v -0.220057 0.795828 -0.795820
v -0.220057 0.810775 -0.641760
v -0.220057 0.889398 -0.888909
v -0.000005 0.889398 -0.888909
v 0.220048 0.889398 -0.888909
v -0.999973 0.725393 0.379647
v -0.849548 0.580620 0.248439
v -0.849548 0.523900 0.354555
v -0.999973 0.660932 0.486339
v -0.849548 0.447567 0.447566
v -0.999973 0.582234 0.582233
v -0.849548 0.354556 0.523899
v -0.999973 0.486340 0.660931
v -0.849548 0.248440 0.580619
v -0.999973 0.379647 0.725393
v -0.991559 0.959167 0.956228
v -0.999970 0.379648 0.949720
v -0.849539 0.241545 0.799313
v -0.582209 0.582231 1.000000
v -0.660904 0.486340 1.000000
v -0.523872 0.354556 0.849575
v -0.447543 0.447564 0.849575
v -0.580592 0.248440 0.849575
v -0.725366 0.379647 1.000000
v -0.956009 0.959167 0.991778
v -0.949693 0.379648 0.999997
v -0.799286 0.241545 0.849566
v -0.523878 0.849570 0.354555
v -0.580598 0.849570 0.248439
v -0.725371 0.999995 0.379647
v -0.660910 0.999995 0.486339
v -0.582212 0.999995 0.582233
v -0.447545 0.849570 0.447566
v -0.486319 0.999995 0.660931
v -0.354534 0.849570 0.523899
v -0.248418 0.849570 0.580619
v -0.379625 0.999995 0.725393
v -0.799288 0.849563 0.241544
v -0.949693 0.999994 0.379647
v -0.956009 0.994717 0.956228
v -0.379626 0.999992 0.949720
v -0.241524 0.849561 0.799313
v -0.354534 0.523894 0.849575
v -0.486318 0.660926 1.000000
v -0.248418 0.580614 0.849575
v -0.379625 0.725388 1.000000
v -0.379626 0.949715 0.999997
v -0.241524 0.799308 0.849566
v -0.849541 0.799310 0.241544
v -0.999970 0.949718 0.379647
v -0.984761 0.379648 0.984788
v -0.980805 0.953351 0.981024
v -0.834337 0.240920 0.834364
v -0.980805 0.953351 0.981024
v -0.984761 0.379648 0.984788
v -0.834337 0.240920 0.834364
v -0.834339 0.834361 0.240918
v -0.984761 0.984785 0.379647
v -0.980805 0.983963 0.950411
v -0.950193 0.983963 0.981024
v -0.379626 0.984783 0.984788
v -0.240898 0.834358 0.834364
v -0.379626 0.984783 0.984788
v -0.950193 0.983963 0.981024
v -0.240898 0.834358 0.834364
v -0.984761 0.984785 0.379647
v -0.834339 0.834361 0.240918
v -0.980805 0.983963 0.950411
v -0.975081 0.978239 0.975300
v -0.975081 0.978239 0.975300
v -0.975081 0.978239 0.975300
v 0.379647 0.725393 0.999973
v 0.248439 0.580620 0.849548
v 0.354555 0.523900 0.849548
v 0.486339 0.660932 0.999973
v 0.447566 0.447567 0.849548
v 0.582233 0.582234 0.999973
v 0.523899 0.354556 0.849548
v 0.660931 0.486340 0.999973
v 0.580619 0.248440 0.849548
v 0.725393 0.379647 0.999973
v 0.956228 0.959167 0.991559
v 0.949720 0.379648 0.999970
v 0.799313 0.241545 0.849539
v 1.000000 0.582231 0.582209
v 1.000000 0.486340 0.660904
v 0.849575 0.354556 0.523872
v 0.849575 0.447564 0.447543
v 0.849575 0.248440 0.580592
v 1.000000 0.379647 0.725366
v 0.991778 0.959167 0.956009
v 0.999997 0.379648 0.949694
v 0.849566 0.241545 0.799286
v 0.354555 0.849570 0.523878
v 0.248439 0.849570 0.580598
v 0.379647 0.999995 0.725371
v 0.486339 0.999995 0.660910
v 0.582233 0.999995 0.582212
v 0.447566 0.849570 0.447546
v 0.660930 0.999995 0.486319
v 0.523899 0.849570 0.354534
v 0.580619 0.849570 0.248418
v 0.725393 0.999995 0.379625
v 0.241544 0.849563 0.799288
v 0.379647 0.999994 0.949693
v 0.956228 0.994717 0.956009
v 0.949720 0.999992 0.379626
v 0.799313 0.849561 0.241524
v 0.849575 0.523894 0.354534
v 1.000000 0.660926 0.486318
v 0.849575 0.580614 0.248418
v 1.000000 0.725388 0.379625
v 0.999997 0.949715 0.379626
v 0.849566 0.799308 0.241524
v 0.241544 0.799310 0.849541
v 0.379647 0.949718 0.999970
v 0.984788 0.379648 0.984761
v 0.981024 0.953351 0.980805
v 0.834364 0.240920 0.834337
v 0.981024 0.953351 0.980805
v 0.984788 0.379648 0.984761
v 0.834364 0.240920 0.834337
v 0.240918 0.834361 0.834339
v 0.379647 0.984785 0.984761
v 0.950411 0.983963 0.980806
v 0.981024 0.983963 0.950193
v 0.984788 0.984783 0.379626
v 0.834364 0.834358 0.240898
v 0.984788 0.984783 0.379626
v 0.981024 0.983963 0.950193
v 0.834364 0.834358 0.240898
v 0.379647 0.984785 0.984761
v 0.240918 0.834361 0.834339
v 0.950411 0.983963 0.980806
v 0.975300 0.978239 0.975081
v 0.975300 0.978239 0.975081
v 0.975300 0.978239 0.975081
v 0.999973 0.725393 -0.379647
v 0.849548 0.580620 -0.248439
v 0.849548 0.523900 -0.354555
v 0.999973 0.660932 -0.486339
v 0.849548 0.447567 -0.447566
v 0.999973 0.582234 -0.582233
v 0.849548 0.354556 -0.523899
v 0.999973 0.486340 -0.660930
v 0.849548 0.248440 -0.580619
v 0.999973 0.379647 -0.725393
v 0.991559 0.959167 -0.956228
v 0.999970 0.379648 -0.949720
v 0.849539 0.241545 -0.799313
v 0.582209 0.582231 -1.000000
v 0.660904 0.486340 -1.000000
v 0.523872 0.354556 -0.849575
v 0.447542 0.447564 -0.849575
v 0.580592 0.248440 -0.849575
v 0.725366 0.379647 -1.000000
v 0.956009 0.959167 -0.991778
v 0.949693 0.379648 -0.999997
v 0.799286 0.241545 -0.849566
v 0.523878 0.849570 -0.354555
v 0.580598 0.849570 -0.248439
v 0.725371 0.999995 -0.379647
v 0.660910 0.999995 -0.486339
v 0.582212 0.999995 -0.582233
v 0.447545 0.849570 -0.447566
v 0.486318 0.999995 -0.660930
v 0.354534 0.849570 -0.523899
v 0.248418 0.849570 -0.580619
v 0.379625 0.999995 -0.725393
v 0.799288 0.849563 -0.241543
v 0.949693 0.999994 -0.379647
v 0.956009 0.994717 -0.956228
v 0.379626 0.999992 -0.949720
v 0.241524 0.849561 -0.799313
v 0.354534 0.523894 -0.849575
v 0.486318 0.660926 -1.000000
v 0.248418 0.580614 -0.849575
v 0.379625 0.725388 -1.000000
v 0.379626 0.949715 -0.999997
v 0.241524 0.799308 -0.849566
v 0.849541 0.799310 -0.241543
v 0.999970 0.949718 -0.379647
v 0.984761 0.379648 -0.984788
v 0.980805 0.953351 -0.981024
v 0.834337 0.240920 -0.834364
v 0.980805 0.953351 -0.981024
v 0.984761 0.379648 -0.984788
v 0.834337 0.240920 -0.834364
v 0.834339 0.834361 -0.240918
v 0.984761 0.984785 -0.379647
v 0.980805 0.983963 -0.950411
v 0.950192 0.983963 -0.981024
v 0.379626 0.984783 -0.984788
v 0.240898 0.834358 -0.834363
v 0.379626 0.984783 -0.984788
v 0.950192 0.983963 -0.981024
v 0.240898 0.834358 -0.834363
v 0.984761 0.984785 -0.379647
v 0.834339 0.834361 -0.240918
v 0.980805 0.983963 -0.950411
v 0.975081 0.978239 -0.975300
v 0.975081 0.978239 -0.975300
v 0.975081 0.978239 -0.975300
v -0.379647 0.725393 -0.999973
v -0.248439 0.580620 -0.849548
v -0.354555 0.523900 -0.849548
v -0.486339 0.660932 -0.999973
v -0.447566 0.447567 -0.849548
v -0.582233 0.582234 -0.999973
v -0.523899 0.354556 -0.849548
v -0.660930 0.486340 -0.999973
v -0.580619 0.248440 -0.849548
v -0.725393 0.379647 -0.999973
v -0.956228 0.959167 -0.991559
v -0.949720 0.379648 -0.999970
v -0.799313 0.241545 -0.849539
v -1.000000 0.582231 -0.582209
v -1.000000 0.486340 -0.660904
v -0.849575 0.354556 -0.523872
v -0.849575 0.447564 -0.447542
v -0.849575 0.248440 -0.580592
v -1.000000 0.379647 -0.725366
v -0.991778 0.959167 -0.956009
v -0.999997 0.379648 -0.949693
v -0.849566 0.241545 -0.799286
v -0.354555 0.849570 -0.523878
v -0.248439 0.849570 -0.580598
v -0.379647 0.999995 -0.725371
v -0.486339 0.999995 -0.660910
v -0.582233 0.999995 -0.582212
v -0.447566 0.849570 -0.447545
v -0.660930 0.999995 -0.486318
v -0.523899 0.849570 -0.354534
v -0.580619 0.849570 -0.248418
v -0.725393 0.999995 -0.379625
v -0.241543 0.849563 -0.799288
v -0.379647 0.999994 -0.949693
v -0.956228 0.994717 -0.956009
v -0.949720 0.999992 -0.379626
v -0.799313 0.849561 -0.241524
v -0.849575 0.523894 -0.354534
v -1.000000 0.660926 -0.486318
v -0.849575 0.580614 -0.248418
v -1.000000 0.725388 -0.379625
v -0.999997 0.949715 -0.379626
v -0.849566 0.799308 -0.241524
v -0.241543 0.799310 -0.849541
v -0.379647 0.949718 -0.999970
v -0.984788 0.379648 -0.984761
v -0.981024 0.953351 -0.980805
v -0.834364 0.240920 -0.834337
v -0.981024 0.953351 -0.980805
v -0.984788 0.379648 -0.984761
v -0.834364 0.240920 -0.834337
v -0.240918 0.834361 -0.834339
v -0.379647 0.984785 -0.984761
v -0.950411 0.983963 -0.980805
v -0.981024 0.983963 -0.950192
v -0.984788 0.984783 -0.379626
v -0.834364 0.834358 -0.240898
v -0.984788 0.984783 -0.379626
v -0.981024 0.983963 -0.950192
v -0.834364 0.834358 -0.240898
v -0.379647 0.984785 -0.984761
v -0.240918 0.834361 -0.834339
v -0.950411 0.983963 -0.980805
v -0.975300 0.978239 -0.975081
v -0.975300 0.978239 -0.975081
v -0.975300 0.978239 -0.975081
v 0.999973 -0.725393 0.379647
v 0.849548 -0.580620 0.248439
v 0.849548 -0.523900 0.354555
v 0.999973 -0.660931 0.486339
v 0.849548 -0.447567 0.447566
v 0.999973 -0.582233 0.582233
v 0.849548 -0.354556 0.523899
v 0.999973 -0.486340 0.660931
v 0.849548 -0.248440 0.580619
v 0.999973 -0.379647 0.725393
v 0.991559 -0.959167 0.956228
v 0.999970 -0.379647 0.949720
v 0.849539 -0.241545 0.799313
v 0.582209 -0.582230 1.000000
v 0.660904 -0.486340 1.000000
v 0.523872 -0.354556 0.849575
v 0.447543 -0.447564 0.849575
v 0.580592 -0.248440 0.849575
v 0.725366 -0.379647 1.000000
v 0.956009 -0.959166 0.991778
v 0.949693 -0.379647 0.999997
v 0.799286 -0.241545 0.849566
v 0.523878 -0.849570 0.354555
v 0.580598 -0.849570 0.248439
v 0.725372 -0.999994 0.379647
v 0.660910 -0.999995 0.486339
v 0.582212 -0.999995 0.582233
v 0.447546 -0.849570 0.447566
v 0.486319 -0.999995 0.660931
v 0.354534 -0.849570 0.523899
v 0.248418 -0.849570 0.580619
v 0.379626 -0.999995 0.725393
v 0.799289 -0.849562 0.241544
v 0.949693 -0.999994 0.379647
v 0.956009 -0.994717 0.956228
v 0.379626 -0.999991 0.949720
v 0.241524 -0.849560 0.799313
v 0.354534 -0.523893 0.849575
v 0.486319 -0.660925 1.000000
v 0.248418 -0.580613 0.849575
v 0.379625 -0.725388 1.000000
v 0.379626 -0.949715 0.999997
v 0.241524 -0.799307 0.849566
v 0.849541 -0.799310 0.241544
v 0.999970 -0.949718 0.379647
v 0.984761 -0.379647 0.984788
v 0.980805 -0.953350 0.981024
v 0.834337 -0.240919 0.834364
v 0.980805 -0.953350 0.981024
v 0.984761 -0.379647 0.984788
v 0.834337 -0.240919 0.834364
v 0.834339 -0.834360 0.240918
v 0.984761 -0.984785 0.379647
v 0.980806 -0.983963 0.950411
v 0.950193 -0.983963 0.981024
v 0.379626 -0.984783 0.984788
v 0.240898 -0.834358 0.834364
v 0.379626 -0.984783 0.984788
v 0.950193 -0.983963 0.981024
v 0.240898 -0.834358 0.834364
v 0.984761 -0.984785 0.379647
v 0.834339 -0.834360 0.240918
v 0.980806 -0.983963 0.950411
v 0.975081 -0.978239 0.975300
v 0.975081 -0.978239 0.975300
v 0.975081 -0.978239 0.975300
v -0.379647 -0.725393 0.999973
v -0.248439 -0.580620 0.849548
v -0.354555 -0.523900 0.849548
v -0.486339 -0.660932 0.999973
v -0.447566 -0.447567 0.849548
v -0.582233 -0.582234 0.999973
v -0.523899 -0.354556 0.849548
v -0.660930 -0.486340 0.999973
v -0.580619 -0.248440 0.849548
v -0.725393 -0.379647 0.999973
v -0.956227 -0.959167 0.991559
v -0.949720 -0.379648 0.999970
v -0.799313 -0.241545 0.849539
v -1.000000 -0.582231 0.582209
v -1.000000 -0.486340 0.660904
v -0.849575 -0.354556 0.523872
v -0.849575 -0.447564 0.447543
v -0.849575 -0.248440 0.580592
v -1.000000 -0.379647 0.725366
v -0.991778 -0.959167 0.956009
v -0.999997 -0.379648 0.949694
v -0.849566 -0.241545 0.799286
v -0.354555 -0.849570 0.523878
v -0.248439 -0.849570 0.580598
v -0.379647 -0.999995 0.725371
v -0.486339 -0.999995 0.660910
v -0.582232 -0.999995 0.582212
v -0.447566 -0.849570 0.447546
v -0.660930 -0.999995 0.486319
v -0.523899 -0.849570 0.354534
v -0.580619 -0.849570 0.248418
v -0.725393 -0.999995 0.379625
v -0.241543 -0.849562 0.799288
v -0.379647 -0.999994 0.949693
v -0.956227 -0.994717 0.956009
v -0.949720 -0.999992 0.379626
v -0.799313 -0.849561 0.241524
v -0.849575 -0.523894 0.354534
v -1.000000 -0.660925 0.486318
v -0.849575 -0.580614 0.248418
v -1.000000 -0.725388 0.379625
v -0.999997 -0.949715 0.379626
v -0.849566 -0.799308 0.241524
v -0.241543 -0.799310 0.849541
v -0.379647 -0.949718 0.999970
v -0.984788 -0.379648 0.984761
v -0.981024 -0.953350 0.980805
v -0.834364 -0.240919 0.834337
v -0.981024 -0.953350 0.980805
v -0.984788 -0.379648 0.984761
v -0.834364 -0.240919 0.834337
v -0.240918 -0.834360 0.834339
v -0.379647 -0.984785 0.984761
v -0.950411 -0.983963 0.980806
v -0.981024 -0.983963 0.950193
v -0.984788 -0.984783 0.379626
v -0.834363 -0.834358 0.240898
v -0.984788 -0.984783 0.379626
v -0.981024 -0.983963 0.950193
v -0.834363 -0.834358 0.240898
v -0.379647 -0.984785 0.984761
v -0.240918 -0.834360 0.834339
v -0.950411 -0.983963 0.980806
v -0.975300 -0.978239 0.975081
v -0.975300 -0.978239 0.975081
v -0.975300 -0.978239 0.975081
v -0.999973 -0.725393 -0.379647
v -0.849548 -0.580620 -0.248439
v -0.849548 -0.523900 -0.354555
v -0.999973 -0.660932 -0.486339
v -0.849548 -0.447567 -0.447566
v -0.999973 -0.582234 -0.582233
v -0.849548 -0.354556 -0.523899
v -0.999973 -0.486340 -0.660930
v -0.849548 -0.248440 -0.580619
v -0.999973 -0.379647 -0.725393
v -0.991559 -0.959167 -0.956228
v -0.999970 -0.379648 -0.949720
v -0.849539 -0.241545 -0.799313
v -0.582209 -0.582231 -1.000000
v -0.660904 -0.486340 -1.000000
v -0.523872 -0.354556 -0.849575
v -0.447542 -0.447564 -0.849575
v -0.580592 -0.248440 -0.849575
v -0.725366 -0.379647 -1.000000
v -0.956009 -0.959167 -0.991778
v -0.949693 -0.379648 -0.999997
v -0.799286 -0.241545 -0.849566
v -0.523878 -0.849570 -0.354555
v -0.580598 -0.849570 -0.248439
v -0.725371 -0.999995 -0.379647
v -0.660910 -0.999995 -0.486339
v -0.582212 -0.999995 -0.582233
v -0.447545 -0.849570 -0.447566
v -0.486318 -0.999995 -0.660930
v -0.354534 -0.849570 -0.523899
v -0.248418 -0.849570 -0.580619
v -0.379625 -0.999995 -0.725393
v -0.799288 -0.849563 -0.241543
v -0.949693 -0.999994 -0.379647
v -0.956009 -0.994717 -0.956228
v -0.379626 -0.999991 -0.949720
v -0.241523 -0.849560 -0.799313
v -0.354534 -0.523894 -0.849575
v -0.486318 -0.660925 -1.000000
v -0.248418 -0.580613 -0.849575
v -0.379625 -0.725388 -1.000000
v -0.379626 -0.949715 -0.999997
v -0.241523 -0.799307 -0.849566
v -0.849541 -0.799310 -0.241543
v -0.999970 -0.949718 -0.379647
v -0.984761 -0.379648 -0.984788
v -0.980805 -0.953350 -0.981024
v -0.834337 -0.240919 -0.834364
v -0.980805 -0.953350 -0.981024
v -0.984761 -0.379648 -0.984788
v -0.834337 -0.240919 -0.834364
v -0.834339 -0.834361 -0.240918
v -0.984761 -0.984785 -0.379647
v -0.980805 -0.983963 -0.950411
v -0.950192 -0.983963 -0.981024
v -0.379626 -0.984783 -0.984788
v -0.240898 -0.834358 -0.834363
v -0.379626 -0.984783 -0.984788
v -0.950192 -0.983963 -0.981024
v -0.240898 -0.834358 -0.834363
v -0.984761 -0.984785 -0.379647
v -0.834339 -0.834361 -0.240918
v -0.980805 -0.983963 -0.950411
v -0.975081 -0.978239 -0.975300
v -0.975081 -0.978239 -0.975300
v -0.975081 -0.978239 -0.975300
v 0.379647 -0.725393 -0.999973
v 0.248439 -0.580620 -0.849548
v 0.354555 -0.523900 -0.849548
v 0.486339 -0.660932 -0.999973
v 0.447566 -0.447567 -0.849548
v 0.582233 -0.582233 -0.999973
v 0.523899 -0.354556 -0.849548
v 0.660931 -0.486340 -0.999973
v 0.580619 -0.248440 -0.849548
v 0.725393 -0.379647 -0.999973
v 0.956228 -0.959167 -0.991559
v 0.949720 -0.379647 -0.999970
v 0.799313 -0.241545 -0.849539
v 1.000000 -0.582230 -0.582209
v 1.000000 -0.486340 -0.660904
v 0.849575 -0.354556 -0.523872
v 0.849575 -0.447564 -0.447542
v 0.849575 -0.248440 -0.580592
v 1.000000 -0.379647 -0.725366
v 0.991778 -0.959166 -0.956009
v 0.999997 -0.379647 -0.949693
v 0.849566 -0.241545 -0.799286
v 0.354555 -0.849570 -0.523878
v 0.248439 -0.849570 -0.580598
v 0.379647 -0.999995 -0.725371
v 0.486339 -0.999995 -0.660910
v 0.582233 -0.999995 -0.582212
v 0.447566 -0.849570 -0.447545
v 0.660931 -0.999995 -0.486318
v 0.523899 -0.849570 -0.354534
v 0.580619 -0.849570 -0.248418
v 0.725393 -0.999995 -0.379625
v 0.241544 -0.849562 -0.799288
v 0.379647 -0.999994 -0.949693
v 0.956228 -0.994717 -0.956009
v 0.949720 -0.999991 -0.379626
v 0.799313 -0.849560 -0.241524
v 0.849575 -0.523893 -0.354534
v 1.000000 -0.660925 -0.486318
v 0.849575 -0.580613 -0.248418
v 1.000000 -0.725388 -0.379625
v 0.999997 -0.949715 -0.379626
v 0.849566 -0.799307 -0.241524
v 0.241544 -0.799310 -0.849541
v 0.379647 -0.949718 -0.999970
v 0.984788 -0.379647 -0.984761
v 0.981024 -0.953350 -0.980805
v 0.834364 -0.240919 -0.834337
v 0.981024 -0.953350 -0.980805
v 0.984788 -0.379647 -0.984761
v 0.834364 -0.240919 -0.834337
v 0.240918 -0.834360 -0.834339
v 0.379647 -0.984785 -0.984761
v 0.950411 -0.983963 -0.980805
v 0.981024 -0.983963 -0.950192
v 0.984788 -0.984782 -0.379626
v 0.834364 -0.834358 -0.240898
v 0.984788 -0.984782 -0.379626
v 0.981024 -0.983963 -0.950192
v 0.834364 -0.834358 -0.240898
v 0.379647 -0.984785 -0.984761
v 0.240918 -0.834360 -0.834339
v 0.950411 -0.983963 -0.980805
v 0.975300 -0.978239 -0.975081
v 0.975300 -0.978239 -0.975081
v 0.975300 -0.978239 -0.975081
vn 0.1334 -0.9820 0.1334
vn -0.1559 -0.9754 0.1559
vn -0.1559 -0.9754 -0.1559
vn 0.1333 -0.9821 -0.1333
vn -0.1559 0.9754 -0.1559
vn -0.1559 0.9754 0.1559
vn 0.1559 0.9754 0.1559
vn 0.1559 0.9754 -0.1559
vn -0.1334 0.1334 0.9820
vn -0.1333 -0.1333 0.9821
vn 0.1559 -0.1559 0.9754
vn 0.1559 0.1559 0.9754
vn 0.9821 0.1334 0.1333
vn 0.9754 -0.1559 0.1559
vn 0.9754 -0.1559 -0.1559
vn 0.9754 0.1559 -0.1559
vn 0.1334 0.1334 -0.9820
vn 0.1559 -0.1559 -0.9754
vn -0.1559 -0.1559 -0.9754
vn -0.1559 0.1559 -0.9754
vn -0.9820 0.1334 -0.1334
vn -0.9821 -0.1333 -0.1333
vn -0.9754 -0.1559 0.1559
vn -0.9754 0.1559 0.1559
vn -0.1447 -0.7060 0.6933
vn -0.7060 -0.1447 0.6933
vn -0.5320 -0.5320 0.6588
vn 0.1447 -0.6932 0.7060
vn 0.7060 -0.6933 0.1447
vn 0.5320 -0.6587 0.5320
vn -0.6932 -0.7060 -0.1447
vn -0.6933 -0.1448 -0.7060
vn -0.6587 -0.5320 -0.5321
vn 0.7060 -0.6932 -0.1447
vn 0.1448 -0.6932 -0.7060
vn 0.5320 -0.6587 -0.5321
vn -0.7060 0.1447 0.6933
vn -0.1447 0.7060 0.6933
vn -0.5320 0.5320 0.6588
vn 0.6932 0.1447 0.7060
vn 0.6932 0.7060 0.1448
vn 0.6587 0.5320 0.5320
vn -0.6932 0.1447 -0.7060
vn -0.6932 0.7060 -0.1448
vn -0.6587 0.5321 -0.5320
vn 0.7060 0.1447 -0.6932
vn 0.1447 0.7060 -0.6933
vn 0.5320 0.5321 -0.6587
vn -0.6978 -0.6978 0.1616
vn -0.6932 -0.7061 -0.1447
vn -0.1616 -0.6978 -0.6978
vn 0.1616 0.6978 0.6978
vn 0.6932 0.7060 0.1447
vn 0.6978 0.6978 -0.1616
vn -0.1616 0.6978 -0.6978
vn -0.6932 0.7060 -0.1447
vn -0.6978 0.6978 0.1616
vn 0.6978 -0.1616 0.6978
vn 0.6978 -0.1616 -0.6978
vn 0.7061 0.1447 -0.6932
vn -0.6932 -0.1447 -0.7060
vn -0.6932 0.1447 -0.7061
vn 0.7060 -0.6932 0.1447
vn -0.6587 -0.5321 -0.5320
vn 0.5321 -0.6587 -0.5320
vn 0.1447 -0.6932 -0.7060
vn 0.7061 -0.6932 -0.1447
vn -0.6586 0.5321 -0.5321
vn -0.1304 0.6765 0.7248
vn -0.1778 -0.0000 0.9841
vn 0.5110 -0.0000 0.8596
vn 0.4945 -0.0806 0.8655
vn 0.4944 0.0806 0.8655
vn -0.1304 -0.6765 0.7248
vn 0.2145 -0.6965 0.6847
vn 0.6123 -0.1671 0.7727
vn 0.8993 -0.1470 0.4119
vn 0.9092 -0.0000 0.4164
vn 0.6123 0.1671 0.7727
vn 0.8934 0.1857 0.4091
vn 0.2146 0.6965 0.6847
vn 0.4715 0.8550 0.2160
vn 0.8993 0.1470 0.4119
vn 0.4715 -0.8550 0.2159
vn -0.0000 -1.0000 -0.0000
vn 0.8934 -0.1857 0.4091
vn 0.4716 -0.8549 0.2160
vn 0.4715 0.8550 0.2159
vn -0.0000 1.0000 -0.0000
vn -0.9844 -0.0000 0.1761
vn -0.7258 0.6757 0.1289
vn -0.6842 0.6967 -0.2156
vn -0.7725 0.1690 -0.6122
vn -0.8591 -0.0000 -0.5118
vn -0.8663 0.0753 -0.4938
vn -0.8663 -0.0753 -0.4938
vn -0.4119 -0.1470 -0.8993
vn -0.4164 -0.0000 -0.9092
vn -0.4092 0.1857 -0.8934
vn -0.2160 0.8550 -0.4715
vn -0.4119 0.1470 -0.8993
vn -0.6842 -0.6967 -0.2156
vn -0.7725 -0.1689 -0.6122
vn -0.4092 -0.1857 -0.8934
vn -0.2160 -0.8550 -0.4715
vn -0.7258 -0.6757 0.1290
vn -0.2159 0.8550 -0.4715
vn -0.5554 0.6189 0.5554
vn -0.7071 -0.0000 0.7071
vn -0.5554 -0.6189 0.5554
vn 0.7248 0.6765 0.1304
vn 0.9841 -0.0000 0.1775
vn 0.8596 -0.0000 -0.5110
vn 0.8655 -0.0806 -0.4945
vn 0.8655 0.0806 -0.4944
vn 0.7248 -0.6766 0.1302
vn 0.6847 -0.6965 -0.2144
vn 0.7727 -0.1671 -0.6123
vn 0.4119 -0.1470 -0.8993
vn 0.4164 -0.0000 -0.9092
vn 0.7727 0.1671 -0.6123
vn 0.4091 0.1857 -0.8934
vn 0.6847 0.6965 -0.2146
vn 0.2160 0.8550 -0.4715
vn 0.4119 0.1470 -0.8993
vn 0.2159 -0.8550 -0.4715
vn 0.4091 -0.1857 -0.8934
vn 0.2160 -0.8549 -0.4716
vn 0.2159 0.8550 -0.4715
vn 0.1761 -0.0000 0.9844
vn 0.1289 0.6757 0.7258
vn -0.2156 0.6967 0.6842
vn -0.6122 0.1689 0.7725
vn -0.5118 -0.0000 0.8591
vn -0.4938 0.0753 0.8663
vn -0.4938 -0.0753 0.8663
vn -0.8993 -0.1470 0.4119
vn -0.9092 -0.0000 0.4164
vn -0.8934 0.1857 0.4092
vn -0.4716 0.8549 0.2160
vn -0.8993 0.1470 0.4119
vn -0.2156 -0.6967 0.6842
vn -0.6122 -0.1690 0.7725
vn -0.8934 -0.1857 0.4092
vn -0.4715 -0.8550 0.2160
vn 0.1289 -0.6757 0.7258
vn -0.4715 0.8550 0.2159
vn 0.5554 0.6189 0.5554
vn 0.7071 -0.0000 0.7071
vn 0.5554 -0.6189 0.5554
vn 0.1303 0.6766 -0.7248
vn 0.1773 -0.0000 -0.9841
vn -0.5110 -0.0000 -0.8596
vn -0.4945 -0.0806 -0.8654
vn -0.4945 0.0806 -0.8654
vn 0.1304 -0.6765 -0.7248
vn -0.2143 -0.6965 -0.6848
vn -0.6123 -0.1671 -0.7727
vn -0.8993 -0.1470 -0.4119
vn -0.9092 -0.0000 -0.4164
vn -0.6123 0.1671 -0.7727
vn -0.8934 0.1857 -0.4091
vn -0.2144 0.6965 -0.6847
vn -0.4715 0.8550 -0.2160
vn -0.8993 0.1470 -0.4119
vn -0.4715 -0.8550 -0.2159
vn -0.8934 -0.1857 -0.4091
vn -0.4716 -0.8549 -0.2160
vn -0.4715 0.8550 -0.2159
vn 0.9844 -0.0000 -0.1761
vn 0.7259 0.6757 -0.1288
vn 0.6842 0.6966 0.2157
vn 0.7725 0.1690 0.6122
vn 0.8591 -0.0000 0.5118
vn 0.8663 0.0753 0.4938
vn 0.8663 -0.0753 0.4938
vn 0.4119 -0.1470 0.8993
vn 0.4164 -0.0000 0.9092
vn 0.4092 0.1857 0.8934
vn 0.2160 0.8550 0.4715
vn 0.4119 0.1470 0.8993
vn 0.6842 -0.6967 0.2156
vn 0.7725 -0.1689 0.6122
vn 0.4092 -0.1857 0.8934
vn 0.2160 -0.8550 0.4715
vn 0.7258 -0.6757 -0.1290
vn 0.2159 0.8550 0.4715
vn 0.5554 0.6189 -0.5554
vn 0.7071 -0.0000 -0.7071
vn 0.5554 -0.6189 -0.5554
vn -0.7248 0.6765 -0.1304
vn -0.9841 -0.0000 -0.1775
vn -0.8596 -0.0000 0.5110
vn -0.8655 -0.0806 0.4945
vn -0.8655 0.0806 0.4944
vn -0.7248 -0.6766 -0.1302
vn -0.6847 -0.6965 0.2144
vn -0.7727 -0.1671 0.6123
vn -0.4119 -0.1470 0.8993
vn -0.4164 -0.0000 0.9092
vn -0.7727 0.1671 0.6123
vn -0.4091 0.1857 0.8934
vn -0.6847 0.6965 0.2146
vn -0.2160 0.8550 0.4715
vn -0.4119 0.1470 0.8993
vn -0.2159 -0.8550 0.4715
vn -0.4091 -0.1857 0.8934
vn -0.2160 -0.8549 0.4716
vn -0.2159 0.8550 0.4715
vn -0.1761 -0.0000 -0.9844
vn -0.1289 0.6757 -0.7258
vn 0.2156 0.6967 -0.6842
vn 0.6122 0.1689 -0.7725
vn 0.5118 -0.0000 -0.8591
vn 0.4938 0.0753 -0.8663
vn 0.4938 -0.0753 -0.8663
vn 0.8993 -0.1470 -0.4119
vn 0.9092 -0.0000 -0.4164
vn 0.8934 0.1857 -0.4092
vn 0.4716 0.8549 -0.2160
vn 0.8993 0.1470 -0.4119
vn 0.2156 -0.6967 -0.6842
vn 0.6122 -0.1690 -0.7725
vn 0.8934 -0.1857 -0.4092
vn 0.4715 -0.8550 -0.2160
vn -0.1290 -0.6757 -0.7258
vn 0.4715 0.8550 -0.2159
vn -0.5554 0.6189 -0.5554
vn -0.7071 -0.0000 -0.7071
vn -0.5554 -0.6189 -0.5554
vn -0.1303 -0.7248 0.6765
vn -0.1778 -0.9841 -0.0000
vn 0.5110 -0.8596 -0.0000
vn 0.4945 -0.8655 -0.0806
vn 0.4945 -0.8655 0.0806
vn -0.1305 -0.7248 -0.6765
vn 0.2144 -0.6847 -0.6965
vn 0.6123 -0.7727 -0.1671
vn 0.8993 -0.4119 -0.1470
vn 0.9092 -0.4164 -0.0000
vn 0.6123 -0.7727 0.1671
vn 0.8934 -0.4091 0.1857
vn 0.2145 -0.6847 0.6965
vn 0.4715 -0.2160 0.8550
vn 0.8993 -0.4119 0.1470
vn 0.4715 -0.2159 -0.8550
vn -0.0000 -0.0000 -1.0000
vn 0.8934 -0.4091 -0.1857
vn 0.4716 -0.2160 -0.8549
vn 0.4715 -0.2159 0.8550
vn -0.0000 -0.0000 1.0000
vn -0.9844 -0.1761 -0.0000
vn -0.7258 -0.1289 0.6757
vn -0.6842 0.2156 0.6967
vn -0.7725 0.6122 0.1690
vn -0.8591 0.5118 -0.0000
vn -0.8663 0.4938 0.0753
vn -0.8663 0.4938 -0.0753
vn -0.4119 0.8993 -0.1470
vn -0.4164 0.9092 -0.0000
vn -0.4092 0.8934 0.1857
vn -0.2160 0.4716 0.8549
vn -0.4119 0.8993 0.1470
vn -0.6842 0.2156 -0.6967
vn -0.7725 0.6122 -0.1690
vn -0.4092 0.8934 -0.1857
vn -0.2160 0.4715 -0.8550
vn -0.7258 -0.1290 -0.6757
vn -0.2159 0.4715 0.8550
vn -0.5554 -0.5554 0.6189
vn -0.7071 -0.7071 -0.0000
vn -0.5554 -0.5554 -0.6189
vn 0.7248 -0.1304 0.6765
vn 0.9841 -0.1775 -0.0000
vn 0.8596 0.5110 -0.0000
vn 0.8655 0.4945 -0.0806
vn 0.8655 0.4944 0.0806
vn 0.7248 -0.1305 -0.6765
vn 0.6847 0.2144 -0.6965
vn 0.7727 0.6123 -0.1671
vn 0.4119 0.8993 -0.1470
vn 0.4164 0.9092 -0.0000
vn 0.7727 0.6123 0.1671
vn 0.4091 0.8934 0.1857
vn 0.6847 0.2144 0.6965
vn 0.2160 0.4715 0.8550
vn 0.4119 0.8993 0.1470
vn 0.2159 0.4715 -0.8550
vn 0.4091 0.8934 -0.1857
vn 0.2159 0.4715 0.8550
vn 0.1761 -0.9844 -0.0000
vn 0.1289 -0.7258 0.6757
vn -0.2156 -0.6842 0.6967
vn -0.6122 -0.7725 0.1689
vn -0.5118 -0.8591 -0.0000
vn -0.4938 -0.8663 0.0753
vn -0.4938 -0.8663 -0.0753
vn -0.8993 -0.4119 -0.1470
vn -0.9092 -0.4164 -0.0000
vn -0.8934 -0.4092 0.1857
vn -0.4716 -0.2160 0.8550
vn -0.8993 -0.4119 0.1470
vn -0.2156 -0.6842 -0.6967
vn -0.6122 -0.7725 -0.1689
vn -0.8934 -0.4092 -0.1857
vn -0.4715 -0.2160 -0.8550
vn 0.1288 -0.7259 -0.6757
vn -0.4715 -0.2159 0.8550
vn 0.5554 -0.5554 0.6189
vn 0.7071 -0.7071 -0.0000
vn 0.5554 -0.5554 -0.6189
vn 0.1304 0.7248 0.6765
vn 0.1775 0.9841 -0.0000
vn -0.5110 0.8596 -0.0000
vn -0.4945 0.8655 -0.0806
vn -0.4944 0.8655 0.0806
vn 0.1302 0.7248 -0.6765
vn -0.2146 0.6847 -0.6965
vn -0.6123 0.7727 -0.1671
vn -0.8993 0.4119 -0.1470
vn -0.9092 0.4164 -0.0000
vn -0.6123 0.7727 0.1671
vn -0.8934 0.4091 0.1857
vn -0.2144 0.6847 0.6965
vn -0.4715 0.2160 0.8550
vn -0.8993 0.4119 0.1470
vn -0.4715 0.2159 -0.8550
vn -0.8934 0.4091 -0.1857
vn -0.4716 0.2160 -0.8549
vn -0.4715 0.2159 0.8550
vn 0.9844 0.1761 -0.0000
vn 0.7258 0.1289 0.6757
vn 0.6842 -0.2156 0.6967
vn 0.7725 -0.6122 0.1689
vn 0.8591 -0.5118 -0.0000
vn 0.8663 -0.4938 0.0753
vn 0.8663 -0.4938 -0.0753
vn 0.4119 -0.8993 -0.1470
vn 0.4164 -0.9092 -0.0000
vn 0.4092 -0.8934 0.1857
vn 0.2160 -0.4716 0.8549
vn 0.4119 -0.8993 0.1470
vn 0.6842 -0.2156 -0.6967
vn 0.7725 -0.6122 -0.1689
vn 0.4092 -0.8934 -0.1857
vn 0.2160 -0.4715 -0.8550
vn 0.7258 0.1289 -0.6757
vn 0.2159 -0.4715 0.8550
vn 0.5554 0.5554 0.6189
vn 0.7071 0.7071 -0.0000
vn 0.5554 0.5554 -0.6189
vn -0.7248 0.1304 0.6765
vn -0.9841 0.1774 -0.0000
vn -0.8596 -0.5110 -0.0000
vn -0.8655 -0.4945 -0.0806
vn -0.8655 -0.4944 0.0806
vn -0.7248 0.1305 -0.6765
vn -0.6847 -0.2145 -0.6965
vn -0.7727 -0.6123 -0.1671
vn -0.4119 -0.8993 -0.1470
vn -0.4164 -0.9092 -0.0000
vn -0.7727 -0.6123 0.1671
vn -0.4091 -0.8934 0.1857
vn -0.6847 -0.2144 0.6965
vn -0.2160 -0.4715 0.8550
vn -0.4119 -0.8993 0.1470
vn -0.2159 -0.4715 -0.8550
vn -0.4091 -0.8934 -0.1857
vn -0.2160 -0.4715 -0.8550
vn -0.2159 -0.4715 0.8550
vn -0.1761 0.9844 -0.0000
vn -0.1288 0.7259 0.6757
vn 0.2156 0.6842 0.6967
vn 0.6122 0.7725 0.1690
vn 0.5118 0.8591 -0.0000
vn 0.4938 0.8663 0.0753
vn 0.4938 0.8663 -0.0753
vn 0.8993 0.4119 -0.1470
vn 0.9092 0.4164 -0.0000
vn 0.8934 0.4092 0.1857
vn 0.4715 0.2160 0.8550
vn 0.8993 0.4119 0.1470
vn 0.2156 0.6842 -0.6967
vn 0.6122 0.7725 -0.1689
vn 0.8934 0.4092 -0.1857
vn 0.4715 0.2160 -0.8550
vn -0.1288 0.7259 -0.6757
vn 0.4715 0.2159 0.8550
vn -0.5554 0.5554 0.6189
vn -0.7071 0.7071 -0.0000
vn -0.5554 0.5554 -0.6189
vn -0.6765 -0.7248 -0.1304
vn -0.0000 -0.9841 -0.1778
vn -0.0000 -0.8596 0.5110
vn 0.0806 -0.8655 0.4945
vn -0.0806 -0.8655 0.4944
vn 0.6765 -0.7248 -0.1304
vn 0.6965 -0.6847 0.2146
vn 0.1671 -0.7727 0.6123
vn 0.1470 -0.4119 0.8993
vn -0.0000 -0.4164 0.9092
vn -0.1671 -0.7727 0.6123
vn -0.1857 -0.4091 0.8934
vn -0.6965 -0.6847 0.2146
vn -0.8550 -0.2160 0.4715
vn -0.1470 -0.4119 0.8993
vn 0.8550 -0.2159 0.4715
vn 1.0000 -0.0000 -0.0000
vn 0.1857 -0.4091 0.8934
vn 0.8550 -0.2160 0.4715
vn -0.8550 -0.2159 0.4715
vn -1.0000 -0.0000 -0.0000
vn -0.0000 -0.1761 -0.9844
vn -0.6757 -0.1289 -0.7258
vn -0.6967 0.2156 -0.6842
vn -0.1689 0.6122 -0.7725
vn -0.0000 0.5118 -0.8591
vn -0.0753 0.4938 -0.8663
vn 0.0753 0.4938 -0.8663
vn 0.1470 0.8993 -0.4119
vn -0.0000 0.9092 -0.4164
vn -0.1857 0.8934 -0.4092
vn -0.8550 0.4716 -0.2160
vn -0.1470 0.8993 -0.4119
vn 0.6967 0.2156 -0.6842
vn 0.1689 0.6122 -0.7725
vn 0.1857 0.8934 -0.4092
vn 0.8550 0.4715 -0.2160
vn 0.6757 -0.1288 -0.7259
vn -0.8550 0.4715 -0.2159
vn -0.6189 -0.5554 -0.5554
vn -0.0000 -0.7071 -0.7071
vn 0.6189 -0.5554 -0.5554
vn -0.6765 -0.1304 0.7248
vn -0.0000 -0.1774 0.9841
vn -0.0000 0.5110 0.8596
vn 0.0806 0.4945 0.8655
vn -0.0806 0.4944 0.8655
vn 0.6765 -0.1304 0.7248
vn 0.6965 0.2144 0.6847
vn 0.1671 0.6123 0.7727
vn 0.1470 0.8993 0.4119
vn -0.0000 0.9092 0.4164
vn -0.1671 0.6123 0.7727
vn -0.1857 0.8934 0.4091
vn -0.6965 0.2144 0.6847
vn -0.8550 0.4715 0.2160
vn -0.1470 0.8993 0.4119
vn 0.8550 0.4715 0.2159
vn 0.1857 0.8934 0.4091
vn -0.8550 0.4715 0.2159
vn -0.0000 -0.9844 0.1761
vn -0.6757 -0.7258 0.1289
vn -0.6966 -0.6842 -0.2157
vn -0.1690 -0.7725 -0.6122
vn -0.0000 -0.8591 -0.5118
vn -0.0753 -0.8663 -0.4938
vn 0.0753 -0.8663 -0.4938
vn 0.1470 -0.4119 -0.8993
vn -0.0000 -0.4164 -0.9092
vn -0.1857 -0.4092 -0.8934
vn -0.8550 -0.2160 -0.4715
vn -0.1470 -0.4119 -0.8993
vn 0.6967 -0.6842 -0.2156
vn 0.1689 -0.7725 -0.6122
vn 0.1857 -0.4092 -0.8934
vn 0.8550 -0.2159 -0.4715
vn 0.6757 -0.7258 0.1289
vn 0.8550 -0.2160 -0.4715
vn -0.8550 -0.2159 -0.4715
vn -0.6189 -0.5554 0.5554
vn -0.0000 -0.7071 0.7071
vn 0.6189 -0.5554 0.5554
vn -0.6765 0.7248 0.1304
vn -0.0000 0.9841 0.1778
vn -0.0000 0.8596 -0.5110
vn 0.0806 0.8655 -0.4945
vn -0.0806 0.8655 -0.4944
vn 0.6765 0.7248 0.1302
vn 0.6965 0.6847 -0.2145
vn 0.1671 0.7727 -0.6123
vn 0.1470 0.4119 -0.8993
vn -0.0000 0.4164 -0.9092
vn -0.1671 0.7727 -0.6123
vn -0.1857 0.4091 -0.8934
vn -0.6965 0.6847 -0.2144
vn -0.8550 0.2160 -0.4715
vn -0.1470 0.4119 -0.8993
vn 0.8550 0.2159 -0.4715
vn 0.1857 0.4091 -0.8934
vn 0.8550 0.2160 -0.4715
vn -0.8550 0.2159 -0.4715
vn -0.0000 0.1761 0.9844
vn -0.6757 0.1289 0.7258
vn -0.6967 -0.2156 0.6842
vn -0.1689 -0.6122 0.7725
vn -0.0000 -0.5118 0.8591
vn -0.0753 -0.4938 0.8663
vn 0.0753 -0.4938 0.8663
vn 0.1470 -0.8993 0.4119
vn -0.0000 -0.9092 0.4164
vn -0.1857 -0.8934 0.4092
vn -0.8550 -0.4715 0.2160
vn -0.1470 -0.8993 0.4119
vn 0.6967 -0.2156 0.6842
vn 0.1689 -0.6122 0.7725
vn 0.1857 -0.8934 0.4092
vn 0.8550 -0.4715 0.2160
vn 0.6757 0.1289 0.7258
vn -0.8550 -0.4715 0.2159
vn -0.6189 0.5554 0.5554
vn -0.0000 0.7071 0.7071
vn 0.6189 0.5554 0.5554
vn -0.6765 0.1304 -0.7248
vn -0.0000 0.1773 -0.9842
vn -0.0000 -0.5110 -0.8596
vn 0.0806 -0.4945 -0.8654
vn -0.0806 -0.4944 -0.8655
vn 0.6765 0.1304 -0.7248
vn 0.6965 -0.2145 -0.6848
vn 0.1671 -0.6123 -0.7727
vn 0.1470 -0.8993 -0.4119
vn -0.0000 -0.9092 -0.4164
vn -0.1671 -0.6123 -0.7727
vn -0.1857 -0.8934 -0.4091
vn -0.6965 -0.2144 -0.6847
vn -0.8550 -0.4715 -0.2160
vn -0.1470 -0.8993 -0.4119
vn 0.8550 -0.4715 -0.2159
vn 0.1857 -0.8934 -0.4091
vn -0.8550 -0.4715 -0.2159
vn -0.0000 0.9845 -0.1756
vn -0.6757 0.7258 -0.1290
vn -0.6967 0.6842 0.2156
vn -0.1690 0.7725 0.6122
vn -0.0000 0.8591 0.5118
vn -0.0753 0.8663 0.4938
vn 0.0753 0.8663 0.4938
vn 0.1470 0.4119 0.8993
vn -0.0000 0.4164 0.9092
vn -0.1857 0.4092 0.8934
vn -0.8550 0.2160 0.4715
vn -0.1470 0.4119 0.8993
vn 0.6967 0.6842 0.2156
vn 0.1690 0.7725 0.6122
vn 0.1857 0.4092 0.8934
vn 0.8550 0.2160 0.4715
vn 0.6757 0.7259 -0.1288
vn -0.8550 0.2159 0.4715
vn -0.6189 0.5554 -0.5554
vn -0.0000 0.7071 -0.7071
vn 0.6189 0.5554 -0.5554
vn -0.9509 -0.2555 -0.1746
vn -0.9040 -0.1744 -0.3903
vn -0.7829 -0.3452 -0.5176
vn -0.7826 -0.5155 -0.3489
vn -0.9535 -0.2132 -0.2132
vn -0.7847 -0.4383 -0.4383
vn -0.9509 -0.1746 -0.2556
vn -0.7826 -0.3490 -0.5155
vn -0.7829 -0.5176 -0.3452
vn -0.9040 -0.3903 -0.1744
vn -0.9545 0.2111 0.2104
vn -0.8856 -0.4202 0.1979
vn -0.6266 -0.7757 0.0752
vn 0.4383 -0.4383 0.7847
vn 0.2133 -0.2133 0.9534
vn 0.2556 -0.1748 0.9509
vn 0.5155 -0.3489 0.7826
vn 0.1744 -0.3905 0.9039
vn 0.3452 -0.5176 0.7829
vn -0.2102 0.2110 0.9546
vn -0.1979 -0.4202 0.8856
vn -0.0752 -0.7757 0.6266
vn 0.2569 0.9501 -0.1768
vn 0.5155 0.7826 -0.3489
vn 0.3452 0.7829 -0.5176
vn 0.1749 0.9032 -0.3919
vn 0.2153 0.9525 -0.2153
vn 0.4383 0.7847 -0.4383
vn 0.1768 0.9501 -0.2569
vn 0.3489 0.7826 -0.5155
vn 0.3919 0.9032 -0.1749
vn 0.5176 0.7829 -0.3452
vn -0.1972 0.8847 -0.4224
vn -0.0752 0.6266 -0.7757
vn -0.2088 0.9554 0.2089
vn 0.4224 0.8847 0.1972
vn 0.7757 0.6266 0.0752
vn 0.1747 -0.2556 0.9509
vn 0.3489 -0.5155 0.7826
vn 0.5176 -0.3452 0.7829
vn 0.3905 -0.1744 0.9039
vn 0.4208 0.1974 0.8854
vn 0.7757 0.0752 0.6266
vn -0.8855 0.1975 -0.4206
vn -0.6266 0.0752 -0.7757
vn -0.6966 0.1716 0.6966
vn -0.6382 -0.4307 0.6381
vn -0.3857 -0.8382 0.3856
vn -0.6382 -0.4307 0.6382
vn -0.6966 0.1715 0.6967
vn -0.3856 -0.8382 0.3857
vn -0.6379 0.6374 -0.4323
vn -0.3856 0.3857 -0.8382
vn -0.6964 0.6973 0.1696
vn 0.4324 0.6373 0.6379
vn -0.1694 0.6973 0.6965
vn 0.8382 0.3857 0.3856
vn -0.1694 0.6972 0.6966
vn 0.4324 0.6372 0.6380
vn 0.8382 0.3855 0.3857
vn -0.3857 0.3856 -0.8382
vn -0.6380 0.6372 -0.4323
vn -0.6966 0.6972 0.1695
vn -0.5774 0.5773 0.5774
vn -0.5774 0.5774 0.5773
vn -0.5773 0.5774 0.5773
vn -0.1746 -0.2555 0.9509
vn -0.3903 -0.1744 0.9040
vn -0.5176 -0.3452 0.7829
vn -0.3489 -0.5155 0.7826
vn -0.2132 -0.2132 0.9535
vn -0.4383 -0.4383 0.7847
vn -0.2556 -0.1746 0.9509
vn -0.5155 -0.3490 0.7826
vn -0.3452 -0.5176 0.7829
vn -0.1744 -0.3903 0.9040
vn 0.2104 0.2111 0.9545
vn 0.1980 -0.4203 0.8855
vn 0.0752 -0.7757 0.6266
vn 0.7847 -0.4383 -0.4383
vn 0.9534 -0.2133 -0.2133
vn 0.9509 -0.1747 -0.2556
vn 0.7826 -0.3489 -0.5155
vn 0.9039 -0.3905 -0.1744
vn 0.7829 -0.5176 -0.3452
vn 0.9546 0.2110 0.2102
vn 0.8856 -0.4202 0.1979
vn 0.6266 -0.7757 0.0752
vn -0.1768 0.9501 -0.2569
vn -0.3489 0.7826 -0.5155
vn -0.5176 0.7829 -0.3452
vn -0.3918 0.9033 -0.1749
vn -0.2153 0.9525 -0.2153
vn -0.4383 0.7847 -0.4383
vn -0.2569 0.9501 -0.1768
vn -0.5155 0.7826 -0.3489
vn -0.1749 0.9032 -0.3919
vn -0.3452 0.7829 -0.5176
vn -0.4224 0.8847 0.1971
vn -0.7757 0.6266 0.0752
vn 0.2089 0.9554 0.2088
vn 0.1971 0.8847 -0.4224
vn 0.0752 0.6266 -0.7757
vn 0.9509 -0.2556 -0.1747
vn 0.7826 -0.5155 -0.3489
vn 0.7829 -0.3452 -0.5176
vn 0.9040 -0.1744 -0.3904
vn 0.8855 0.1974 -0.4207
vn 0.6266 0.0752 -0.7757
vn -0.4206 0.1975 0.8855
vn -0.7757 0.0752 0.6266
vn 0.6966 0.1716 0.6966
vn 0.6381 -0.4307 0.6382
vn 0.3856 -0.8382 0.3857
vn 0.6382 -0.4307 0.6381
vn 0.6967 0.1715 0.6966
vn 0.3857 -0.8382 0.3856
vn -0.4323 0.6374 0.6379
vn -0.8382 0.3857 0.3856
vn 0.1696 0.6973 0.6964
vn 0.6379 0.6373 -0.4324
vn 0.6965 0.6973 0.1694
vn 0.3856 0.3857 -0.8382
vn 0.6966 0.6972 0.1694
vn 0.6380 0.6372 -0.4324
vn 0.3857 0.3855 -0.8382
vn -0.8382 0.3856 0.3857
vn -0.4323 0.6372 0.6380
vn 0.1696 0.6972 0.6965
vn 0.5773 0.5774 0.5773
vn 0.5773 0.5773 0.5774
vn 0.9509 -0.2555 0.1746
vn 0.9040 -0.1744 0.3903
vn 0.7829 -0.3452 0.5176
vn 0.7826 -0.5155 0.3489
vn 0.9535 -0.2132 0.2132
vn 0.7847 -0.4383 0.4383
vn 0.9509 -0.1746 0.2556
vn 0.7826 -0.3489 0.5155
vn 0.7829 -0.5176 0.3452
vn 0.9040 -0.3903 0.1744
vn 0.9545 0.2111 -0.2104
vn 0.8856 -0.4202 -0.1979
vn 0.6266 -0.7757 -0.0752
vn -0.4383 -0.4383 -0.7847
vn -0.2133 -0.2133 -0.9534
vn -0.2556 -0.1747 -0.9509
vn -0.5155 -0.3489 -0.7826
vn -0.1744 -0.3905 -0.9039
vn -0.3452 -0.5176 -0.7829
vn 0.2103 0.2110 -0.9546
vn 0.1979 -0.4202 -0.8856
vn 0.0752 -0.7757 -0.6266
vn -0.2569 0.9501 0.1768
vn -0.5155 0.7826 0.3489
vn -0.3452 0.7829 0.5176
vn -0.1749 0.9032 0.3919
vn -0.2153 0.9525 0.2153
vn -0.4383 0.7847 0.4383
vn -0.1769 0.9501 0.2568
vn -0.3489 0.7826 0.5155
vn -0.3919 0.9032 0.1749
vn -0.5176 0.7829 0.3452
vn 0.1971 0.8847 0.4224
vn 0.0752 0.6266 0.7757
vn 0.2088 0.9554 -0.2088
vn -0.4224 0.8847 -0.1972
vn -0.7757 0.6266 -0.0752
vn -0.1747 -0.2556 -0.9509
vn -0.3489 -0.5155 -0.7826
vn -0.5176 -0.3452 -0.7829
vn -0.3905 -0.1744 -0.9039
vn -0.4208 0.1974 -0.8854
vn -0.7757 0.0752 -0.6266
vn 0.8853 0.1979 0.4208
vn 0.6266 0.0752 0.7757
vn 0.6966 0.1716 -0.6966
vn 0.6382 -0.4307 -0.6381
vn 0.3857 -0.8382 -0.3856
vn 0.6382 -0.4307 -0.6382
vn 0.6966 0.1715 -0.6967
vn 0.3856 -0.8382 -0.3857
vn 0.6379 0.6374 0.4323
vn 0.3856 0.3857 0.8382
vn 0.6964 0.6973 -0.1696
vn -0.4324 0.6373 -0.6379
vn 0.1694 0.6973 -0.6965
vn -0.8382 0.3857 -0.3856
vn 0.1694 0.6972 -0.6966
vn -0.4324 0.6372 -0.6379
vn -0.8382 0.3856 -0.3857
vn 0.3857 0.3856 0.8382
vn 0.6380 0.6372 0.4323
vn 0.6966 0.6972 -0.1695
vn 0.5774 0.5773 -0.5774
vn 0.5774 0.5773 -0.5773
vn 0.5773 0.5774 -0.5774
vn 0.1746 -0.2555 -0.9509
vn 0.3903 -0.1744 -0.9040
vn 0.5176 -0.3452 -0.7829
vn 0.3489 -0.5155 -0.7826
vn 0.2132 -0.2132 -0.9535
vn 0.4383 -0.4383 -0.7847
vn 0.2556 -0.1746 -0.9509
vn 0.5155 -0.3489 -0.7826
vn 0.3452 -0.5176 -0.7829
vn 0.1744 -0.3903 -0.9040
vn -0.2104 0.2111 -0.9545
vn -0.1980 -0.4203 -0.8855
vn -0.0752 -0.7757 -0.6266
vn -0.7847 -0.4383 0.4383
vn -0.9534 -0.2133 0.2133
vn -0.9509 -0.1747 0.2556
vn -0.7826 -0.3489 0.5155
vn -0.9039 -0.3905 0.1744
vn -0.7829 -0.5176 0.3452
vn -0.9546 0.2110 -0.2103
vn -0.8856 -0.4202 -0.1978
vn -0.6266 -0.7757 -0.0752
vn 0.1768 0.9501 0.2569
vn 0.3489 0.7826 0.5155
vn 0.5176 0.7829 0.3452
vn 0.3918 0.9033 0.1749
vn 0.2153 0.9525 0.2153
vn 0.4383 0.7847 0.4383
vn 0.2569 0.9501 0.1768
vn 0.5155 0.7826 0.3489
vn 0.1749 0.9032 0.3919
vn 0.3452 0.7829 0.5176
vn 0.4223 0.8847 -0.1971
vn 0.7757 0.6266 -0.0752
vn -0.2088 0.9554 -0.2088
vn -0.1971 0.8847 0.4224
vn -0.0752 0.6266 0.7757
vn -0.9509 -0.2556 0.1747
vn -0.7826 -0.5155 0.3489
vn -0.7829 -0.3452 0.5176
vn -0.9040 -0.1744 0.3904
vn -0.8855 0.1973 0.4206
vn -0.6266 0.0752 0.7757
vn 0.4208 0.1979 -0.8853
vn 0.7757 0.0752 -0.6266
vn -0.6966 0.1716 -0.6966
vn -0.6381 -0.4307 -0.6382
vn -0.3856 -0.8382 -0.3857
vn -0.6382 -0.4307 -0.6382
vn -0.6967 0.1715 -0.6966
vn -0.3857 -0.8382 -0.3856
vn 0.4323 0.6374 -0.6379
vn 0.8382 0.3857 -0.3856
vn -0.1696 0.6973 -0.6964
vn -0.6379 0.6373 0.4324
vn -0.6965 0.6973 -0.1694
vn -0.3856 0.3857 0.8382
vn -0.6966 0.6972 -0.1694
vn -0.6380 0.6372 0.4324
vn -0.3857 0.3855 0.8382
vn 0.8382 0.3856 -0.3857
vn 0.4323 0.6372 -0.6380
vn -0.1695 0.6972 -0.6966
vn -0.5774 0.5773 -0.5774
vn -0.5773 0.5773 -0.5774
vn -0.5774 0.5774 -0.5773
vn 0.9509 0.2555 -0.1746
vn 0.9040 0.1744 -0.3903
vn 0.7829 0.3452 -0.5176
vn 0.7826 0.5155 -0.3489
vn 0.9535 0.2132 -0.2132
vn 0.7847 0.4383 -0.4383
vn 0.9509 0.1746 -0.2556
vn 0.7826 0.3490 -0.5155
vn 0.7829 0.5176 -0.3452
vn 0.9040 0.3903 -0.1744
vn 0.9545 -0.2111 0.2104
vn 0.8856 0.4201 0.1978
vn 0.6266 0.7757 0.0752
vn -0.4383 0.4383 0.7847
vn -0.2133 0.2133 0.9534
vn -0.2556 0.1747 0.9509
vn -0.5155 0.3489 0.7826
vn -0.1744 0.3905 0.9039
vn -0.3452 0.5176 0.7829
vn 0.2102 -0.2110 0.9546
vn 0.1979 0.4202 0.8856
vn 0.0752 0.7757 0.6266
vn -0.2568 -0.9502 -0.1768
vn -0.5155 -0.7826 -0.3489
vn -0.3452 -0.7829 -0.5176
vn -0.1749 -0.9033 -0.3918
vn -0.2153 -0.9525 -0.2153
vn -0.4383 -0.7847 -0.4383
vn -0.1768 -0.9501 -0.2569
vn -0.3489 -0.7826 -0.5155
vn -0.3919 -0.9032 -0.1749
vn -0.5176 -0.7829 -0.3452
vn 0.1972 -0.8847 -0.4224
vn 0.0752 -0.6266 -0.7757
vn 0.2088 -0.9554 0.2089
vn -0.4224 -0.8846 0.1973
vn -0.7757 -0.6266 0.0752
vn -0.1747 0.2556 0.9509
vn -0.3489 0.5155 0.7826
vn -0.5176 0.3452 0.7829
vn -0.3904 0.1744 0.9040
vn -0.4208 -0.1974 0.8854
vn -0.7757 -0.0752 0.6266
vn 0.8855 -0.1974 -0.4206
vn 0.6266 -0.0752 -0.7757
vn 0.6966 -0.1716 0.6966
vn 0.6382 0.4307 0.6381
vn 0.3857 0.8382 0.3856
vn 0.6382 0.4307 0.6382
vn 0.6966 -0.1715 0.6967
vn 0.3856 0.8382 0.3857
vn 0.6379 -0.6374 -0.4323
vn 0.3856 -0.3857 -0.8382
vn 0.6964 -0.6973 0.1696
vn -0.4324 -0.6373 0.6378
vn 0.1694 -0.6973 0.6965
vn -0.8382 -0.3857 0.3856
vn 0.1694 -0.6972 0.6966
vn -0.4324 -0.6372 0.6380
vn -0.8382 -0.3856 0.3857
vn 0.3857 -0.3856 -0.8382
vn 0.6380 -0.6372 -0.4323
vn 0.6965 -0.6972 0.1696
vn 0.5773 -0.5774 0.5773
vn 0.5774 -0.5773 0.5773
vn 0.5773 -0.5774 0.5774
vn 0.1746 0.2555 0.9509
vn 0.3903 0.1744 0.9040
vn 0.5176 0.3452 0.7829
vn 0.3489 0.5155 0.7826
vn 0.2132 0.2132 0.9535
vn 0.4383 0.4383 0.7847
vn 0.2556 0.1746 0.9509
vn 0.5155 0.3489 0.7826
vn 0.3452 0.5176 0.7829
vn 0.1744 0.3903 0.9040
vn -0.2104 -0.2111 0.9545
vn -0.1979 0.4202 0.8856
vn -0.0752 0.7757 0.6266
vn -0.7847 0.4383 -0.4383
vn -0.9534 0.2133 -0.2133
vn -0.9509 0.1747 -0.2556
vn -0.7826 0.3490 -0.5155
vn -0.9039 0.3905 -0.1744
vn -0.7829 0.5176 -0.3452
vn -0.9546 -0.2110 0.2103
vn -0.8853 0.4205 0.1983
vn -0.6266 0.7757 0.0752
vn 0.1768 -0.9501 -0.2569
vn 0.3489 -0.7826 -0.5155
vn 0.5176 -0.7829 -0.3452
vn 0.3918 -0.9033 -0.1749
vn 0.2153 -0.9525 -0.2153
vn 0.4383 -0.7847 -0.4383
vn 0.2569 -0.9501 -0.1768
vn 0.5155 -0.7826 -0.3489
vn 0.1749 -0.9032 -0.3919
vn 0.3452 -0.7829 -0.5176
vn 0.4224 -0.8847 0.1971
vn 0.7757 -0.6266 0.0752
vn -0.2089 -0.9554 0.2088
vn -0.1972 -0.8847 -0.4224
vn -0.0752 -0.6266 -0.7757
vn -0.9509 0.2556 -0.1747
vn -0.7826 0.5155 -0.3489
vn -0.7829 0.3452 -0.5176
vn -0.9039 0.1744 -0.3905
vn -0.8855 -0.1974 -0.4207
vn -0.6266 -0.0752 -0.7757
vn 0.4208 -0.1979 0.8853
vn 0.7757 -0.0752 0.6266
vn -0.6966 -0.1716 0.6966
vn -0.6381 0.4307 0.6382
vn -0.3856 0.8382 0.3857
vn -0.6382 0.4307 0.6381
vn -0.6967 -0.1715 0.6966
vn -0.3857 0.8382 0.3856
vn 0.4323 -0.6374 0.6379
vn 0.8382 -0.3857 0.3856
vn -0.1696 -0.6973 0.6964
vn -0.6379 -0.6373 -0.4324
vn -0.6965 -0.6973 0.1694
vn -0.3856 -0.3857 -0.8382
vn -0.6966 -0.6972 0.1694
vn -0.6380 -0.6372 -0.4324
vn -0.3857 -0.3856 -0.8382
vn 0.8382 -0.3856 0.3857
vn 0.4323 -0.6372 0.6380
vn -0.1696 -0.6972 0.6965
vn -0.5773 -0.5774 0.5773
vn -0.5773 -0.5773 0.5774
vn -0.5774 -0.5774 0.5773
vn -0.9509 0.2555 0.1746
vn -0.9040 0.1744 0.3903
vn -0.7829 0.3452 0.5176
vn -0.7826 0.5155 0.3489
vn -0.9535 0.2132 0.2132
vn -0.7847 0.4383 0.4383
vn -0.9509 0.1746 0.2556
vn -0.7826 0.3489 0.5155
vn -0.7829 0.5176 0.3452
vn -0.9040 0.3903 0.1744
vn -0.9545 -0.2111 -0.2104
vn -0.8855 0.4203 -0.1980
vn -0.6266 0.7757 -0.0752
vn 0.4383 0.4383 -0.7847
vn 0.2133 0.2133 -0.9534
vn 0.2556 0.1747 -0.9509
vn 0.5155 0.3489 -0.7826
vn 0.1744 0.3905 -0.9039
vn 0.3452 0.5176 -0.7829
vn -0.2103 -0.2110 -0.9546
vn -0.1983 0.4205 -0.8853
vn -0.0752 0.7757 -0.6266
vn 0.2569 -0.9501 0.1768
vn 0.5155 -0.7826 0.3489
vn 0.3452 -0.7829 0.5176
vn 0.1749 -0.9032 0.3919
vn 0.2153 -0.9525 0.2153
vn 0.4383 -0.7847 0.4383
vn 0.1768 -0.9501 0.2569
vn 0.3489 -0.7826 0.5155
vn 0.3919 -0.9032 0.1749
vn 0.5176 -0.7829 0.3452
vn -0.1971 -0.8847 0.4224
vn -0.0752 -0.6266 0.7757
vn -0.2088 -0.9554 -0.2088
vn 0.4224 -0.8847 -0.1972
vn 0.7757 -0.6266 -0.0752
vn 0.1747 0.2556 -0.9509
vn 0.3489 0.5155 -0.7826
vn 0.5176 0.3452 -0.7829
vn 0.3904 0.1744 -0.9040
vn 0.4208 -0.1974 -0.8854
vn 0.7757 -0.0752 -0.6266
vn -0.8853 -0.1979 0.4208
vn -0.6266 -0.0752 0.7757
vn -0.6966 -0.1716 -0.6966
vn -0.6382 0.4307 -0.6381
vn -0.3857 0.8382 -0.3856
vn -0.6382 0.4307 -0.6382
vn -0.6966 -0.1715 -0.6967
vn -0.3856 0.8382 -0.3857
vn -0.6379 -0.6374 0.4323
vn -0.3856 -0.3857 0.8382
vn -0.6964 -0.6973 -0.1696
vn 0.4324 -0.6373 -0.6378
vn -0.1694 -0.6973 -0.6965
vn 0.8382 -0.3857 -0.3856
vn -0.1694 -0.6972 -0.6966
vn 0.4324 -0.6372 -0.6379
vn 0.8382 -0.3856 -0.3857
vn -0.3857 -0.3856 0.8382
vn -0.6380 -0.6372 0.4323
vn -0.6965 -0.6973 -0.1695
vn -0.5773 -0.5773 -0.5774
vn -0.5774 -0.5773 -0.5773
vn -0.5773 -0.5774 -0.5773
vn -0.1746 0.2555 -0.9509
vn -0.3903 0.1744 -0.9040
vn -0.5176 0.3452 -0.7829
vn -0.3489 0.5155 -0.7826
vn -0.2132 0.2132 -0.9535
vn -0.4383 0.4383 -0.7847
vn -0.2556 0.1746 -0.9509
vn -0.5155 0.3490 -0.7826
vn -0.3452 0.5176 -0.7829
vn -0.1744 0.3903 -0.9040
vn 0.2104 -0.2111 -0.9545
vn 0.1980 0.4203 -0.8855
vn 0.0752 0.7757 -0.6266
vn 0.7847 0.4383 0.4383
vn 0.9534 0.2133 0.2133
vn 0.9509 0.1747 0.2556
vn 0.7826 0.3489 0.5155
vn 0.9039 0.3905 0.1744
vn 0.7829 0.5176 0.3452
vn 0.9546 -0.2110 -0.2102
vn 0.8856 0.4202 -0.1979
vn 0.6266 0.7757 -0.0752
vn -0.1768 -0.9501 0.2569
vn -0.3489 -0.7826 0.5155
vn -0.5176 -0.7829 0.3452
vn -0.3918 -0.9033 0.1749
vn -0.2153 -0.9525 0.2153
vn -0.4383 -0.7847 0.4383
vn -0.2569 -0.9501 0.1768
vn -0.5155 -0.7826 0.3490
vn -0.1749 -0.9032 0.3919
vn -0.3452 -0.7829 0.5176
vn -0.4224 -0.8847 -0.1971
vn -0.7757 -0.6266 -0.0752
vn 0.2088 -0.9554 -0.2088
vn 0.1972 -0.8847 0.4224
vn 0.0752 -0.6266 0.7757
vn 0.9509 0.2556 0.1747
vn 0.7826 0.5155 0.3489
vn 0.7829 0.3452 0.5176
vn 0.9040 0.1744 0.3904
vn 0.8855 -0.1974 0.4207
vn 0.6266 -0.0752 0.7757
vn -0.4206 -0.1975 -0.8855
vn -0.7757 -0.0752 -0.6266
vn 0.6966 -0.1716 -0.6966
vn 0.6381 0.4307 -0.6382
vn 0.3856 0.8382 -0.3857
vn 0.6382 0.4307 -0.6382
vn 0.6967 -0.1715 -0.6966
vn 0.3857 0.8382 -0.3856
vn -0.4323 -0.6374 -0.6379
vn -0.8382 -0.3857 -0.3856
vn 0.1696 -0.6973 -0.6964
vn 0.6379 -0.6373 0.4324
vn 0.6965 -0.6973 -0.1694
vn 0.3856 -0.3857 0.8382
vn 0.6966 -0.6972 -0.1694
vn 0.3857 -0.3856 0.8382
vn -0.8382 -0.3856 -0.3857
vn -0.4323 -0.6372 -0.6380
vn 0.1695 -0.6973 -0.6965
vn 0.5774 -0.5773 -0.5773
vn 0.5773 -0.5773 -0.5774
vn 0.5773 -0.5774 -0.5773
vt 0.249099 0.257373
vt 0.249257 0.499098
vt 0.007689 0.499200
vt 0.007532 0.257603
vt 0.744843 0.498430
vt 0.503340 0.498909
vt 0.502894 0.257174
vt 0.744386 0.256759
vt 0.497073 0.498897
vt 0.255531 0.499107
vt 0.255322 0.257615
vt 0.496817 0.257349
vt 0.496998 0.251108
vt 0.255229 0.251536
vt 0.254862 0.010003
vt 0.496459 0.009540
vt 0.750712 0.256724
vt 0.992278 0.256449
vt 0.992592 0.498045
vt 0.751050 0.498411
vt 0.497313 0.746733
vt 0.255713 0.746937
vt 0.255456 0.505373
vt 0.497150 0.505169
vt 0.252397 0.499143
vt 0.255447 0.502237
vt 0.252945 0.501656
vt 0.252209 0.257412
vt 0.249293 0.254046
vt 0.251911 0.254796
vt 0.252454 0.746998
vt 0.255642 0.750195
vt 0.253286 0.749357
vt 0.007472 0.254345
vt 0.004274 0.257533
vt 0.005112 0.255177
vt 0.497155 0.502033
vt 0.500206 0.498954
vt 0.499658 0.501460
vt 0.496994 0.254225
vt 0.500328 0.251282
vt 0.499608 0.253897
vt 0.497391 0.749991
vt 0.500573 0.746789
vt 0.499746 0.749149
vt 0.750525 0.253436
vt 0.747550 0.256751
vt 0.748022 0.254359
vt 0.249437 0.502409
vt 0.007629 0.502466
vt 0.004423 0.499288
vt 0.499856 0.257289
vt 0.502583 0.253843
vt 0.744554 0.253476
vt 0.747945 0.498341
vt 0.745112 0.501726
vt 0.503179 0.502219
vt 0.255308 0.254579
vt 0.254767 0.006738
vt 0.496526 0.006275
vt 0.992649 0.501310
vt 0.750786 0.501710
vt 0.252150 0.505177
vt 0.251890 0.251841
vt 0.995167 0.501431
vt 0.995857 0.498129
vt 0.005112 0.502588
vt 0.995649 0.253852
vt 0.995541 0.256371
vt 0.992344 0.253182
vt 0.251598 0.009959
vt 0.251467 0.007440
vt 0.500455 0.504971
vt 0.747951 0.501592
vt 0.499043 0.006159
vt 0.499725 0.009463
vt 0.818466 0.713718
vt 0.818580 0.682081
vt 0.843422 0.682087
vt 0.843843 0.694767
vt 0.843845 0.669408
vt 0.818474 0.650444
vt 0.841387 0.649840
vt 0.845890 0.657342
vt 0.859722 0.694741
vt 0.859306 0.682087
vt 0.845885 0.706833
vt 0.861115 0.707593
vt 0.841379 0.714334
vt 0.857656 0.716281
vt 0.859725 0.669434
vt 0.846512 0.634799
vt 0.823937 0.634513
vt 0.861120 0.656583
vt 0.857663 0.647896
vt 0.846496 0.729378
vt 0.823920 0.729652
vt 0.805164 0.682075
vt 0.805062 0.713615
vt 0.782092 0.714385
vt 0.777300 0.706942
vt 0.780239 0.682074
vt 0.779672 0.669337
vt 0.779671 0.694810
vt 0.763744 0.694661
vt 0.764341 0.682073
vt 0.762198 0.707605
vt 0.765686 0.716361
vt 0.763744 0.669484
vt 0.782094 0.649763
vt 0.777301 0.657206
vt 0.762199 0.656539
vt 0.765689 0.647784
vt 0.805064 0.650536
vt 0.777114 0.634687
vt 0.799684 0.634517
vt 0.799677 0.729633
vt 0.777107 0.729458
vt 0.811794 0.714290
vt 0.811813 0.682078
vt 0.811799 0.649866
vt 0.056768 0.686319
vt 0.056883 0.654681
vt 0.081725 0.654688
vt 0.082145 0.667367
vt 0.082147 0.642009
vt 0.056776 0.623045
vt 0.079690 0.622441
vt 0.084192 0.629943
vt 0.098025 0.667342
vt 0.097609 0.654688
vt 0.084187 0.679434
vt 0.099418 0.680194
vt 0.079682 0.686935
vt 0.095958 0.688882
vt 0.098027 0.642035
vt 0.084814 0.607400
vt 0.062239 0.607113
vt 0.099422 0.629184
vt 0.095965 0.620497
vt 0.084798 0.701979
vt 0.062223 0.702253
vt 0.043466 0.654675
vt 0.043364 0.686216
vt 0.020394 0.686986
vt 0.015602 0.679543
vt 0.018541 0.654675
vt 0.017974 0.641938
vt 0.017974 0.667411
vt 0.002046 0.667262
vt 0.002643 0.654673
vt 0.000500 0.680206
vt 0.003988 0.688962
vt 0.002046 0.642085
vt 0.020397 0.622364
vt 0.015604 0.629807
vt 0.000502 0.629140
vt 0.003992 0.620385
vt 0.043366 0.623137
vt 0.015416 0.607288
vt 0.037987 0.607118
vt 0.037979 0.702234
vt 0.015409 0.702059
vt 0.050097 0.686891
vt 0.050115 0.654678
vt 0.050101 0.622467
vt 0.056768 0.587682
vt 0.056883 0.556044
vt 0.081725 0.556051
vt 0.082145 0.568730
vt 0.082147 0.543371
vt 0.056776 0.524407
vt 0.079690 0.523804
vt 0.084192 0.531306
vt 0.098025 0.568705
vt 0.097609 0.556051
vt 0.084187 0.580797
vt 0.099418 0.581557
vt 0.079682 0.588298
vt 0.095958 0.590245
vt 0.098027 0.543398
vt 0.084814 0.508763
vt 0.062239 0.508476
vt 0.099422 0.530547
vt 0.095965 0.521860
vt 0.084798 0.603341
vt 0.062223 0.603616
vt 0.043466 0.556038
vt 0.043364 0.587579
vt 0.020394 0.588348
vt 0.015602 0.580906
vt 0.018541 0.556037
vt 0.017974 0.543301
vt 0.017974 0.568774
vt 0.002046 0.568625
vt 0.002643 0.556036
vt 0.000500 0.581569
vt 0.003988 0.590324
vt 0.002046 0.543448
vt 0.020397 0.523727
vt 0.015604 0.531169
vt 0.000502 0.530503
vt 0.003992 0.521748
vt 0.043366 0.524500
vt 0.015416 0.508651
vt 0.037987 0.508481
vt 0.037979 0.603597
vt 0.015409 0.603422
vt 0.050097 0.588254
vt 0.050115 0.556041
vt 0.050101 0.523829
vt 0.056768 0.784956
vt 0.056883 0.753319
vt 0.081725 0.753325
vt 0.082145 0.766005
vt 0.082147 0.740646
vt 0.056776 0.721682
vt 0.079690 0.721078
vt 0.084192 0.728580
vt 0.098025 0.765979
vt 0.097609 0.753325
vt 0.084187 0.778071
vt 0.099418 0.778831
vt 0.079682 0.785572
vt 0.095958 0.787519
vt 0.098027 0.740672
vt 0.084814 0.706037
vt 0.062239 0.705750
vt 0.099422 0.727821
vt 0.095965 0.719134
vt 0.084798 0.800616
vt 0.062223 0.800890
vt 0.043466 0.753313
vt 0.043364 0.784853
vt 0.020394 0.785623
vt 0.015602 0.778180
vt 0.018541 0.753312
vt 0.017974 0.740575
vt 0.017974 0.766048
vt 0.002046 0.765899
vt 0.002643 0.753311
vt 0.000500 0.778843
vt 0.003988 0.787599
vt 0.002046 0.740722
vt 0.020397 0.721001
vt 0.015604 0.728444
vt 0.000502 0.727777
vt 0.003992 0.719022
vt 0.043366 0.721774
vt 0.015416 0.705925
vt 0.037987 0.705755
vt 0.037979 0.800871
vt 0.015409 0.800696
vt 0.050097 0.785528
vt 0.050115 0.753316
vt 0.050101 0.721104
vt 0.812986 0.812355
vt 0.813100 0.780718
vt 0.837942 0.780724
vt 0.838363 0.793404
vt 0.838365 0.768045
vt 0.812994 0.749081
vt 0.835907 0.748477
vt 0.840410 0.755979
vt 0.854242 0.793378
vt 0.853826 0.780724
vt 0.840405 0.805470
vt 0.855635 0.806230
vt 0.835899 0.812971
vt 0.852176 0.814918
vt 0.854245 0.768071
vt 0.841032 0.733436
vt 0.818457 0.733150
vt 0.855640 0.755221
vt 0.852183 0.746533
vt 0.841016 0.828015
vt 0.818441 0.828289
vt 0.799684 0.780712
vt 0.799582 0.812252
vt 0.776612 0.813022
vt 0.771820 0.805579
vt 0.774759 0.780711
vt 0.774192 0.767974
vt 0.774192 0.793448
vt 0.758264 0.793298
vt 0.758861 0.780710
vt 0.756718 0.806243
vt 0.760206 0.814998
vt 0.758264 0.768121
vt 0.776614 0.748400
vt 0.771822 0.755843
vt 0.756720 0.755176
vt 0.760209 0.746421
vt 0.799584 0.749173
vt 0.771634 0.733324
vt 0.794205 0.733154
vt 0.794197 0.828270
vt 0.771627 0.828095
vt 0.806314 0.812927
vt 0.806333 0.780715
vt 0.806319 0.748503
vt 0.549954 0.834275
vt 0.550068 0.802637
vt 0.574910 0.802643
vt 0.575331 0.815323
vt 0.575333 0.789964
vt 0.549962 0.771000
vt 0.572875 0.770396
vt 0.577377 0.777899
vt 0.591210 0.815298
vt 0.590794 0.802644
vt 0.577372 0.827390
vt 0.592603 0.828150
vt 0.572867 0.834890
vt 0.589144 0.836838
vt 0.591213 0.789991
vt 0.578000 0.755356
vt 0.555425 0.755069
vt 0.592608 0.777140
vt 0.589151 0.768452
vt 0.577984 0.849934
vt 0.555408 0.850209
vt 0.536651 0.802631
vt 0.536550 0.834171
vt 0.513579 0.834941
vt 0.508788 0.827498
vt 0.511727 0.802630
vt 0.511160 0.789893
vt 0.511159 0.815367
vt 0.495231 0.815217
vt 0.495829 0.802629
vt 0.493685 0.828162
vt 0.497174 0.836917
vt 0.495232 0.790041
vt 0.513582 0.770319
vt 0.508789 0.777762
vt 0.493687 0.777095
vt 0.497177 0.768340
vt 0.536552 0.771093
vt 0.508601 0.755244
vt 0.531172 0.755074
vt 0.531164 0.850190
vt 0.508595 0.850015
vt 0.543282 0.834846
vt 0.543301 0.802634
vt 0.543287 0.770422
vt 0.665030 0.215053
vt 0.665145 0.183415
vt 0.689987 0.183422
vt 0.690407 0.196101
vt 0.690410 0.170742
vt 0.665038 0.151778
vt 0.687952 0.151175
vt 0.692454 0.158677
vt 0.706287 0.196076
vt 0.705871 0.183422
vt 0.692449 0.208168
vt 0.707680 0.208928
vt 0.687944 0.215669
vt 0.704220 0.217616
vt 0.706289 0.170769
vt 0.693077 0.136134
vt 0.670501 0.135847
vt 0.707685 0.157918
vt 0.704228 0.149230
vt 0.693060 0.230712
vt 0.670485 0.230987
vt 0.651728 0.183409
vt 0.651626 0.214950
vt 0.628656 0.215719
vt 0.623865 0.208277
vt 0.626803 0.183408
vt 0.626236 0.170672
vt 0.626236 0.196145
vt 0.610308 0.195996
vt 0.610905 0.183407
vt 0.608762 0.208940
vt 0.612250 0.217695
vt 0.610309 0.170819
vt 0.628659 0.151098
vt 0.623866 0.158540
vt 0.608764 0.157873
vt 0.612254 0.149118
vt 0.651628 0.151871
vt 0.623678 0.136022
vt 0.646249 0.135852
vt 0.646241 0.230968
vt 0.623671 0.230793
vt 0.658359 0.215624
vt 0.658377 0.183412
vt 0.658364 0.151200
vt 0.769147 0.215053
vt 0.769262 0.183415
vt 0.794104 0.183422
vt 0.794524 0.196101
vt 0.794526 0.170742
vt 0.769155 0.151778
vt 0.792069 0.151175
vt 0.796571 0.158677
vt 0.810404 0.196076
vt 0.809988 0.183422
vt 0.796566 0.208168
vt 0.811797 0.208928
vt 0.792061 0.215669
vt 0.808337 0.217616
vt 0.810406 0.170769
vt 0.797194 0.136134
vt 0.774618 0.135847
vt 0.811802 0.157918
vt 0.808344 0.149230
vt 0.797177 0.230712
vt 0.774602 0.230987
vt 0.755845 0.183409
vt 0.755743 0.214950
vt 0.732773 0.215719
vt 0.727982 0.208277
vt 0.730920 0.183408
vt 0.730353 0.170672
vt 0.730353 0.196145
vt 0.714425 0.195996
vt 0.715022 0.183407
vt 0.712879 0.208940
vt 0.716367 0.217695
vt 0.714426 0.170819
vt 0.732776 0.151098
vt 0.727983 0.158540
vt 0.712881 0.157873
vt 0.716371 0.149118
vt 0.755745 0.151871
vt 0.727795 0.136022
vt 0.750366 0.135852
vt 0.750358 0.230968
vt 0.727788 0.230793
vt 0.762476 0.215624
vt 0.762494 0.183412
vt 0.762480 0.151200
vt 0.665030 0.834275
vt 0.665145 0.802637
vt 0.689987 0.802643
vt 0.690407 0.815323
vt 0.690410 0.789964
vt 0.665038 0.771000
vt 0.687952 0.770396
vt 0.692454 0.777899
vt 0.706287 0.815298
vt 0.705871 0.802644
vt 0.692449 0.827389
vt 0.707680 0.828150
vt 0.687944 0.834890
vt 0.704220 0.836838
vt 0.706289 0.789991
vt 0.693077 0.755356
vt 0.670501 0.755069
vt 0.707685 0.777140
vt 0.704228 0.768452
vt 0.693060 0.849934
vt 0.670485 0.850209
vt 0.651728 0.802631
vt 0.651626 0.834171
vt 0.628656 0.834941
vt 0.623865 0.827498
vt 0.626803 0.802630
vt 0.626236 0.789893
vt 0.626236 0.815367
vt 0.610308 0.815217
vt 0.610905 0.802629
vt 0.608762 0.828162
vt 0.612250 0.836917
vt 0.610309 0.790041
vt 0.628659 0.770319
vt 0.623866 0.777762
vt 0.608764 0.777095
vt 0.612254 0.768340
vt 0.651628 0.771093
vt 0.623678 0.755244
vt 0.646249 0.755073
vt 0.646241 0.850190
vt 0.623671 0.850014
vt 0.658359 0.834846
vt 0.658377 0.802634
vt 0.658363 0.770422
vt 0.434877 0.834275
vt 0.434992 0.802637
vt 0.459833 0.802643
vt 0.460254 0.815323
vt 0.460256 0.789964
vt 0.434885 0.771000
vt 0.457799 0.770396
vt 0.462301 0.777899
vt 0.476134 0.815298
vt 0.475718 0.802644
vt 0.462296 0.827390
vt 0.477527 0.828150
vt 0.457791 0.834890
vt 0.474067 0.836838
vt 0.476136 0.789991
vt 0.462923 0.755356
vt 0.440348 0.755069
vt 0.477531 0.777140
vt 0.474074 0.768452
vt 0.462907 0.849934
vt 0.440332 0.850209
vt 0.421575 0.802631
vt 0.421473 0.834171
vt 0.398503 0.834941
vt 0.393711 0.827498
vt 0.396650 0.802630
vt 0.396083 0.789893
vt 0.396083 0.815367
vt 0.380155 0.815217
vt 0.380752 0.802629
vt 0.378609 0.828162
vt 0.382097 0.836917
vt 0.380155 0.790041
vt 0.398505 0.770319
vt 0.393713 0.777762
vt 0.378611 0.777095
vt 0.382101 0.768340
vt 0.421475 0.771093
vt 0.393525 0.755244
vt 0.416096 0.755074
vt 0.416088 0.850190
vt 0.393518 0.850015
vt 0.428205 0.834846
vt 0.428224 0.802634
vt 0.428210 0.770422
vt 0.560913 0.215053
vt 0.561028 0.183415
vt 0.585870 0.183422
vt 0.586290 0.196101
vt 0.586293 0.170742
vt 0.560921 0.151778
vt 0.583835 0.151175
vt 0.588337 0.158677
vt 0.602170 0.196076
vt 0.601754 0.183422
vt 0.588332 0.208168
vt 0.603563 0.208928
vt 0.583827 0.215669
vt 0.600103 0.217616
vt 0.602172 0.170769
vt 0.588960 0.136134
vt 0.566384 0.135847
vt 0.603568 0.157918
vt 0.600111 0.149230
vt 0.588943 0.230712
vt 0.566368 0.230987
vt 0.547611 0.183409
vt 0.547509 0.214950
vt 0.524539 0.215719
vt 0.519748 0.208277
vt 0.522686 0.183408
vt 0.522119 0.170672
vt 0.522119 0.196145
vt 0.506191 0.195996
vt 0.506788 0.183407
vt 0.504645 0.208940
vt 0.508134 0.217695
vt 0.506192 0.170819
vt 0.524542 0.151098
vt 0.519749 0.158540
vt 0.504647 0.157873
vt 0.508137 0.149118
vt 0.547512 0.151871
vt 0.519561 0.136022
vt 0.542132 0.135852
vt 0.542124 0.230968
vt 0.519554 0.230793
vt 0.554242 0.215624
vt 0.554260 0.183412
vt 0.554247 0.151200
vt 0.873264 0.215053
vt 0.873379 0.183415
vt 0.898221 0.183422
vt 0.898641 0.196101
vt 0.898643 0.170742
vt 0.873272 0.151778
vt 0.896186 0.151175
vt 0.900688 0.158677
vt 0.914521 0.196076
vt 0.914105 0.183422
vt 0.900683 0.208168
vt 0.915914 0.208928
vt 0.896178 0.215669
vt 0.912454 0.217616
vt 0.914523 0.170769
vt 0.901311 0.136134
vt 0.878735 0.135847
vt 0.915919 0.157918
vt 0.912461 0.149230
vt 0.901294 0.230712
vt 0.878719 0.230987
vt 0.859962 0.183409
vt 0.859860 0.214950
vt 0.836890 0.215719
vt 0.832098 0.208277
vt 0.835037 0.183408
vt 0.834470 0.170672
vt 0.834470 0.196145
vt 0.818542 0.195996
vt 0.819139 0.183407
vt 0.816996 0.208940
vt 0.820484 0.217695
vt 0.818542 0.170819
vt 0.836893 0.151098
vt 0.832100 0.158540
vt 0.816998 0.157873
vt 0.820488 0.149118
vt 0.859862 0.151871
vt 0.831912 0.136022
vt 0.854483 0.135852
vt 0.854475 0.230968
vt 0.831905 0.230793
vt 0.866593 0.215624
vt 0.866611 0.183412
vt 0.866597 0.151200
vt 0.916980 0.700874
vt 0.902926 0.710941
vt 0.875839 0.687748
vt 0.890823 0.676876
vt 0.930065 0.689180
vt 0.904212 0.664667
vt 0.941046 0.675489
vt 0.915690 0.650646
vt 0.925748 0.635103
vt 0.950351 0.660916
vt 0.985221 0.741869
vt 0.981997 0.659296
vt 0.958216 0.631157
vt 0.566888 0.915682
vt 0.541447 0.940742
vt 0.530181 0.927232
vt 0.555117 0.901850
vt 0.520995 0.914366
vt 0.545158 0.888027
vt 0.487207 0.994600
vt 0.489249 0.913348
vt 0.512544 0.884693
vt 0.770869 0.953162
vt 0.795385 0.978343
vt 0.784770 0.993508
vt 0.761057 0.967488
vt 0.782312 0.939674
vt 0.807314 0.964595
vt 0.795784 0.928218
vt 0.821064 0.952637
vt 0.810099 0.918366
vt 0.836205 0.941976
vt 0.729084 0.968521
vt 0.752551 0.996626
vt 0.728029 0.885378
vt 0.811118 0.886372
vt 0.839256 0.909778
vt 0.554783 0.952210
vt 0.580539 0.927660
vt 0.595764 0.938269
vt 0.569061 0.962031
vt 0.569596 0.993789
vt 0.598601 0.970930
vt 0.902996 0.742628
vt 0.873630 0.720379
vt 0.989696 0.742068
vt 0.987650 0.657780
vt 0.963572 0.629033
vt 0.483136 0.910375
vt 0.482726 0.994886
vt 0.506717 0.881105
vt 0.723839 0.969470
vt 0.747217 0.998523
vt 0.724189 0.886167
vt 0.812062 0.881105
vt 0.728792 0.881553
vt 0.841150 0.904444
vt 0.486868 0.999080
vt 0.570917 0.999500
vt 0.600545 0.976369
vt 0.871795 0.725841
vt 0.901788 0.748350
vt 0.985645 0.746331
vt 0.989166 0.745621
vt 0.724929 0.882303
vt 0.483325 0.998436
vt 0.670388 0.076172
vt 0.656333 0.086239
vt 0.629246 0.063046
vt 0.644230 0.052174
vt 0.683473 0.064478
vt 0.657619 0.039965
vt 0.694453 0.050787
vt 0.669097 0.025945
vt 0.679155 0.010401
vt 0.703758 0.036214
vt 0.738628 0.117167
vt 0.735405 0.034594
vt 0.711623 0.006455
vt 0.205218 0.915682
vt 0.179778 0.940742
vt 0.168512 0.927232
vt 0.193447 0.901850
vt 0.159326 0.914366
vt 0.183488 0.888027
vt 0.125537 0.994600
vt 0.127579 0.913348
vt 0.150874 0.884693
vt 0.918824 0.821645
vt 0.943340 0.846826
vt 0.932726 0.861992
vt 0.909012 0.835972
vt 0.930268 0.808158
vt 0.955270 0.833079
vt 0.943740 0.796702
vt 0.969020 0.821120
vt 0.958055 0.786850
vt 0.984161 0.810460
vt 0.877039 0.837005
vt 0.900507 0.865110
vt 0.875985 0.753862
vt 0.959074 0.754855
vt 0.987211 0.778262
vt 0.193114 0.952210
vt 0.218870 0.927660
vt 0.234094 0.938269
vt 0.207392 0.962031
vt 0.207926 0.993789
vt 0.236932 0.970930
vt 0.656404 0.117927
vt 0.627037 0.095677
vt 0.743103 0.117366
vt 0.741058 0.033078
vt 0.716979 0.004331
vt 0.121466 0.910375
vt 0.121056 0.994886
vt 0.145047 0.881105
vt 0.871795 0.837953
vt 0.895173 0.867007
vt 0.872145 0.754651
vt 0.960018 0.749589
vt 0.876747 0.750037
vt 0.989105 0.772928
vt 0.125198 0.999080
vt 0.209247 0.999500
vt 0.238875 0.976369
vt 0.625202 0.101139
vt 0.655195 0.123648
vt 0.739052 0.121629
vt 0.742574 0.120919
vt 0.872885 0.750787
vt 0.121656 0.998436
vt 0.916980 0.580317
vt 0.902926 0.590384
vt 0.875839 0.567191
vt 0.890823 0.556319
vt 0.930065 0.568623
vt 0.904212 0.544111
vt 0.941046 0.554932
vt 0.915690 0.530090
vt 0.925748 0.514547
vt 0.950351 0.540360
vt 0.985221 0.621313
vt 0.981997 0.538740
vt 0.958216 0.510600
vt 0.588807 0.548532
vt 0.563366 0.573593
vt 0.552101 0.560082
vt 0.577036 0.534701
vt 0.542915 0.547217
vt 0.567077 0.520878
vt 0.509126 0.627451
vt 0.511168 0.546199
vt 0.534463 0.517544
vt 0.792788 0.586012
vt 0.817304 0.611193
vt 0.806690 0.626359
vt 0.782976 0.600338
vt 0.804231 0.572525
vt 0.829234 0.597446
vt 0.817704 0.561069
vt 0.842983 0.585487
vt 0.832019 0.551217
vt 0.858125 0.574827
vt 0.751003 0.601372
vt 0.774471 0.629477
vt 0.749949 0.518229
vt 0.833037 0.519222
vt 0.861175 0.542629
vt 0.576703 0.585061
vt 0.602458 0.560511
vt 0.617683 0.571120
vt 0.590981 0.594882
vt 0.591515 0.626640
vt 0.620521 0.603781
vt 0.902996 0.622072
vt 0.873630 0.599823
vt 0.989696 0.621512
vt 0.987650 0.537224
vt 0.963572 0.508476
vt 0.505055 0.543226
vt 0.504645 0.627736
vt 0.528636 0.513956
vt 0.745758 0.602320
vt 0.769137 0.631374
vt 0.746108 0.519018
vt 0.833982 0.513956
vt 0.750711 0.514404
vt 0.863069 0.537295
vt 0.508787 0.631931
vt 0.592836 0.632351
vt 0.622464 0.609220
vt 0.871795 0.605285
vt 0.901788 0.627793
vt 0.985645 0.625775
vt 0.989166 0.625064
vt 0.746848 0.515153
vt 0.505244 0.631287
vt 0.911501 0.076172
vt 0.897446 0.086239
vt 0.870359 0.063046
vt 0.885343 0.052174
vt 0.924586 0.064478
vt 0.898732 0.039965
vt 0.935566 0.050787
vt 0.910210 0.025945
vt 0.920268 0.010401
vt 0.944871 0.036214
vt 0.979741 0.117167
vt 0.976518 0.034594
vt 0.952736 0.006455
vt 0.687444 0.915682
vt 0.662003 0.940742
vt 0.650738 0.927232
vt 0.675673 0.901850
vt 0.641552 0.914366
vt 0.665714 0.888027
vt 0.607763 0.994600
vt 0.609805 0.913348
vt 0.633100 0.884693
vt 0.891425 0.953162
vt 0.915941 0.978343
vt 0.905327 0.993508
vt 0.881613 0.967488
vt 0.902868 0.939674
vt 0.927871 0.964595
vt 0.916341 0.928218
vt 0.941620 0.952637
vt 0.930656 0.918366
vt 0.956762 0.941976
vt 0.849640 0.968521
vt 0.873108 0.996626
vt 0.848586 0.885378
vt 0.931674 0.886372
vt 0.959812 0.909778
vt 0.675340 0.952210
vt 0.701095 0.927660
vt 0.716320 0.938269
vt 0.689618 0.962031
vt 0.690152 0.993789
vt 0.719158 0.970930
vt 0.897516 0.117927
vt 0.868150 0.095677
vt 0.984216 0.117366
vt 0.982170 0.033078
vt 0.958092 0.004331
vt 0.603692 0.910375
vt 0.603282 0.994886
vt 0.627273 0.881105
vt 0.844395 0.969470
vt 0.867774 0.998523
vt 0.844745 0.886167
vt 0.932619 0.881105
vt 0.849348 0.881553
vt 0.961706 0.904444
vt 0.607424 0.999080
vt 0.691473 0.999500
vt 0.721101 0.976369
vt 0.866315 0.101139
vt 0.896308 0.123648
vt 0.980165 0.121629
vt 0.983687 0.120919
vt 0.845486 0.882303
vt 0.603881 0.998436
vt 0.790944 0.076172
vt 0.776889 0.086239
vt 0.749802 0.063046
vt 0.764787 0.052174
vt 0.804029 0.064478
vt 0.778176 0.039965
vt 0.815009 0.050787
vt 0.789653 0.025945
vt 0.799711 0.010401
vt 0.824314 0.036214
vt 0.859184 0.117167
vt 0.855961 0.034594
vt 0.832179 0.006455
vt 0.325775 0.915682
vt 0.300334 0.940742
vt 0.289068 0.927232
vt 0.314004 0.901850
vt 0.279882 0.914366
vt 0.304045 0.888027
vt 0.246094 0.994600
vt 0.248136 0.913348
vt 0.271431 0.884693
vt 0.162607 0.821645
vt 0.187123 0.846826
vt 0.176508 0.861992
vt 0.152795 0.835972
vt 0.174050 0.808158
vt 0.199052 0.833079
vt 0.187522 0.796702
vt 0.212802 0.821120
vt 0.201837 0.786850
vt 0.227943 0.810460
vt 0.120821 0.837005
vt 0.144289 0.865110
vt 0.119767 0.753862
vt 0.202856 0.754855
vt 0.230993 0.778262
vt 0.313670 0.952210
vt 0.339426 0.927660
vt 0.354650 0.938269
vt 0.327948 0.962031
vt 0.328483 0.993789
vt 0.357488 0.970930
vt 0.776960 0.117927
vt 0.747593 0.095677
vt 0.863660 0.117366
vt 0.861614 0.033078
vt 0.837536 0.004331
vt 0.242023 0.910375
vt 0.241613 0.994886
vt 0.265604 0.881105
vt 0.115577 0.837953
vt 0.138955 0.867007
vt 0.115927 0.754651
vt 0.203800 0.749589
vt 0.120530 0.750037
vt 0.232887 0.772928
vt 0.245755 0.999080
vt 0.329804 0.999500
vt 0.359432 0.976369
vt 0.745758 0.101139
vt 0.775751 0.123648
vt 0.859609 0.121629
vt 0.863130 0.120919
vt 0.116667 0.750787
vt 0.242212 0.998436
vt 0.549831 0.076172
vt 0.535777 0.086239
vt 0.508690 0.063046
vt 0.523674 0.052174
vt 0.562916 0.064478
vt 0.537063 0.039965
vt 0.573896 0.050787
vt 0.548541 0.025945
vt 0.558598 0.010401
vt 0.583201 0.036214
vt 0.618071 0.117167
vt 0.614848 0.034594
vt 0.591067 0.006455
vt 0.446331 0.915682
vt 0.420890 0.940742
vt 0.409625 0.927232
vt 0.434560 0.901850
vt 0.400439 0.914366
vt 0.424601 0.888027
vt 0.366650 0.994600
vt 0.368692 0.913348
vt 0.391987 0.884693
vt 0.672232 0.586012
vt 0.696748 0.611193
vt 0.686133 0.626359
vt 0.662420 0.600338
vt 0.683675 0.572525
vt 0.708677 0.597446
vt 0.697147 0.561069
vt 0.722427 0.585487
vt 0.711462 0.551217
vt 0.737568 0.574827
vt 0.630446 0.601372
vt 0.653914 0.629477
vt 0.629392 0.518229
vt 0.712481 0.519222
vt 0.740618 0.542629
vt 0.434227 0.952210
vt 0.459982 0.927660
vt 0.475207 0.938269
vt 0.448505 0.962031
vt 0.449039 0.993789
vt 0.478045 0.970930
vt 0.535847 0.117927
vt 0.506480 0.095677
vt 0.622547 0.117366
vt 0.620501 0.033078
vt 0.596423 0.004331
vt 0.362579 0.910375
vt 0.362169 0.994886
vt 0.386160 0.881105
vt 0.625202 0.602320
vt 0.648580 0.631374
vt 0.625552 0.519018
vt 0.713425 0.513956
vt 0.630155 0.514404
vt 0.742513 0.537295
vt 0.366311 0.999080
vt 0.450360 0.999500
vt 0.479988 0.976369
vt 0.504645 0.101139
vt 0.534638 0.123648
vt 0.618496 0.121629
vt 0.622017 0.120919
vt 0.626292 0.515153
vt 0.362768 0.998436
vt 0.160763 0.580317
vt 0.146708 0.590384
vt 0.119621 0.567191
vt 0.134605 0.556319
vt 0.173848 0.568623
vt 0.147994 0.544111
vt 0.184828 0.554932
vt 0.159472 0.530090
vt 0.169530 0.514547
vt 0.194133 0.540360
vt 0.229003 0.621313
vt 0.225780 0.538740
vt 0.201998 0.510600
vt 0.084662 0.915682
vt 0.059221 0.940742
vt 0.047956 0.927232
vt 0.072891 0.901850
vt 0.038769 0.914366
vt 0.062932 0.888027
vt 0.004981 0.994600
vt 0.007023 0.913348
vt 0.030318 0.884693
vt 0.688671 0.706569
vt 0.713187 0.731750
vt 0.702573 0.746916
vt 0.678859 0.720895
vt 0.700114 0.693081
vt 0.725117 0.718002
vt 0.713587 0.681626
vt 0.738866 0.706044
vt 0.727902 0.671773
vt 0.754008 0.695383
vt 0.646886 0.721928
vt 0.670354 0.750033
vt 0.645832 0.638786
vt 0.728920 0.639779
vt 0.757058 0.663185
vt 0.072558 0.952211
vt 0.098313 0.927660
vt 0.113538 0.938269
vt 0.086835 0.962031
vt 0.087370 0.993789
vt 0.116375 0.970930
vt 0.146778 0.622072
vt 0.117412 0.599823
vt 0.233478 0.621512
vt 0.231432 0.537224
vt 0.207354 0.508476
vt 0.000910 0.910376
vt 0.000500 0.994886
vt 0.024491 0.881105
vt 0.641641 0.722877
vt 0.665020 0.751931
vt 0.641991 0.639574
vt 0.729865 0.634513
vt 0.646594 0.634961
vt 0.758952 0.657851
vt 0.004642 0.999080
vt 0.088691 0.999500
vt 0.118319 0.976369
vt 0.115577 0.605285
vt 0.145570 0.627793
vt 0.229427 0.625775
vt 0.232948 0.625064
vt 0.642731 0.635710
vt 0.001099 0.998436
vt 0.160763 0.700874
vt 0.146708 0.710941
vt 0.119621 0.687748
vt 0.134605 0.676876
vt 0.173848 0.689180
vt 0.147994 0.664667
vt 0.184828 0.675489
vt 0.159472 0.650646
vt 0.169530 0.635103
vt 0.194133 0.660916
vt 0.229003 0.741869
vt 0.225780 0.659296
vt 0.201998 0.631157
vt 0.594287 0.669089
vt 0.568846 0.694149
vt 0.557581 0.680639
vt 0.582516 0.655257
vt 0.548395 0.667774
vt 0.572557 0.641434
vt 0.514606 0.748008
vt 0.516648 0.666755
vt 0.539943 0.638100
vt 0.294123 0.827125
vt 0.318639 0.852306
vt 0.308024 0.867472
vt 0.284311 0.841451
vt 0.305566 0.813638
vt 0.330568 0.838559
vt 0.319038 0.802182
vt 0.344318 0.826600
vt 0.333353 0.792330
vt 0.359459 0.815940
vt 0.252338 0.842485
vt 0.275805 0.870589
vt 0.251283 0.759342
vt 0.334372 0.760335
vt 0.362509 0.783742
vt 0.582183 0.705618
vt 0.607938 0.681068
vt 0.623163 0.691676
vt 0.596460 0.715438
vt 0.596995 0.747196
vt 0.626000 0.724337
vt 0.146778 0.742628
vt 0.117412 0.720379
vt 0.233478 0.742068
vt 0.231432 0.657780
vt 0.207354 0.629033
vt 0.510535 0.663783
vt 0.510125 0.748293
vt 0.534116 0.634513
vt 0.247093 0.843433
vt 0.270471 0.872487
vt 0.247443 0.760131
vt 0.335316 0.755069
vt 0.252046 0.755517
vt 0.364404 0.778408
vt 0.514267 0.752487
vt 0.598316 0.752907
vt 0.627944 0.729776
vt 0.115577 0.725841
vt 0.145570 0.748350
vt 0.229427 0.746331
vt 0.232948 0.745621
vt 0.248183 0.756266
vt 0.510724 0.751843
s 1
usemtl DefaultMaterial
f 4/1/1 1/2/2 2/3/3
f 2/3/3 3/4/4 4/1/1
f 8/5/5 5/6/6 6/7/7
f 6/7/7 7/8/8 8/5/5
f 12/9/9 9/10/10 10/11/11
f 10/11/11 11/12/12 12/9/9
f 16/13/13 13/14/14 14/15/15
f 14/15/15 15/16/16 16/13/13
f 20/17/17 17/18/18 18/19/19
f 18/19/19 19/20/20 20/17/17
f 24/21/21 21/22/22 22/23/23
f 22/23/23 23/24/24 24/21/21
f 27/25/25 9/10/10 25/26/26
f 25/26/26 26/27/27 27/25/25
f 30/28/28 4/1/1 28/29/29
f 28/29/29 29/30/30 30/28/28
f 33/31/31 21/22/22 31/32/32
f 31/32/32 32/33/33 33/31/31
f 36/34/34 3/4/4 34/35/35
f 34/35/35 35/36/36 36/34/34
f 39/37/37 12/9/9 37/38/38
f 37/38/38 38/39/39 39/37/37
f 42/40/40 16/13/13 40/41/41
f 40/41/41 41/42/42 42/40/40
f 45/43/43 24/21/21 43/44/44
f 43/44/44 44/45/45 45/43/43
f 48/46/46 20/17/17 46/47/47
f 46/47/47 47/48/48 48/46/46
f 2/3/3 1/2/2 49/49/49
f 49/49/49 50/50/50 2/3/3
f 3/4/4 2/3/3 51/51/51
f 51/51/51 34/35/35 3/4/4
f 4/1/1 3/4/4 36/34/34
f 36/34/34 28/29/29 4/1/1
f 1/2/2 4/1/1 30/28/28
f 30/28/28 27/25/25 1/2/2
f 6/7/7 5/6/6 37/38/38
f 37/38/38 52/52/52 6/7/7
f 7/8/8 6/7/7 53/53/53
f 53/53/53 54/54/54 7/8/8
f 8/5/5 7/8/8 46/47/47
f 46/47/47 55/55/55 8/5/5
f 5/6/6 8/5/5 56/56/56
f 56/56/56 57/57/57 5/6/6
f 11/12/12 10/11/11 58/58/58
f 58/58/58 42/40/40 11/12/12
f 9/10/10 12/9/9 39/37/37
f 39/37/37 25/26/26 9/10/10
f 15/16/16 14/15/15 59/59/59
f 59/59/59 60/60/60 15/16/16
f 19/20/20 18/19/19 61/61/61
f 61/61/61 62/62/62 19/20/20
f 26/27/27 25/26/26 22/23/23
f 22/23/23 63/63/49 26/27/27
f 27/25/25 26/27/27 49/49/49
f 49/49/49 1/2/2 27/25/25
f 29/30/30 64/64/63 13/14/14
f 13/14/14 58/58/58 29/30/30
f 30/28/28 29/30/30 58/58/58
f 58/58/58 10/11/11 30/28/28
f 66/65/64 61/61/61 18/19/19
f 18/19/19 65/66/51 66/65/64
f 50/50/50 67/67/33 51/51/51
f 51/51/51 2/3/3 50/50/50
f 70/68/65 68/69/66 17/18/18
f 17/18/18 69/70/59 70/68/65
f 72/71/67 71/72/36 59/59/59
f 59/59/59 14/15/15 72/71/67
f 38/39/39 37/38/38 5/6/6
f 5/6/6 57/57/57 38/39/39
f 39/37/37 38/39/39 73/73/57
f 73/73/57 23/24/24 39/37/37
f 41/42/42 53/53/53 6/7/7
f 6/7/7 52/52/52 41/42/42
f 42/40/40 41/42/42 52/52/52
f 52/52/52 11/12/12 42/40/40
f 74/74/68 56/56/56 8/5/5
f 8/5/5 55/55/55 74/74/68
f 62/62/62 74/74/68 55/55/55
f 55/55/55 19/20/20 62/62/62
f 47/48/48 46/47/47 7/8/8
f 7/8/8 54/54/54 47/48/48
f 60/60/60 75/75/48 76/76/54
f 76/76/54 15/16/16 60/60/60
f 33/31/31 63/63/49 22/23/23
f 22/23/23 21/22/22 33/31/31
f 68/69/66 65/66/51 18/19/19
f 18/19/19 17/18/18 68/69/66
f 64/64/63 72/71/67 14/15/15
f 14/15/15 13/14/14 64/64/63
f 27/25/25 30/28/28 10/11/11
f 10/11/11 9/10/10 27/25/25
f 52/52/52 37/38/38 12/9/9
f 12/9/9 11/12/12 52/52/52
f 76/76/54 40/41/41 16/13/13
f 16/13/13 15/16/16 76/76/54
f 55/55/55 46/47/47 20/17/17
f 20/17/17 19/20/20 55/55/55
f 73/73/57 43/44/44 24/21/21
f 24/21/21 23/24/24 73/73/57
f 42/40/40 58/58/58 13/14/14
f 13/14/14 16/13/13 42/40/40
f 25/26/26 39/37/37 23/24/24
f 23/24/24 22/23/23 25/26/26
f 48/46/46 69/70/59 17/18/18
f 17/18/18 20/17/17 48/46/46
f 45/43/43 31/32/32 21/22/22
f 21/22/22 24/21/21 45/43/43
f 80/77/69 77/78/70 78/79/71
f 78/79/71 79/80/72 80/77/69
f 84/81/73 81/82/74 82/83/75
f 82/83/75 83/84/76 84/81/73
f 86/85/77 79/80/72 78/79/71
f 78/79/71 85/86/78 86/85/77
f 88/87/79 79/80/72 86/85/77
f 86/85/77 87/88/80 88/87/79
f 90/89/81 88/87/79 87/88/80
f 87/88/80 89/90/82 90/89/81
f 78/79/71 84/81/73 91/91/83
f 91/91/83 85/86/78 78/79/71
f 93/92/84 82/83/75 81/82/74
f 81/82/74 92/93/85 93/92/84
f 84/81/73 83/84/76 94/94/86
f 94/94/86 91/91/83 84/81/73
f 83/84/76 82/83/75 95/95/87
f 95/95/87 94/94/86 83/84/76
f 80/77/69 90/89/81 96/96/88
f 96/96/88 97/97/89 80/77/69
f 101/98/90 98/99/91 99/100/92
f 99/100/92 100/101/93 101/98/90
f 101/98/90 102/102/94 103/103/95
f 102/102/94 104/104/96 105/105/97
f 105/105/97 106/106/98 102/102/94
f 104/104/96 100/101/93 107/107/99
f 107/107/99 105/105/97 104/104/96
f 99/100/92 108/108/100 107/107/99
f 107/107/99 100/101/93 99/100/92
f 102/102/94 106/106/98 109/109/101
f 109/109/101 103/103/95 102/102/94
f 113/110/102 110/111/103 111/112/104
f 111/112/104 112/113/105 113/110/102
f 116/114/106 113/110/102 114/115/105
f 114/115/105 115/116/85 116/114/106
f 103/103/95 109/109/101 111/112/104
f 111/112/104 110/111/103 103/103/95
f 98/99/91 117/117/89 118/118/107
f 118/118/107 99/100/92 98/99/91
f 77/78/70 80/77/69 119/119/108
f 119/119/108 120/120/109 77/78/70
f 81/82/74 77/78/70 120/120/109
f 120/120/109 121/121/110 81/82/74
f 92/93/85 81/82/74 121/121/110
f 119/119/108 117/117/89 98/99/91
f 120/120/109 119/119/108 98/99/91
f 98/99/91 101/98/90 120/120/109
f 121/121/110 120/120/109 101/98/90
f 101/98/90 116/114/106 121/121/110
f 104/104/96 102/102/94 101/98/90
f 100/101/93 104/104/96 101/98/90
f 103/103/95 110/111/103 101/98/90
f 113/110/102 116/114/106 101/98/90
f 101/98/90 110/111/103 113/110/102
f 90/89/81 80/77/69 79/80/72
f 79/80/72 88/87/79 90/89/81
f 78/79/71 77/78/70 81/82/74
f 81/82/74 84/81/73 78/79/71
f 119/119/108 80/77/69 97/97/89
f 121/121/110 116/114/106 115/116/85
f 125/122/111 122/123/112 123/124/113
f 123/124/113 124/125/114 125/122/111
f 129/126/115 126/127/116 127/128/117
f 127/128/117 128/129/118 129/126/115
f 131/130/119 124/125/114 123/124/113
f 123/124/113 130/131/120 131/130/119
f 133/132/121 124/125/114 131/130/119
f 131/130/119 132/133/122 133/132/121
f 135/134/123 133/132/121 132/133/122
f 132/133/122 134/135/124 135/134/123
f 123/124/113 129/126/115 136/136/125
f 136/136/125 130/131/120 123/124/113
f 138/137/126 127/128/117 126/127/116
f 126/127/116 137/138/85 138/137/126
f 129/126/115 128/129/118 139/139/127
f 139/139/127 136/136/125 129/126/115
f 128/129/118 127/128/117 140/140/128
f 140/140/128 139/139/127 128/129/118
f 125/122/111 135/134/123 141/141/129
f 141/141/129 142/142/89 125/122/111
f 146/143/130 143/144/131 144/145/132
f 144/145/132 145/146/133 146/143/130
f 146/143/130 147/147/134 148/148/135
f 147/147/134 149/149/136 150/150/137
f 150/150/137 151/151/138 147/147/134
f 149/149/136 145/146/133 152/152/139
f 152/152/139 150/150/137 149/149/136
f 144/145/132 153/153/140 152/152/139
f 152/152/139 145/146/133 144/145/132
f 147/147/134 151/151/138 154/154/141
f 154/154/141 148/148/135 147/147/134
f 158/155/142 155/156/143 156/157/144
f 156/157/144 157/158/145 158/155/142
f 161/159/146 158/155/142 159/160/145
f 159/160/145 160/161/85 161/159/146
f 148/148/135 154/154/141 156/157/144
f 156/157/144 155/156/143 148/148/135
f 143/144/131 162/162/89 163/163/147
f 163/163/147 144/145/132 143/144/131
f 122/123/112 125/122/111 164/164/148
f 164/164/148 165/165/149 122/123/112
f 126/127/116 122/123/112 165/165/149
f 165/165/149 166/166/150 126/127/116
f 137/138/85 126/127/116 166/166/150
f 164/164/148 162/162/89 143/144/131
f 165/165/149 164/164/148 143/144/131
f 143/144/131 146/143/130 165/165/149
f 166/166/150 165/165/149 146/143/130
f 146/143/130 161/159/146 166/166/150
f 149/149/136 147/147/134 146/143/130
f 145/146/133 149/149/136 146/143/130
f 148/148/135 155/156/143 146/143/130
f 158/155/142 161/159/146 146/143/130
f 146/143/130 155/156/143 158/155/142
f 135/134/123 125/122/111 124/125/114
f 124/125/114 133/132/121 135/134/123
f 123/124/113 122/123/112 126/127/116
f 126/127/116 129/126/115 123/124/113
f 164/164/148 125/122/111 142/142/89
f 166/166/150 161/159/146 160/161/85
f 170/167/151 167/168/152 168/169/153
f 168/169/153 169/170/154 170/167/151
f 174/171/155 171/172/156 172/173/157
f 172/173/157 173/174/158 174/171/155
f 176/175/159 169/170/154 168/169/153
f 168/169/153 175/176/160 176/175/159
f 178/177/161 169/170/154 176/175/159
f 176/175/159 177/178/162 178/177/161
f 180/179/163 178/177/161 177/178/162
f 177/178/162 179/180/164 180/179/163
f 168/169/153 174/171/155 181/181/165
f 181/181/165 175/176/160 168/169/153
f 183/182/166 172/173/157 171/172/156
f 171/172/156 182/183/85 183/182/166
f 174/171/155 173/174/158 184/184/167
f 184/184/167 181/181/165 174/171/155
f 173/174/158 172/173/157 185/185/168
f 185/185/168 184/184/167 173/174/158
f 170/167/151 180/179/163 186/186/169
f 186/186/169 187/187/89 170/167/151
f 191/188/170 188/189/171 189/190/172
f 189/190/172 190/191/173 191/188/170
f 191/188/170 192/192/174 193/193/175
f 192/192/174 194/194/176 195/195/177
f 195/195/177 196/196/178 192/192/174
f 194/194/176 190/191/173 197/197/179
f 197/197/179 195/195/177 194/194/176
f 189/190/172 198/198/180 197/197/179
f 197/197/179 190/191/173 189/190/172
f 192/192/174 196/196/178 199/199/181
f 199/199/181 193/193/175 192/192/174
f 203/200/182 200/201/183 201/202/184
f 201/202/184 202/203/185 203/200/182
f 206/204/186 203/200/182 204/205/185
f 204/205/185 205/206/85 206/204/186
f 193/193/175 199/199/181 201/202/184
f 201/202/184 200/201/183 193/193/175
f 188/189/171 207/207/89 208/208/187
f 208/208/187 189/190/172 188/189/171
f 167/168/152 170/167/151 209/209/188
f 209/209/188 210/210/189 167/168/152
f 171/172/156 167/168/152 210/210/189
f 210/210/189 211/211/190 171/172/156
f 182/183/85 171/172/156 211/211/190
f 209/209/188 207/207/89 188/189/171
f 210/210/189 209/209/188 188/189/171
f 188/189/171 191/188/170 210/210/189
f 211/211/190 210/210/189 191/188/170
f 191/188/170 206/204/186 211/211/190
f 194/194/176 192/192/174 191/188/170
f 190/191/173 194/194/176 191/188/170
f 193/193/175 200/201/183 191/188/170
f 203/200/182 206/204/186 191/188/170
f 191/188/170 200/201/183 203/200/182
f 180/179/163 170/167/151 169/170/154
f 169/170/154 178/177/161 180/179/163
f 168/169/153 167/168/152 171/172/156
f 171/172/156 174/171/155 168/169/153
f 209/209/188 170/167/151 187/187/89
f 211/211/190 206/204/186 205/206/85
f 215/212/191 212/213/192 213/214/193
f 213/214/193 214/215/194 215/212/191
f 219/216/195 216/217/196 217/218/197
f 217/218/197 218/219/198 219/216/195
f 221/220/199 214/215/194 213/214/193
f 213/214/193 220/221/200 221/220/199
f 223/222/201 214/215/194 221/220/199
f 221/220/199 222/223/202 223/222/201
f 225/224/203 223/222/201 222/223/202
f 222/223/202 224/225/204 225/224/203
f 213/214/193 219/216/195 226/226/205
f 226/226/205 220/221/200 213/214/193
f 228/227/206 217/218/197 216/217/196
f 216/217/196 227/228/85 228/227/206
f 219/216/195 218/219/198 229/229/207
f 229/229/207 226/226/205 219/216/195
f 218/219/198 217/218/197 230/230/208
f 230/230/208 229/229/207 218/219/198
f 215/212/191 225/224/203 231/231/209
f 231/231/209 232/232/89 215/212/191
f 236/233/210 233/234/211 234/235/212
f 234/235/212 235/236/213 236/233/210
f 236/233/210 237/237/214 238/238/215
f 237/237/214 239/239/216 240/240/217
f 240/240/217 241/241/218 237/237/214
f 239/239/216 235/236/213 242/242/219
f 242/242/219 240/240/217 239/239/216
f 234/235/212 243/243/220 242/242/219
f 242/242/219 235/236/213 234/235/212
f 237/237/214 241/241/218 244/244/221
f 244/244/221 238/238/215 237/237/214
f 248/245/222 245/246/223 246/247/224
f 246/247/224 247/248/225 248/245/222
f 251/249/226 248/245/222 249/250/225
f 249/250/225 250/251/85 251/249/226
f 238/238/215 244/244/221 246/247/224
f 246/247/224 245/246/223 238/238/215
f 233/234/211 252/252/89 253/253/227
f 253/253/227 234/235/212 233/234/211
f 212/213/192 215/212/191 254/254/228
f 254/254/228 255/255/229 212/213/192
f 216/217/196 212/213/192 255/255/229
f 255/255/229 256/256/230 216/217/196
f 227/228/85 216/217/196 256/256/230
f 254/254/228 252/252/89 233/234/211
f 255/255/229 254/254/228 233/234/211
f 233/234/211 236/233/210 255/255/229
f 256/256/230 255/255/229 236/233/210
f 236/233/210 251/249/226 256/256/230
f 239/239/216 237/237/214 236/233/210
f 235/236/213 239/239/216 236/233/210
f 238/238/215 245/246/223 236/233/210
f 248/245/222 251/249/226 236/233/210
f 236/233/210 245/246/223 248/245/222
f 225/224/203 215/212/191 214/215/194
f 214/215/194 223/222/201 225/224/203
f 213/214/193 212/213/192 216/217/196
f 216/217/196 219/216/195 213/214/193
f 254/254/228 215/212/191 232/232/89
f 256/256/230 251/249/226 250/251/85
f 260/257/231 257/258/232 258/259/233
f 258/259/233 259/260/234 260/257/231
f 264/261/235 261/262/236 262/263/237
f 262/263/237 263/264/238 264/261/235
f 266/265/239 259/260/234 258/259/233
f 258/259/233 265/266/240 266/265/239
f 268/267/241 259/260/234 266/265/239
f 266/265/239 267/268/242 268/267/241
f 270/269/243 268/267/241 267/268/242
f 267/268/242 269/270/244 270/269/243
f 258/259/233 264/261/235 271/271/245
f 271/271/245 265/266/240 258/259/233
f 273/272/246 262/263/237 261/262/236
f 261/262/236 272/273/247 273/272/246
f 264/261/235 263/264/238 274/274/248
f 274/274/248 271/271/245 264/261/235
f 263/264/238 262/263/237 275/275/249
f 275/275/249 274/274/248 263/264/238
f 260/257/231 270/269/243 276/276/250
f 276/276/250 277/277/251 260/257/231
f 281/278/252 278/279/253 279/280/254
f 279/280/254 280/281/255 281/278/252
f 281/278/252 282/282/256 283/283/257
f 282/282/256 284/284/258 285/285/259
f 285/285/259 286/286/260 282/282/256
f 284/284/258 280/281/255 287/287/261
f 287/287/261 285/285/259 284/284/258
f 279/280/254 288/288/262 287/287/261
f 287/287/261 280/281/255 279/280/254
f 282/282/256 286/286/260 289/289/263
f 289/289/263 283/283/257 282/282/256
f 293/290/264 290/291/265 291/292/266
f 291/292/266 292/293/267 293/290/264
f 296/294/268 293/290/264 294/295/267
f 294/295/267 295/296/247 296/294/268
f 283/283/257 289/289/263 291/292/266
f 291/292/266 290/291/265 283/283/257
f 278/279/253 297/297/251 298/298/269
f 298/298/269 279/280/254 278/279/253
f 257/258/232 260/257/231 299/299/270
f 299/299/270 300/300/271 257/258/232
f 261/262/236 257/258/232 300/300/271
f 300/300/271 301/301/272 261/262/236
f 272/273/247 261/262/236 301/301/272
f 299/299/270 297/297/251 278/279/253
f 300/300/271 299/299/270 278/279/253
f 278/279/253 281/278/252 300/300/271
f 301/301/272 300/300/271 281/278/252
f 281/278/252 296/294/268 301/301/272
f 284/284/258 282/282/256 281/278/252
f 280/281/255 284/284/258 281/278/252
f 283/283/257 290/291/265 281/278/252
f 293/290/264 296/294/268 281/278/252
f 281/278/252 290/291/265 293/290/264
f 270/269/243 260/257/231 259/260/234
f 259/260/234 268/267/241 270/269/243
f 258/259/233 257/258/232 261/262/236
f 261/262/236 264/261/235 258/259/233
f 299/299/270 260/257/231 277/277/251
f 301/301/272 296/294/268 295/296/247
f 305/302/273 302/303/274 303/304/275
f 303/304/275 304/305/276 305/302/273
f 309/306/277 306/307/278 307/308/279
f 307/308/279 308/309/280 309/306/277
f 311/310/281 304/305/276 303/304/275
f 303/304/275 310/311/282 311/310/281
f 313/312/283 304/305/276 311/310/281
f 311/310/281 312/313/284 313/312/283
f 315/314/285 313/312/283 312/313/284
f 312/313/284 314/315/286 315/314/285
f 303/304/275 309/306/277 316/316/287
f 316/316/287 310/311/282 303/304/275
f 318/317/288 307/308/279 306/307/278
f 306/307/278 317/318/247 318/317/288
f 309/306/277 308/309/280 319/319/289
f 319/319/289 316/316/287 309/306/277
f 308/309/280 307/308/279 320/320/288
f 320/320/288 319/319/289 308/309/280
f 305/302/273 315/314/285 321/321/290
f 321/321/290 322/322/251 305/302/273
f 326/323/291 323/324/292 324/325/293
f 324/325/293 325/326/294 326/323/291
f 326/323/291 327/327/295 328/328/296
f 327/327/295 329/329/297 330/330/298
f 330/330/298 331/331/299 327/327/295
f 329/329/297 325/326/294 332/332/300
f 332/332/300 330/330/298 329/329/297
f 324/325/293 333/333/301 332/332/300
f 332/332/300 325/326/294 324/325/293
f 327/327/295 331/331/299 334/334/302
f 334/334/302 328/328/296 327/327/295
f 338/335/303 335/336/304 336/337/305
f 336/337/305 337/338/306 338/335/303
f 341/339/307 338/335/303 339/340/306
f 339/340/306 340/341/247 341/339/307
f 328/328/296 334/334/302 336/337/305
f 336/337/305 335/336/304 328/328/296
f 323/324/292 342/342/251 343/343/308
f 343/343/308 324/325/293 323/324/292
f 302/303/274 305/302/273 344/344/309
f 344/344/309 345/345/310 302/303/274
f 306/307/278 302/303/274 345/345/310
f 345/345/310 346/346/311 306/307/278
f 317/318/247 306/307/278 346/346/311
f 344/344/309 342/342/251 323/324/292
f 345/345/310 344/344/309 323/324/292
f 323/324/292 326/323/291 345/345/310
f 346/346/311 345/345/310 326/323/291
f 326/323/291 341/339/307 346/346/311
f 329/329/297 327/327/295 326/323/291
f 325/326/294 329/329/297 326/323/291
f 328/328/296 335/336/304 326/323/291
f 338/335/303 341/339/307 326/323/291
f 326/323/291 335/336/304 338/335/303
f 315/314/285 305/302/273 304/305/276
f 304/305/276 313/312/283 315/314/285
f 303/304/275 302/303/274 306/307/278
f 306/307/278 309/306/277 303/304/275
f 344/344/309 305/302/273 322/322/251
f 346/346/311 341/339/307 340/341/247
f 350/347/312 347/348/313 348/349/314
f 348/349/314 349/350/315 350/347/312
f 354/351/316 351/352/317 352/353/318
f 352/353/318 353/354/319 354/351/316
f 356/355/320 349/350/315 348/349/314
f 348/349/314 355/356/321 356/355/320
f 358/357/322 349/350/315 356/355/320
f 356/355/320 357/358/323 358/357/322
f 360/359/324 358/357/322 357/358/323
f 357/358/323 359/360/325 360/359/324
f 348/349/314 354/351/316 361/361/326
f 361/361/326 355/356/321 348/349/314
f 363/362/327 352/353/318 351/352/317
f 351/352/317 362/363/247 363/362/327
f 354/351/316 353/354/319 364/364/328
f 364/364/328 361/361/326 354/351/316
f 353/354/319 352/353/318 365/365/329
f 365/365/329 364/364/328 353/354/319
f 350/347/312 360/359/324 366/366/330
f 366/366/330 367/367/251 350/347/312
f 371/368/331 368/369/332 369/370/333
f 369/370/333 370/371/334 371/368/331
f 371/368/331 372/372/335 373/373/336
f 372/372/335 374/374/337 375/375/338
f 375/375/338 376/376/339 372/372/335
f 374/374/337 370/371/334 377/377/340
f 377/377/340 375/375/338 374/374/337
f 369/370/333 378/378/341 377/377/340
f 377/377/340 370/371/334 369/370/333
f 372/372/335 376/376/339 379/379/342
f 379/379/342 373/373/336 372/372/335
f 383/380/343 380/381/344 381/382/345
f 381/382/345 382/383/346 383/380/343
f 386/384/347 383/380/343 384/385/346
f 384/385/346 385/386/247 386/384/347
f 373/373/336 379/379/342 381/382/345
f 381/382/345 380/381/344 373/373/336
f 368/369/332 387/387/251 388/388/348
f 388/388/348 369/370/333 368/369/332
f 347/348/313 350/347/312 389/389/349
f 389/389/349 390/390/350 347/348/313
f 351/352/317 347/348/313 390/390/350
f 390/390/350 391/391/351 351/352/317
f 362/363/247 351/352/317 391/391/351
f 389/389/349 387/387/251 368/369/332
f 390/390/350 389/389/349 368/369/332
f 368/369/332 371/368/331 390/390/350
f 391/391/351 390/390/350 371/368/331
f 371/368/331 386/384/347 391/391/351
f 374/374/337 372/372/335 371/368/331
f 370/371/334 374/374/337 371/368/331
f 373/373/336 380/381/344 371/368/331
f 383/380/343 386/384/347 371/368/331
f 371/368/331 380/381/344 383/380/343
f 360/359/324 350/347/312 349/350/315
f 349/350/315 358/357/322 360/359/324
f 348/349/314 347/348/313 351/352/317
f 351/352/317 354/351/316 348/349/314
f 389/389/349 350/347/312 367/367/251
f 391/391/351 386/384/347 385/386/247
f 395/392/352 392/393/353 393/394/354
f 393/394/354 394/395/355 395/392/352
f 399/396/356 396/397/357 397/398/358
f 397/398/358 398/399/359 399/396/356
f 401/400/360 394/395/355 393/394/354
f 393/394/354 400/401/361 401/400/360
f 403/402/362 394/395/355 401/400/360
f 401/400/360 402/403/363 403/402/362
f 405/404/364 403/402/362 402/403/363
f 402/403/363 404/405/365 405/404/364
f 393/394/354 399/396/356 406/406/366
f 406/406/366 400/401/361 393/394/354
f 408/407/367 397/398/358 396/397/357
f 396/397/357 407/408/247 408/407/367
f 399/396/356 398/399/359 409/409/368
f 409/409/368 406/406/366 399/396/356
f 398/399/359 397/398/358 410/410/369
f 410/410/369 409/409/368 398/399/359
f 395/392/352 405/404/364 411/411/370
f 411/411/370 412/412/251 395/392/352
f 416/413/371 413/414/372 414/415/373
f 414/415/373 415/416/374 416/413/371
f 416/413/371 417/417/375 418/418/376
f 417/417/375 419/419/377 420/420/378
f 420/420/378 421/421/379 417/417/375
f 419/419/377 415/416/374 422/422/380
f 422/422/380 420/420/378 419/419/377
f 414/415/373 423/423/381 422/422/380
f 422/422/380 415/416/374 414/415/373
f 417/417/375 421/421/379 424/424/382
f 424/424/382 418/418/376 417/417/375
f 428/425/383 425/426/384 426/427/385
f 426/427/385 427/428/386 428/425/383
f 431/429/387 428/425/383 429/430/386
f 429/430/386 430/431/247 431/429/387
f 418/418/376 424/424/382 426/427/385
f 426/427/385 425/426/384 418/418/376
f 413/414/372 432/432/251 433/433/388
f 433/433/388 414/415/373 413/414/372
f 392/393/353 395/392/352 434/434/389
f 434/434/389 435/435/390 392/393/353
f 396/397/357 392/393/353 435/435/390
f 435/435/390 436/436/391 396/397/357
f 407/408/247 396/397/357 436/436/391
f 434/434/389 432/432/251 413/414/372
f 435/435/390 434/434/389 413/414/372
f 413/414/372 416/413/371 435/435/390
f 436/436/391 435/435/390 416/413/371
f 416/413/371 431/429/387 436/436/391
f 419/419/377 417/417/375 416/413/371
f 415/416/374 419/419/377 416/413/371
f 418/418/376 425/426/384 416/413/371
f 428/425/383 431/429/387 416/413/371
f 416/413/371 425/426/384 428/425/383
f 405/404/364 395/392/352 394/395/355
f 394/395/355 403/402/362 405/404/364
f 393/394/354 392/393/353 396/397/357
f 396/397/357 399/396/356 393/394/354
f 434/434/389 395/392/352 412/412/251
f 436/436/391 431/429/387 430/431/247
f 440/437/392 437/438/393 438/439/394
f 438/439/394 439/440/395 440/437/392
f 444/441/396 441/442/397 442/443/398
f 442/443/398 443/444/399 444/441/396
f 446/445/400 439/440/395 438/439/394
f 438/439/394 445/446/401 446/445/400
f 448/447/402 439/440/395 446/445/400
f 446/445/400 447/448/403 448/447/402
f 450/449/404 448/447/402 447/448/403
f 447/448/403 449/450/405 450/449/404
f 438/439/394 444/441/396 451/451/406
f 451/451/406 445/446/401 438/439/394
f 453/452/407 442/443/398 441/442/397
f 441/442/397 452/453/408 453/452/407
f 444/441/396 443/444/399 454/454/409
f 454/454/409 451/451/406 444/441/396
f 443/444/399 442/443/398 455/455/410
f 455/455/410 454/454/409 443/444/399
f 440/437/392 450/449/404 456/456/411
f 456/456/411 457/457/412 440/437/392
f 461/458/413 458/459/414 459/460/415
f 459/460/415 460/461/416 461/458/413
f 461/458/413 462/462/417 463/463/418
f 462/462/417 464/464/419 465/465/420
f 465/465/420 466/466/421 462/462/417
f 464/464/419 460/461/416 467/467/422
f 467/467/422 465/465/420 464/464/419
f 459/460/415 468/468/423 467/467/422
f 467/467/422 460/461/416 459/460/415
f 462/462/417 466/466/421 469/469/424
f 469/469/424 463/463/418 462/462/417
f 473/470/425 470/471/426 471/472/427
f 471/472/427 472/473/428 473/470/425
f 476/474/429 473/470/425 474/475/428
f 474/475/428 475/476/408 476/474/429
f 463/463/418 469/469/424 471/472/427
f 471/472/427 470/471/426 463/463/418
f 458/459/414 477/477/412 478/478/430
f 478/478/430 459/460/415 458/459/414
f 437/438/393 440/437/392 479/479/431
f 479/479/431 480/480/432 437/438/393
f 441/442/397 437/438/393 480/480/432
f 480/480/432 481/481/433 441/442/397
f 452/453/408 441/442/397 481/481/433
f 479/479/431 477/477/412 458/459/414
f 480/480/432 479/479/431 458/459/414
f 458/459/414 461/458/413 480/480/432
f 481/481/433 480/480/432 461/458/413
f 461/458/413 476/474/429 481/481/433
f 464/464/419 462/462/417 461/458/413
f 460/461/416 464/464/419 461/458/413
f 463/463/418 470/471/426 461/458/413
f 473/470/425 476/474/429 461/458/413
f 461/458/413 470/471/426 473/470/425
f 450/449/404 440/437/392 439/440/395
f 439/440/395 448/447/402 450/449/404
f 438/439/394 437/438/393 441/442/397
f 441/442/397 444/441/396 438/439/394
f 479/479/431 440/437/392 457/457/412
f 481/481/433 476/474/429 475/476/408
f 485/482/434 482/483/435 483/484/436
f 483/484/436 484/485/437 485/482/434
f 489/486/438 486/487/439 487/488/440
f 487/488/440 488/489/441 489/486/438
f 491/490/442 484/485/437 483/484/436
f 483/484/436 490/491/443 491/490/442
f 493/492/444 484/485/437 491/490/442
f 491/490/442 492/493/445 493/492/444
f 495/494/446 493/492/444 492/493/445
f 492/493/445 494/495/447 495/494/446
f 483/484/436 489/486/438 496/496/448
f 496/496/448 490/491/443 483/484/436
f 498/497/449 487/488/440 486/487/439
f 486/487/439 497/498/408 498/497/449
f 489/486/438 488/489/441 499/499/450
f 499/499/450 496/496/448 489/486/438
f 488/489/441 487/488/440 500/500/449
f 500/500/449 499/499/450 488/489/441
f 485/482/434 495/494/446 501/501/451
f 501/501/451 502/502/412 485/482/434
f 506/503/452 503/504/453 504/505/454
f 504/505/454 505/506/455 506/503/452
f 506/503/452 507/507/456 508/508/457
f 507/507/456 509/509/458 510/510/459
f 510/510/459 511/511/460 507/507/456
f 509/509/458 505/506/455 512/512/461
f 512/512/461 510/510/459 509/509/458
f 504/505/454 513/513/462 512/512/461
f 512/512/461 505/506/455 504/505/454
f 507/507/456 511/511/460 514/514/463
f 514/514/463 508/508/457 507/507/456
f 518/515/464 515/516/465 516/517/466
f 516/517/466 517/518/467 518/515/464
f 521/519/468 518/515/464 519/520/469
f 519/520/469 520/521/408 521/519/468
f 508/508/457 514/514/463 516/517/466
f 516/517/466 515/516/465 508/508/457
f 503/504/453 522/522/412 523/523/470
f 523/523/470 504/505/454 503/504/453
f 482/483/435 485/482/434 524/524/471
f 524/524/471 525/525/472 482/483/435
f 486/487/439 482/483/435 525/525/472
f 525/525/472 526/526/473 486/487/439
f 497/498/408 486/487/439 526/526/473
f 524/524/471 522/522/412 503/504/453
f 525/525/472 524/524/471 503/504/453
f 503/504/453 506/503/452 525/525/472
f 526/526/473 525/525/472 506/503/452
f 506/503/452 521/519/468 526/526/473
f 509/509/458 507/507/456 506/503/452
f 505/506/455 509/509/458 506/503/452
f 508/508/457 515/516/465 506/503/452
f 518/515/464 521/519/468 506/503/452
f 506/503/452 515/516/465 518/515/464
f 495/494/446 485/482/434 484/485/437
f 484/485/437 493/492/444 495/494/446
f 483/484/436 482/483/435 486/487/439
f 486/487/439 489/486/438 483/484/436
f 524/524/471 485/482/434 502/502/412
f 526/526/473 521/519/468 520/521/408
f 530/527/474 527/528/475 528/529/476
f 528/529/476 529/530/477 530/527/474
f 534/531/478 531/532/479 532/533/480
f 532/533/480 533/534/481 534/531/478
f 536/535/482 529/530/477 528/529/476
f 528/529/476 535/536/483 536/535/482
f 538/537/484 529/530/477 536/535/482
f 536/535/482 537/538/485 538/537/484
f 540/539/486 538/537/484 537/538/485
f 537/538/485 539/540/487 540/539/486
f 528/529/476 534/531/478 541/541/488
f 541/541/488 535/536/483 528/529/476
f 543/542/489 532/533/480 531/532/479
f 531/532/479 542/543/408 543/542/489
f 534/531/478 533/534/481 544/544/490
f 544/544/490 541/541/488 534/531/478
f 533/534/481 532/533/480 545/545/491
f 545/545/491 544/544/490 533/534/481
f 530/527/474 540/539/486 546/546/492
f 546/546/492 547/547/412 530/527/474
f 551/548/493 548/549/494 549/550/495
f 549/550/495 550/551/496 551/548/493
f 551/548/493 552/552/497 553/553/498
f 552/552/497 554/554/499 555/555/500
f 555/555/500 556/556/501 552/552/497
f 554/554/499 550/551/496 557/557/502
f 557/557/502 555/555/500 554/554/499
f 549/550/495 558/558/503 557/557/502
f 557/557/502 550/551/496 549/550/495
f 552/552/497 556/556/501 559/559/504
f 559/559/504 553/553/498 552/552/497
f 563/560/505 560/561/506 561/562/507
f 561/562/507 562/563/508 563/560/505
f 566/564/509 563/560/505 564/565/508
f 564/565/508 565/566/408 566/564/509
f 553/553/498 559/559/504 561/562/507
f 561/562/507 560/561/506 553/553/498
f 548/549/494 567/567/412 568/568/510
f 568/568/510 549/550/495 548/549/494
f 527/528/475 530/527/474 569/569/511
f 569/569/511 570/570/512 527/528/475
f 531/532/479 527/528/475 570/570/512
f 570/570/512 571/571/513 531/532/479
f 542/543/408 531/532/479 571/571/513
f 569/569/511 567/567/412 548/549/494
f 570/570/512 569/569/511 548/549/494
f 548/549/494 551/548/493 570/570/512
f 571/571/513 570/570/512 551/548/493
f 551/548/493 566/564/509 571/571/513
f 554/554/499 552/552/497 551/548/493
f 550/551/496 554/554/499 551/548/493
f 553/553/498 560/561/506 551/548/493
f 563/560/505 566/564/509 551/548/493
f 551/548/493 560/561/506 563/560/505
f 540/539/486 530/527/474 529/530/477
f 529/530/477 538/537/484 540/539/486
f 528/529/476 527/528/475 531/532/479
f 531/532/479 534/531/478 528/529/476
f 569/569/511 530/527/474 547/547/412
f 571/571/513 566/564/509 565/566/408
f 575/572/514 572/573/515 573/574/516
f 573/574/516 574/575/517 575/572/514
f 579/576/518 576/577/519 577/578/520
f 577/578/520 578/579/521 579/576/518
f 581/580/522 574/575/517 573/574/516
f 573/574/516 580/581/523 581/580/522
f 583/582/524 574/575/517 581/580/522
f 581/580/522 582/583/525 583/582/524
f 585/584/526 583/582/524 582/583/525
f 582/583/525 584/585/527 585/584/526
f 573/574/516 579/576/518 586/586/528
f 586/586/528 580/581/523 573/574/516
f 588/587/529 577/578/520 576/577/519
f 576/577/519 587/588/408 588/587/529
f 579/576/518 578/579/521 589/589/530
f 589/589/530 586/586/528 579/576/518
f 578/579/521 577/578/520 590/590/529
f 590/590/529 589/589/530 578/579/521
f 575/572/514 585/584/526 591/591/531
f 591/591/531 592/592/412 575/572/514
f 596/593/532 593/594/533 594/595/534
f 594/595/534 595/596/535 596/593/532
f 596/593/532 597/597/536 598/598/537
f 597/597/536 599/599/538 600/600/539
f 600/600/539 601/601/540 597/597/536
f 599/599/538 595/596/535 602/602/541
f 602/602/541 600/600/539 599/599/538
f 594/595/534 603/603/542 602/602/541
f 602/602/541 595/596/535 594/595/534
f 597/597/536 601/601/540 604/604/543
f 604/604/543 598/598/537 597/597/536
f 608/605/544 605/606/545 606/607/546
f 606/607/546 607/608/547 608/605/544
f 611/609/548 608/605/544 609/610/547
f 609/610/547 610/611/408 611/609/548
f 598/598/537 604/604/543 606/607/546
f 606/607/546 605/606/545 598/598/537
f 593/594/533 612/612/412 613/613/549
f 613/613/549 594/595/534 593/594/533
f 572/573/515 575/572/514 614/614/550
f 614/614/550 615/615/551 572/573/515
f 576/577/519 572/573/515 615/615/551
f 615/615/551 616/616/552 576/577/519
f 587/588/408 576/577/519 616/616/552
f 614/614/550 612/612/412 593/594/533
f 615/615/551 614/614/550 593/594/533
f 593/594/533 596/593/532 615/615/551
f 616/616/552 615/615/551 596/593/532
f 596/593/532 611/609/548 616/616/552
f 599/599/538 597/597/536 596/593/532
f 595/596/535 599/599/538 596/593/532
f 598/598/537 605/606/545 596/593/532
f 608/605/544 611/609/548 596/593/532
f 596/593/532 605/606/545 608/605/544
f 585/584/526 575/572/514 574/575/517
f 574/575/517 583/582/524 585/584/526
f 573/574/516 572/573/515 576/577/519
f 576/577/519 579/576/518 573/574/516
f 614/614/550 575/572/514 592/592/412
f 616/616/552 611/609/548 610/611/408
f 620/617/553 617/618/554 618/619/555
f 618/619/555 619/620/556 620/617/553
f 622/621/557 620/617/553 619/620/556
f 619/620/556 621/622/558 622/621/557
f 624/623/559 622/621/557 621/622/558
f 621/622/558 623/624/560 624/623/559
f 623/624/560 625/625/561 626/626/562
f 626/626/562 624/623/559 623/624/560
f 620/617/553 622/621/557 627/627/563
f 622/621/557 624/623/559 627/627/563
f 627/627/563 624/623/559 626/626/562
f 626/626/562 628/628/564 627/627/563
f 625/625/561 629/629/565 628/628/564
f 628/628/564 626/626/562 625/625/561
f 633/630/566 630/631/567 631/632/568
f 631/632/568 632/633/569 633/630/566
f 635/634/570 634/635/571 632/633/569
f 632/633/569 631/632/568 635/634/570
f 630/631/567 636/636/572 631/632/568
f 635/634/570 631/632/568 636/636/572
f 636/636/572 637/637/573 635/634/570
f 634/635/571 635/634/570 637/637/573
f 637/637/573 638/638/574 634/635/571
f 642/639/575 639/640/576 640/641/577
f 640/641/577 641/642/578 642/639/575
f 639/640/576 642/639/575 643/643/579
f 643/643/579 644/644/580 639/640/576
f 644/644/580 643/643/579 645/645/581
f 645/645/581 646/646/582 644/644/580
f 648/647/583 647/648/584 646/646/582
f 646/646/582 645/645/581 648/647/583
f 650/649/585 641/642/578 640/641/577
f 640/641/577 649/650/586 650/649/585
f 641/642/578 650/649/585 651/651/587
f 651/651/587 642/639/575 641/642/578
f 642/639/575 651/651/587 643/643/579
f 643/643/579 651/651/587 645/645/581
f 648/647/583 645/645/581 651/651/587
f 651/651/587 652/652/588 648/647/583
f 647/648/584 648/647/583 652/652/588
f 652/652/588 653/653/589 647/648/584
f 655/654/590 630/631/567 633/630/566
f 633/630/566 654/655/591 655/654/590
f 654/655/591 656/656/592 657/657/593
f 657/657/593 655/654/590 654/655/591
f 630/631/567 655/654/590 636/636/572
f 636/636/572 655/654/590 657/657/593
f 657/657/593 658/658/594 636/636/572
f 656/656/592 659/659/595 658/658/594
f 658/658/594 657/657/593 656/656/592
f 661/660/596 660/661/597 618/619/555
f 618/619/555 617/618/554 661/660/596
f 617/618/554 620/617/553 627/627/563
f 627/627/563 661/660/596 617/618/554
f 663/662/598 627/627/563 628/628/564
f 628/628/564 662/663/599 663/662/598
f 662/663/599 628/628/564 629/629/565
f 629/629/565 664/664/600 662/663/599
f 666/665/601 637/637/573 636/636/572
f 636/636/572 665/666/602 666/665/601
f 667/667/603 638/638/574 637/637/573
f 637/637/573 666/665/601 667/667/603
f 669/668/604 650/649/585 649/650/586
f 649/650/586 668/669/605 669/668/604
f 670/670/606 651/651/587 650/649/585
f 650/649/585 669/668/604 670/670/606
f 672/671/607 652/652/588 651/651/587
f 651/651/587 671/672/608 672/671/607
f 673/673/609 653/653/589 652/652/588
f 652/652/588 672/671/607 673/673/609
f 675/674/610 636/636/572 658/658/594
f 658/658/594 674/675/611 675/674/610
f 674/675/611 658/658/594 659/659/595
f 659/659/595 676/676/612 674/675/611
f 678/677/613 660/661/597 661/660/596
f 661/660/596 677/678/614 678/677/613
f 677/678/614 661/660/596 627/627/563
f 627/627/563 679/679/615 677/678/614
f 679/679/615 627/627/563 663/662/598
f 663/662/598 680/680/616 679/679/615
f 671/672/608 651/651/587 670/670/606
f 670/670/606 681/681/617 671/672/608
f 665/666/602 636/636/572 675/674/610
f 675/674/610 682/682/618 665/666/602
f 686/683/619 683/684/620 684/685/621
f 684/685/621 685/686/622 686/683/619
f 688/687/623 686/683/619 685/686/622
f 685/686/622 687/688/624 688/687/623
f 690/689/625 688/687/623 687/688/624
f 687/688/624 689/690/626 690/689/625
f 689/690/626 691/691/627 692/692/628
f 692/692/628 690/689/625 689/690/626
f 686/683/619 688/687/623 693/693/629
f 688/687/623 690/689/625 693/693/629
f 693/693/629 690/689/625 692/692/628
f 692/692/628 694/694/630 693/693/629
f 691/691/627 695/695/631 694/694/630
f 694/694/630 692/692/628 691/691/627
f 699/696/632 696/697/633 697/698/634
f 697/698/634 698/699/635 699/696/632
f 701/700/636 700/701/637 698/699/635
f 698/699/635 697/698/634 701/700/636
f 696/697/633 702/702/638 697/698/634
f 701/700/636 697/698/634 702/702/638
f 702/702/638 703/703/639 701/700/636
f 700/701/637 701/700/636 703/703/639
f 703/703/639 704/704/640 700/701/637
f 708/705/641 705/706/642 706/707/643
f 706/707/643 707/708/644 708/705/641
f 705/706/642 708/705/641 709/709/645
f 709/709/645 710/710/646 705/706/642
f 710/710/646 709/709/645 711/711/647
f 711/711/647 712/712/648 710/710/646
f 714/713/649 713/714/650 712/712/648
f 712/712/648 711/711/647 714/713/649
f 716/715/651 707/708/644 706/707/643
f 706/707/643 715/716/652 716/715/651
f 707/708/644 716/715/651 717/717/653
f 717/717/653 708/705/641 707/708/644
f 708/705/641 717/717/653 709/709/645
f 709/709/645 717/717/653 711/711/647
f 714/713/649 711/711/647 717/717/653
f 717/717/653 718/718/654 714/713/649
f 713/714/650 714/713/649 718/718/654
f 718/718/654 719/719/655 713/714/650
f 721/720/656 696/697/633 699/696/632
f 699/696/632 720/721/657 721/720/656
f 720/721/657 722/722/658 723/723/659
f 723/723/659 721/720/656 720/721/657
f 696/697/633 721/720/656 702/702/638
f 702/702/638 721/720/656 723/723/659
f 723/723/659 724/724/660 702/702/638
f 722/722/658 725/725/661 724/724/660
f 724/724/660 723/723/659 722/722/658
f 727/726/662 726/727/663 684/685/621
f 684/685/621 683/684/620 727/726/662
f 683/684/620 686/683/619 693/693/629
f 693/693/629 727/726/662 683/684/620
f 729/728/664 693/693/629 694/694/630
f 694/694/630 728/729/665 729/728/664
f 728/729/665 694/694/630 695/695/631
f 695/695/631 730/730/666 728/729/665
f 732/731/667 703/703/639 702/702/638
f 702/702/638 731/732/668 732/731/667
f 733/733/669 704/704/640 703/703/639
f 703/703/639 732/731/667 733/733/669
f 735/734/670 716/715/651 715/716/652
f 715/716/652 734/735/671 735/734/670
f 736/736/672 717/717/653 716/715/651
f 716/715/651 735/734/670 736/736/672
f 738/737/673 718/718/654 717/717/653
f 717/717/653 737/738/674 738/737/673
f 739/739/675 719/719/655 718/718/654
f 718/718/654 738/737/673 739/739/675
f 741/740/676 702/702/638 724/724/660
f 724/724/660 740/741/677 741/740/676
f 740/741/677 724/724/660 725/725/661
f 725/725/661 742/742/678 740/741/677
f 744/743/679 726/727/663 727/726/662
f 727/726/662 743/744/680 744/743/679
f 743/744/680 727/726/662 693/693/629
f 693/693/629 745/745/681 743/744/680
f 745/745/681 693/693/629 729/728/664
f 729/728/664 746/746/682 745/745/681
f 737/738/674 717/717/653 736/736/672
f 736/736/672 747/747/683 737/738/674
f 731/732/668 702/702/638 741/740/676
f 741/740/676 748/748/682 731/732/668
f 752/749/684 749/750/685 750/751/686
f 750/751/686 751/752/687 752/749/684
f 754/753/688 752/749/684 751/752/687
f 751/752/687 753/754/689 754/753/688
f 756/755/690 754/753/688 753/754/689
f 753/754/689 755/756/691 756/755/690
f 755/756/691 757/757/692 758/758/693
f 758/758/693 756/755/690 755/756/691
f 752/749/684 754/753/688 759/759/694
f 754/753/688 756/755/690 759/759/694
f 759/759/694 756/755/690 758/758/693
f 758/758/693 760/760/695 759/759/694
f 757/757/692 761/761/696 760/760/695
f 760/760/695 758/758/693 757/757/692
f 765/762/697 762/763/698 763/764/699
f 763/764/699 764/765/700 765/762/697
f 767/766/701 766/767/702 764/765/700
f 764/765/700 763/764/699 767/766/701
f 762/763/698 768/768/703 763/764/699
f 767/766/701 763/764/699 768/768/703
f 768/768/703 769/769/704 767/766/701
f 766/767/702 767/766/701 769/769/704
f 769/769/704 770/770/705 766/767/702
f 774/771/706 771/772/707 772/773/708
f 772/773/708 773/774/709 774/771/706
f 771/772/707 774/771/706 775/775/710
f 775/775/710 776/776/711 771/772/707
f 776/776/711 775/775/710 777/777/712
f 777/777/712 778/778/713 776/776/711
f 780/779/714 779/780/715 778/778/713
f 778/778/713 777/777/712 780/779/714
f 782/781/716 773/774/709 772/773/708
f 772/773/708 781/782/717 782/781/716
f 773/774/709 782/781/716 783/783/718
f 783/783/718 774/771/706 773/774/709
f 774/771/706 783/783/718 775/775/710
f 775/775/710 783/783/718 777/777/712
f 780/779/714 777/777/712 783/783/718
f 783/783/718 784/784/719 780/779/714
f 779/780/715 780/779/714 784/784/719
f 784/784/719 785/785/720 779/780/715
f 787/786/721 762/763/698 765/762/697
f 765/762/697 786/787/722 787/786/721
f 786/787/722 788/788/723 789/789/724
f 789/789/724 787/786/721 786/787/722
f 762/763/698 787/786/721 768/768/703
f 768/768/703 787/786/721 789/789/724
f 789/789/724 790/790/725 768/768/703
f 788/788/723 791/791/726 790/790/725
f 790/790/725 789/789/724 788/788/723
f 793/792/727 792/793/728 750/751/686
f 750/751/686 749/750/685 793/792/727
f 749/750/685 752/749/684 759/759/694
f 759/759/694 793/792/727 749/750/685
f 795/794/729 759/759/694 760/760/695
f 760/760/695 794/795/730 795/794/729
f 794/795/730 760/760/695 761/761/696
f 761/761/696 796/796/731 794/795/730
f 798/797/732 769/769/704 768/768/703
f 768/768/703 797/798/733 798/797/732
f 799/799/734 770/770/705 769/769/704
f 769/769/704 798/797/732 799/799/734
f 801/800/735 782/781/716 781/782/717
f 781/782/717 800/801/736 801/800/735
f 802/802/737 783/783/718 782/781/716
f 782/781/716 801/800/735 802/802/737
f 804/803/738 784/784/719 783/783/718
f 783/783/718 803/804/739 804/803/738
f 805/805/740 785/785/720 784/784/719
f 784/784/719 804/803/738 805/805/740
f 807/806/741 768/768/703 790/790/725
f 790/790/725 806/807/742 807/806/741
f 806/807/742 790/790/725 791/791/726
f 791/791/726 808/808/743 806/807/742
f 810/809/744 792/793/728 793/792/727
f 793/792/727 809/810/745 810/809/744
f 809/810/745 793/792/727 759/759/694
f 759/759/694 811/811/746 809/810/745
f 811/811/746 759/759/694 795/794/729
f 795/794/729 812/812/747 811/811/746
f 803/804/739 783/783/718 802/802/737
f 802/802/737 813/813/748 803/804/739
f 797/798/733 768/768/703 807/806/741
f 807/806/741 814/814/749 797/798/733
f 818/815/750 815/816/751 816/817/752
f 816/817/752 817/818/753 818/815/750
f 820/819/754 818/815/750 817/818/753
f 817/818/753 819/820/755 820/819/754
f 822/821/756 820/819/754 819/820/755
f 819/820/755 821/822/757 822/821/756
f 821/822/757 823/823/758 824/824/759
f 824/824/759 822/821/756 821/822/757
f 818/815/750 820/819/754 825/825/760
f 820/819/754 822/821/756 825/825/760
f 825/825/760 822/821/756 824/824/759
f 824/824/759 826/826/761 825/825/760
f 823/823/758 827/827/762 826/826/761
f 826/826/761 824/824/759 823/823/758
f 831/828/763 828/829/764 829/830/765
f 829/830/765 830/831/766 831/828/763
f 833/832/767 832/833/768 830/831/766
f 830/831/766 829/830/765 833/832/767
f 828/829/764 834/834/769 829/830/765
f 833/832/767 829/830/765 834/834/769
f 834/834/769 835/835/770 833/832/767
f 832/833/768 833/832/767 835/835/770
f 835/835/770 836/836/771 832/833/768
f 840/837/772 837/838/773 838/839/774
f 838/839/774 839/840/775 840/837/772
f 837/838/773 840/837/772 841/841/776
f 841/841/776 842/842/777 837/838/773
f 842/842/777 841/841/776 843/843/778
f 843/843/778 844/844/779 842/842/777
f 846/845/780 845/846/781 844/844/779
f 844/844/779 843/843/778 846/845/780
f 848/847/782 839/840/775 838/839/774
f 838/839/774 847/848/783 848/847/782
f 839/840/775 848/847/782 849/849/784
f 849/849/784 840/837/772 839/840/775
f 840/837/772 849/849/784 841/841/776
f 841/841/776 849/849/784 843/843/778
f 846/845/780 843/843/778 849/849/784
f 849/849/784 850/850/785 846/845/780
f 845/846/781 846/845/780 850/850/785
f 850/850/785 851/851/786 845/846/781
f 853/852/787 828/829/764 831/828/763
f 831/828/763 852/853/788 853/852/787
f 852/853/788 854/854/789 855/855/790
f 855/855/790 853/852/787 852/853/788
f 828/829/764 853/852/787 834/834/769
f 834/834/769 853/852/787 855/855/790
f 855/855/790 856/856/791 834/834/769
f 854/854/789 857/857/792 856/856/791
f 856/856/791 855/855/790 854/854/789
f 859/858/793 858/859/794 816/817/752
f 816/817/752 815/816/751 859/858/793
f 815/816/751 818/815/750 825/825/760
f 825/825/760 859/858/793 815/816/751
f 861/860/795 825/825/760 826/826/761
f 826/826/761 860/861/796 861/860/795
f 860/861/796 826/826/761 827/827/762
f 827/827/762 862/862/797 860/861/796
f 864/863/798 835/835/770 834/834/769
f 834/834/769 863/864/799 864/863/798
f 865/865/800 836/836/771 835/835/770
f 835/835/770 864/863/798 865/865/800
f 867/866/801 848/847/782 847/848/783
f 847/848/783 866/867/802 867/866/801
f 868/868/803 849/849/784 848/847/782
f 848/847/782 867/866/801 868/868/803
f 870/869/804 850/850/785 849/849/784
f 849/849/784 869/870/805 870/869/804
f 871/871/806 851/851/786 850/850/785
f 850/850/785 870/869/804 871/871/806
f 873/872/807 834/834/769 856/856/791
f 856/856/791 872/873/808 873/872/807
f 872/873/808 856/856/791 857/857/792
f 857/857/792 874/874/809 872/873/808
f 876/875/810 858/859/794 859/858/793
f 859/858/793 875/876/811 876/875/810
f 875/876/811 859/858/793 825/825/760
f 825/825/760 877/877/812 875/876/811
f 877/877/812 825/825/760 861/860/795
f 861/860/795 878/878/813 877/877/812
f 869/870/805 849/849/784 868/868/803
f 868/868/803 879/879/814 869/870/805
f 863/864/799 834/834/769 873/872/807
f 873/872/807 880/880/815 863/864/799
f 884/881/816 881/882/817 882/883/818
f 882/883/818 883/884/819 884/881/816
f 886/885/820 884/881/816 883/884/819
f 883/884/819 885/886/821 886/885/820
f 888/887/822 886/885/820 885/886/821
f 885/886/821 887/888/823 888/887/822
f 887/888/823 889/889/824 890/890/825
f 890/890/825 888/887/822 887/888/823
f 884/881/816 886/885/820 891/891/826
f 886/885/820 888/887/822 891/891/826
f 891/891/826 888/887/822 890/890/825
f 890/890/825 892/892/827 891/891/826
f 889/889/824 893/893/828 892/892/827
f 892/892/827 890/890/825 889/889/824
f 897/894/829 894/895/830 895/896/831
f 895/896/831 896/897/832 897/894/829
f 899/898/833 898/899/834 896/897/832
f 896/897/832 895/896/831 899/898/833
f 894/895/830 900/900/835 895/896/831
f 899/898/833 895/896/831 900/900/835
f 900/900/835 901/901/836 899/898/833
f 898/899/834 899/898/833 901/901/836
f 901/901/836 902/902/837 898/899/834
f 906/903/838 903/904/839 904/905/840
f 904/905/840 905/906/841 906/903/838
f 903/904/839 906/903/838 907/907/842
f 907/907/842 908/908/843 903/904/839
f 908/908/843 907/907/842 909/909/844
f 909/909/844 910/910/845 908/908/843
f 912/911/846 911/912/847 910/910/845
f 910/910/845 909/909/844 912/911/846
f 914/913/848 905/906/841 904/905/840
f 904/905/840 913/914/849 914/913/848
f 905/906/841 914/913/848 915/915/850
f 915/915/850 906/903/838 905/906/841
f 906/903/838 915/915/850 907/907/842
f 907/907/842 915/915/850 909/909/844
f 912/911/846 909/909/844 915/915/850
f 915/915/850 916/916/851 912/911/846
f 911/912/847 912/911/846 916/916/851
f 916/916/851 917/917/852 911/912/847
f 919/918/853 894/895/830 897/894/829
f 897/894/829 918/919/854 919/918/853
f 918/919/854 920/920/855 921/921/856
f 921/921/856 919/918/853 918/919/854
f 894/895/830 919/918/853 900/900/835
f 900/900/835 919/918/853 921/921/856
f 921/921/856 922/922/857 900/900/835
f 920/920/855 923/923/858 922/922/857
f 922/922/857 921/921/856 920/920/855
f 925/924/859 924/925/860 882/883/818
f 882/883/818 881/882/817 925/924/859
f 881/882/817 884/881/816 891/891/826
f 891/891/826 925/924/859 881/882/817
f 927/926/861 891/891/826 892/892/827
f 892/892/827 926/927/862 927/926/861
f 926/927/862 892/892/827 893/893/828
f 893/893/828 928/928/863 926/927/862
f 930/929/864 901/901/836 900/900/835
f 900/900/835 929/930/865 930/929/864
f 931/931/866 902/902/837 901/901/836
f 901/901/836 930/929/864 931/931/866
f 933/932/867 914/913/848 913/914/849
f 913/914/849 932/933/868 933/932/867
f 934/934/869 915/915/850 914/913/848
f 914/913/848 933/932/867 934/934/869
f 936/935/870 916/916/851 915/915/850
f 915/915/850 935/936/871 936/935/870
f 937/937/872 917/917/852 916/916/851
f 916/916/851 936/935/870 937/937/872
f 939/938/873 900/900/835 922/922/857
f 922/922/857 938/939/874 939/938/873
f 938/939/874 922/922/857 923/923/858
f 923/923/858 940/940/875 938/939/874
f 942/941/876 924/925/860 925/924/859
f 925/924/859 941/942/877 942/941/876
f 941/942/877 925/924/859 891/891/826
f 891/891/826 943/943/878 941/942/877
f 943/943/878 891/891/826 927/926/861
f 927/926/861 944/944/879 943/943/878
f 935/936/871 915/915/850 934/934/869
f 934/934/869 945/945/880 935/936/871
f 929/930/865 900/900/835 939/938/873
f 939/938/873 946/946/881 929/930/865
f 950/947/882 947/948/883 948/949/884
f 948/949/884 949/950/885 950/947/882
f 952/951/886 950/947/882 949/950/885
f 949/950/885 951/952/887 952/951/886
f 954/953/888 952/951/886 951/952/887
f 951/952/887 953/954/889 954/953/888
f 953/954/889 955/955/890 956/956/891
f 956/956/891 954/953/888 953/954/889
f 950/947/882 952/951/886 957/957/892
f 952/951/886 954/953/888 957/957/892
f 957/957/892 954/953/888 956/956/891
f 956/956/891 958/958/893 957/957/892
f 955/955/890 959/959/894 958/958/893
f 958/958/893 956/956/891 955/955/890
f 963/960/895 960/961/896 961/962/897
f 961/962/897 962/963/898 963/960/895
f 965/964/899 964/965/900 962/963/898
f 962/963/898 961/962/897 965/964/899
f 960/961/896 966/966/901 961/962/897
f 965/964/899 961/962/897 966/966/901
f 966/966/901 967/967/902 965/964/899
f 964/965/900 965/964/899 967/967/902
f 967/967/902 968/968/903 964/965/900
f 972/969/904 969/970/905 970/971/906
f 970/971/906 971/972/907 972/969/904
f 969/970/905 972/969/904 973/973/908
f 973/973/908 974/974/909 969/970/905
f 974/974/909 973/973/908 975/975/910
f 975/975/910 976/976/911 974/974/909
f 978/977/912 977/978/913 976/976/911
f 976/976/911 975/975/910 978/977/912
f 980/979/914 971/972/907 970/971/906
f 970/971/906 979/980/915 980/979/914
f 971/972/907 980/979/914 981/981/916
f 981/981/916 972/969/904 971/972/907
f 972/969/904 981/981/916 973/973/908
f 973/973/908 981/981/916 975/975/910
f 978/977/912 975/975/910 981/981/916
f 981/981/916 982/982/917 978/977/912
f 977/978/913 978/977/912 982/982/917
f 982/982/917 983/983/918 977/978/913
f 985/984/919 960/961/896 963/960/895
f 963/960/895 984/985/920 985/984/919
f 984/985/920 986/986/921 987/987/922
f 987/987/922 985/984/919 984/985/920
f 960/961/896 985/984/919 966/966/901
f 966/966/901 985/984/919 987/987/922
f 987/987/922 988/988/923 966/966/901
f 986/986/921 989/989/924 988/988/923
f 988/988/923 987/987/922 986/986/921
f 991/990/925 990/991/926 948/949/884
f 948/949/884 947/948/883 991/990/925
f 947/948/883 950/947/882 957/957/892
f 957/957/892 991/990/925 947/948/883
f 993/992/927 957/957/892 958/958/893
f 958/958/893 992/993/928 993/992/927
f 992/993/928 958/958/893 959/959/894
f 959/959/894 994/994/929 992/993/928
f 996/995/930 967/967/902 966/966/901
f 966/966/901 995/996/931 996/995/930
f 997/997/932 968/968/903 967/967/902
f 967/967/902 996/995/930 997/997/932
f 999/998/933 980/979/914 979/980/915
f 979/980/915 998/999/934 999/998/933
f 1000/1000/935 981/981/916 980/979/914
f 980/979/914 999/998/933 1000/1000/935
f 1002/1001/936 982/982/917 981/981/916
f 981/981/916 1001/1002/937 1002/1001/936
f 1003/1003/938 983/983/918 982/982/917
f 982/982/917 1002/1001/936 1003/1003/938
f 1005/1004/939 966/966/901 988/988/923
f 988/988/923 1004/1005/940 1005/1004/939
f 1004/1005/940 988/988/923 989/989/924
f 989/989/924 1006/1006/941 1004/1005/940
f 1008/1007/942 990/991/926 991/990/925
f 991/990/925 1007/1008/943 1008/1007/942
f 1007/1008/943 991/990/925 957/957/892
f 957/957/892 1009/1009/944 1007/1008/943
f 1009/1009/944 957/957/892 993/992/927
f 993/992/927 1010/1010/945 1009/1009/944
f 1001/1002/937 981/981/916 1000/1000/935
f 1000/1000/935 1011/1011/946 1001/1002/937
f 995/996/931 966/966/901 1005/1004/939
f 1005/1004/939 1012/1012/947 995/996/931
f 1016/1013/948 1013/1014/949 1014/1015/950
f 1014/1015/950 1015/1016/951 1016/1013/948
f 1018/1017/952 1016/1013/948 1015/1016/951
f 1015/1016/951 1017/1018/953 1018/1017/952
f 1020/1019/954 1018/1017/952 1017/1018/953
f 1017/1018/953 1019/1020/955 1020/1019/954
f 1019/1020/955 1021/1021/956 1022/1022/957
f 1022/1022/957 1020/1019/954 1019/1020/955
f 1016/1013/948 1018/1017/952 1023/1023/958
f 1018/1017/952 1020/1019/954 1023/1023/958
f 1023/1023/958 1020/1019/954 1022/1022/957
f 1022/1022/957 1024/1024/959 1023/1023/958
f 1021/1021/956 1025/1025/960 1024/1024/959
f 1024/1024/959 1022/1022/957 1021/1021/956
f 1029/1026/961 1026/1027/962 1027/1028/963
f 1027/1028/963 1028/1029/964 1029/1026/961
f 1031/1030/965 1030/1031/966 1028/1029/964
f 1028/1029/964 1027/1028/963 1031/1030/965
f 1026/1027/962 1032/1032/967 1027/1028/963
f 1031/1030/965 1027/1028/963 1032/1032/967
f 1032/1032/967 1033/1033/968 1031/1030/965
f 1030/1031/966 1031/1030/965 1033/1033/968
f 1033/1033/968 1034/1034/969 1030/1031/966
f 1038/1035/970 1035/1036/971 1036/1037/972
f 1036/1037/972 1037/1038/973 1038/1035/970
f 1035/1036/971 1038/1035/970 1039/1039/974
f 1039/1039/974 1040/1040/975 1035/1036/971
f 1040/1040/975 1039/1039/974 1041/1041/976
f 1041/1041/976 1042/1042/977 1040/1040/975
f 1044/1043/978 1043/1044/979 1042/1042/977
f 1042/1042/977 1041/1041/976 1044/1043/978
f 1046/1045/980 1037/1038/973 1036/1037/972
f 1036/1037/972 1045/1046/981 1046/1045/980
f 1037/1038/973 1046/1045/980 1047/1047/982
f 1047/1047/982 1038/1035/970 1037/1038/973
f 1038/1035/970 1047/1047/982 1039/1039/974
f 1039/1039/974 1047/1047/982 1041/1041/976
f 1044/1043/978 1041/1041/976 1047/1047/982
f 1047/1047/982 1048/1048/983 1044/1043/978
f 1043/1044/979 1044/1043/978 1048/1048/983
f 1048/1048/983 1049/1049/984 1043/1044/979
f 1051/1050/985 1026/1027/962 1029/1026/961
f 1029/1026/961 1050/1051/986 1051/1050/985
f 1050/1051/986 1052/1052/987 1053/1053/988
f 1053/1053/988 1051/1050/985 1050/1051/986
f 1026/1027/962 1051/1050/985 1032/1032/967
f 1032/1032/967 1051/1050/985 1053/1053/988
f 1053/1053/988 1054/1054/989 1032/1032/967
f 1052/1052/987 1055/1055/990 1054/1054/989
f 1054/1054/989 1053/1053/988 1052/1052/987
f 1057/1056/991 1056/1057/992 1014/1015/950
f 1014/1015/950 1013/1014/949 1057/1056/991
f 1013/1014/949 1016/1013/948 1023/1023/958
f 1023/1023/958 1057/1056/991 1013/1014/949
f 1059/1058/993 1023/1023/958 1024/1024/959
f 1024/1024/959 1058/1059/994 1059/1058/993
f 1058/1059/994 1024/1024/959 1025/1025/960
f 1025/1025/960 1060/1060/995 1058/1059/994
f 1062/1061/996 1033/1033/968 1032/1032/967
f 1032/1032/967 1061/1062/997 1062/1061/996
f 1063/1063/998 1034/1034/969 1033/1033/968
f 1033/1033/968 1062/1061/996 1063/1063/998
f 1065/1064/999 1046/1045/980 1045/1046/981
f 1045/1046/981 1064/1065/1000 1065/1064/999
f 1066/1066/1001 1047/1047/982 1046/1045/980
f 1046/1045/980 1065/1064/999 1066/1066/1001
f 1068/1067/1002 1048/1048/983 1047/1047/982
f 1047/1047/982 1067/1068/1003 1068/1067/1002
f 1069/1069/1004 1049/1049/984 1048/1048/983
f 1048/1048/983 1068/1067/1002 1069/1069/1004
f 1071/1070/1005 1032/1032/967 1054/1054/989
f 1054/1054/989 1070/1071/1006 1071/1070/1005
f 1070/1071/1006 1054/1054/989 1055/1055/990
f 1055/1055/990 1072/1072/1007 1070/1071/1006
f 1074/1073/1008 1056/1057/992 1057/1056/991
f 1057/1056/991 1073/1074/1009 1074/1073/1008
f 1073/1074/1009 1057/1056/991 1023/1023/958
f 1023/1023/958 1075/1075/1010 1073/1074/1009
f 1075/1075/1010 1023/1023/958 1059/1058/993
f 1059/1058/993 1076/1076/1011 1075/1075/1010
f 1067/1068/1003 1047/1047/982 1066/1066/1001
f 1066/1066/1001 1077/1077/1012 1067/1068/1003
f 1061/1062/997 1032/1032/967 1071/1070/1005
f 1071/1070/1005 1078/1078/1013 1061/1062/997
f 1082/1079/1014 1079/1080/1015 1080/1081/1016
f 1080/1081/1016 1081/1082/1017 1082/1079/1014
f 1084/1083/1018 1082/1079/1014 1081/1082/1017
f 1081/1082/1017 1083/1084/1019 1084/1083/1018
f 1086/1085/1020 1084/1083/1018 1083/1084/1019
f 1083/1084/1019 1085/1086/1021 1086/1085/1020
f 1085/1086/1021 1087/1087/1022 1088/1088/1023
f 1088/1088/1023 1086/1085/1020 1085/1086/1021
f 1082/1079/1014 1084/1083/1018 1089/1089/1024
f 1084/1083/1018 1086/1085/1020 1089/1089/1024
f 1089/1089/1024 1086/1085/1020 1088/1088/1023
f 1088/1088/1023 1090/1090/1025 1089/1089/1024
f 1087/1087/1022 1091/1091/1026 1090/1090/1025
f 1090/1090/1025 1088/1088/1023 1087/1087/1022
f 1095/1092/1027 1092/1093/1028 1093/1094/1029
f 1093/1094/1029 1094/1095/1030 1095/1092/1027
f 1097/1096/1031 1096/1097/1032 1094/1095/1030
f 1094/1095/1030 1093/1094/1029 1097/1096/1031
f 1092/1093/1028 1098/1098/1033 1093/1094/1029
f 1097/1096/1031 1093/1094/1029 1098/1098/1033
f 1098/1098/1033 1099/1099/1034 1097/1096/1031
f 1096/1097/1032 1097/1096/1031 1099/1099/1034
f 1099/1099/1034 1100/1100/1035 1096/1097/1032
f 1104/1101/1036 1101/1102/1037 1102/1103/1038
f 1102/1103/1038 1103/1104/1039 1104/1101/1036
f 1101/1102/1037 1104/1101/1036 1105/1105/1040
f 1105/1105/1040 1106/1106/1041 1101/1102/1037
f 1106/1106/1041 1105/1105/1040 1107/1107/1042
f 1107/1107/1042 1108/1108/1043 1106/1106/1041
f 1110/1109/1044 1109/1110/1045 1108/1108/1043
f 1108/1108/1043 1107/1107/1042 1110/1109/1044
f 1112/1111/1046 1103/1104/1039 1102/1103/1038
f 1102/1103/1038 1111/1112/1047 1112/1111/1046
f 1103/1104/1039 1112/1111/1046 1113/1113/1048
f 1113/1113/1048 1104/1101/1036 1103/1104/1039
f 1104/1101/1036 1113/1113/1048 1105/1105/1040
f 1105/1105/1040 1113/1113/1048 1107/1107/1042
f 1110/1109/1044 1107/1107/1042 1113/1113/1048
f 1113/1113/1048 1114/1114/1049 1110/1109/1044
f 1109/1110/1045 1110/1109/1044 1114/1114/1049
f 1114/1114/1049 1115/1115/1050 1109/1110/1045
f 1117/1116/1051 1092/1093/1028 1095/1092/1027
f 1095/1092/1027 1116/1117/1052 1117/1116/1051
f 1116/1117/1052 1118/1118/1053 1119/1119/1054
f 1119/1119/1054 1117/1116/1051 1116/1117/1052
f 1092/1093/1028 1117/1116/1051 1098/1098/1033
f 1098/1098/1033 1117/1116/1051 1119/1119/1054
f 1119/1119/1054 1120/1120/1055 1098/1098/1033
f 1118/1118/1053 1121/1121/1056 1120/1120/1055
f 1120/1120/1055 1119/1119/1054 1118/1118/1053
f 1123/1122/1057 1122/1123/1058 1080/1081/1016
f 1080/1081/1016 1079/1080/1015 1123/1122/1057
f 1079/1080/1015 1082/1079/1014 1089/1089/1024
f 1089/1089/1024 1123/1122/1057 1079/1080/1015
f 1125/1124/1059 1089/1089/1024 1090/1090/1025
f 1090/1090/1025 1124/1125/1060 1125/1124/1059
f 1124/1125/1060 1090/1090/1025 1091/1091/1026
f 1091/1091/1026 1126/1126/1061 1124/1125/1060
f 1128/1127/1062 1099/1099/1034 1098/1098/1033
f 1098/1098/1033 1127/1128/1063 1128/1127/1062
f 1129/1129/1064 1100/1100/1035 1099/1099/1034
f 1099/1099/1034 1128/1127/1062 1129/1129/1064
f 1131/1130/1065 1112/1111/1046 1111/1112/1047
f 1111/1112/1047 1130/1131/1066 1131/1130/1065
f 1132/1132/1067 1113/1113/1048 1112/1111/1046
f 1112/1111/1046 1131/1130/1065 1132/1132/1067
f 1134/1133/1068 1114/1114/1049 1113/1113/1048
f 1113/1113/1048 1133/1134/1069 1134/1133/1068
f 1135/1135/1070 1115/1115/1050 1114/1114/1049
f 1114/1114/1049 1134/1133/1068 1135/1135/1070
f 1137/1136/1071 1098/1098/1033 1120/1120/1055
f 1120/1120/1055 1136/1137/1068 1137/1136/1071
f 1136/1137/1068 1120/1120/1055 1121/1121/1056
f 1121/1121/1056 1138/1138/1072 1136/1137/1068
f 1140/1139/1073 1122/1123/1058 1123/1122/1057
f 1123/1122/1057 1139/1140/1074 1140/1139/1073
f 1139/1140/1074 1123/1122/1057 1089/1089/1024
f 1089/1089/1024 1141/1141/1075 1139/1140/1074
f 1141/1141/1075 1089/1089/1024 1125/1124/1059
f 1125/1124/1059 1142/1142/1076 1141/1141/1075
f 1133/1134/1069 1113/1113/1048 1132/1132/1067
f 1132/1132/1067 1143/1143/1077 1133/1134/1069
f 1127/1128/1063 1098/1098/1033 1137/1136/1071
f 1137/1136/1071 1144/1144/1078 1127/1128/1063
